$MeshFormat
4.1 0 8
$EndMeshFormat
$PhysicalNames
8
2 1 "surface_1"
2 2 "surface_2"
2 3 "surface_3"
2 4 "surface_4"
2 5 "surface_5"
2 6 "surface_6"
2 7 "surface_7"
2 8 "surface_8"
$EndPhysicalNames
$Entities
201 212 8 1
1 -0.1145251420441601 1.136230685849934 1.311497594424147 0 
2 4.165933535229659 1.203491910181594 1.311497594424147 0 
3 4.452538752998688 1.207984789064377 1.311497594424147 0 
4 4.731083564724409 1.212222139659646 1.311497594424147 0 
5 4.867709514330709 1.214205611741598 1.311497594424147 0 
6 5.002746516669948 1.215889091057297 1.311497594424147 0 
7 5.136315015803806 1.21644130931124 1.311497594424147 0 
8 5.268503830524935 1.21494448010352 1.311497594424147 0 
9 5.399351477713254 1.210527844703363 1.311497594424147 0 
10 5.464266988451411 1.20696475419042 1.311497594424147 0 
11 5.528831513914042 1.20236602413146 1.311497594424147 0 
12 5.593030074543964 1.196641509608793 1.311497594424147 0 
13 5.656850484484908 1.189776588640033 1.311497594424147 0 
14 5.783330967326181 1.172787629319472 1.311497594424147 0 
15 5.90823502472441 1.151714039136995 1.311497594424147 0 
16 6.031543188904232 1.126845528008648 1.311497594424147 0 
17 6.153250663133137 1.098445752423517 1.311497594424147 0 
18 6.27336387545876 1.066752482180961 1.311497594424147 0 
19 6.391866643271129 1.031875468809803 1.311497594424147 0 
20 6.508668837903478 0.9936832039612631 1.311497594424147 0 
21 6.623653853667848 0.9520226400929725 1.311497594424147 0 
22 6.736696809999869 0.9067769873281234 1.311497594424147 0 
23 6.847677580852822 0.8578876764186583 1.311497594424147 0 
24 6.956467652595276 0.8053107151945571 1.311497594424147 0 
25 7.062860431906397 0.7488854030797868 1.311497594424147 0 
26 7.166413005056234 0.6881055509263189 1.311497594424147 0 
27 7.266551820833465 0.6224252343213452 1.311497594424147 0 
28 7.315131330180807 0.5875880057250525 1.311497594424147 0 
29 7.36259019396017 0.5513437386086352 1.311497594424147 0 
30 7.408825868789141 0.5136417638974278 1.311497594424147 0 
31 7.453727528267979 0.4744423423594062 1.311497594424147 0 
32 7.497181054238321 0.4337123862578806 1.311497594424147 0 
33 7.539067444822998 0.391434484032418 1.311497594424147 0 
34 7.579266871448097 0.3476001891960039 1.311497594424147 0 
35 7.617661082535106 0.3022212393857113 1.311497594424147 0 
36 7.654134594507874 0.2553199288218415 1.311497594424147 0 
37 7.688581418742684 0.2069405939006388 1.311497594424147 0 
38 7.720902621839304 0.1571382571006434 1.311497594424147 0 
39 7.736240758073491 0.1317268034386795 1.311497594424147 0 
40 7.743700079532874 0.118897929527706 1.311497594424147 0 
41 7.751017996445211 0.1059886429667589 1.311497594424147 0 
42 7.758193415947736 0.09300026308165323 1.311497594424147 0 
43 7.761727451259843 0.08647689102313977 1.311497594424147 0 
44 7.765225594160106 0.07993433015353346 1.311497594424147 0 
45 7.772113874452526 0.06679243970371392 1.311497594424147 0 
46 7.778857600185269 0.05357618728599212 1.311497594424147 0 
47 7.785456133440288 0.04028717672468635 1.311497594424147 0 
48 7.791908911230742 0.02692704508440049 1.311497594424147 0 
49 7.798215389274475 0.01349743771152808 1.311497594424147 0 
50 7.804375023290683 0 1.311497594424147 0 
51 7.339748114652232 0 0.8353207332230315 0 
52 7.339156035615223 0.00229911580461106 0.8352148230920865 0 
53 7.338524319511647 0.004589586111554528 0.8351032544636451 0 
54 7.337148033723293 0.009110495230432808 0.834864262318363 0 
55 7.333918576511057 0.01793750819239183 0.8343186049159645 0 
56 7.325433843118963 0.03467878671137763 0.8329363550836189 0 
57 7.314287870113485 0.04992796795440781 0.8311659057906003 0 
58 7.301168850178478 0.06329669299280052 0.8291003946799048 0 
59 7.271293661354298 0.08615447708388221 0.8243653274735269 0 
60 7.240058443471916 0.107089337861396 0.8192710824830152 0 
61 7.113991253608629 0.1887918531257907 0.7975678828849146 0 
62 6.986237539787467 0.2676017505670403 0.7750764831952559 0 
63 6.856422655939568 0.3430062522457415 0.7529095226201706 0 
64 6.724363481930939 0.4144637730222868 0.7312866199900985 0 
65 6.590268480393078 0.4821069423404594 0.70978930747479 0 
66 6.318402555842618 0.606443519580174 0.6665668513874213 0 
67 5.760169098714797 0.8095694206096884 0.5834964000296653 0 
68 5.184281700306824 0.9570371220773589 0.5040780866888485 0 
69 4.88903391072546 1.008506778180883 0.4675382777774246 0 
70 4.739340044468931 1.02765132167898 0.4508912547205873 0 
71 4.589260141873392 1.04249338272831 0.4354536916479462 0 
72 3.987191647749803 1.070392258652802 0.3822323577932349 0 
73 2.777289023486417 1.070809148186417 0.3316698917767389 0 
74 -0.02896272294388451 1.070809148186417 0.3316698917767389 0 
75 5.460869118978347 -0.8472860233797835 0.5414328509632874 0 
76 5.460614832137139 -0.8473510166203018 0.541397595961624 0 
77 5.199678021814305 -0.9078385750774277 0.5060752796980643 0 
78 5.17299709207021 -0.9132938479425853 0.5025880988874015 0 
79 5.169688741358104 -0.9139604451943013 0.5021576776368438 0 
80 4.875101043545538 -0.9642273866245966 0.4659299251248524 0 
81 4.577185853486549 -0.9965054566330512 0.4342677429664107 0 
82 4.278373009218111 -1.014311658156873 0.4065914095486811 0 
83 3.97904436984731 -1.022788253781893 0.3815861100435532 0 
84 3.974353007319554 -1.022869147875984 0.3812158988323491 0 
85 3.973148002362205 -1.022889714263123 0.3811209427484252 0 
86 3.742912262244094 -1.02538842671752 0.3641602786108268 0 
87 3.707078586879921 -1.025565418040026 0.3617667611329068 0 
88 3.356807966295932 -1.025708493553806 0.3429743362716536 0 
89 2.777289023470997 -1.024696239949147 0.331669888891437 0 
90 -0.02896272269701444 -1.024696239949147 0.331669888891437 0 
91 0 0 0 0 
92 4.165933535213255 0 0 0 
93 7.074435051020341 -0.1690210641482283 0.7896376683130578 0 
94 6.893049410275592 -0.2755798585853674 0.759274125993832 0 
95 6.833776158389108 -0.3087241691281496 0.7494792168134187 0 
96 6.805360444104331 -0.3243131131598425 0.7448035406119422 0 
97 6.409089206892487 -0.5207659851859974 0.6807848108426312 0 
98 6.392999170472441 -0.5279177492214567 0.6782403431008531 0 
99 6.304143181013648 -0.566294073509895 0.664303596494498 0 
100 5.747856379757842 -0.7668886426989797 0.5817789874914371 0 
101 5.604884413327264 -0.8087048404293241 0.5615498255010302 0 
102 5.460900903546063 -0.8472778983740388 0.5414372577505085 0 
103 5.460869379832382 0.8472859567024476 0.5414328871293864 0 
104 5.460901011644948 0.8472778707440289 0.5414372727374672 0 
105 5.604884413572507 0.8087048403647211 0.5615498255357875 0 
106 5.747856380002822 0.7668886426287074 0.5817789875265486 0 
107 6.304143181236483 0.566294073416752 0.6643035965292257 0 
108 6.39300124 0.5279168333752297 0.6782406699914698 0 
109 6.409089679522212 0.520765774203773 0.6807848856703674 0 
110 6.805381770839895 0.324301486845502 0.7448070451397309 0 
111 6.833776158536746 0.3087241690432448 0.7494792168377625 0 
112 6.89303896176181 0.2755857752555643 0.7592723942223754 0 
113 7.074449614596457 0.1690122055767979 0.7896401319790026 0 
114 7.33909576363189 0.0004336334877395013 0.8352062669687007 0 
115 -0.02896272269701444 1.024696239949245 0.331669888891437 0 
116 2.777289023470997 1.024696239949245 0.331669888891437 0 
117 3.356808203625328 1.025708493969029 0.3429743458639108 0 
118 3.707076734685039 1.025565426018963 0.3617666393706037 0 
119 3.742914950124672 1.025388411683465 0.364160460938025 0 
120 3.973148447975722 1.022889706675853 0.3811209778541995 0 
121 3.974353240246063 1.02286914389357 0.3812159171926509 0 
122 3.979044369947933 1.022788253760367 0.3815861100515026 0 
123 4.278373009355709 1.014311658140729 0.4065914095609974 0 
124 4.577185853645046 0.9965054566007776 0.4342677429820439 0 
125 4.875101043727821 0.9642273865801773 0.4659299251457907 0 
126 5.16968874156378 0.9139604451338944 0.502157677663586 0 
127 5.17299475797244 0.9132943190063978 0.5025877950615814 0 
128 5.19968027308399 0.9078381088437665 0.5060755751122704 0 
129 5.460614832363583 0.8473510165626411 0.5413975959930217 0 
130 -0.1145251420441601 -1.136230685849738 1.311497594424147 0 
131 -0.02896272294388451 -1.070809148186352 0.3316698917767389 0 
132 7.339156733282185 -0.002299296840149784 0.8352149411294587 0 
133 7.338524319511647 -0.004589586111552624 0.8351032544636451 0 
134 7.337148033723293 -0.009110495230431266 0.834864262318363 0 
135 7.333918576511057 -0.01793750819238822 0.8343186049159645 0 
136 7.325433843118963 -0.03467878671136745 0.8329363550836189 0 
137 7.314287870113485 -0.04992796795439305 0.8311659057906003 0 
138 7.301168850178445 -0.06329669299279266 0.8291003946799048 0 
139 7.271293661354298 -0.08615447708387598 0.8243653274735236 0 
140 7.240058443471916 -0.107089337861393 0.8192710824830118 0 
141 7.113991253608629 -0.1887918531257785 0.7975678828849146 0 
142 6.9862375397875 -0.2676017505670207 0.7750764831952559 0 
143 6.8564226559396 -0.3430062522456037 0.752909522620174 0 
144 6.724363481930873 -0.4144637730221392 0.7312866199900918 0 
145 6.590268480393078 -0.4821069423402953 0.7097893074747933 0 
146 6.318402555842651 -0.6064435195799672 0.6665668513874246 0 
147 5.760169098714764 -0.8095694206095275 0.5834964000296587 0 
148 5.184281700306792 -0.9570371220772147 0.5040780866888451 0 
149 4.88903391072546 -1.008506778180686 0.4675382777774246 0 
150 4.739340044468931 -1.02765132167893 0.4508912547205873 0 
151 4.58926014187336 -1.042493382728127 0.4354536916479429 0 
152 3.987191647749803 -1.070392258652598 0.3822323577932349 0 
153 2.777289023486417 -1.070809148186352 0.3316698917767389 0 
154 4.165933535229659 -1.203491910181431 1.311497594424147 0 
155 4.452538752998688 -1.207984789064186 1.311497594424147 0 
156 4.731083564724409 -1.212222139659583 1.311497594424147 0 
157 4.867709514330709 -1.214205611741368 1.311497594424147 0 
158 5.002746516669948 -1.215889091057185 1.311497594424147 0 
159 5.136315015803806 -1.216441309311132 1.311497594424147 0 
160 5.268503830524935 -1.214944480103333 1.311497594424147 0 
161 5.399351477713254 -1.210527844703196 1.311497594424147 0 
162 5.464266988451444 -1.206964754190279 1.311497594424147 0 
163 5.528831513914009 -1.202366024131214 1.311497594424147 0 
164 5.593030074543964 -1.196641509608615 1.311497594424147 0 
165 5.656850484484875 -1.189776588639895 1.311497594424147 0 
166 5.783330967326181 -1.172787629319331 1.311497594424147 0 
167 5.908235024724377 -1.151714039136759 1.311497594424147 0 
168 6.0315431889042 -1.126845528008537 1.311497594424147 0 
169 6.153250663133104 -1.098445752423356 1.311497594424147 0 
170 6.27336387545876 -1.066752482180804 1.311497594424147 0 
171 6.391866643271162 -1.031875468809619 1.311497594424147 0 
172 6.508668837903478 -0.9936832039611154 1.311497594424147 0 
173 6.623653853667815 -0.952022640092769 1.311497594424147 0 
174 6.736696809999869 -0.9067769873280677 1.311497594424147 0 
175 6.847677580852854 -0.8578876764185924 1.311497594424147 0 
176 6.95646765259521 -0.8053107151943636 1.311497594424147 0 
177 7.062860431906497 -0.7488854030797014 1.311497594424147 0 
178 7.166413005056234 -0.6881055509262796 1.311497594424147 0 
179 7.26655182083353 -0.6224252343211745 1.311497594424147 0 
180 7.315131330180807 -0.5875880057248951 1.311497594424147 0 
181 7.362590193960138 -0.5513437386085007 1.311497594424147 0 
182 7.408825868789108 -0.5136417638973032 1.311497594424147 0 
183 7.453727528267979 -0.4744423423592291 1.311497594424147 0 
184 7.497181054238353 -0.4337123862577133 1.311497594424147 0 
185 7.539067444822998 -0.391434484032231 1.311497594424147 0 
186 7.579266871448032 -0.347600189195899 1.311497594424147 0 
187 7.617661082535106 -0.3022212393857061 1.311497594424147 0 
188 7.654134594507874 -0.2553199288218156 1.311497594424147 0 
189 7.688581418742716 -0.2069405939006155 1.311497594424147 0 
190 7.720902621839304 -0.1571382571006296 1.311497594424147 0 
191 7.736240758073491 -0.1317268034386585 1.311497594424147 0 
192 7.743700079532874 -0.1188979295276887 1.311497594424147 0 
193 7.751017996445211 -0.1059886429667418 1.311497594424147 0 
194 7.75819341594777 -0.09300026308162894 1.311497594424147 0 
195 7.761727451259843 -0.08647689102312926 1.311497594424147 0 
196 7.765225594160106 -0.07993433015351051 1.311497594424147 0 
197 7.772113874452526 -0.06679243970370047 1.311497594424147 0 
198 7.778857600185269 -0.0535761872859672 1.311497594424147 0 
199 7.785456133440288 -0.04028717672467684 1.311497594424147 0 
200 7.791908911230742 -0.02692704508439865 1.311497594424147 0 
201 7.798215389274509 -0.0134974377115252 1.311497594424147 0 
1 -0.1145252420441598 1.136230585849934 1.311497494424147 4.165933635229659 1.20349201018158 1.311497694424147 0 2 1 -2 
2 4.165932997404258 1.20349137235206 1.311497056598746 4.452539290824089 1.207985326889771 1.311498132249548 0 2 3 -2 
3 4.452538325625304 1.207984361690986 1.311497167050763 4.731083992097793 1.212222567032931 1.311498021797531 0 2 4 -3 
4 4.731082916193771 1.212221491128699 1.311496945893509 4.867710162861347 1.21420626027201 1.311498242954785 0 2 5 -4 
5 4.867708487804117 1.214204585214944 1.311496567897556 5.00274754319654 1.215890117583908 1.311498620950738 0 2 6 -5 
6 5.002746308607099 1.215888882994467 1.311497386361298 5.136315223866655 1.216470713391852 1.311497802486996 0 2 7 -6 
7 5.136314915803806 1.214944380103543 1.311497494424147 5.268503930524935 1.216441409311221 1.311497694424147 0 2 8 -7 
8 5.268502765494287 1.210526779672765 1.311496529393499 5.399352542743902 1.214945545134191 1.311498659454794 0 2 9 -8 
9 5.399315174949658 1.206928451426886 1.311461291660551 5.46430329121504 1.210564147467005 1.311533897187743 0 2 10 -9 
10 5.464232003835389 1.202331039515536 1.311462609808092 5.528866498530097 1.206999738806537 1.311532579040202 0 2 11 -10 
11 5.52879780098836 1.196607796683107 1.311463881498464 5.593063787469646 1.202399737057274 1.31153130734983 0 2 12 -11 
12 5.592997593697822 1.189744107794085 1.311465113578005 5.656882965331049 1.196673990454938 1.311530075270289 0 2 13 -12 
13 5.656848304217553 1.172785449051809 1.311495414156792 5.783333147593471 1.189778768907581 1.311499774691502 0 2 14 -13 
14 5.783329005045653 1.151712076856539 1.311495632143684 5.908236987004872 1.172789591599616 1.31149955670461 0 2 15 -14 
15 5.908233261137007 1.126843764421128 1.311495830836745 6.031544952491602 1.15171580272441 1.311499358011549 0 2 16 -15 
16 6.031541593562521 1.098444157081546 1.311495999082468 6.153252258474882 1.126847123350206 1.311499189765826 0 2 17 -16 
17 6.153249066505314 1.066750885553378 1.311495997796259 6.273365472083925 1.098447349051117 1.311499191052035 0 2 18 -17 
18 6.2733619996246 1.03187359297791 1.31149571859271 6.391868519102434 1.066754358012704 1.311499470255584 0 2 19 -18 
19 6.391864880062951 0.9936814407533743 1.311495831216101 6.50867060111159 1.031877232017397 1.311499357632193 0 2 20 -19 
20 6.508667276833846 0.9520210790236454 1.311496033354449 6.623655414737677 0.9936847650311184 1.311499155493845 0 2 21 -20 
21 6.623589713051051 0.9067128467115817 1.311433453807218 6.736760950616929 0.9520867807102686 1.311561735041076 0 2 22 -21 
22 6.736638582088975 0.8578294485080366 1.311439366513122 6.847735808764043 0.9068352152395356 1.311555822335172 0 2 23 -22 
23 6.84762502843717 0.8052581627784727 1.311445042008299 6.956520205010993 0.8579402288349097 1.311550146839995 0 2 24 -23 
24 6.95646696251796 0.7488847130021458 1.311496904346962 7.062861121983353 0.8053114052715091 1.311498284501332 0 2 25 -24 
25 7.062860107432816 0.6881052264532557 1.311497269950795 7.166413329529127 0.7488857275526827 1.311497918897499 0 2 26 -25 
26 7.166412778568337 0.6224250078336907 1.311497367936709 7.266552047320771 0.6881057774140455 1.311497820911585 0 2 27 -26 
27 7.266543610016303 0.5875797949075094 1.311489383607116 7.315139540997476 0.6224334451381598 1.311505805241178 0 2 28 -27 
28 7.315123757742114 0.5513361661700344 1.311490021985815 7.362597766398305 0.5875955781628723 1.311505166862479 0 2 29 -28 
29 7.362583193920432 0.513634763858163 1.311490594384606 7.40883286882891 0.5513507386479066 1.311504594463687 0 2 30 -29 
30 7.408819493378779 0.4744359669485306 1.311491219013557 7.453733903678307 0.5136481393082936 1.311503969834737 0 2 31 -30 
31 7.453721729679466 0.4337065876701812 1.311491795835896 7.497186852827096 0.4744481409473714 1.311503393012398 0 2 32 -31 
32 7.497175836158433 0.3914292659521984 1.311492376343734 7.539072662903281 0.4337176043388449 1.31150281250456 0 2 33 -32 
33 7.53906278969835 0.3475955340704289 1.311492939299661 7.579271526571336 0.3914391391570974 1.311502249548633 0 2 34 -33 
34 7.579262762243443 0.3022171301831089 1.31149348522074 7.617665191739496 0.3476042983983215 1.311501703627554 0 2 35 -34 
35 7.617657537329069 0.2553163836148168 1.311494049217127 7.654138139714894 0.3022247845935362 1.311501139631167 0 2 36 -35 
36 7.654131531438884 0.2069375308321555 1.311494531355157 7.688584481812429 0.2553229918908269 1.311500657493136 0 2 37 -36 
37 7.688578943931272 0.1571357822892609 1.311495119611979 7.72090509665272 0.2069430687133129 1.311500069236315 0 2 38 -37 
38 7.720902160210988 0.1317263418094976 1.311497132794583 7.736241219703712 0.1571387187309913 1.311498056053711 0 2 39 -38 
39 7.736240658074148 0.1188978295265259 1.311497494424147 7.74370017953084 0.1317269034390633 1.311497694424147 0 2 40 -39 
40 7.74369997953084 0.1059885429658251 1.311497494424147 7.751018096443603 0.1188980295265243 1.311497694424147 0 2 41 -40 
41 7.75101789644357 0.09300016308188321 1.311497494424147 7.758193515948164 0.1059887429658268 1.311497694424147 0 2 42 -41 
42 7.758193315948163 0.08647679102313977 1.311497494424147 7.761727551259844 0.09300036308188321 1.311497694424147 0 2 43 -42 
43 7.761727351259843 0.07993423015353346 1.311497494424147 7.765225694160106 0.08647699102313977 1.311497694424147 0 2 44 -43 
44 7.765225494160106 0.06679233970349245 1.311497494424147 7.7721139744521 0.0799344301535351 1.311497694424147 0 2 45 -44 
45 7.772113774452099 0.05357608728687008 1.311497494424147 7.778857700187008 0.06679253970349082 1.311497694424147 0 2 46 -45 
46 7.778857500187008 0.04028707672533464 1.311497494424147 7.785456233441601 0.05357628728687009 1.311497694424147 0 2 47 -46 
47 7.785456033441601 0.02692694508418635 1.311497494424147 7.791909011230315 0.04028727672533465 1.311497694424147 0 2 48 -47 
48 7.791908811230314 0.0134973377117356 1.311497494424147 7.798215489274935 0.02692714508418635 1.311497694424147 0 2 49 -48 
49 7.798215289274935 -9.99999983609598e-08 1.311497494424147 7.804375123290683 0.01349753771173724 1.311497694424147 0 2 50 -49 
50 7.339748014652231 -1e-07 0.8353206332230321 7.804375123290684 1e-07 1.311497694424147 0 2 50 -51 
51 7.339155969632677 -1.000000000000566e-07 0.8352147290847638 7.339748214652232 0.00229922515637107 0.8353208332230314 0 2 51 -52 
52 7.338524219511647 0.00229902515637107 0.8351031544636451 7.339156169632678 0.004589686111554529 0.8352149290847637 0 2 52 -53 
53 7.337147933723327 0.004589486111554528 0.834864162318363 7.338524419511647 0.009110595230432774 0.835103354463645 0 2 53 -54 
54 7.333918472107342 0.009110390826751582 0.8343185005122834 7.337148138127009 0.01793761259607302 0.8348643667220441 0 2 54 -55 
55 7.3254323872576 0.01793605233102878 0.8329348992222525 7.333920032372387 0.03468024257274067 0.8343200607773276 0 2 55 -56 
56 7.314286214039086 0.03467713063697928 0.8311642497162016 7.325435499193362 0.04992962402880648 0.8329380111580142 0 2 56 -57 
57 7.301167830311267 0.04992694808723054 0.8290993748127309 7.314288889980662 0.06329771285997779 0.8311669256577776 0 2 57 -58 
58 7.271285183316404 0.06328821495490564 0.8243568494356319 7.301177328216339 0.08616295512177743 0.8291088727178031 0 2 58 -59 
59 7.240037899026027 0.08613393263799318 0.8192505380371224 7.271314205800188 0.107109882307285 0.8243858719194163 0 2 59 -60 
60 7.113975952207297 0.1070740364600637 0.7975525814835827 7.240073744873248 0.188807154527123 0.8192863838843438 0 2 60 -61 
61 6.986232134424616 0.1887864622667773 0.7750710394012487 7.113996644467642 0.2676071018634126 0.7975732737439284 0 2 61 -62 
62 6.856413270317909 0.2675923253827406 0.7529001369985123 6.986246910905288 0.3430156378673998 0.7750858158819207 0 2 62 -63 
63 6.724350154394442 0.3429929247092444 0.7312732924536013 6.856435983476065 0.4144771005587839 0.7529228501566678 0 2 63 -64 
64 6.59026756728545 0.4144628683667245 0.709788364695491 6.724364386586501 0.4821078171879901 0.7312875246456607 0 2 64 -65 
65 6.318399490613124 0.4821038473029339 0.6665637861579273 6.590271537170506 0.606446584809668 0.7097923345805472 0 2 65 -66 
66 5.76015246693964 0.6064268878050169 0.5834797682545082 6.318419187617775 0.8095860523848455 0.6665834831625784 0 2 66 -67 
67 5.184255603886293 0.8095433241891574 0.5040519902683142 5.760195195135328 0.9570632184978931 0.5835224964501963 0 2 67 -68 
68 4.889032937583258 0.9570361541217755 0.4675373992531043 5.184282668262411 1.008507782105213 0.5040790546444318 0 2 68 -69 
69 4.739336966882437 1.008503739896072 0.4508882300341099 4.889036979792399 1.027654413334611 0.4675414414622451 0 2 69 -70 
70 4.589259935873137 1.027651133080801 0.4354534856476912 4.739340247136246 1.042493588728565 0.4508915102879191 0 2 70 -71 
71 3.987164356243841 1.042466091222348 0.3822050662872726 4.589287433379355 1.070419550158764 0.4354809831539085 0 2 71 -72 
72 2.777284190812856 1.070387425981209 0.3316650591051461 3.987196480421396 1.073020117067672 0.3822371904648277 0 2 72 -73 
73 -0.02896282294388453 1.070809048186417 0.3316697917767389 2.777289123486417 1.070809248186417 0.3316699917767389 0 2 73 -74 
74 -0.1145252420441601 1.070809048186417 0.331669791776739 -0.02896262294388452 1.136230785849934 1.311497694424147 0 2 74 -1 
75 5.460613221253388 -0.8473526233173223 0.5413959862494956 5.460870729905835 -0.8472844116289088 0.5414344600834404 0 2 75 -76 
76 5.199676813492318 -0.9078398578380926 0.5060737075217369 5.46061639454177 -0.8473493642450963 0.5413989840156123 0 2 76 -77 
77 5.172992387453518 -0.9132985525592493 0.5025833942707219 5.199682726430981 -0.9078338704607275 0.506079984314748 0 2 78 -77 
78 5.169688669461155 -0.9139605355068996 0.5021575820364667 5.17299719342838 -0.9132937467646721 0.5025881981550099 0 2 78 -79 
79 4.875093485814871 -0.9642349184323182 0.4659224707703098 5.169696193511377 -0.9139530128949425 0.5021651847397952 0 2 79 -80 
80 4.577177707325079 -0.9965135207186645 0.4342595391206795 4.875109281879482 -0.9642191257436813 0.465938051757982 0 2 80 -81 
81 4.278370041537452 -1.014314493662751 0.4065885480783973 4.577188715775868 -0.9965025091687975 0.4342706049033055 0 2 81 -82 
82 3.979023920945008 -1.022808611503657 0.3815654888268194 4.278393634959913 -1.014290919095898 0.4066119394499818 0 2 82 -83 
83 3.974333971527836 -1.022888184980957 0.3811968451741087 3.979063315221279 -1.022769181597455 0.3816051569420297 0 2 83 -84 
84 3.973129472196324 -1.022908244429004 0.3811024125825443 3.974371537485435 -1.022850617710104 0.38123442899823 0 2 85 -84 
85 3.742893866354021 -1.025406822607662 0.364141882720517 3.973166398252475 -1.022871318372909 0.3811393386385086 0 2 85 -86 
86 3.707065333465084 -1.025578671976411 0.3617535044489432 3.742925520765854 -1.02537516870397 0.3641735338734584 0 2 86 -87 
87 3.356790222558828 -1.026093243976744 0.3429565925344375 3.707096330617091 -1.025547674302902 0.3617845048699851 0 2 87 -88 
88 2.777278864203384 -1.025718714306357 0.3316594381851879 3.35681858868976 -1.024685671837494 0.3429846729338508 0 2 88 -89 
89 -0.02896606938092727 -1.02469958663306 0.3316665422075241 2.77729237015491 -1.024692893265234 0.3316732355753499 0 2 90 -89 
90 -0.0289628226970144 -1.024696339949147 -1.000000001138979e-07 9.999999996471165e-08 9.999999994736442e-08 0.3316699888914371 0 2 91 -90 
91 -9.999999983634211e-08 -1e-07 -1e-07 4.165933635213255 1e-07 1e-07 0 2 92 -91 
92 4.165933435223097 -1e-07 -1.000000000028756e-07 7.339748214652232 1e-07 0.8353208332230314 0 2 51 -92 
93 7.339748014652232 -1e-07 0.8353206332230315 7.339748214652232 1.000000000138778e-07 0.8353208332230314 0 2 51 -51 
94 7.074434951020275 -0.1690211641477257 0.7896375683132153 7.339748214652232 1.000000000028756e-07 0.8353208332230314 0 2 51 -93 
95 6.893049274120115 -0.2755799947420784 0.7592739898379489 7.074435187175817 -0.1690209279921838 0.7896378044687572 0 2 93 -94 
96 6.833775674214633 -0.3087246552093415 0.7494787418540394 6.893049893803511 -0.2755793733068507 0.7592746013379194 0 2 94 -95 
97 6.805360148378801 -0.324313408885347 0.7448032448864224 6.833776454114617 -0.3087238734026174 0.7494795125389335 0 2 96 -95 
98 6.409085985458495 -0.5207691902067811 0.6807816044426348 6.805363659415555 -0.3243098976709103 0.7448067560981132 0 2 96 -97 
99 6.39299849489263 -0.5279183939802771 0.6782397086792702 6.40908986383995 -0.5207653118253365 0.6807854828240861 0 2 97 -98 
100 6.304142932659785 -0.566294269294786 0.6643033145448434 6.392999395514757 -0.5279174933581504 0.6782406093013968 0 2 98 -99 
101 5.747842764846546 -0.7669022176757272 0.5817653488458574 6.304156779114445 -0.5662804228401258 0.6643171609995036 0 2 99 -100 
102 5.604882396235811 -0.8087067441350091 0.5615477418557521 5.747858375000082 -0.7668866075221923 0.5817809589993923 0 2 100 -101 
103 5.460896451684779 -0.8472823502888622 0.5414328056641398 5.604888849504033 -0.8087002908667842 0.5615541951239738 0 2 101 -102 
104 5.460867506230128 -0.8472876353951801 0.5414312383473167 5.460902516229485 -0.8472762857441573 0.5414388702088447 0 2 102 -75 
105 5.460869279685564 0.8472777707259187 0.5414327871137238 5.460901111684056 0.8472860561197179 0.5414373725896851 0 2 103 -104 
106 5.46089842162338 0.8087021526825499 0.5414346825290098 5.604886987865138 0.8472804607865939 0.5615523332755866 0 2 104 -105 
107 5.604884239108562 0.7668884500767694 0.5615495845190102 5.747856532615619 0.8087049014391263 0.5817791164061801 0 2 105 -106 
108 5.747842554311282 0.5662802119671968 0.5817651381018424 6.304156990116212 0.7669024283811071 0.6643173718132102 0 2 106 -107 
109 6.304143070507775 0.5279167151381694 0.6643034522047737 6.393001327416175 0.5662941315756332 0.6782407985644192 0 2 107 -108 
110 6.393000603828384 0.5207651402401392 0.6782400749766286 6.409090297055639 0.52791743872596 0.6807855182413963 0 2 108 -109 
111 6.40908833335508 0.3243001466308626 0.6807835545408371 6.805383110880814 0.5207671039406985 0.7448083853516761 0 2 109 -110 
112 6.805381475602872 0.3087238738062072 0.7448067499027131 6.833776453773781 0.3243017820825076 0.7494795120747815 0 2 111 -110 
113 6.833775630974124 0.2755852465856652 0.7494786984880927 6.893039488680635 0.3087246985191415 0.75927291295987 0 2 111 -112 
114 6.893038825521248 0.1690120693359334 0.7592722579802659 7.074449750835117 0.275585911497145 0.7896402682209186 0 2 112 -113 
115 7.074448809289022 0.0004328281605831541 0.7896393266376373 7.339096568959601 0.1690130108733546 0.8352070722949154 0 2 113 -114 
116 7.339095663631889 -1.000000000989901e-07 0.8352061669687009 7.339748214652232 0.0004337334877396091 0.8353208332230314 0 2 51 -114 
117 7.339748014652232 -1e-07 0.8353206332230315 7.339748214652232 1.000000000138771e-07 0.8353208332230314 0 2 51 -51 
118 -0.02896282269701442 -1.000000000583867e-07 -1.000000000028756e-07 9.999999998379361e-08 1.024696339949245 0.331669988891437 0 2 115 -91 
119 -0.02896282269701445 1.024696139949245 0.331669788891437 2.777289123470997 1.024696339949245 0.331669988891437 0 2 116 -115 
120 2.777278839938159 1.024685689719383 0.3316594439638413 3.356818802541539 1.025718732648472 0.3429846885040064 0 2 116 -117 
121 3.356789739516984 1.025546961906833 0.3429558817518427 3.707095198796632 1.026093961789571 0.3617851034827111 0 2 117 -118 
122 3.707063478141236 1.025375150539392 0.3617533795566296 3.742928211777039 1.02557868308447 0.3641737193304177 0 2 118 -119 
123 3.742914348685698 1.022889105237423 0.3641598594996145 3.973149049417453 1.025389013121852 0.3811215792928494 0 2 119 -120 
124 3.973148347975722 1.022869043893569 0.3811208778541995 3.974353340246063 1.022889806675853 0.3812160171926509 0 2 121 -120 
125 3.974353039007251 1.022788016151174 0.3812156980894515 3.979044480770014 1.02286934644567 0.3815863223971069 0 2 121 -122 
126 3.979025015972338 1.014292014022656 0.3815665837646703 4.278392540166966 1.022807516578227 0.4066108445358382 0 2 122 -123 
127 4.27837004167886 0.9965025091547954 0.4065885480902646 4.577188715938693 1.01431449365593 0.4342706049187151 0 2 123 -124 
128 4.577182634044727 0.9642240522838664 0.4342644657004806 4.875104355501041 0.9965085941474492 0.4659331252188402 0 2 124 -125 
129 4.87509992644461 0.9139594532977859 0.4659289112361323 5.16968975327678 0.9642284779643731 0.5021587443242417 0 2 125 -126 
130 5.169688669671785 0.9132942178267159 0.5021575820637861 5.172994859329266 0.9139605354645013 0.5025878943298917 0 2 126 -127 
131 5.172990051738503 0.9078334026098226 0.5025830888276455 5.199684979317935 0.9132990252403305 0.50608028134621 0 2 128 -127 
132 5.199679873402122 0.8473501728154486 0.5060748115651369 5.460615586138036 0.9078385829715266 0.5413981754160015 0 2 128 -129 
133 5.460614731241725 0.8472858547131233 0.54139749604122 5.460869480999377 0.8473511134950339 0.5414329864840288 0 2 129 -103 
134 -0.1145252420441601 -1.136230785849738 1.311497494424147 -0.1145250420441601 1.136230785849934 1.311497694424147 0 2 1 -130 
135 -0.02896282294388452 1.024696139949245 0.3316697888914371 -0.02896262269701444 1.070809248186417 0.3316699917767388 0 2 115 -74 
136 -0.02896282294388452 -1.070809248186352 0.3316697888914371 -0.02896262269701444 -1.024696139949147 0.3316699917767388 0 2 131 -90 
137 -0.1145252420441601 -1.136230785849738 0.331669791776739 -0.02896262294388452 -1.070809048186352 1.311497694424147 0 2 130 -131 
138 7.339748014652228 -1.000000013461107e-07 0.8353206332230302 7.339748214652234 1.00000001344376e-07 0.835320833223033 0 2 51 -51 
139 7.339157088373128 -0.002303518623596085 0.8352123321039581 7.339751353861453 3.239209221164198e-06 0.8353239724322526 0 2 51 -132 
140 7.339155900015349 -0.002300372120702793 0.8352147335041151 7.339160426676043 -0.002299001771452894 0.8352156878646887 0 2 132 -132 
141 7.338522498833623 -0.004591406357384642 0.8351014337422163 7.339157823198037 -0.002297281403393899 0.8352166376764747 0 2 132 -133 
142 7.337147838806374 -0.009110690407093107 0.83486406742062 7.338524514293986 -0.004589390897024018 0.8351034492025788 0 2 133 -134 
143 7.333917730151156 -0.01793835494632375 0.8343177586149904 7.33714888053454 -0.009109648678930453 0.834865109148786 0 2 134 -135 
144 7.325426951761705 -0.03468567624469525 0.8329294632692247 7.333925467093348 -0.01793061800413323 0.8343254955571828 0 2 135 -136 
145 7.314284180985262 -0.04993165586030593 0.8311622161605379 7.325437530628976 -0.03467509737742406 0.8329400421364962 0 2 136 -137 
146 7.301166584810233 -0.06329896303218416 0.8290981321416218 7.314290136731761 -0.04992570011380764 0.8311681719070365 0 2 137 -138 
147 7.271284096650764 -0.08616404071420593 0.8243557618407475 7.30117841639392 -0.06328713144849683 0.8291099637253091 0 2 138 -139 
148 7.240038166158913 -0.1071096191616354 0.8192508085906055 7.271313939487511 -0.0861341978774578 0.824385604677495 0 2 139 -140 
149 7.11397637727887 -0.1888067356107888 0.7975530112162287 7.240073322639077 -0.1070744626814711 0.8192859650707695 0 2 140 -141 
150 6.986229587345939 -0.267609757075058 0.7750685691848076 7.113999222253732 -0.1887838906359259 0.7975758561910915 0 2 141 -142 
151 6.856413247148473 -0.3430156746513341 0.7529001235714317 6.986246966562091 -0.2675923778589057 0.7750859484009602 0 2 142 -143 
152 6.724350044435231 -0.4144772194378007 0.7312731890859133 6.856436099048956 -0.3429928227508509 0.7529229754719149 0 2 143 -144 
153 6.590246049339084 -0.4821294116543187 0.7097669060927417 6.724385923570988 -0.4144413403020397 0.7313090682216711 0 2 144 -145 
154 6.318397709746676 -0.6064483577648077 0.6665619982495001 6.590273333507884 -0.4821021274855205 0.7097941902615432 0 2 145 -146 
155 5.760152572523814 -0.8095859148141781 0.5834798309407989 6.318419078047118 -0.6064269894643652 0.6665833665499425 0 2 146 -147 
156 5.184256250846399 -0.9570625568590146 0.5040526054871075 5.760194546486376 -0.8095439408516153 0.5835218049033617 0 2 147 -148 
157 4.889023794874998 -1.008516863249018 0.4675280673090657 5.184291822208369 -0.9570269854970447 0.5040881768490775 0 2 148 -149 
158 4.739330071157486 -1.027661280921255 0.4508812285092012 4.889043892556425 -1.00849676556759 0.4675481649904937 0 2 149 -150 
159 4.589258756157937 -1.042494760629465 0.4354522704699544 4.739341435918835 -1.027649916159905 0.4508925932705509 0 2 150 -151 
160 3.987167718037759 -1.070416192795902 0.382208465473248 4.589284071348724 -1.042469445438678 0.4354775856607415 0 2 151 -152 
161 2.777266325616814 -1.073007996089753 0.3316471939071126 3.987214342981152 -1.07036956785251 0.3822550904166407 0 2 152 -153 
162 -0.02896610260295263 -1.07081252784542 0.3316665121176708 2.777292403145486 -1.070805768527284 0.3316732714358069 0 2 131 -153 
163 7.339748014652232 -1.000000000002168e-07 0.8353206332230315 7.339748214652232 1.000000000002168e-07 0.8353208332230314 0 2 51 -51 
164 -0.1145252420441603 -1.203492010181482 1.311497494424147 4.165933635229659 -1.136230585849737 1.311497694424147 0 2 154 -130 
165 4.165933435229658 -1.207984889064305 1.311497494424147 4.452538852998688 -1.203491810177165 1.311497694424147 0 2 154 -155 
166 4.452538325625425 -1.212222567032712 1.311497167050884 4.731083992097672 -1.207984361691042 1.31149802179741 0 2 155 -156 
167 4.731082916193391 -1.214206260272764 1.311496945893128 4.867710162861727 -1.21222149112869 1.311498242955165 0 2 156 -157 
168 4.867708487104036 -1.21589011828376 1.311496567197473 5.002747543896621 -1.214204584514796 1.31149862165082 0 2 157 -158 
169 5.002746306046795 -1.216470717610334 1.311497383800994 5.136315226426959 -1.215888880433934 1.3114978050473 0 2 158 -159 
170 5.136314915803806 -1.216441409311024 1.311497494424147 5.268503930524935 -1.214944380103347 1.311497694424147 0 2 159 -160 
171 5.26850276549426 -1.214945545134021 1.311496529393472 5.399352542743929 -1.210526779672737 1.311498659454822 0 2 160 -161 
172 5.399315174949656 -1.21056414746701 1.311461291660549 5.464303291215042 -1.206928451426691 1.311533897187745 0 2 161 -162 
173 5.464232003835396 -1.206999738806333 1.311462609808099 5.52886649853009 -1.202331039515511 1.311532579040194 0 2 162 -163 
174 5.528797800988385 -1.202399737057223 1.311463881498489 5.593063787469621 -1.196607796682942 1.311531307349804 0 2 163 -164 
175 5.592997593697772 -1.196673990454787 1.311465113577956 5.656882965331099 -1.189744107793901 1.311530075270338 0 2 164 -165 
176 5.656848304217647 -1.18977876890735 1.311495414156886 5.783333147593376 -1.172785449051633 1.311499774691408 0 2 165 -166 
177 5.783329005045552 -1.172789591599461 1.311495632143584 5.908236987004973 -1.151712076856248 1.31149955670471 0 2 166 -167 
178 5.908233261136966 -1.151715802724257 1.311495830836704 6.031544952491643 -1.12684376442109 1.31149935801159 0 2 167 -168 
179 6.031541593562459 -1.126847123350277 1.311495999082407 6.153252258474943 -1.098444157081495 1.311499189765887 0 2 168 -169 
180 6.153249066505394 -1.098447349051037 1.311495997796338 6.273365472083878 -1.066750885553297 1.311499191051956 0 2 169 -170 
181 6.273361999624585 -1.066754358012557 1.311495718592696 6.391868519102449 -1.031873592977607 1.311499470255598 0 2 170 -171 
182 6.391864880063058 -1.031877232017023 1.311495831216176 6.508670601111548 -0.9936814407533116 1.311499357632118 0 2 171 -172 
183 6.508667276833827 -0.9936847650310002 1.31149603335443 6.623655414737697 -0.9520210790234552 1.311499155493864 0 2 172 -173 
184 6.623589713051039 -0.9520867807101142 1.311433453807205 6.736760950616942 -0.9067128467114671 1.311561735041089 0 2 173 -174 
185 6.736638582088976 -0.906835215239433 1.311439366513123 6.847735808764043 -0.8578294485079357 1.311555822335171 0 2 174 -175 
186 6.847625028437156 -0.8579402288348215 1.311445042008285 6.956520205011007 -0.805258162778361 1.311550146840008 0 2 175 -176 
187 6.95646696251787 -0.8053114052715009 1.311496904346872 7.062861121983444 -0.7488847130017932 1.311498284501422 0 2 176 -177 
188 7.062860107432726 -0.7488857275525111 1.311497269950704 7.166413329529218 -0.6881052264530663 1.31149791889759 0 2 177 -178 
189 7.166412778568296 -0.6881057774139876 1.311497367936668 7.266552047320812 -0.6224250078333877 1.311497820911625 0 2 178 -179 
190 7.26654361001628 -0.6224334451379201 1.311489383607093 7.3151395409975 -0.5875797949073555 1.311505805241201 0 2 179 -180 
191 7.315123757742119 -0.5875955781627332 1.31149002198582 7.3625977663983 -0.5513361661699374 1.311505166862474 0 2 180 -181 
192 7.362583193920428 -0.551350738647813 1.311490594384602 7.408832868828915 -0.5136347638580926 1.311504594463692 0 2 181 -182 
193 7.408819493378809 -0.5136481393082017 1.311491219013586 7.453733903678277 -0.4744359669483665 1.311503969834708 0 2 182 -183 
194 7.453721729679419 -0.4744481409472211 1.31149179583585 7.497186852827143 -0.4337065876699049 1.311503393012444 0 2 183 -184 
195 7.497175836158483 -0.4337176043385643 1.311492376343785 7.53907266290323 -0.3914292659521214 1.311502812504509 0 2 184 -185 
196 7.539062789698291 -0.3914391391570248 1.311492939299602 7.579271526571395 -0.3475955340703375 1.311502249548691 0 2 185 -186 
197 7.579262762243477 -0.3476042983982547 1.311493485220774 7.617665191739462 -0.3022171301831414 1.31150170362752 0 2 186 -187 
198 7.617657537329077 -0.3022247845935281 1.311494049217135 7.654138139714886 -0.2553163836148052 1.311501139631159 0 2 187 -188 
199 7.654131531438889 -0.2553229918908029 1.311494531355162 7.688584481812424 -0.2069375308321302 1.311500657493132 0 2 188 -189 
200 7.688578943931274 -0.2069430687132801 1.311495119611982 7.720905096652717 -0.1571357822892462 1.311500069236311 0 2 189 -190 
201 7.72090216021099 -0.1571387187309714 1.311497132794585 7.73624121970371 -0.1317263418094781 1.311498056053709 0 2 190 -191 
202 7.736240658074148 -0.131726903439042 1.311497494424147 7.74370017953084 -0.1188978295265092 1.311497694424147 0 2 191 -192 
203 7.74369997953084 -0.1188980295265092 1.311497494424147 7.751018096443571 -0.1059885429658136 1.311497694424147 0 2 192 -193 
204 7.75101789644357 -0.1059887429658136 1.311497494424147 7.758193515948164 -0.0930001630818586 1.311497694424147 0 2 193 -194 
205 7.758193315948163 -0.09300036308185697 1.311497494424147 7.761727551259844 -0.08647679102312993 1.311497694424147 0 2 194 -195 
206 7.761727351259843 -0.08647699102312993 1.311497494424147 7.765225694160106 -0.0799342301535105 1.311497694424147 0 2 195 -196 
207 7.765225494160106 -0.07993443015351051 1.311497494424147 7.7721139744521 -0.06679233970347769 1.311497694424147 0 2 196 -197 
208 7.772113774452099 -0.06679253970347769 1.311497494424147 7.778857700187008 -0.05357608728684383 1.311497694424147 0 2 197 -198 
209 7.778857500187008 -0.05357628728684384 1.311497494424147 7.785456233441601 -0.04028707672532808 1.311497694424147 0 2 198 -199 
210 7.785456033441601 -0.04028727672532809 1.311497494424147 7.791909011230315 -0.02692694508418619 1.311497694424147 0 2 199 -200 
211 7.791908811230314 -0.02692714508418619 1.311497494424147 7.798215489274935 -0.01349733771173212 1.311497694424147 0 2 200 -201 
212 7.798215289274935 -0.01349753771173376 1.311497494424147 7.804375123290683 1.000000000002735e-07 1.311497694424147 0 2 201 -50 
1 -0.1145252420441603 -9.999999994736442e-08 0.3218715147440912 7.804375123290683 1.216526928914075 1.311497694424147 1 1 74 1 -2 -3 -4 -5 -6 -7 -8 -9 -10 -11 -12 -13 -14 -15 -16 -17 -18 -19 -20 -21 -22 -23 -24 -25 -26 -27 -28 -29 -30 -31 -32 -33 -34 -35 -36 -37 -38 -39 -40 -41 -42 -43 -44 -45 -46 -47 -48 -49 50 51 52 53 54 55 56 57 58 59 60 61 62 63 64 65 66 67 68 69 70 71 72 73 74 
2 -0.0292524499221325 -1.036153205654856 -1.000000000028756e-07 7.339748214652232 9.999999994736442e-08 0.8353208332230314 1 2 30 75 76 -77 78 79 80 81 82 83 -84 85 86 87 88 -89 -90 -91 -92 93 94 95 96 -97 98 99 100 101 102 103 104 
3 -0.0292524499221325 -9.999999994736442e-08 -1.000000000028756e-07 7.339748214652232 1.036153205654856 0.8353208332230314 1 3 31 105 106 107 108 109 110 111 -112 113 114 115 -116 117 92 91 -118 -119 120 121 122 123 -124 125 126 127 128 129 130 -131 132 133 
4 -0.1145252420441601 -1.136230785849738 -1.000000000583867e-07 9.999999998205888e-08 1.136230785849934 1.311497694424147 1 4 7 -134 -74 -135 118 90 -136 -137 
5 -0.02896282294388453 -1.073322418623976 0.3316248175575361 7.339748214652232 9.999999994736442e-08 0.8353208332230314 1 5 52 -103 -102 -101 -100 -99 -98 97 -96 -95 -94 138 139 140 141 142 143 144 145 146 147 148 149 150 151 152 153 154 155 156 157 158 159 160 161 -162 136 89 -88 -87 -86 -85 84 -83 -82 -81 -80 -79 -78 77 -76 -75 -104 
6 -0.02896282294388453 -9.999999994736442e-08 0.331669788891437 7.339748214652232 1.073408347842815 0.8353208332230314 1 6 52 -105 -133 -132 131 -130 -129 -128 -127 -126 -125 124 -123 -122 -121 -120 119 135 -73 -72 -71 -70 -69 -68 -67 -66 -65 -64 -63 -62 -61 -60 -59 -58 -57 -56 -55 -54 -53 -52 -51 163 116 -115 -114 -113 112 -111 -110 -109 -108 -107 -106 
7 -0.1145892826611021 -1.216534647604123 1.311433453807205 7.804439163907624 1.216534645945945 1.311561735041089 1 7 99 -164 165 166 167 168 169 170 171 172 173 174 175 176 177 178 179 180 181 182 183 184 185 186 187 188 189 190 191 192 193 194 195 196 197 198 199 200 201 202 203 204 205 206 207 208 209 210 211 212 49 48 47 46 45 44 43 42 41 40 39 38 37 36 35 34 33 32 31 30 29 28 27 26 25 24 23 22 21 20 19 18 17 16 15 14 13 12 11 10 9 8 7 6 5 4 3 2 -1 134 
8 -0.1145252420441603 -1.216526928914042 0.3218715147440912 7.804375123290683 9.999999994736442e-08 1.311497694424147 1 8 74 -212 -211 -210 -209 -208 -207 -206 -205 -204 -203 -202 -201 -200 -199 -198 -197 -196 -195 -194 -193 -192 -191 -190 -189 -188 -187 -186 -185 -184 -183 -182 -181 -180 -179 -178 -177 -176 -175 -174 -173 -172 -171 -170 -169 -168 -167 -166 -165 164 137 162 -161 -160 -159 -158 -157 -156 -155 -154 -153 -152 -151 -150 -149 -148 -147 -146 -145 -144 -143 -142 -141 -139 -50 
1 -0.1145892826611021 -1.216590969530984 -6.414061694171025e-05 7.804439163907624 1.216590969531017 1.311561735041089 0 8 1 2 3 4 5 6 7 8 
$EndEntities
$Nodes
422 6999 1 6999
0 1 0 1
1
-0.1145251420441601 1.136230685849934 1.311497594424147
0 2 0 1
2
4.165933535229659 1.203491910181594 1.311497594424147
0 3 0 1
3
4.452538752998688 1.207984789064377 1.311497594424147
0 4 0 1
4
4.731083564724409 1.212222139659646 1.311497594424147
0 5 0 1
5
4.867709514330709 1.214205611741598 1.311497594424147
0 6 0 1
6
5.002746516669948 1.215889091057297 1.311497594424147
0 7 0 1
7
5.136315015803806 1.21644130931124 1.311497594424147
0 8 0 1
8
5.268503830524935 1.21494448010352 1.311497594424147
0 9 0 1
9
5.399351477713254 1.210527844703363 1.311497594424147
0 10 0 1
10
5.464266988451411 1.20696475419042 1.311497594424147
0 11 0 1
11
5.528831513914042 1.20236602413146 1.311497594424147
0 12 0 1
12
5.593030074543964 1.196641509608793 1.311497594424147
0 13 0 1
13
5.656850484484908 1.189776588640033 1.311497594424147
0 14 0 1
14
5.783330967326181 1.172787629319472 1.311497594424147
0 15 0 1
15
5.90823502472441 1.151714039136995 1.311497594424147
0 16 0 1
16
6.031543188904232 1.126845528008648 1.311497594424147
0 17 0 1
17
6.153250663133137 1.098445752423517 1.311497594424147
0 18 0 1
18
6.27336387545876 1.066752482180961 1.311497594424147
0 19 0 1
19
6.391866643271129 1.031875468809803 1.311497594424147
0 20 0 1
20
6.508668837903478 0.9936832039612631 1.311497594424147
0 21 0 1
21
6.623653853667848 0.9520226400929725 1.311497594424147
0 22 0 1
22
6.736696809999869 0.9067769873281234 1.311497594424147
0 23 0 1
23
6.847677580852822 0.8578876764186583 1.311497594424147
0 24 0 1
24
6.956467652595276 0.8053107151945571 1.311497594424147
0 25 0 1
25
7.062860431906397 0.7488854030797868 1.311497594424147
0 26 0 1
26
7.166413005056234 0.6881055509263189 1.311497594424147
0 27 0 1
27
7.266551820833465 0.6224252343213452 1.311497594424147
0 28 0 1
28
7.315131330180807 0.5875880057250525 1.311497594424147
0 29 0 1
29
7.36259019396017 0.5513437386086352 1.311497594424147
0 30 0 1
30
7.408825868789141 0.5136417638974278 1.311497594424147
0 31 0 1
31
7.453727528267979 0.4744423423594062 1.311497594424147
0 32 0 1
32
7.497181054238321 0.4337123862578806 1.311497594424147
0 33 0 1
33
7.539067444822998 0.391434484032418 1.311497594424147
0 34 0 1
34
7.579266871448097 0.3476001891960039 1.311497594424147
0 35 0 1
35
7.617661082535106 0.3022212393857113 1.311497594424147
0 36 0 1
36
7.654134594507874 0.2553199288218415 1.311497594424147
0 37 0 1
37
7.688581418742684 0.2069405939006388 1.311497594424147
0 38 0 1
38
7.720902621839304 0.1571382571006434 1.311497594424147
0 39 0 1
39
7.736240758073491 0.1317268034386795 1.311497594424147
0 40 0 1
40
7.743700079532874 0.118897929527706 1.311497594424147
0 41 0 1
41
7.751017996445211 0.1059886429667589 1.311497594424147
0 42 0 1
42
7.758193415947736 0.09300026308165323 1.311497594424147
0 43 0 1
43
7.761727451259843 0.08647689102313977 1.311497594424147
0 44 0 1
44
7.765225594160106 0.07993433015353346 1.311497594424147
0 45 0 1
45
7.772113874452526 0.06679243970371392 1.311497594424147
0 46 0 1
46
7.778857600185269 0.05357618728599212 1.311497594424147
0 47 0 1
47
7.785456133440288 0.04028717672468635 1.311497594424147
0 48 0 1
48
7.791908911230742 0.02692704508440049 1.311497594424147
0 49 0 1
49
7.798215389274475 0.01349743771152808 1.311497594424147
0 50 0 1
50
7.804375023290683 0 1.311497594424147
0 51 0 1
51
7.339748114652232 0 0.8353207332230315
0 52 0 1
52
7.339156035615223 0.00229911580461106 0.8352148230920865
0 53 0 1
53
7.338524319511647 0.004589586111554528 0.8351032544636451
0 54 0 1
54
7.337148033723293 0.009110495230432808 0.834864262318363
0 55 0 1
55
7.333918576511057 0.01793750819239183 0.8343186049159645
0 56 0 1
56
7.325433843118963 0.03467878671137763 0.8329363550836189
0 57 0 1
57
7.314287870113485 0.04992796795440781 0.8311659057906003
0 58 0 1
58
7.301168850178478 0.06329669299280052 0.8291003946799048
0 59 0 1
59
7.271293661354298 0.08615447708388221 0.8243653274735269
0 60 0 1
60
7.240058443471916 0.107089337861396 0.8192710824830152
0 61 0 1
61
7.113991253608629 0.1887918531257907 0.7975678828849146
0 62 0 1
62
6.986237539787467 0.2676017505670403 0.7750764831952559
0 63 0 1
63
6.856422655939568 0.3430062522457415 0.7529095226201706
0 64 0 1
64
6.724363481930939 0.4144637730222868 0.7312866199900985
0 65 0 1
65
6.590268480393078 0.4821069423404594 0.70978930747479
0 66 0 1
66
6.318402555842618 0.606443519580174 0.6665668513874213
0 67 0 1
67
5.760169098714797 0.8095694206096884 0.5834964000296653
0 68 0 1
68
5.184281700306824 0.9570371220773589 0.5040780866888485
0 69 0 1
69
4.88903391072546 1.008506778180883 0.4675382777774246
0 70 0 1
70
4.739340044468931 1.02765132167898 0.4508912547205873
0 71 0 1
71
4.589260141873392 1.04249338272831 0.4354536916479462
0 72 0 1
72
3.987191647749803 1.070392258652802 0.3822323577932349
0 73 0 1
73
2.777289023486417 1.070809148186417 0.3316698917767389
0 74 0 1
74
-0.02896272294388451 1.070809148186417 0.3316698917767389
0 75 0 1
75
5.460869118978347 -0.8472860233797835 0.5414328509632874
0 76 0 1
76
5.460614832137139 -0.8473510166203018 0.541397595961624
0 77 0 1
77
5.199678021814305 -0.9078385750774277 0.5060752796980643
0 78 0 1
78
5.17299709207021 -0.9132938479425853 0.5025880988874015
0 79 0 1
79
5.169688741358104 -0.9139604451943013 0.5021576776368438
0 80 0 1
80
4.875101043545538 -0.9642273866245966 0.4659299251248524
0 81 0 1
81
4.577185853486549 -0.9965054566330512 0.4342677429664107
0 82 0 1
82
4.278373009218111 -1.014311658156873 0.4065914095486811
0 83 0 1
83
3.97904436984731 -1.022788253781893 0.3815861100435532
0 84 0 1
84
3.974353007319554 -1.022869147875984 0.3812158988323491
0 85 0 1
85
3.973148002362205 -1.022889714263123 0.3811209427484252
0 86 0 1
86
3.742912262244094 -1.02538842671752 0.3641602786108268
0 87 0 1
87
3.707078586879921 -1.025565418040026 0.3617667611329068
0 88 0 1
88
3.356807966295932 -1.025708493553806 0.3429743362716536
0 89 0 1
89
2.777289023470997 -1.024696239949147 0.331669888891437
0 90 0 1
90
-0.02896272269701444 -1.024696239949147 0.331669888891437
0 91 0 1
91
0 0 0
0 92 0 1
92
4.165933535213255 0 0
0 93 0 1
93
7.074435051020341 -0.1690210641482283 0.7896376683130578
0 94 0 1
94
6.893049410275592 -0.2755798585853674 0.759274125993832
0 95 0 1
95
6.833776158389108 -0.3087241691281496 0.7494792168134187
0 96 0 1
96
6.805360444104331 -0.3243131131598425 0.7448035406119422
0 97 0 1
97
6.409089206892487 -0.5207659851859974 0.6807848108426312
0 98 0 1
98
6.392999170472441 -0.5279177492214567 0.6782403431008531
0 99 0 1
99
6.304143181013648 -0.566294073509895 0.664303596494498
0 100 0 1
100
5.747856379757842 -0.7668886426989797 0.5817789874914371
0 101 0 1
101
5.604884413327264 -0.8087048404293241 0.5615498255010302
0 102 0 1
102
5.460900903546063 -0.8472778983740388 0.5414372577505085
0 103 0 1
103
5.460869379832382 0.8472859567024476 0.5414328871293864
0 104 0 1
104
5.460901011644948 0.8472778707440289 0.5414372727374672
0 105 0 1
105
5.604884413572507 0.8087048403647211 0.5615498255357875
0 106 0 1
106
5.747856380002822 0.7668886426287074 0.5817789875265486
0 107 0 1
107
6.304143181236483 0.566294073416752 0.6643035965292257
0 108 0 1
108
6.39300124 0.5279168333752297 0.6782406699914698
0 109 0 1
109
6.409089679522212 0.520765774203773 0.6807848856703674
0 110 0 1
110
6.805381770839895 0.324301486845502 0.7448070451397309
0 111 0 1
111
6.833776158536746 0.3087241690432448 0.7494792168377625
0 112 0 1
112
6.89303896176181 0.2755857752555643 0.7592723942223754
0 113 0 1
113
7.074449614596457 0.1690122055767979 0.7896401319790026
0 114 0 1
114
7.33909576363189 0.0004336334877395013 0.8352062669687007
0 115 0 1
115
-0.02896272269701444 1.024696239949245 0.331669888891437
0 116 0 1
116
2.777289023470997 1.024696239949245 0.331669888891437
0 117 0 1
117
3.356808203625328 1.025708493969029 0.3429743458639108
0 118 0 1
118
3.707076734685039 1.025565426018963 0.3617666393706037
0 119 0 1
119
3.742914950124672 1.025388411683465 0.364160460938025
0 120 0 1
120
3.973148447975722 1.022889706675853 0.3811209778541995
0 121 0 1
121
3.974353240246063 1.02286914389357 0.3812159171926509
0 122 0 1
122
3.979044369947933 1.022788253760367 0.3815861100515026
0 123 0 1
123
4.278373009355709 1.014311658140729 0.4065914095609974
0 124 0 1
124
4.577185853645046 0.9965054566007776 0.4342677429820439
0 125 0 1
125
4.875101043727821 0.9642273865801773 0.4659299251457907
0 126 0 1
126
5.16968874156378 0.9139604451338944 0.502157677663586
0 127 0 1
127
5.17299475797244 0.9132943190063978 0.5025877950615814
0 128 0 1
128
5.19968027308399 0.9078381088437665 0.5060755751122704
0 129 0 1
129
5.460614832363583 0.8473510165626411 0.5413975959930217
0 130 0 1
130
-0.1145251420441601 -1.136230685849738 1.311497594424147
0 131 0 1
131
-0.02896272294388451 -1.070809148186352 0.3316698917767389
0 132 0 1
132
7.339156733282185 -0.002299296840149784 0.8352149411294587
0 133 0 1
133
7.338524319511647 -0.004589586111552624 0.8351032544636451
0 134 0 1
134
7.337148033723293 -0.009110495230431266 0.834864262318363
0 135 0 1
135
7.333918576511057 -0.01793750819238822 0.8343186049159645
0 136 0 1
136
7.325433843118963 -0.03467878671136745 0.8329363550836189
0 137 0 1
137
7.314287870113485 -0.04992796795439305 0.8311659057906003
0 138 0 1
138
7.301168850178445 -0.06329669299279266 0.8291003946799048
0 139 0 1
139
7.271293661354298 -0.08615447708387598 0.8243653274735236
0 140 0 1
140
7.240058443471916 -0.107089337861393 0.8192710824830118
0 141 0 1
141
7.113991253608629 -0.1887918531257785 0.7975678828849146
0 142 0 1
142
6.9862375397875 -0.2676017505670207 0.7750764831952559
0 143 0 1
143
6.8564226559396 -0.3430062522456037 0.752909522620174
0 144 0 1
144
6.724363481930873 -0.4144637730221392 0.7312866199900918
0 145 0 1
145
6.590268480393078 -0.4821069423402953 0.7097893074747933
0 146 0 1
146
6.318402555842651 -0.6064435195799672 0.6665668513874246
0 147 0 1
147
5.760169098714764 -0.8095694206095275 0.5834964000296587
0 148 0 1
148
5.184281700306792 -0.9570371220772147 0.5040780866888451
0 149 0 1
149
4.88903391072546 -1.008506778180686 0.4675382777774246
0 150 0 1
150
4.739340044468931 -1.02765132167893 0.4508912547205873
0 151 0 1
151
4.58926014187336 -1.042493382728127 0.4354536916479429
0 152 0 1
152
3.987191647749803 -1.070392258652598 0.3822323577932349
0 153 0 1
153
2.777289023486417 -1.070809148186352 0.3316698917767389
0 154 0 1
154
4.165933535229659 -1.203491910181431 1.311497594424147
0 155 0 1
155
4.452538752998688 -1.207984789064186 1.311497594424147
0 156 0 1
156
4.731083564724409 -1.212222139659583 1.311497594424147
0 157 0 1
157
4.867709514330709 -1.214205611741368 1.311497594424147
0 158 0 1
158
5.002746516669948 -1.215889091057185 1.311497594424147
0 159 0 1
159
5.136315015803806 -1.216441309311132 1.311497594424147
0 160 0 1
160
5.268503830524935 -1.214944480103333 1.311497594424147
0 161 0 1
161
5.399351477713254 -1.210527844703196 1.311497594424147
0 162 0 1
162
5.464266988451444 -1.206964754190279 1.311497594424147
0 163 0 1
163
5.528831513914009 -1.202366024131214 1.311497594424147
0 164 0 1
164
5.593030074543964 -1.196641509608615 1.311497594424147
0 165 0 1
165
5.656850484484875 -1.189776588639895 1.311497594424147
0 166 0 1
166
5.783330967326181 -1.172787629319331 1.311497594424147
0 167 0 1
167
5.908235024724377 -1.151714039136759 1.311497594424147
0 168 0 1
168
6.0315431889042 -1.126845528008537 1.311497594424147
0 169 0 1
169
6.153250663133104 -1.098445752423356 1.311497594424147
0 170 0 1
170
6.27336387545876 -1.066752482180804 1.311497594424147
0 171 0 1
171
6.391866643271162 -1.031875468809619 1.311497594424147
0 172 0 1
172
6.508668837903478 -0.9936832039611154 1.311497594424147
0 173 0 1
173
6.623653853667815 -0.952022640092769 1.311497594424147
0 174 0 1
174
6.736696809999869 -0.9067769873280677 1.311497594424147
0 175 0 1
175
6.847677580852854 -0.8578876764185924 1.311497594424147
0 176 0 1
176
6.95646765259521 -0.8053107151943636 1.311497594424147
0 177 0 1
177
7.062860431906497 -0.7488854030797014 1.311497594424147
0 178 0 1
178
7.166413005056234 -0.6881055509262796 1.311497594424147
0 179 0 1
179
7.26655182083353 -0.6224252343211745 1.311497594424147
0 180 0 1
180
7.315131330180807 -0.5875880057248951 1.311497594424147
0 181 0 1
181
7.362590193960138 -0.5513437386085007 1.311497594424147
0 182 0 1
182
7.408825868789108 -0.5136417638973032 1.311497594424147
0 183 0 1
183
7.453727528267979 -0.4744423423592291 1.311497594424147
0 184 0 1
184
7.497181054238353 -0.4337123862577133 1.311497594424147
0 185 0 1
185
7.539067444822998 -0.391434484032231 1.311497594424147
0 186 0 1
186
7.579266871448032 -0.347600189195899 1.311497594424147
0 187 0 1
187
7.617661082535106 -0.3022212393857061 1.311497594424147
0 188 0 1
188
7.654134594507874 -0.2553199288218156 1.311497594424147
0 189 0 1
189
7.688581418742716 -0.2069405939006155 1.311497594424147
0 190 0 1
190
7.720902621839304 -0.1571382571006296 1.311497594424147
0 191 0 1
191
7.736240758073491 -0.1317268034386585 1.311497594424147
0 192 0 1
192
7.743700079532874 -0.1188979295276887 1.311497594424147
0 193 0 1
193
7.751017996445211 -0.1059886429667418 1.311497594424147
0 194 0 1
194
7.75819341594777 -0.09300026308162894 1.311497594424147
0 195 0 1
195
7.761727451259843 -0.08647689102312926 1.311497594424147
0 196 0 1
196
7.765225594160106 -0.07993433015351051 1.311497594424147
0 197 0 1
197
7.772113874452526 -0.06679243970370047 1.311497594424147
0 198 0 1
198
7.778857600185269 -0.0535761872859672 1.311497594424147
0 199 0 1
199
7.785456133440288 -0.04028717672467684 1.311497594424147
0 200 0 1
200
7.791908911230742 -0.02692704508439865 1.311497594424147
0 201 0 1
201
7.798215389274509 -0.0134974377115252 1.311497594424147
1 1 0 42
202
203
204
205
206
207
208
209
210
211
212
213
214
215
216
217
218
219
220
221
222
223
224
225
226
227
228
229
230
231
232
233
234
235
236
237
238
239
240
241
242
243
-0.01497959140988536 1.137794900369275 1.311497594424147
0.0845659592243897 1.139359114888616 1.311497594424147
0.1841115098586643 1.140923329407956 1.311497594424147
0.2836570604929394 1.142487543927297 1.311497594424147
0.383202611127214 1.144051758446637 1.311497594424147
0.4827481617614888 1.145615972965978 1.311497594424147
0.5822937123957634 1.147180187485319 1.311497594424147
0.6818392630300383 1.148744402004659 1.311497594424147
0.7813848136643129 1.150308616524 1.311497594424147
0.8809303642985877 1.151872831043341 1.311497594424147
0.9804759149328623 1.153437045562681 1.311497594424147
1.080021465567137 1.155001260082022 1.311497594424147
1.179567016201412 1.156565474601362 1.311497594424147
1.279112566835687 1.158129689120703 1.311497594424147
1.378658117469962 1.159693903640044 1.311497594424147
1.478203668104237 1.161258118159384 1.311497594424147
1.577749218738512 1.162822332678725 1.311497594424147
1.677294769372787 1.164386547198065 1.311497594424147
1.776840320007061 1.165950761717406 1.311497594424147
1.876385870641336 1.167514976236746 1.311497594424147
1.975931421275611 1.169079190756087 1.311497594424147
2.075476971909886 1.170643405275428 1.311497594424147
2.175022522544161 1.172207619794768 1.311497594424147
2.274568073178436 1.173771834314109 1.311497594424147
2.374113623812711 1.17533604883345 1.311497594424147
2.473659174446986 1.17690026335279 1.311497594424147
2.573204725081261 1.178464477872131 1.311497594424147
2.672750275715535 1.180028692391471 1.311497594424147
2.772295826349811 1.181592906910812 1.311497594424147
2.871841376984086 1.183157121430153 1.311497594424147
2.97138692761836 1.184721335949493 1.311497594424147
3.070932478252635 1.186285550468834 1.311497594424147
3.17047802888691 1.187849764988175 1.311497594424147
3.270023579521184 1.189413979507515 1.311497594424147
3.369569130155459 1.190978194026856 1.311497594424147
3.469114680789735 1.192542408546196 1.311497594424147
3.568660231424009 1.194106623065537 1.311497594424147
3.668205782058284 1.195670837584877 1.311497594424147
3.767751332692559 1.197235052104218 1.311497594424147
3.867296883326834 1.198799266623559 1.311497594424147
3.966842433961109 1.200363481142899 1.311497594424147
4.066387984595385 1.20192769566224 1.311497594424147
1 2 0 2
244
245
4.357003585044486 1.206493764466846 1.311497594424147
4.261468532650332 1.204994326683339 1.311497594424147
1 3 0 2
246
247
4.638235487179431 1.210833388959953 1.311497594424147
4.545386946688076 1.20941897920683 1.311497594424147
1 4 0 1
248
4.799396390367599 1.213224150168728 1.311497594424147
1 5 0 1
249
4.935227037926069 1.215126627898576 1.311497594424147
1 6 0 1
250
5.069529972533051 1.216364382444709 1.311497594424147
1 7 0 1
251
5.202413019130836 1.216006413371906 1.311497594424147
1 8 0 1
252
5.333942040707917 1.213157881707497 1.311497594424147
1 9 0 1
253
5.431816115557329 1.208871690417754 1.311497594424147
1 10 0 1
254
5.49655908140614 1.204803401982125 1.311497594424147
1 11 0 1
255
5.560943911397127 1.199650871626361 1.311497594424147
1 12 0 1
256
5.624955723578815 1.193352626381163 1.311497594424147
1 13 0 1
257
5.720164204631809 1.181829148065791 1.311497594424147
1 14 0 1
258
5.845869320459711 1.162762482790188 1.311497594424147
1 15 0 1
259
5.969985690737772 1.139758685837187 1.311497594424147
1 16 0 1
260
6.092501653361192 1.113094450112242 1.311497594424147
1 17 0 1
261
6.213418701048226 1.083021428593521 1.311497594424147
1 18 0 1
262
6.332741196561179 1.049741876426348 1.311497594424147
1 19 0 1
263
6.450414309519626 1.013227583511663 1.311497594424147
1 20 0 1
264
6.566330374174216 0.9733194479239693 1.311497594424147
1 21 0 1
265
6.680366070466759 0.9298763602434079 1.311497594424147
1 22 0 1
266
6.79239964384882 0.8828145986359033 1.311497594424147
1 23 0 1
267
6.902308028882747 0.8320863009005108 1.311497594424147
1 24 0 1
268
7.009945547755517 0.7776286298395755 1.311497594424147
1 25 0 1
269
7.114988988460556 0.7190953959627201 1.311497594424147
1 26 0 1
270
7.216918767555088 0.6559304014345053 1.311497594424147
1 27 0 1
271
7.29096874226498 0.6051839503950316 1.311497594424147
1 28 0 1
272
7.339001145353128 0.5696496924401431 1.311497594424147
1 29 0 1
273
7.385862381097359 0.5326820374546982 1.311497594424147
1 30 0 1
274
7.431445784856809 0.4942357360052566 1.311497594424147
1 31 0 1
275
7.475638563671539 0.4542739588322947 1.311497594424147
1 32 0 1
276
7.518324114634829 0.4127714494122754 1.311497594424147
1 33 0 1
277
7.559382499362493 0.3697148211156144 1.311497594424147
1 34 0 1
278
7.598694544176271 0.3251057925197383 1.311497594424147
1 35 0 1
279
7.636142802881563 0.2789610843352848 1.311497594424147
1 36 0 1
280
7.671616327999907 0.2313141901192894 1.311497594424147
1 37 0 1
281
7.705012037629878 0.1822146639695646 1.311497594424147
1 38 0 1
282
7.728641001023478 0.1444743658373433 1.311497594424147
1 39 0 1
283
7.73998797586485 0.125322574999368 1.311497594424147
1 40 0 1
284
7.747376749539728 0.1124533264346106 1.311497594424147
1 41 0 1
285
7.754623538974632 0.09950430472743224 1.311497594424147
1 42 0 1
286
7.759964908041985 0.08974100107825833 1.311497594424147
1 43 0 1
287
7.763481007995333 0.08320800875771533 1.311497594424147
1 44 0 1
288
7.768687740636748 0.0733728228897407 1.311497594424147
1 45 0 1
289
7.775503829729089 0.0601935453291334 1.311497594424147
1 46 0 1
290
7.782175038017282 0.04694070474610028 1.311497594424147
1 47 0 1
291
7.788700764923487 0.03361592184815347 1.311497594424147
1 48 0 1
292
7.795080463698504 0.02022084130272006 1.311497594424147
1 49 0 1
293
7.80131359012486 0.006757108428857348 1.311497594424147
1 50 0 6
294
295
296
297
298
299
7.737999750628047 0 1.243472328538273
7.671624477965411 0 1.175447062652399
7.605249205302775 0 1.107421796766526
7.538873932640139 0 1.039396530880652
7.472498659977503 0 0.9713712649947787
7.406123387314867 0 0.9033459991089053
1 51 0 1
300
7.339456935891341 0.001150841671126573 0.835268470223744
1 52 0 1
301
7.338845140828901 0.003445754256530302 0.8351597461044507
1 53 0 1
302
7.337856296195786 0.00685631802286725 0.8349866268337536
1 54 0 1
303
7.335616237228159 0.01355508689000225 0.8346032917303814
1 55 0 1
304
7.330012980804447 0.0264829011375815 0.8336760317947932
1 56 0 1
305
7.320159910656778 0.04252688401511413 0.832095129319067
1 57 0 1
306
7.307940418908502 0.05682513786428375 0.830165811164199
1 58 0 1
307
7.286607423422951 0.07522820654624358 0.826803469609538
1 59 0 1
308
7.25570925517175 0.09667787865621719 0.8218450027730959
1 60 0 1
309
7.177230153927143 0.1483089795950486 0.8086142722979265
1 61 0 1
310
7.050342361062478 0.2285721563418917 0.7863423058390161
1 62 0 1
311
6.921618243108563 0.3057768179617649 0.7639136135258497
1 63 0 1
312
6.790667562672215 0.3792288644187453 0.7420538130002677
1 64 0 1
313
6.65754220790904 0.4487378481194124 0.7205509560815726
1 65 0 3
314
315
316
6.52289552098146 0.514484362714772 0.6990112774560058
6.455129517205092 0.5460166039192349 0.6881917664046566
6.386966366860124 0.5766783774769327 0.677365322381722
1 66 0 5
317
318
319
320
321
6.226970746824717 0.6444141112087702 0.6523765201036485
6.134838368621594 0.6807100353705977 0.6383356205194536
6.042047454495347 0.7153462370411666 0.624439399482642
5.948640194556095 0.748341837869318 0.6106803267424161
5.854664868678653 0.7797350196396364 0.597039939073519
1 67 0 5
322
323
324
325
326
5.665220503700928 0.8378928651014304 0.5700239888745621
5.569835428064508 0.8647401529780712 0.5566123461207722
5.474039122777255 0.8901177736105353 0.5432703525465041
5.377850604233331 0.9140156907074393 0.5300184861684487
5.281266667723247 0.9363554015143756 0.5169262624193017
1 68 0 3
327
328
329
5.11079878516315 0.9714948015305216 0.4945887432973133
5.037092782708049 0.9849187597282483 0.4853136741995858
4.963168878021555 0.9972696633351034 0.4762856553210473
1 69 0 1
330
4.814277178053114 1.018646883298091 0.4590570284890296
1 70 0 1
331
4.664363622507365 1.035571518724534 0.4430351652749612
1 71 0 6
332
333
334
335
336
337
4.503474787085758 1.049259633031399 0.4271172454861428
4.417581125479433 1.054923731745204 0.419078171322592
4.331604075447392 1.059593173667353 0.4112944904066323
4.245564397588588 1.063377954190824 0.4037237100359151
4.159476795514562 1.066378810566595 0.3963486690999351
4.073350242940417 1.068686118751172 0.3891805951265417
1 72 0 12
338
339
340
341
342
343
344
345
346
347
348
349
3.894299469247571 1.071656522813586 0.3750367050744299
3.801372988786543 1.072415888470671 0.3682227738901743
3.708412387686243 1.072769054941503 0.3618553509456506
3.615417423196145 1.072818092617623 0.3560016658661581
3.522387611201081 1.072667822452862 0.3507327742656695
3.42932357595216 1.072415272457832 0.3461118679992127
3.336228852823697 1.072116216405648 0.34215794815868
3.243108566249504 1.071806009646903 0.338867949074579
3.1499675498548 1.071505202241761 0.3362226568723932
3.056810852049643 1.07123391600133 0.3342008234425076
2.96364282601441 1.071013002936206 0.3327812394493543
2.870467672646686 1.070863958448411 0.3319442810850414
1 73 0 28
350
351
352
353
354
355
356
357
358
359
360
361
362
363
364
365
366
367
368
369
370
371
372
373
374
375
376
377
2.680521721885373 1.070809148186417 0.3316698917767389
2.583754420284328 1.070809148186417 0.3316698917767389
2.486987118683283 1.070809148186417 0.3316698917767389
2.390219817082238 1.070809148186417 0.3316698917767389
2.293452515481193 1.070809148186417 0.3316698917767389
2.196685213880148 1.070809148186417 0.3316698917767389
2.099917912279103 1.070809148186417 0.3316698917767389
2.003150610678058 1.070809148186417 0.3316698917767389
1.906383309077013 1.070809148186417 0.3316698917767389
1.809616007475968 1.070809148186417 0.3316698917767389
1.712848705874923 1.070809148186417 0.3316698917767389
1.616081404273878 1.070809148186417 0.3316698917767389
1.519314102672833 1.070809148186417 0.3316698917767389
1.422546801071789 1.070809148186417 0.3316698917767389
1.325779499470744 1.070809148186417 0.3316698917767389
1.229012197869699 1.070809148186417 0.3316698917767389
1.132244896268654 1.070809148186417 0.3316698917767389
1.035477594667608 1.070809148186417 0.3316698917767389
0.9387102930665633 1.070809148186417 0.3316698917767389
0.8419429914655182 1.070809148186417 0.3316698917767389
0.7451756898644739 1.070809148186417 0.3316698917767389
0.6484083882634296 1.070809148186417 0.3316698917767389
0.5516410866623848 1.070809148186417 0.3316698917767389
0.4548737850613406 1.070809148186417 0.3316698917767389
0.3581064834602958 1.070809148186417 0.3316698917767389
0.2613391818592508 1.070809148186417 0.3316698917767389
0.1645718802582059 1.070809148186417 0.3316698917767389
0.06780457865716083 1.070809148186417 0.3316698917767389
1 74 0 9
378
379
380
381
382
383
384
385
386
-0.03751896485391207 1.077351301952769 0.4296526620414797
-0.04607520676393963 1.083893455719121 0.5276354323062205
-0.05463144867396717 1.090435609485472 0.625618202570961
-0.0631876905839947 1.096977763251824 0.7236009728357015
-0.07174393249402228 1.103519917018176 0.8215837431004425
-0.08030017440404986 1.110062070784527 0.9195665133651835
-0.08885641631407744 1.116604224550879 1.017549283629924
-0.09741265822410498 1.123146378317231 1.115532053894665
-0.1059689001341325 1.129688532083583 1.213514824159406
1 75 0 1
387
5.460741976049929 -0.8473185186771431 0.5414152231858205
1 76 0 2
388
389
5.373966283057765 -0.8688296840106922 0.5294621186294965
5.286988044240577 -0.8890159389415709 0.5176703137355526
1 77 0 0
1 78 0 1
390
5.171342990197801 -0.9136274017936752 0.5023728421824636
1 79 0 3
391
392
393
5.096374571834033 -0.9281672832773271 0.4927387712246387
5.022834463361673 -0.9413100176620983 0.4835396362390434
4.949074064731825 -0.953345176192309 0.474592318859036
1 80 0 3
394
395
396
4.800855601534292 -0.9739314049006698 0.4575731202979428
4.72643586942409 -0.9824937671467834 0.4495237519897349
4.65187079677418 -0.9899918340281681 0.4417621313043096
1 81 0 2
397
398
4.477699328041577 -1.003785006683362 0.4246758220507159
4.378083468177146 -1.009656930133108 0.4154674962361644
1 82 0 2
399
400
4.178643942516243 -1.017950667327709 0.3979844467426181
4.078865315062786 -1.020732913090111 0.3896362659255279
1 83 0 1
401
3.976698654437764 -1.022828853273531 0.3814008980111362
1 84 0 0
1 85 0 2
402
403
3.896426381321975 -1.024022865950929 0.3751954526690461
3.819681188052685 -1.024840272144447 0.3695295560164048
1 86 0 1
404
3.724996078850464 -1.025482675364368 0.3629541852838111
1 87 0 3
405
406
407
3.619556093691048 -1.025829491927695 0.3562592515157396
3.532002456421105 -1.025903757853993 0.3512661250177584
3.44441910905236 -1.025843982662072 0.3468247898108083
1 88 0 5
408
409
410
411
412
3.260261924220004 -1.025517623168341 0.339425999336595
3.163692977811853 -1.025299754347772 0.3365716263932496
3.067106431387725 -1.025080613112118 0.334391026366776
2.970507330238388 -1.024887498237867 0.3328627177137653
2.873900082105879 -1.024749193655875 0.3319637890534874
1 89 0 28
413
414
415
416
417
418
419
420
421
422
423
424
425
426
427
428
429
430
431
432
433
434
435
436
437
438
439
440
0.06780457889498614 -1.024696239949147 0.331669888891437
0.1645718804869867 -1.024696239949147 0.331669888891437
0.261339182078987 -1.024696239949147 0.331669888891437
0.3581064836709875 -1.024696239949147 0.331669888891437
0.4548737852629879 -1.024696239949147 0.331669888891437
0.5516410868549885 -1.024696239949147 0.331669888891437
0.6484083884469889 -1.024696239949147 0.331669888891437
0.7451756900389894 -1.024696239949147 0.331669888891437
0.8419429916309897 -1.024696239949147 0.331669888891437
0.9387102932229902 -1.024696239949147 0.331669888891437
1.035477594814991 -1.024696239949147 0.331669888891437
1.132244896406991 -1.024696239949147 0.331669888891437
1.229012197998992 -1.024696239949147 0.331669888891437
1.325779499590993 -1.024696239949147 0.331669888891437
1.422546801182993 -1.024696239949147 0.331669888891437
1.519314102774994 -1.024696239949147 0.331669888891437
1.616081404366994 -1.024696239949147 0.331669888891437
1.712848705958994 -1.024696239949147 0.331669888891437
1.809616007550994 -1.024696239949147 0.331669888891437
1.906383309142994 -1.024696239949147 0.331669888891437
2.003150610734995 -1.024696239949147 0.331669888891437
2.099917912326995 -1.024696239949147 0.331669888891437
2.196685213918995 -1.024696239949147 0.331669888891437
2.293452515510996 -1.024696239949147 0.331669888891437
2.390219817102996 -1.024696239949147 0.331669888891437
2.486987118694996 -1.024696239949147 0.331669888891437
2.583754420286997 -1.024696239949147 0.331669888891437
2.680521721878997 -1.024696239949147 0.331669888891437
1 90 0 10
441
442
443
444
445
446
447
448
449
450
-0.002632974790637701 -0.09315420363174054 0.03015180808103959
-0.005265949581275369 -0.1863084072634811 0.06030361616207931
-0.00789892437191304 -0.2794626108952218 0.0904554242431191
-0.01053189916255071 -0.3726168145269625 0.1206072323241588
-0.01316487395318838 -0.4657710181587031 0.1507590404051986
-0.01579784874382605 -0.5589252217904438 0.1809108484862384
-0.01843082353446372 -0.6520794254221844 0.2110626565672781
-0.0210637983251014 -0.7452336290539251 0.2412144646483179
-0.02369677311573907 -0.8383878326856657 0.2713662727293576
-0.02632974790637674 -0.9315420363174065 0.3015180808103974
1 91 0 41
451
452
453
454
455
456
457
458
459
460
461
462
463
464
465
466
467
468
469
470
471
472
473
474
475
476
477
478
479
480
481
482
483
484
485
486
487
488
489
490
491
4.066744641517701 0 0
3.967555747822148 0 0
3.868366854126594 0 0
3.76917796043104 0 0
3.669989066735487 0 0
3.570800173039933 0 0
3.47161127934438 0 0
3.372422385648826 0 0
3.273233491953273 0 0
3.174044598257719 0 0
3.074855704562166 0 0
2.975666810866612 0 0
2.876477917171059 0 0
2.777289023475505 0 0
2.678100129779951 0 0
2.578911236084398 0 0
2.479722342388844 0 0
2.38053344869329 0 0
2.281344554997736 0 0
2.182155661302183 0 0
2.082966767606629 0 0
1.983777873911075 0 0
1.884588980215522 0 0
1.785400086519968 0 0
1.686211192824414 0 0
1.587022299128861 0 0
1.487833405433307 0 0
1.388644511737753 0 0
1.2894556180422 0 0
1.190266724346646 0 0
1.091077830651092 0 0
0.9918889369555384 0 0
0.8927000432599845 0 0
0.7935111495644307 0 0
0.6943222558688773 0 0
0.595133362173323 0 0
0.4959444684777694 0 0
0.3967555747822156 0 0
0.2975666810866624 0 0
0.1983777873911081 0 0
0.0991888936955545 0 0
1 92 0 33
492
493
494
495
496
497
498
499
500
501
502
503
504
505
506
507
508
509
510
511
512
513
514
515
516
517
518
519
520
521
522
523
524
7.26594971558664 0 0.7682568173285483
7.1906953482715 0 0.7028315260600979
7.113872384337548 0 0.639256176228136
7.035377250489957 0 0.5777582249649307
6.955118095006632 0 0.5185819748870797
6.873018125453596 0 0.4619885187844411
6.789019650297592 0 0.4082546485523272
6.703088612017696 0 0.3576703805290835
6.615219410881124 0 0.3105349946030008
6.525449496958403 0 0.2671300438499007
6.433917594389913 0 0.2275755535164218
6.340797514724176 0 0.1919200818436409
6.246258355573874 0 0.1602182016633626
6.150483581810143 0 0.1324698155552637
6.053706418130361 0 0.1084452037797404
5.956142110503588 0 0.08784405395691089
5.857971389681869 0 0.07035427932072853
5.759342872713741 0 0.05565882937935404
5.660376205877981 0 0.04344093635960257
5.561165928963735 0 0.0333854279455247
5.461783743051653 0 0.02519636890093302
5.362279756379144 0 0.01864733189798365
5.262691594907657 0 0.01353029637483975
5.163047993290919 0 0.009633927444407725
5.063369911918363 0 0.006745308604272119
4.963671845743518 0 0.004650006638534201
4.863963199710318 0 0.003133665086667923
4.76424934331339 0 0.002006509977353238
4.664532460017519 0 0.001188059755355352
4.56481378918591 0 0.0006289046332107732
4.465094141003618 0 0.000279850810270179
4.365374057352967 0 9.152473788062386e-05
4.265653805610902 0 1.467067330015782e-05
1 93 0 0
1 94 0 3
525
526
527
7.274056197480655 -0.04323392368304574 0.8238503151864105
7.207948641648649 -0.08583968743094389 0.8124176391449884
7.141412374905375 -0.127781098504875 0.8010156880817517
1 95 0 2
528
529
7.014342533245856 -0.2051648445769791 0.7795088038997802
6.953882921055639 -0.2406937288071791 0.7693891128900274
1 96 0 1
530
6.863457647457068 -0.2922323022686607 0.7543768594940068
1 97 0 0
1 98 0 4
531
532
533
534
6.727357577123541 -0.3660902129120669 0.7320306817580431
6.648729860842384 -0.4066735307831183 0.7192407290096464
6.569471094099688 -0.4460017091277156 0.7064252726190965
6.489586044642566 -0.4840369594152617 0.6935960141374202
1 99 0 1
535
6.401047121440284 -0.5243483745543366 0.6795123218818124
1 100 0 1
536
6.348658510152605 -0.547303856352533 0.6712602139675664
1 101 0 5
537
538
539
540
541
6.212971208418571 -0.6037247502283506 0.6502405574538123
6.12112091184462 -0.6395134612231625 0.6363172488850888
6.028640200375092 -0.6736922025611023 0.6225218795124332
5.935574385435604 -0.7062930673998633 0.6088422374069925
5.841966302226931 -0.7373479944545354 0.5952656483420286
1 102 0 1
542
5.676493711055064 -0.7882098070571377 0.5716467835486094
1 103 0 1
543
5.533005027329283 -0.828401041262133 0.5514746962152771
1 104 0 1
544
5.460885011235302 -0.8472819605903295 0.5414350542765336
1 105 0 1
545
5.460885195690253 0.8472819134432826 0.5414350798501705
1 106 0 1
546
5.533005081310484 0.8284010267946895 0.5514747037613876
1 107 0 1
547
5.67649371129923 0.7882098069864754 0.571646783583619
1 108 0 5
548
549
550
551
552
5.841966302467516 0.7373479943775302 0.5952656483769977
5.93557438567276 0.7062930673195109 0.6088422374418306
6.028640200608715 0.6736922024773413 0.622521879547175
6.121120912074627 0.6395134611359918 0.6363172489197566
6.212971208644898 0.6037247501378267 0.6502405574884178
1 109 0 1
553
6.348659549141649 0.54730340762078 0.6712603769493466
1 110 0 1
554
6.401048391934085 0.5243478098410921 0.679512522796052
1 111 0 4
555
556
557
558
6.489591403687244 0.484036033876017 0.6935981720109536
6.569480708518291 0.4459990316252989 0.7064283367025195
6.64874271824232 0.4066663797963208 0.7192422944848285
6.727374236926255 0.3660809596718193 0.7320329159709235
1 112 0 0
1 113 0 1
559
6.863452407466347 0.2922352324621911 0.7543759935974277
1 114 0 2
560
561
6.953880912427493 0.2406948950266055 0.7693887778185049
7.014348861035308 0.2051610818824253 0.7795098666921585
1 115 0 3
562
563
564
7.141256988051941 0.127877922412056 0.800989178046291
7.207625518044886 0.08604567243284836 0.8123620181683331
7.273567453868945 0.04355226880936375 0.8237653936784898
1 116 0 0
1 117 0 0
1 118 0 10
565
566
567
568
569
570
571
572
573
574
-0.02632974790637676 0.9315420363174961 0.3015180808103973
-0.02369677311573909 0.8383878326857468 0.2713662727293577
-0.02106379832510142 0.7452336290539975 0.2412144646483181
-0.01843082353446376 0.6520794254222482 0.2110626565672784
-0.01579784874382608 0.5589252217904984 0.1809108484862387
-0.0131648739531884 0.4657710181587487 0.1507590404051989
-0.01053189916255073 0.3726168145269989 0.1206072323241591
-0.007898924371913049 0.2794626108952492 0.09045542424311934
-0.005265949581275372 0.1863084072634994 0.06030361616207956
-0.002632974790637694 0.09315420363174964 0.03015180808103979
1 119 0 28
575
576
577
578
579
580
581
582
583
584
585
586
587
588
589
590
591
592
593
594
595
596
597
598
599
600
601
602
2.680521721878997 1.024696239949245 0.331669888891437
2.583754420286996 1.024696239949245 0.331669888891437
2.486987118694996 1.024696239949245 0.331669888891437
2.390219817102995 1.024696239949245 0.331669888891437
2.293452515510995 1.024696239949245 0.331669888891437
2.196685213918994 1.024696239949245 0.331669888891437
2.099917912326994 1.024696239949245 0.331669888891437
2.003150610734993 1.024696239949245 0.331669888891437
1.906383309142993 1.024696239949245 0.331669888891437
1.809616007550993 1.024696239949245 0.331669888891437
1.712848705958992 1.024696239949245 0.331669888891437
1.616081404366992 1.024696239949245 0.331669888891437
1.519314102774991 1.024696239949245 0.331669888891437
1.42254680118299 1.024696239949245 0.331669888891437
1.32577949959099 1.024696239949245 0.331669888891437
1.229012197998989 1.024696239949245 0.331669888891437
1.132244896406988 1.024696239949245 0.331669888891437
1.035477594814988 1.024696239949245 0.331669888891437
0.9387102932229886 1.024696239949245 0.331669888891437
0.8419429916309885 1.024696239949245 0.331669888891437
0.7451756900389879 1.024696239949245 0.331669888891437
0.6484083884469879 1.024696239949245 0.331669888891437
0.5516410868549871 1.024696239949245 0.331669888891437
0.4548737852629869 1.024696239949245 0.331669888891437
0.3581064836709866 1.024696239949245 0.331669888891437
0.2613391820789863 1.024696239949245 0.331669888891437
0.1645718804869858 1.024696239949245 0.331669888891437
0.06780457889498592 1.024696239949245 0.331669888891437
1 120 0 5
603
604
605
606
607
2.873900101434804 1.024749211600105 0.3319637951179795
2.970507393142451 1.02488751629761 0.3328627246165081
3.067106537855341 1.025080631310972 0.3343910347045526
3.163693127824766 1.025299772669088 0.3365716367909929
3.260262117752851 1.025517641557996 0.3394260124450239
1 121 0 3
608
609
610
3.444418823475215 1.025843982192872 0.3468247761159632
3.532001648271392 1.025903757607299 0.3512660811295303
3.6195547633308 1.025829494141442 0.3562591713470502
1 122 0 1
611
3.724996496859236 1.025482673301735 0.3629542132065466
1 123 0 2
612
613
3.819683128047669 1.024840255067931 0.3695296956173775
3.896427573898246 1.024022850903759 0.3751955428359362
1 124 0 0
1 125 0 1
614
3.976698770950741 1.022828851265907 0.3814009072066028
1 126 0 2
615
616
4.078865315175031 1.020732913091747 0.3896362659367683
4.178643942641406 1.017950667328113 0.3979844467552719
1 127 0 2
617
618
4.378083468325732 1.009656930124312 0.4154674962490591
4.477699328197355 1.003785006672147 0.4246758220648335
1 128 0 3
619
620
621
4.651870796938601 0.9899918340165408 0.4417621313231128
4.7264358695955 0.9824937671320189 0.4495237520099382
4.800855601712594 0.9739314048823497 0.4575731203196447
1 129 0 3
622
623
624
4.949074064923771 0.9533451761639405 0.474592318882789
5.022834463559356 0.9413100176296819 0.483539636264271
5.096374572037398 0.9281672832407954 0.4927387712512943
1 130 0 1
625
5.171341823170662 0.9136276369359437 0.5023726903510288
1 131 0 0
1 132 0 2
626
627
5.286989539485588 0.889015604082505 0.5176705145198757
5.373967027953792 0.8688295051632493 0.5294622204934358
1 133 0 1
628
5.460742106591832 0.8473184853105727 0.5414152412820182
1 134 0 22
629
630
631
632
633
634
635
636
637
638
639
640
641
642
643
644
645
646
647
648
649
650
-0.1145251420441601 1.037428017515166 1.311497594424147
-0.1145251420441601 0.9386253491803971 1.311497594424147
-0.1145251420441601 0.8398226808456286 1.311497594424147
-0.1145251420441601 0.74102001251086 1.311497594424147
-0.1145251420441601 0.6422173441760917 1.311497594424147
-0.1145251420441601 0.5434146758413233 1.311497594424147
-0.1145251420441601 0.4446120075065548 1.311497594424147
-0.1145251420441601 0.3458093391717865 1.311497594424147
-0.1145251420441601 0.2470066708370179 1.311497594424147
-0.1145251420441601 0.1482040025022493 1.311497594424147
-0.1145251420441601 0.04940133416748119 1.311497594424147
-0.1145251420441601 -0.04940133416728672 1.311497594424147
-0.1145251420441601 -0.1482040025020548 1.311497594424147
-0.1145251420441601 -0.2470066708368234 1.311497594424147
-0.1145251420441601 -0.345809339171592 1.311497594424147
-0.1145251420441601 -0.4446120075063608 1.311497594424147
-0.1145251420441601 -0.5434146758411291 1.311497594424147
-0.1145251420441601 -0.642217344175897 1.311497594424147
-0.1145251420441601 -0.7410200125106653 1.311497594424147
-0.1145251420441601 -0.8398226808454332 1.311497594424147
-0.1145251420441601 -0.9386253491802011 1.311497594424147
-0.1145251420441601 -1.037428017514969 1.311497594424147
1 135 0 0
1 136 0 0
1 137 0 9
651
652
653
654
655
656
657
658
659
-0.1059689001341326 -1.129688532083399 1.213514824159406
-0.097412658224105 -1.123146378317061 1.115532053894665
-0.08885641631407744 -1.116604224550722 1.017549283629924
-0.08030017440404986 -1.110062070784383 0.9195665133651836
-0.07174393249402235 -1.103519917018045 0.8215837431004432
-0.06318769058399484 -1.096977763251706 0.723600972835703
-0.0546314486739673 -1.090435609485368 0.6256182025709625
-0.04607520676393975 -1.083893455719029 0.5276354323062218
-0.03751896485391214 -1.077351301952691 0.4296526620414804
1 138 0 0
1 139 0 1
660
7.339458216901904 -0.00115118161767104 0.8352686934280108
1 140 0 0
1 141 0 1
661
7.338845090841377 -0.003445737670205697 0.8351597371612808
1 142 0 1
662
7.337856298220446 -0.006856318648782219 0.8349866268946062
1 143 0 1
663
7.335616252522366 -0.01355509293511416 0.8346032941098214
1 144 0 1
664
7.330013017572767 -0.02648292342926875 0.8336760370844993
1 145 0 1
665
7.320159853720453 -0.04252684433953199 0.8320951209068456
1 146 0 1
666
7.307940376760191 -0.05682509573823022 0.8301658066155759
1 147 0 1
667
7.286607647711078 -0.07522850982369983 0.8268034921922931
1 148 0 1
668
7.255709120858205 -0.09667767732032975 0.8218449931016294
1 149 0 1
669
7.177230038818969 -0.1483088087097563 0.8086142926150193
1 150 0 1
670
7.05034240526034 -0.2285722376569069 0.7863423380246751
1 151 0 1
671
6.921618237646239 -0.3057768404512672 0.7639137225298375
1 152 0 1
672
6.790667590798244 -0.3792289147505337 0.7420538084258184
1 153 0 1
673
6.657542125590135 -0.4487377392112693 0.7205511303282131
1 154 0 3
674
675
676
6.522895852795936 -0.5144849632496704 0.6990109655912866
6.455129948633449 -0.5460173960949614 0.6881913464623068
6.386966621158489 -0.5766788501248241 0.6773650668855608
1 155 0 5
677
678
679
680
681
6.226970754685873 -0.6444141540322632 0.6523765805724254
6.134838445117879 -0.6807102175188938 0.6383355883849159
6.042047471865755 -0.7153462483830253 0.6244393501254309
5.948640170468861 -0.7483417769098013 0.6106803952166542
5.854664841852994 -0.7797349575675313 0.5970400126837923
1 156 0 5
682
683
684
685
686
5.665220454174661 -0.8378927386957293 0.5700240890697794
5.569835239438222 -0.864739673521175 0.556612716712154
5.474039043398332 -0.890117577088998 0.5432704428589258
5.377850867628876 -0.9140165051686624 0.5300178766867344
5.281266876583199 -0.9363560479992128 0.5169257801630917
1 157 0 3
687
688
689
5.110798861017019 -0.9714950123490842 0.4945885024433858
5.037092898471299 -0.9849190408108989 0.4853133108918342
4.963168910301347 -0.9972695987129767 0.476285463094511
1 158 0 1
690
4.814277232049557 -1.018647049401054 0.4590567694662536
1 159 0 1
691
4.664363617459283 -1.035571401873481 0.4430351342278606
1 160 0 6
692
693
694
695
696
697
4.503474691601848 -1.049258820881929 0.4271177168095525
4.417581002292022 -1.05492255362685 0.4190789434185669
4.331604045448483 -1.059592897814313 0.4112945709239534
4.245564514385761 -1.063378069205679 0.4037226076860393
4.159476875259905 -1.066378251909752 0.3963474781317097
4.073350282388071 -1.068685658762449 0.3891801053203078
1 161 0 12
698
699
700
701
702
703
704
705
706
707
708
709
3.894299702315692 -1.07165285613076 0.3750333033768204
3.801373485970495 -1.07240853828071 0.368215595375197
3.708412661837202 -1.072766012777015 0.3618522401923316
3.615416713347416 -1.072830127321568 0.3560142286130925
3.522386310166091 -1.072689257832767 0.3507552700486958
3.429323028772642 -1.07242328649287 0.3461201877702484
3.336229077187158 -1.072110693083879 0.3421523011959335
3.24310875157452 -1.071798434025407 0.3388605696680291
3.149967632982528 -1.07150181113376 0.3362194060925436
3.056810828858895 -1.071234769971312 0.3342016978191245
2.963642836001376 -1.07101450448231 0.3327831864399997
2.870467665259747 -1.070864539343049 0.3319452320248683
1 162 0 28
710
711
712
713
714
715
716
717
718
719
720
721
722
723
724
725
726
727
728
729
730
731
732
733
734
735
736
737
0.06780457865716039 -1.070809148186352 0.3316698917767389
0.1645718802582055 -1.070809148186352 0.3316698917767389
0.2613391818592503 -1.070809148186352 0.3316698917767389
0.3581064834602952 -1.070809148186352 0.3316698917767389
0.4548737850613401 -1.070809148186352 0.3316698917767389
0.5516410866623852 -1.070809148186352 0.3316698917767389
0.6484083882634301 -1.070809148186352 0.3316698917767389
0.7451756898644751 -1.070809148186352 0.3316698917767389
0.8419429914655201 -1.070809148186352 0.3316698917767389
0.9387102930665651 -1.070809148186352 0.3316698917767389
1.03547759466761 -1.070809148186352 0.3316698917767389
1.132244896268655 -1.070809148186352 0.3316698917767389
1.2290121978697 -1.070809148186352 0.3316698917767389
1.325779499470745 -1.070809148186352 0.3316698917767389
1.422546801071789 -1.070809148186352 0.3316698917767389
1.519314102672834 -1.070809148186352 0.3316698917767389
1.61608140427388 -1.070809148186352 0.3316698917767389
1.712848705874925 -1.070809148186352 0.3316698917767389
1.80961600747597 -1.070809148186352 0.3316698917767389
1.906383309077015 -1.070809148186352 0.3316698917767389
2.003150610678059 -1.070809148186352 0.3316698917767389
2.099917912279103 -1.070809148186352 0.3316698917767389
2.196685213880148 -1.070809148186352 0.3316698917767389
2.293452515481193 -1.070809148186352 0.3316698917767389
2.390219817082238 -1.070809148186352 0.3316698917767389
2.486987118683282 -1.070809148186352 0.3316698917767389
2.583754420284327 -1.070809148186352 0.3316698917767389
2.680521721885373 -1.070809148186352 0.3316698917767389
1 163 0 0
1 164 0 42
738
739
740
741
742
743
744
745
746
747
748
749
750
751
752
753
754
755
756
757
758
759
760
761
762
763
764
765
766
767
768
769
770
771
772
773
774
775
776
777
778
779
4.066387984595384 -1.201927695662139 1.311497594424147
3.966842433961109 -1.200363481142796 1.311497594424147
3.867296883326834 -1.198799266623453 1.311497594424147
3.767751332692559 -1.197235052104111 1.311497594424147
3.668205782058284 -1.195670837584768 1.311497594424147
3.568660231424009 -1.194106623065425 1.311497594424147
3.469114680789735 -1.192542408546082 1.311497594424147
3.36956913015546 -1.190978194026739 1.311497594424147
3.270023579521185 -1.189413979507396 1.311497594424147
3.170478028886911 -1.187849764988053 1.311497594424147
3.070932478252636 -1.18628555046871 1.311497594424147
2.971386927618361 -1.184721335949367 1.311497594424147
2.871841376984086 -1.183157121430024 1.311497594424147
2.772295826349811 -1.181592906910682 1.311497594424147
2.672750275715536 -1.180028692391339 1.311497594424147
2.573204725081262 -1.178464477871996 1.311497594424147
2.473659174446987 -1.176900263352653 1.311497594424147
2.374113623812712 -1.17533604883331 1.311497594424147
2.274568073178437 -1.173771834313967 1.311497594424147
2.175022522544162 -1.172207619794624 1.311497594424147
2.075476971909887 -1.170643405275281 1.311497594424147
1.975931421275612 -1.169079190755938 1.311497594424147
1.876385870641337 -1.167514976236596 1.311497594424147
1.776840320007063 -1.165950761717253 1.311497594424147
1.677294769372788 -1.16438654719791 1.311497594424147
1.577749218738513 -1.162822332678567 1.311497594424147
1.478203668104237 -1.161258118159224 1.311497594424147
1.378658117469963 -1.159693903639881 1.311497594424147
1.279112566835688 -1.158129689120538 1.311497594424147
1.179567016201413 -1.156565474601195 1.311497594424147
1.080021465567138 -1.155001260081852 1.311497594424147
0.9804759149328635 -1.153437045562509 1.311497594424147
0.8809303642985891 -1.151872831043167 1.311497594424147
0.7813848136643138 -1.150308616523823 1.311497594424147
0.6818392630300392 -1.148744402004481 1.311497594424147
0.5822937123957643 -1.147180187485138 1.311497594424147
0.482748161761489 -1.145615972965795 1.311497594424147
0.3832026111272144 -1.144051758446452 1.311497594424147
0.2836570604929398 -1.142487543927109 1.311497594424147
0.1841115098586645 -1.140923329407766 1.311497594424147
0.0845659592243897 -1.139359114888423 1.311497594424147
-0.01497959140988492 -1.13779490036908 1.311497594424147
1 165 0 2
780
781
4.261468536943521 -1.204994058746954 1.311497594424147
4.357003575994108 -1.206493828268575 1.311497594424147
1 166 0 2
782
783
4.545386946688067 -1.20941897920674 1.311497594424147
4.638235487179431 -1.210833388959853 1.311497594424147
1 167 0 1
784
4.7993963903676 -1.213224150169034 1.311497594424147
1 168 0 1
785
4.935227037928337 -1.215126627899567 1.311497594424147
1 169 0 1
786
5.069529972544165 -1.216364382447201 1.311497594424147
1 170 0 1
787
5.202413019159204 -1.216006413356928 1.311497594424147
1 171 0 1
788
5.333942040707916 -1.213157881707359 1.311497594424147
1 172 0 1
789
5.431816115557331 -1.208871690417682 1.311497594424147
1 173 0 1
790
5.496559081406137 -1.204803401981973 1.311497594424147
1 174 0 1
791
5.560943911397127 -1.199650871626259 1.311497594424147
1 175 0 1
792
5.624955723578813 -1.193352626380983 1.311497594424147
1 176 0 1
793
5.720164204631818 -1.181829148065637 1.311497594424147
1 177 0 1
794
5.84586932045973 -1.162762482790082 1.311497594424147
1 178 0 1
795
5.969985690737767 -1.139758685837069 1.311497594424147
1 179 0 1
796
6.092501653361158 -1.113094450112108 1.311497594424147
1 180 0 1
797
6.213418701048207 -1.0830214285933 1.311497594424147
1 181 0 1
798
6.332741196561203 -1.049741876426206 1.311497594424147
1 182 0 1
799
6.450414309519664 -1.01322758351146 1.311497594424147
1 183 0 1
800
6.566330374174224 -0.9733194479238386 1.311497594424147
1 184 0 1
801
6.680366070466773 -0.9298763602433071 1.311497594424147
1 185 0 1
802
6.792399643848796 -0.8828145986357494 1.311497594424147
1 186 0 1
803
6.902308028882772 -0.8320863009004644 1.311497594424147
1 187 0 1
804
7.009945547755517 -0.777628629839396 1.311497594424147
1 188 0 1
805
7.114988988460553 -0.7190953959625337 1.311497594424147
1 189 0 1
806
7.21691876755512 -0.6559304014343701 1.311497594424147
1 190 0 1
807
7.290968742264951 -0.605183950394794 1.311497594424147
1 191 0 1
808
7.339001145353091 -0.5696496924399763 1.311497594424147
1 192 0 1
809
7.385862381097347 -0.5326820374546013 1.311497594424147
1 193 0 1
810
7.431445784856844 -0.4942357360051678 1.311497594424147
1 194 0 1
811
7.475638563671525 -0.4542739588320664 1.311497594424147
1 195 0 1
812
7.518324114634815 -0.4127714494120817 1.311497594424147
1 196 0 1
813
7.559382499362421 -0.3697148211154667 1.311497594424147
1 197 0 1
814
7.598694544176222 -0.3251057925196792 1.311497594424147
1 198 0 1
815
7.63614280288156 -0.2789610843352724 1.311497594424147
1 199 0 1
816
7.671616327999908 -0.2313141901192656 1.311497594424147
1 200 0 1
817
7.705012037629999 -0.1822146639696191 1.311497594424147
1 201 0 1
818
7.728641001023479 -0.1444743658373241 1.311497594424147
1 202 0 1
819
7.73998797586485 -0.125322574999348 1.311497594424147
1 203 0 1
820
7.747376749539725 -0.1124533264346045 1.311497594424147
1 204 0 1
821
7.754623538974629 -0.09950430472741253 1.311497594424147
1 205 0 1
822
7.759964908041983 -0.08974100107823921 1.311497594424147
1 206 0 1
823
7.763481007995344 -0.08320800875770445 1.311497594424147
1 207 0 1
824
7.768687740636748 -0.07337282288972138 1.311497594424147
1 208 0 1
825
7.775503829729087 -0.06019354532911231 1.311497594424147
1 209 0 1
826
7.782175038017282 -0.04694070474608389 1.311497594424147
1 210 0 1
827
7.788700764923482 -0.03361592184814841 1.311497594424147
1 211 0 1
828
7.7950804636985 -0.02022084130271679 1.311497594424147
1 212 0 1
829
7.80131359012484 -0.006757108428846122 1.311497594424147
2 1 0 895
830
831
832
833
834
835
836
837
838
839
840
841
842
843
844
845
846
847
848
849
850
851
852
853
854
855
856
857
858
859
860
861
862
863
864
865
866
867
868
869
870
871
872
873
874
875
876
877
878
879
880
881
882
883
884
885
886
887
888
889
890
891
892
893
894
895
896
897
898
899
900
901
902
903
904
905
906
907
908
909
910
911
912
913
914
915
916
917
918
919
920
921
922
923
924
925
926
927
928
929
930
931
932
933
934
935
936
937
938
939
940
941
942
943
944
945
946
947
948
949
950
951
952
953
954
955
956
957
958
959
960
961
962
963
964
965
966
967
968
969
970
971
972
973
974
975
976
977
978
979
980
981
982
983
984
985
986
987
988
989
990
991
992
993
994
995
996
997
998
999
1000
1001
1002
1003
1004
1005
1006
1007
1008
1009
1010
1011
1012
1013
1014
1015
1016
1017
1018
1019
1020
1021
1022
1023
1024
1025
1026
1027
1028
1029
1030
1031
1032
1033
1034
1035
1036
1037
1038
1039
1040
1041
1042
1043
1044
1045
1046
1047
1048
1049
1050
1051
1052
1053
1054
1055
1056
1057
1058
1059
1060
1061
1062
1063
1064
1065
1066
1067
1068
1069
1070
1071
1072
1073
1074
1075
1076
1077
1078
1079
1080
1081
1082
1083
1084
1085
1086
1087
1088
1089
1090
1091
1092
1093
1094
1095
1096
1097
1098
1099
1100
1101
1102
1103
1104
1105
1106
1107
1108
1109
1110
1111
1112
1113
1114
1115
1116
1117
1118
1119
1120
1121
1122
1123
1124
1125
1126
1127
1128
1129
1130
1131
1132
1133
1134
1135
1136
1137
1138
1139
1140
1141
1142
1143
1144
1145
1146
1147
1148
1149
1150
1151
1152
1153
1154
1155
1156
1157
1158
1159
1160
1161
1162
1163
1164
1165
1166
1167
1168
1169
1170
1171
1172
1173
1174
1175
1176
1177
1178
1179
1180
1181
1182
1183
1184
1185
1186
1187
1188
1189
1190
1191
1192
1193
1194
1195
1196
1197
1198
1199
1200
1201
1202
1203
1204
1205
1206
1207
1208
1209
1210
1211
1212
1213
1214
1215
1216
1217
1218
1219
1220
1221
1222
1223
1224
1225
1226
1227
1228
1229
1230
1231
1232
1233
1234
1235
1236
1237
1238
1239
1240
1241
1242
1243
1244
1245
1246
1247
1248
1249
1250
1251
1252
1253
1254
1255
1256
1257
1258
1259
1260
1261
1262
1263
1264
1265
1266
1267
1268
1269
1270
1271
1272
1273
1274
1275
1276
1277
1278
1279
1280
1281
1282
1283
1284
1285
1286
1287
1288
1289
1290
1291
1292
1293
1294
1295
1296
1297
1298
1299
1300
1301
1302
1303
1304
1305
1306
1307
1308
1309
1310
1311
1312
1313
1314
1315
1316
1317
1318
1319
1320
1321
1322
1323
1324
1325
1326
1327
1328
1329
1330
1331
1332
1333
1334
1335
1336
1337
1338
1339
1340
1341
1342
1343
1344
1345
1346
1347
1348
1349
1350
1351
1352
1353
1354
1355
1356
1357
1358
1359
1360
1361
1362
1363
1364
1365
1366
1367
1368
1369
1370
1371
1372
1373
1374
1375
1376
1377
1378
1379
1380
1381
1382
1383
1384
1385
1386
1387
1388
1389
1390
1391
1392
1393
1394
1395
1396
1397
1398
1399
1400
1401
1402
1403
1404
1405
1406
1407
1408
1409
1410
1411
1412
1413
1414
1415
1416
1417
1418
1419
1420
1421
1422
1423
1424
1425
1426
1427
1428
1429
1430
1431
1432
1433
1434
1435
1436
1437
1438
1439
1440
1441
1442
1443
1444
1445
1446
1447
1448
1449
1450
1451
1452
1453
1454
1455
1456
1457
1458
1459
1460
1461
1462
1463
1464
1465
1466
1467
1468
1469
1470
1471
1472
1473
1474
1475
1476
1477
1478
1479
1480
1481
1482
1483
1484
1485
1486
1487
1488
1489
1490
1491
1492
1493
1494
1495
1496
1497
1498
1499
1500
1501
1502
1503
1504
1505
1506
1507
1508
1509
1510
1511
1512
1513
1514
1515
1516
1517
1518
1519
1520
1521
1522
1523
1524
1525
1526
1527
1528
1529
1530
1531
1532
1533
1534
1535
1536
1537
1538
1539
1540
1541
1542
1543
1544
1545
1546
1547
1548
1549
1550
1551
1552
1553
1554
1555
1556
1557
1558
1559
1560
1561
1562
1563
1564
1565
1566
1567
1568
1569
1570
1571
1572
1573
1574
1575
1576
1577
1578
1579
1580
1581
1582
1583
1584
1585
1586
1587
1588
1589
1590
1591
1592
1593
1594
1595
1596
1597
1598
1599
1600
1601
1602
1603
1604
1605
1606
1607
1608
1609
1610
1611
1612
1613
1614
1615
1616
1617
1618
1619
1620
1621
1622
1623
1624
1625
1626
1627
1628
1629
1630
1631
1632
1633
1634
1635
1636
1637
1638
1639
1640
1641
1642
1643
1644
1645
1646
1647
1648
1649
1650
1651
1652
1653
1654
1655
1656
1657
1658
1659
1660
1661
1662
1663
1664
1665
1666
1667
1668
1669
1670
1671
1672
1673
1674
1675
1676
1677
1678
1679
1680
1681
1682
1683
1684
1685
1686
1687
1688
1689
1690
1691
1692
1693
1694
1695
1696
1697
1698
1699
1700
1701
1702
1703
1704
1705
1706
1707
1708
1709
1710
1711
1712
1713
1714
1715
1716
1717
1718
1719
1720
1721
1722
1723
1724
7.279794664952577 0.3000822947595972 1.039666855561943
5.389862693530722 1.083960789456881 0.8995288729335069
4.843464476719022 1.137826254647459 0.8675691462302491
0.5123754907742269 1.111481296701587 0.8490619253984879
6.295019923457635 0.8401038843188953 0.9503463973146631
6.673149088942729 0.6757278391919022 0.9769588045658186
7.057081034752791 0.4636302985917685 1.01777492264323
5.882691908078043 0.968808431812186 0.912787941937717
1.001085371959105 1.1143279986438 0.8222648441692582
1.503112979880911 1.118588042303824 0.8146534181707825
1.99206222382108 1.123853613512845 0.8207445272910024
2.510443890810456 1.128762311960251 0.8214341482203757
2.994651267685185 1.133007375328159 0.8206796246799839
4.158259245867625 1.144270916700425 0.836372646281111
5.659452389556348 1.088889935518957 1.040298741109341
3.487271686893333 1.137091578288888 0.8200719024939176
7.460482467791344 0.2254144630139048 1.128170866620453
7.335204884820627 0.1404818958202711 0.9456419479333718
7.186169682469935 0.4926798585020516 1.13592707666535
5.232922630673844 1.109627296638364 0.902047027522766
5.419957436130856 1.146665152650678 1.088140708643884
4.52232663850852 1.135055564652486 0.7919573457669769
5.101009669866162 1.157640468465573 1.016432396780193
2.135614944922287 1.131574130872282 0.884265109912058
1.632380730413 1.1257420668389 0.8784675679052329
6.559464796392455 0.8103844661424892 1.071207261244976
3.845926522213012 1.127568088207727 0.7268830156144143
3.118785361600987 1.1459395718601 0.923471902683924
6.920084710244749 0.6338479100285855 1.092172941193423
1.638782693795276 1.108175785157124 0.691591918001165
1.171830084648864 1.103553100243345 0.6798487083172262
6.10897520882775 0.9854414019283652 1.069898230561965
7.384466225950714 0.3710199628485205 1.178536761955421
6.227362626539691 0.868402828852894 0.9506767705055293
7.586911347997655 0.1511020757185853 1.185659989546748
4.688525415849158 1.17256247451095 1.021652652220902
2.765266886416208 1.112300978436617 0.6584391671509549
0.2161363205072251 1.117378915800823 0.9744382678608448
0.2732975439433368 1.09485149403888 0.6554470754453969
2.729817521436277 1.146628810194028 0.9683622405228449
2.243566283139577 1.108080217980313 0.6498775932367156
1.245185905948756 1.129515823781968 0.9708593713820424
0.7456570101988129 1.123876629738338 0.975475527845066
0.741393899661977 1.096733024681785 0.6366687696395357
3.92739434740598 1.165618492219435 1.016854865446471
3.235198790560488 1.110878147722365 0.6260462866103846
7.215911165477433 0.3471357543880083 1.030017262766882
5.05793619192744 1.068420508209844 0.7079480506345448
4.408384420154118 1.172814773088705 1.033294186429131
7.665839027983593 0.1034365532068311 1.228147281428465
5.861636948392365 1.071018783133879 1.101802912988658
6.332538514551848 0.9281597525694775 1.103717632175807
4.903181936241092 1.182110034472 1.091542768248894
5.652909436419902 0.9774793985694779 0.8005214293785414
5.547334684386858 1.15523270298914 1.164286670569237
3.653696213433419 1.164530081983916 1.033946129612779
6.771970493731453 0.7625016554124434 1.14284219948872
6.444135118554727 0.7050093526710547 0.8648810301491021
7.315012963815799 0.4714199139929761 1.209096275679833
0.5468373294615774 1.091374302852692 0.5858086240290223
5.925383762789073 0.9184108014729611 0.85093456576273
2.353398519891463 1.149920312549278 1.045296130480114
1.861277617719467 1.143473954176166 1.043007715993834
1.386564041167789 1.094746886526053 0.5695801105982223
1.883578802662986 1.09961484349544 0.5910035401864773
3.608475878200172 1.109417295812476 0.6019542432782241
4.689840477908668 1.094085680396049 0.6522418240240923
3.353406051767642 1.16345611851785 1.055925097548084
2.474805327760312 1.099723729854721 0.5652523791991573
6.772584740196106 0.5538526805353261 0.910012131656998
4.341929539376265 1.108779562687765 0.6309594298045661
2.972661938578532 1.103234365576961 0.5758473399098425
4.082430339604814 1.108070643203002 0.5971582404929084
4.17371058975981 1.174670892827809 1.067347282198088
7.461052190961428 0.3251064671726002 1.202744328073676
1.516242128377724 1.140809115894871 1.06308576303863
1.017235330910093 1.134752526670418 1.069053556742478
0.4296979413812015 1.127073559377284 1.070366515027026
3.128836883093716 1.161530003382113 1.063662031040107
5.235401899990888 1.178659909538654 1.136586863904747
2.113494891617294 1.149422461611063 1.072218170195753
0.9847559205918739 1.090731968383813 0.5490235887742205
7.077251823909247 0.62642011346619 1.188770219545985
7.062669120831638 0.3480139499744909 0.9138831006784813
2.016352383178091 1.094640764320822 0.5386920968378435
7.24230117022482 0.5396010956794745 1.21755891315043
2.901560108614154 1.161987704962965 1.095479851236486
5.456787434282365 1.174184111740647 1.1890979632501
2.572258496302597 1.158333040498555 1.102162915286333
6.102076171259242 0.8277587524002398 0.8160281952906291
4.861521210210007 1.077302359281376 0.6542890006006234
5.287717169301777 1.022862478280873 0.7001798058600677
5.519810746081321 1.001418968103113 0.7751607013234815
1.819346213211559 1.11658630843091 0.762846167503522
0.6260339596329226 1.132126034910517 1.102580135548397
6.509143232841441 0.9095442846152573 1.179602815902683
6.585294995304675 0.6082676876051637 0.8436074053812003
7.724427642785745 0.05723484908815381 1.258114696150721
3.41823766468784 1.099179117902322 0.5319328620381715
0.1327983714502335 1.102341120715639 0.7758383808814419
7.572317658790336 0.2500621727097878 1.239818750521735
0.8136773132651515 1.135233888126189 1.109675411608864
3.668779445388052 1.140361965272174 0.8340589735433874
6.917285242430109 0.4330754007878353 0.8886064784220047
1.676189095846638 1.146633385440776 1.105504482911715
7.249844583065483 0.2001726645189126 0.926742932755183
6.001731366045698 1.072986095109246 1.179036254719117
6.215561334921495 1.022743631035913 1.196670070214772
4.768148421481406 1.193865811173288 1.165324279713926
5.03337489038873 1.19411882945558 1.171545147837621
1.573804957033797 1.090544584055872 0.5180442478343155
5.739831227838155 1.134412800427297 1.190546940289868
3.907781473339058 1.101535673961365 0.5480520567000946
7.34653701175968 0.0787899279566924 0.8918453744717054
7.37713032440285 0.03646696158008812 0.8874369785821039
4.516697306727545 1.094489131090227 0.6038580710523409
0.095630107527301 1.125936292012593 1.117408339750191
2.721041226871697 1.161804133104539 1.117107951910502
6.307993122039138 0.7247305279894937 0.8033998894045687
0.1408272989183713 1.083785373656617 0.5134464236900057
6.943662291457873 0.7170502683414182 1.198643195356533
1.297818168411212 1.114564921003225 0.7916860842826678
0.3359311334228866 1.109067671686618 0.8412952031463294
3.265616185575405 1.13336261344912 0.8043760074502124
2.314523764419774 1.126451536676219 0.8166031927185653
7.400295792673585 0.4340880694733872 1.240334756897072
4.350254276193574 1.147898317496439 0.8570245753422875
3.962381831658811 1.142744031370238 0.8343090813742825
0.6748662396543654 1.109542044275955 0.8028771124198555
1.164698755403313 1.087369665199722 0.5030022086070989
3.817192078399684 1.176657541766891 1.12080287605153
4.559870267035503 1.187255124537275 1.131567636900315
2.615676343781175 1.092905715960794 0.5042138080349674
2.817340979050202 1.129718780764527 0.8053528760329762
6.680982086546882 0.8547690110885557 1.205323031910837
1.327061009924146 1.144336105515835 1.13467818979392
1.10648447001965 1.140295825930781 1.122717580096424
0.3846029814043375 1.083070398930687 0.4897322100410432
7.269199101730798 0.1437086407732421 0.8879935253678669
2.809218744234971 1.092968051538598 0.4998373798640486
3.10073631692639 1.093850026910212 0.4999232111953317
3.496503375321502 1.174086506187039 1.135284742467218
5.010607121584123 1.121435382197056 0.8558283505078039
3.746788139331733 1.098927086688386 0.527539304934419
5.818515391118034 0.8908966533039337 0.7440544799518142
0.6865742839766676 1.084127751434334 0.4880436764986891
0.2632525254404638 1.13002932394174 1.142192139896294
2.318617310032493 1.091238829367893 0.4986004780624207
1.725785030376568 1.089008174235854 0.4974576187655442
4.031795183226504 1.183043922966082 1.151341960273599
5.726042381186248 1.023058124781322 0.9298414794952286
2.98129029126554 1.152217750751936 0.9938156064784641
5.632186989785345 1.15836473521444 1.207977372542037
4.654920994400958 1.143319197191777 0.85372164326125
6.113803752085656 1.05341690639072 1.199142332125017
4.283825389491882 1.185490746991067 1.144084519665525
7.648408618657913 0.1588797784950413 1.246732917806817
1.989175035452806 1.154550000734042 1.146055306549665
6.386882279432031 0.9703137270273755 1.20281659628029
7.117610891346379 0.2897238677442048 0.901736223900518
0.8393277552111952 1.113697152369987 0.8343769414303018
4.54564563723112 1.161639524438729 0.9486887734557674
3.082132470182382 1.11738295972711 0.6843646823144179
2.661438029225437 1.127780901462137 0.8000813824868734
2.425664249046735 1.160520201880599 1.14504935106078
0.4216088729856838 1.10031176952831 0.713115353341099
3.48982867980096 1.156152618511197 0.978100993957195
3.814192560942176 1.148847448694125 0.8911016128504544
6.030756989492698 0.9297772105452633 0.930579661411885
1.15956488997156 1.116891373951435 0.8337949278347616
4.980724719010935 1.043719767377725 0.6041573740093185
0.9217617248912466 1.125250592024628 0.9660797672656996
3.275276741276657 1.092435313970285 0.4855310056101212
2.090933261917602 1.111625433890212 0.6925978091736368
5.426959611137442 0.9700712025226019 0.6620793402875116
1.99928290758083 1.13897849183851 0.9763781493811459
0.9176814497425652 1.102507975052873 0.6903743384631794
3.384582994138594 1.120098693379226 0.6911985072241562
5.132592254904081 1.021151070363045 0.6182224100197105
3.243053535198822 1.173213722437694 1.158977583096972
2.255990932478247 1.159320510823608 1.157346600441134
0.07481574331009033 1.111631614953536 0.9166784406476811
1.382543465882431 1.127843984059504 0.9326953064549638
5.83685938744606 1.118030724729545 1.19584660227645
5.971923569954322 0.8262818918588464 0.7354595617503781
5.548517101099767 1.058464010683861 0.9139957635142448
2.406887141113546 1.114411668025533 0.697403462435167
7.469911298435981 0.3817281994925403 1.25180828982296
4.770511551265884 1.066335336594401 0.5836722749427824
4.067702347317396 1.158877824137234 0.951182079075605
0.8343604392913164 1.085064250494024 0.4922131044790322
2.58980906595488 1.142493434544791 0.9437998229411877
4.214819745528081 1.093414943638684 0.5338743192241356
6.700147191584646 0.5099680286222081 0.8149458725412713
4.617905387582268 1.074146041707498 0.5556698157681138
1.788810403659553 1.131068910719951 0.9177667399390839
6.432286025672713 0.8127345643171813 0.9960746026444629
6.843274517667401 0.7846240555665267 1.214928019874309
1.466316376698851 1.104982191455393 0.6715998040581768
7.312457644619249 0.5235472834913268 1.252154364045381
5.55195596381288 1.174906352614698 1.225797949757738
2.175969202692781 1.087674877894721 0.4720535256612717
6.427001638385615 0.6469299372657247 0.7843795777499467
0.599924136876938 1.120528080213476 0.9547798031593471
2.576517584363354 1.112386620561278 0.6692553709228832
4.902092530554873 1.199377780690932 1.198890394115846
7.113084372328238 0.4262564805427334 1.023542427758556
3.980643883769075 1.121714144949597 0.6819720009131072
4.265316730835074 1.163542370511529 0.9730243988107241
6.802274458680015 0.6289347664124757 1.009171229746453
3.032582807611277 1.171909685172372 1.174554648285903
1.818426786488486 1.153270038791013 1.158515679155845
7.467046311293771 0.1242796977240344 1.054013615837039
5.966735552085259 1.007958344317956 1.031366204197019
0.09768861591891315 1.091656841124113 0.6282944121757195
3.562939085813514 1.091384881282943 0.4753299014319354
3.676329098276093 1.180768811011397 1.173515039031855
0.563787349337932 1.102263567422805 0.7229769692364634
2.863767162460997 1.114598777862331 0.6726197679291326
5.285792458314207 1.13368676550422 0.9962019292663317
3.257369795669328 1.151807347877561 0.9622826244873695
7.711624237945298 0.1108501325316401 1.2765329307975
3.55152429279496 1.127246722101951 0.7382666937700981
0.4966150855700349 1.082387059229676 0.4754961451516496
4.20286253298146 1.122423625539447 0.6906791017037569
2.26083176168769 1.138702355052698 0.9424786305302271
0.5314300404166907 1.137257248082303 1.188568373389831
4.941130703438788 1.153348543198781 0.9571323471369277
5.574312848514755 0.9240859658676106 0.6591896352816027
5.727069204874796 0.8932340163241951 0.6946569939113584
0.3898560996921913 1.116712051577478 0.9368800525639178
7.254103398054015 0.3853290186696698 1.091680647652738
1.082684455362038 1.125101797949067 0.9410588610191373
1.550663442749108 1.15127263294166 1.179460860413769
1.939268742251886 1.086224241595358 0.4654082393771291
6.524255013481772 0.736034264807538 0.9538841251150273
5.187613395619297 1.070829425305439 0.7720926522683047
4.430327533332593 1.192467798076233 1.185307208484611
1.784665261993945 1.104421795444961 0.6433462900703337
1.314180855206691 1.101409167704733 0.6449158736675088
0.957139367786658 1.14204998764371 1.170925608931328
4.361280012329153 1.087105705021209 0.5340199757778833
7.77286978013694 0.02975743920244255 1.293220376930517
2.457754217615865 1.141536101804773 0.94874326494876
5.340879309733739 1.192802863031267 1.221682012421079
2.126818075529961 1.159773737317712 1.182053038605339
5.188162965948695 1.198075578629967 1.212768419622202
3.695537092337186 1.122198125547321 0.6930239070944849
0.7190339017644012 1.138324855101978 1.166870674362537
5.79582965783371 0.9526497197066779 0.8350594420555264
1.426584883731906 1.1497196904304 1.182227082638734
1.308285869903436 1.083737259067252 0.4597934934031078
7.534164341068446 0.3253872035755585 1.260619153281043
3.401533448217797 1.177730523396647 1.180683027801277
3.016917080871916 1.092413185261355 0.4909253004699002
3.150776407466171 1.13143308547405 0.7960827500559682
4.776749310963183 1.108700782245034 0.7339124042582965
1.953864807423246 1.110627020311073 0.692628814123887
3.772450532870231 1.16286533651093 1.008522001272335
1.467717030965545 1.085016771512996 0.467590761840049
0.2590361821074705 1.080161918895028 0.457202014444271
1.541376996507162 1.132012405289959 0.9591753645260144
1.066379694883437 1.082477507930316 0.4543683029386905
6.147083008727755 0.7461543155538624 0.7306361314373911
6.890421094667037 0.5475356873313031 0.9834402203781605
6.187614595525421 0.8183984902900925 0.8544670420755911
4.939558589399281 1.101709509496385 0.7636971004010739
4.129129071341379 1.188801892492392 1.188953002661809
2.858786129342732 1.143522853113407 0.9261686876469013
2.829039781566586 1.170729590340666 1.191440716771252
4.385284392588226 1.128743074424107 0.7416536601231187
2.200592061800909 1.120654091513316 0.7706569125761511
2.456179427861603 1.08500105627718 0.4438132389580038
6.838633721656615 0.4406399330622714 0.8400030811061985
6.680549847303586 0.7469028897159105 1.066016914338742
6.978823424662698 0.3406518541347973 0.8430999394038772
7.169675231312199 0.6220263211782567 1.24610878696164
6.218455703961249 0.9413824513512795 1.05823055371203
5.478477175599542 1.115019371054926 1.022021067679517
4.012998056855717 1.095550569128849 0.5189604016871077
4.80201109305756 1.161760771344154 0.9697024794000582
7.364283939502549 0.2120087271141588 1.035566309386097
0.3813847485891233 1.136628267276528 1.209853608644145
6.430363606184649 0.8742859506696216 1.080900196038534
5.382649797085694 1.030142481982225 0.765159231517148
3.415129832985741 1.146912988407876 0.9062367262409434
7.066315657462044 0.6883303006711026 1.24631861513229
6.579742424608622 0.9195529337877901 1.236425669187009
2.632595021656362 1.168457180804484 1.197037933689095
1.035455980504455 1.100015481219333 0.6510723942461298
5.745647396142509 1.067146650055931 1.033629903224977
7.625584934970204 0.2146248408841506 1.261759102188825
7.305175400777268 0.09586319034108409 0.8698456375441175
4.117200145237374 1.131056188070339 0.7446110442271383
3.49089055114507 1.11348132808772 0.6357698451516884
7.08094595413824 0.5367535961940767 1.103351531372684
4.677779353251192 1.195238493455439 1.182636635137308
0.6471504680172933 1.094511599504906 0.6171908444271635
3.932427365271744 1.186931999750516 1.196511082670778
6.696733689444925 0.5882242614352701 0.8954847341962149
1.701544857693364 1.118097276612808 0.7893696639876961
7.279131566581989 0.5627690075649897 1.264068368396998
1.935210710246482 1.130896239140903 0.8990401721408553
5.484467538191426 1.193523448595522 1.265389966248583
0.02814385863474901 1.118230962906731 1.019661478808344
1.703902028885904 1.136661697433526 0.9894767754769405
0.01117604893337752 1.130205748407677 1.195961471863233
1.230207942249852 1.148957394737907 1.207615481124825
6.2936050613185 1.027068381063348 1.247990938344534
0.5972254195730332 1.07871226416688 0.4262988156282915
5.290569864256841 1.066304651302826 0.8074788625030616
3.605585042065345 1.151518637885428 0.9290275388601382
0.3245628413197345 1.122927004527301 1.032532331623642
2.034434214129842 1.081649710334256 0.4232256663540003
7.356274725162122 0.4995200697216554 1.262359561305966
0.8667322239969053 1.094083917537988 0.595236127396511
7.556495517044192 0.08048388045978133 1.10463530787292
4.579158705084774 1.113755076046604 0.7009465997196029
6.362772761719899 0.7596932315355387 0.8826867503673912
2.345384747536052 1.104252974469381 0.6100985206532636
2.241126400789717 1.148207040925074 1.042199287278683
2.971200345827862 1.119781890026137 0.7099674259882272
6.076971086037164 0.7699744610806198 0.7194275135337174
3.130493884360104 1.176445635314447 1.205128694536118
3.821046873613703 1.11131552086909 0.6117854530293515
3.379278611569291 1.086240774783128 0.4397224449329079
1.675372081500831 1.097464302299856 0.5812384885709395
4.288979304124786 1.133970726473955 0.7657994019344796
3.656088355146224 1.087329829901801 0.4494252235143926
1.642607942059224 1.081443587533826 0.428796849136
0.1699574689492601 1.132613703185053 1.197200966587539
2.720649140660131 1.084243259001173 0.4335721651222088
1.851394134846023 1.082979168685434 0.4384234580986048
6.570730222674401 0.5495927279734023 0.7695698728878182
4.972732392384748 1.169085531939091 1.034476954704175
2.531602294853852 1.167937437146995 1.206836216616958
0.2078520633641284 1.108882897443242 0.8571779651232641
5.118232943935861 1.123392590486643 0.900513758300489
5.851981800904 1.024547225013114 1.00062204238839
0.9554339800905129 1.080945487016453 0.441206718337366
1.607958005219677 1.139805103766568 1.038053099270351
4.448184916063547 1.158867689878714 0.9303445217355134
2.136012779997085 1.100038464244841 0.5824441803940891
3.848044809265536 1.087600015880212 0.4595806807539788
1.370462869814278 1.108268592082959 0.7148084430625365
2.816049685441312 1.152406368031786 1.01377806710092
5.327872617095167 0.970459114972791 0.6089115420781777
0.5433045807382569 1.125929699394331 1.035138526212948
2.543471092314444 1.083793060805786 0.4326840710375907
1.341248401377713 1.135326054491076 1.025393978599651
6.85200435409077 0.6757459893107631 1.092943658625423
3.248920504482652 1.162077032140425 1.055028137703092
7.578467971210876 0.3007251942919258 1.278943462436741
1.043100805383619 1.147284197409453 1.221182162818124
2.904991353530517 1.08352227208131 0.4256185241539333
5.380895561935542 1.118187069347443 0.9885539561794845
0.6200976275964629 1.140213412683121 1.21070960312284
6.749834637345419 0.8620109624327951 1.257175049996331
1.61111584746698 1.11799795832622 0.7971783763993452
4.168798153754847 1.157897345269932 0.9365903237352394
1.081218936749363 1.092124814839746 0.5589644499516042
5.147215617943462 1.178110508341239 1.112269791826857
1.148884361032265 1.132201042733413 1.017041914309452
0.8212630797597533 1.144442670254699 1.227049088116237
7.329173590015257 0.06123390605364838 0.8560580225166065
4.912601312217445 1.034787120030577 0.5485342853615898
5.230188722843137 0.986151051681856 0.5890379889636341
0.2374567384932564 1.101322253798537 0.7482350979641366
0.03987293059856663 1.101591523985435 0.7775663712512817
0.0790822915976937 1.078210361855132 0.4376353952867175
1.716348659902039 1.156322768172084 1.210248039514259
1.896555877078342 1.158476946379721 1.204687770148724
1.10143826621509 1.109349861042573 0.7525459840775524
6.062433314970527 1.093027178969062 1.252888926191946
2.470440601028351 1.152201897401453 1.053488007928062
2.922258257738522 1.174368966197709 1.214417452180271
0.3800587085668662 1.093519581684145 0.6274007599972593
5.896017676843947 0.8209631510959015 0.6819974995417017
5.263104291634296 1.195312415324656 1.213983127532057
0.7251159102417756 1.13134149284872 1.074904508408317
5.639743221231013 1.021345950586749 0.880256534792583
7.377127859950425 0.2823361745670383 1.103140767962828
4.679764649869346 1.120406501545654 0.7535686157659702
0.7705821049511337 1.106627561870311 0.7552008526960658
6.462752554963864 0.9690954850368116 1.244663737553852
3.185702201332135 1.083883860549138 0.4245138711377932
2.361143317756171 1.13648995788784 0.9095591626210464
4.453935233822161 1.075010478228178 0.5078780411086573
2.736697309518894 1.134384383496817 0.8537838956259567
4.696208396935091 1.056597533462375 0.5232126390940641
5.068127494126035 1.009854824000439 0.5589590437106098
6.347165001895122 0.6553522035973492 0.7428299260297182
6.012114167160826 0.8854131947697049 0.8488096581062137
7.348335123930441 0.03727839828051085 0.8580873175899133
4.117567637477757 1.088390045359952 0.4932219816670428
6.344212172843342 0.8746734617055913 1.029796044753282
4.026581533865229 1.168821281366783 1.033785924806105
2.652141751881543 1.152035888773107 1.029330457399494
2.352798209585725 1.165400756482695 1.207563508039911
6.177050248253947 1.063531868574273 1.253176439061772
7.444958494461049 0.4439466958537348 1.280954549311689
0.1954099253131621 1.090503765991462 0.6030240451853859
7.240835321881447 0.5944329925598759 1.267347446553282
3.70912220669296 1.152492296050001 0.928573205898711
3.339658335515327 1.10876849239319 0.605792168170954
0.4230007089471683 1.10692988382984 0.8007796965541556
6.125208729385234 0.9300954426096147 0.9858413842627833
6.602290414147152 0.8490743711117894 1.149545116931365
0.188471122783278 1.123967572070231 1.071706484663029
1.227086754785419 1.13895325914398 1.086316320192617
5.431005758980943 1.197844552916646 1.266024256936807
1.314149019729576 1.123147485715344 0.8875034928265089
2.32061381590147 1.115881178003513 0.7165963346020265
5.926766252088485 1.119849111640625 1.243859081713318
2.104241611574138 1.121254616977079 0.7846157787675687
3.758598225523745 1.135030498705792 0.7869423150961836
4.509951332272363 1.174881582378009 1.041873557120478
7.69068790684454 0.151557138392497 1.280755571029687
2.739677701597854 1.171433064497752 1.21164395789108
3.577580235702826 1.139087598305883 0.8300605908916641
2.729502487091032 1.098858088588283 0.5490051709298096
4.755974549360027 1.20450915972539 1.247122621827829
3.141828577744802 1.107135087248947 0.6004850543624387
5.808881516855793 1.145834940626326 1.251172280525289
4.802407577814365 1.17994287943927 1.071811977704364
0.9410833663634485 1.134459373873208 1.078001652047221
5.03908032716719 1.205991712952959 1.242737960018399
4.22885396788699 1.19367328713482 1.218345929994726
3.02229812509848 1.161453762684479 1.075513987178555
3.573154671738592 1.183409913323251 1.210713395752168
6.995798925489124 0.6134493814492147 1.121236248917954
1.286584006903363 1.090984427703644 0.5355623597032757
0.2931609399043528 1.087261050758618 0.5509035368046151
3.906171684427729 1.151062513090346 0.9018891998514817
7.168444022260288 0.2076984448777949 0.8642658556763059
7.224426487505728 0.1663072104476474 0.8709148623892088
6.965100003568422 0.7639465558954982 1.266794060134911
3.89956200210516 1.17490008276565 1.096859277040778
1.407687311131299 1.119098142017149 0.8306295003565276
6.110562101411311 0.8775573222996161 0.8948872203909746
1.564238150411458 1.10060801649798 0.6192738828425935
3.033035451970587 1.143768073602463 0.9120078972108532
0.7529385443393651 1.115797983098272 0.8718519863823007
5.093961695181051 1.092692082885645 0.7945547583195391
3.867861954653178 1.139272366548133 0.8132381972908515
3.224289302501001 1.123877917181061 0.7294081261493884
0.4945172172414448 1.118654229895661 0.9464955666066306
0.5915143857146412 1.11278681835356 0.8552814332164117
1.551518486941937 1.080564472090801 0.4224084260622074
3.475560237724494 1.08538664928877 0.4338632253509915
5.197991801371504 1.157344153665181 1.044417488087743
2.170435552202855 1.14072954561827 0.9736761752249845
0.04952692854058096 1.085721735862471 0.5473803661352026
5.640021175899897 1.128623019235366 1.13030268803702
0.3359351917272493 1.101078595011711 0.7330872858317627
2.256505650839534 1.081858028366446 0.4214028025728487
4.264045859052372 1.148604795403174 0.8635091659576888
1.863136032697174 1.1084803164767 0.6780482317964911
1.773123809349137 1.144260374341122 1.064246595271636
7.046575290521876 0.2918590397793918 0.847584492667842
2.817362244601212 1.104800282020457 0.594062405292382
4.507190973562482 1.198018081011931 1.221960388398408
6.749975541188818 0.6946121486183691 1.048249149842159
5.332613789439521 1.172427647655846 1.141466476620304
5.893494070906189 0.8768014897997038 0.7655374248604615
0.7657012303653107 1.089243927795542 0.5447921863267244
1.200739472165506 1.11042097519893 0.7547774157514056
3.364835572629456 1.132637091728804 0.7919659294219835
6.89705797221846 0.3794613972945547 0.820562547391023
3.81200008016357 1.188505440265258 1.225664922257896
0.4127799707039395 1.076448440516033 0.4032150097075938
0.1234956543005541 1.117937766247647 0.9983269774243244
0.7775051032358611 1.078851168288105 0.4227954481557915
1.467137940137314 1.094970602542485 0.5674534922659926
1.342763169522654 1.152410281274266 1.229428831256235
5.020190086023328 1.14597744004161 0.9481300507387602
3.477633871021537 1.125339488347797 0.7273728187964279
2.743083177240593 1.122273381249571 0.7452342216987455
7.006194942497697 0.4151428764795845 0.9354329078634287
0.2992027671876955 1.114701435664627 0.923758909364741
3.453039987800338 1.164607266047209 1.055367414730815
2.229026929588821 1.129696789000689 0.8560979880134529
3.099540926949478 1.08224964642275 0.4136365766070997
2.408455393046445 1.124793912497708 0.7928845346367206
1.952655534974216 1.145810112476006 1.055741379103021
2.496250393488706 1.119015178955924 0.7330659001326592
4.057311107878113 1.14577749017434 0.8519845993123587
5.316996312828117 1.097872766769687 0.9039793562403968
4.422817175773798 1.10959959500971 0.6491640473549252
6.949009494062781 0.5671523665266873 1.042934643887271
5.620619529047492 1.1801550805972 1.267913759479331
2.560758138009988 1.101331397276011 0.5754668284178782
3.945036386290091 1.086314214109956 0.4603967621988628
3.208988121578958 1.141803658072492 0.8796702208549267
5.491576935154747 0.9293496324280897 0.6216900823175489
3.558428780121453 1.165728680910672 1.05402356551403
0.1679728576896802 1.077608793427044 0.425848720753135
2.239299815598327 1.096974917053829 0.5507196506476566
2.892681560851635 1.127916947445367 0.7840422595096415
1.002437576783811 1.121937983722176 0.9138776244504587
3.708686070520498 1.111003866776008 0.6111344378011375
4.237336499262956 1.175181201875316 1.065568389479775
2.043065363042664 1.162940893812627 1.230557715396936
1.171457682578523 1.078130447739475 0.4059220080982819
5.464788763462514 1.043553636933098 0.8374964401756692
0.6171966440217768 1.086945675622711 0.5258736326393001
4.624268319947891 1.159212836492929 0.9368034676995658
6.594441091772789 0.6713072594515187 0.9210095383427414
7.74978691005803 0.08088300182996219 1.296756399114776
6.636486202679706 0.5088979024598601 0.7702770748617467
5.687368449392654 1.168291128247509 1.259004978511869
4.581716520158297 1.146885391420072 0.8627135113042228
4.642971829841438 1.184129382184726 1.101698142443327
2.346446042721495 1.08171104033625 0.4188660292972834
5.1962226954389 1.035389006948664 0.6842737742751384
4.282581694653919 1.078601281894153 0.4785050043471235
7.419561003797058 0.07425707774710916 0.9612589017951542
3.310750977803813 1.181264912667132 1.226328517454683
4.547638396452443 1.06702869363398 0.5063868634947427
0.9177194488651513 1.110166386357922 0.7819416242911577
5.96360400440315 0.9667732184238859 0.9548794894188634
4.43440160391133 1.144926943526477 0.8398354586449872
6.014007890902247 1.027494994199603 1.094478853593672
2.585681248149085 1.133169175988891 0.8559215582218758
4.976958584318355 1.07226097198364 0.6848196834113655
-0.00539640976527089 1.123682225614936 1.104929083313195
1.192884778647149 1.096624537679349 0.6014610321857187
7.133250520768198 0.3554114845471203 0.9743027602023093
7.622184049242334 0.07420759185184472 1.165641065370514
7.188943653806979 0.423267850365587 1.076203800458835
1.970833378829686 1.101622142426163 0.6053464565920859
3.720848278841392 1.172390473863426 1.094537578028739
6.490005277462144 0.5805097877838514 0.7498122452607696
3.483039877244071 1.183195586927943 1.220807429458707
0.647619979469534 1.102287435676092 0.7143337070251623
1.158579934548357 1.124431130293848 0.9226227396665367
5.500132591013986 1.142188722655571 1.107109719702372
0.9962850697705555 1.106771136211945 0.7331060486931948
7.116006236187775 0.6632537259131556 1.252313776775571
3.048575305399406 1.102640213233504 0.5686834164197454
2.631671825007547 1.080523691949573 0.4058837955115871
0.8285194922185192 1.128161415862227 1.016972228970202
3.220730555947417 1.180683993136593 1.233481903272068
4.756273278436538 1.131830932064996 0.8207928919607559
4.009595720997306 1.10859057746986 0.5962871193417512
4.040046145463599 1.192889209778023 1.235095932334647
3.512273861466261 1.100834372303795 0.542047319973593
6.502784317299486 0.6458735366726095 0.8322498892171564
2.944597650567292 1.140843956051705 0.8938506974323108
2.046507514993125 1.131441043250502 0.8924120804232258
0.4571768362213653 1.08890312528172 0.5608440453890973
4.604663054791136 1.172809299503857 1.023012736593243
3.075032891609449 1.153521877585296 0.9958810040609773
4.353758770727434 1.195992829733679 1.222895677234822
5.645236385999072 1.056388919878704 0.9583663126419104
6.382302430570814 0.6953230571583042 0.8136857881274087
0.2995559725085212 1.136346929471076 1.22269940199989
7.212697549146776 0.2771869410031935 0.9662248108129481
4.499228605579873 1.117993483158845 0.7033387501402698
1.911965130225294 1.118305415363323 0.7721081687526128
5.720620865380485 0.9827231185260623 0.8478566076856505
2.808716948089709 1.081690673120982 0.4129090335396797
6.650894147150963 0.9077301730783049 1.261462983175245
3.758619193721632 1.085935384619922 0.4442455132993339
0.1690173367469719 1.09639394717621 0.6877375380559223
1.750568747053482 1.079785185406383 0.4115302574484303
0.6598398531771134 1.126214060037823 1.019336763901274
5.474736022074062 1.085073843776806 0.9421102672224668
5.730095014683957 0.9366531728851621 0.7697120109690573
6.247535047034393 0.6911781095880014 0.7229268303261135
2.20344556756699 1.164938833850159 1.226322101880159
1.795720077691928 1.095837926193796 0.5594084376858033
4.928142986068503 1.133043922214588 0.8716380484851859
3.200180957468727 1.098515669201362 0.5325910654882761
1.377359975741297 1.078499425076548 0.4058252496752266
7.147746986003163 0.5685914437422588 1.17946028978552
0.8379143057648464 1.121074783554374 0.9262820926588163
2.89152148376776 1.096169948093627 0.522826405938525
3.067099211885233 1.127637503214358 0.769810672811963
5.508788849920594 0.9662530415069597 0.6996142333024509
6.3592179504719 1.012742012009069 1.259130649493519
4.772154338338597 1.086938452469065 0.6537713206405713
4.830320374863146 1.205739601131154 1.249329877401574
1.422290180016049 1.142055974062464 1.092119543776839
2.650730807236962 1.105685779037822 0.6082839779514985
1.12585797641756 1.148933719458155 1.226431553181081
6.172831635721333 0.9971264791698611 1.126557826601488
6.849998621853294 0.5092249763891845 0.9171595618630888
4.966996790334835 1.205970585878063 1.242603398091942
4.723004466888604 1.152657773319903 0.9114465437574861
1.605700018491528 1.155567944605254 1.22047140634457
5.109840425618021 1.207026717617087 1.252218639459211
2.042252537018371 1.148733086151727 1.074792141881136
2.433433391910805 1.169003071723348 1.233345681623114
0.01010265797585558 1.107856477304189 0.8726024880374322
7.293089684715079 0.2267021416270138 0.9877402613420084
5.189519433729144 1.136756814670235 0.9703553400792293
2.66583235100423 1.116891022984004 0.7032383457453106
6.037858640752798 0.9724672871813812 1.006909170030279
6.769944824454777 0.4334454421759716 0.7837703909460816
7.507455515439252 0.3806731839196981 1.279612629478688
1.90644609757743 1.151401551310079 1.123868530381714
6.696993480411894 0.8907417824300122 1.264847356297186
0.505765755885965 1.104865760931268 0.7632693727741828
5.797238193833408 0.8409249672961546 0.6530213252839572
6.855866127957975 0.7300552075182961 1.157314391199742
2.337711346121597 1.157512861212256 1.126214056015962
6.117848725708356 1.082598412415386 1.26004241367708
3.598049091245849 1.174554116597045 1.127408320160048
7.272337891070586 0.110925242469986 0.8550948525578823
4.382496286598274 1.18297973741531 1.114106922556475
0.01904809934624163 1.09530616629037 0.6891606365698956
5.813391671602049 0.9890764619817916 0.911136780457392
6.583900109015548 0.7503813589674158 1.009337249304211
3.287533527578365 1.081505226367006 0.4066768811096912
3.298863653863148 1.119061463053274 0.6872115567832778
6.412985797766075 0.997430245442519 1.26311396125924
3.719215854955296 1.188363900821801 1.236641494241361
4.259421897974573 1.109323159362107 0.6216926664109137
1.827584706576316 1.160580182987572 1.240270046747186
2.400426089611524 1.094391495326017 0.5227698413452262
5.998120614162544 1.110932561661593 1.259016282608638
0.6849809828002448 1.077502366001177 0.4094977827409724
0.6734384878780459 1.117542800777957 0.9051372860480444
5.653307034297386 0.8853742675570345 0.6389394392851041
4.353108719973097 1.162635317507039 0.9608681909829264
0.09050809207387198 1.133586657220499 1.227698444469423
7.505953165101737 0.1778169216802108 1.131925907658492
5.94213837396388 1.053948989517444 1.108212145191899
6.808036524511071 0.8418873582684749 1.265992815456819
6.233463541425163 1.051670608689397 1.260728827543349
5.749074952901683 1.159024122491572 1.259249649188041
3.854181414214121 1.15912120457208 0.9703913812699796
2.4957221920418 1.109514500200264 0.64862449542519
2.895597807846344 1.151957828279673 1.000659411267418
3.509261313168559 1.14660144305696 0.8961034757671336
6.528909498439681 0.95721111513691 1.26413211699302
4.11868268636837 1.179649646359321 1.113426920534327
4.996786449793127 1.015266602550208 0.5369368071549002
4.205052864448111 1.183365110266202 1.13497058508056
7.010656585835779 0.6719205000954467 1.192284248662103
6.693185140288818 0.8004352185411105 1.141061011126678
0.4610629843440891 1.139573749671101 1.233893418702885
5.997037068578376 0.7726547064783916 0.6740316148177374
6.943662545969291 0.4857400182104683 0.9589126035267913
0.3615238974758263 1.130560665266302 1.130528712891731
0.9207850197551167 1.11784885483095 0.8749515151850533
3.897439160123749 1.119897449481746 0.6705126663908016
0.5037889231474704 1.097193662873486 0.6638837030087867
6.734144824771846 0.6242901395512898 0.9592484832510455
2.084127654819071 1.141179138256717 0.9889404443397645
4.830554833531849 1.041152832928151 0.530208895267099
7.021767078572711 0.7345298007189258 1.268739521800045
1.083309430781872 1.117961580899665 0.855579634124825
5.778315096030894 1.093565796157862 1.109813076317693
0.3347934457754038 1.076527091972806 0.4062070416552048
2.67021804823256 1.140553763658457 0.9170968773271762
1.516956245546782 1.155140262832001 1.231006915280717
5.011438860534351 1.09291743434768 0.7622651678857519
2.544300752659228 1.148892784495868 1.011286561760487
6.907251258222768 0.7934713484183482 1.266013955663613
7.099717072422638 0.2425248725805609 0.8415969240980564
1.461832449778806 1.112020322141958 0.7472838976512157
1.844162835442215 1.12548206334324 0.8523679809472102
4.885101509841874 1.168637845589663 1.017169678137544
3.093980982088323 1.137213219102507 0.849380350826588
3.325972599604432 1.17109702578524 1.12871640099895
4.599431188846752 1.202334810612504 1.246645453999047
2.149727599301196 1.079261272491036 0.4012686891587866
1.232362382176194 1.11804653234664 0.8386607632925351
0.8355248984998163 1.102148501387074 0.6938171948329662
1.004161082658785 1.128736749580922 0.9967847851995246
1.561981767044176 1.125137778925425 0.8800154508170384
7.255819833174654 0.4476469746854701 1.146103155595469
2.026206593752136 1.116352192009638 0.7430705212425324
1.918854271332646 1.1386840444315 0.9833978170269302
3.168942310137492 1.154855387771773 0.998198683038815
3.30016094055388 1.143227669079158 0.8844361593155599
5.567708839043419 1.119130421520134 1.072818169515305
1.721498256192533 1.125681992144593 0.8677470183922134
2.579066385094932 1.122814108941491 0.7614799525078538
6.25682194191905 0.9683196984912138 1.124695171614472
2.526441759281856 1.137353900285948 0.9010549973695583
6.649389431514642 0.5586194483754519 0.8320986648693964
1.612350837096561 1.133334042219277 0.9646370433766689
5.143938700632375 0.9900409452985321 0.552198811324937
6.50944970318398 0.863032555537828 1.112528128458941
4.68132335609473 1.204749845369627 1.256974623260305
1.541942428891691 1.110325430993969 0.7219715921952153
3.986660580545477 1.157570243552297 0.9470904589168601
1.719459700961885 1.110166004735198 0.7056771609370344
3.004829295827038 1.111659794275533 0.641769689911286
0.8625543430005633 1.079401259541307 0.4267242087857563
4.459308372964308 1.183097522823627 1.108101694384754
3.773671190024447 1.119493646581668 0.6704899238366019
6.509280706113381 0.7857971259502678 1.007835956133937
3.162717418019802 1.116992042316708 0.677277592505253
5.862061687046006 1.138506004129491 1.257362466360964
1.457198479784664 1.133682162742573 0.9895945677935249
7.430219598750906 0.2940639284687036 1.154976077005264
4.709388284735107 1.184109345703902 1.098475900823566
3.937502770171725 1.130789668980914 0.747071301830269
2.445305391690594 1.133773189250277 0.8747251112854507
3.645145858588264 1.130643892108923 0.7594772744519332
3.174094157507075 1.168846995230619 1.126618601558104
6.436222487527585 0.9178333335145032 1.14883057391899
5.425169690595385 0.9327644882994046 0.5905195841012481
6.278265820414342 0.8930590750037133 1.017822462780263
1.890101935650651 1.092196636908522 0.5212209768961698
4.845759968817813 1.191457204700022 1.146206714409995
5.654715934079693 0.9304141920900911 0.715964607932418
6.453681837921114 0.759307519547698 0.9389338667858107
5.571929650378783 1.083498223882822 0.9847479284394688
6.522586050317361 0.6875342653299072 0.89385863730435
4.506957319320092 1.15064040946214 0.8783580888753461
2.644661812857018 1.160838999583237 1.117704128146581
4.622679051846826 1.055252048994824 0.4909970997378663
2.183291505341341 1.155304301870912 1.125132832092669
1.782287817091776 1.137743695925413 0.9909647615947819
4.959253471115046 1.190970161805422 1.147199873968602
0.1412559488288444 1.112743690259809 0.9217096812721273
5.168415197300812 1.098869034739562 0.8435873812783685
4.208688687843741 1.079543414189418 0.4667006029532689
7.129683438230596 0.4762270871962246 1.081013050350557
6.879675775315942 0.6035940534062485 1.033605392754655
2.171018391011524 1.112191632064097 0.6924793318690394
4.329259883206285 1.172414414385765 1.036146921896381
1.277639420417589 1.076950530510908 0.3921534890019824
6.301171368404232 0.9906187641578506 1.187821396259888
4.855011974233199 1.114155353296449 0.7785655731512673
3.408718782195256 1.157150349498461 0.9944423244143168
3.637929935341788 1.099021606672515 0.5278700134187081
1.386182276372333 1.086840410488021 0.4885664477770661
0.5325651291895881 1.141877130448865 1.25048293269279
0.6992437386271123 1.090524885482127 0.5644158165761231
0.2184543668163028 1.084835447407008 0.5230380869329604
0.1105291325621709 1.107541679238901 0.8527288704854096
0.9590620262094991 1.097647946287464 0.6298801264264654
1.4752536741604 1.125593466471442 0.8954394877998511
5.567389414342296 1.02288233538013 0.8451522474341879
6.860402877241834 0.8201694394153038 1.270256065301844
2.042475500461201 1.104227319390464 0.6258247364213925
3.411753472456825 1.109846561399981 0.6113152444790357
2.504263803366999 1.160342631163944 1.132010566076936
6.83406624100741 0.3936183882042564 0.7887623378731027
5.362819944171028 1.003623825265226 0.6963695419343344
3.021642834164915 1.179099689016256 1.246992636540302
4.283917759099064 1.095219357917862 0.5548275712025454
4.116435673359323 1.168287921338424 1.021412877168156
6.0350240644291 0.8315511942757305 0.7811372465435449
3.853296912615613 1.166910528904452 1.034523028135437
3.625704060037778 1.119981094169072 0.6792760091344563
-0.01089842328887206 1.112725683057132 0.9468030550877138
7.50801170151759 0.2478794648753832 1.184637383396207
3.343892861833211 1.098179510683479 0.5262991148735517
2.539530829349692 1.093072602839015 0.5076413976559606
2.867167356259275 1.136583447731657 0.8624313854347199
1.397573464060375 1.101428279843863 0.6390550095665022
2.42254740387119 1.10595149652601 0.6212281293351738
6.363823721053052 0.8075624187255681 0.9470354690135382
6.82849603433066 0.5705944273618916 0.96507821438381
2.889013535065404 1.105844034018511 0.5997159520006796
0.9319135932238403 1.147629171122217 1.246706210732099
5.0559818409644 1.041764096654201 0.6334858970294096
4.062605440289565 1.119799328195863 0.6692968001310349
4.216562792112104 1.134716430202541 0.7690319722456714
5.962059218684548 0.8692562470228467 0.7942421655159999
2.10226491447274 1.089618957278803 0.4909211261816343
7.494870255385377 0.05867677183414149 1.024493654450779
4.901727898829299 1.208193082731132 1.261840411626201
5.58535182585617 0.9653488832843999 0.7402411620035874
5.23550604424598 1.207179654361969 1.266119088138838
1.95297814290618 1.078307978011337 0.395571643077927
0.228404999436091 1.137126881971244 1.248472190821162
3.333961234695426 1.154493860044469 0.9785075427947288
1.945257376593043 1.093968779448979 0.5353921288707886
4.190856669535826 1.167448110894424 1.008556269951788
5.056455936588324 1.177786990100321 1.091439871870314
6.429904474554993 0.6011546274699424 0.7334578136363394
6.085475110587191 1.025113744466139 1.129133818405804
7.335381356891535 0.540611441804022 1.283142767216255
6.281534362720093 0.7988452461810278 0.8846536316946596
4.431357963053869 1.093833753000188 0.5797575323744979
3.0996953108427 1.168890797691092 1.13651518685124
1.500441563368834 1.147280127775748 1.140937762145149
4.594241207334219 1.094830302224173 0.6264665725772551
6.700042524396906 0.4623120956550241 0.7647549614758549
7.426773537303025 0.1921106709354314 1.073267448420331
5.543967294425552 1.190650685389309 1.274520483171965
2.792671383483354 1.162936804282814 1.118824697755977
5.717375272326208 0.8549839759729114 0.6275872665026736
1.780873577949808 1.123290697794814 0.8360104533237065
1.019819162628695 1.076994185562659 0.3968363935077376
4.165288659132262 1.107052528418605 0.5984285855789132
1.4291193963733 1.155714972768696 1.253710448287159
4.767778305298375 1.044113906971869 0.5123378467078354
0.4525407834299612 1.132724885511253 1.142661785373589
7.317959207632004 0.3446130293142312 1.106386890521838
6.622732754271759 0.7953804995994818 1.090753439713567
7.733130991662033 0.1058942104810311 1.294295947741224
5.455911738328974 1.005508885918902 0.7495606089620235
2.808879756962908 1.121510066317518 0.7343255057360827
0.5441124325803145 1.131840489348153 1.113656282953464
0.9027041461699188 1.087287654406961 0.5144122952154906
0.09214468079879522 1.096911732532772 0.7037967193362324
2.728028698317041 1.154168995646036 1.041037775399654
7.7624798209392 0.05634442474106 1.296290576471369
1.026606288004322 1.140274631656464 1.136225706314323
2.126058828880907 1.166459890699045 1.255871820244812
1.58623539774981 1.146760183844681 1.121035710174319
4.131049638473331 1.119892494210814 0.6717426316596546
3.274019221723946 1.101715598267203 0.5545779667321633
5.275892693917226 1.157854462709663 1.071662127847569
4.596593957989457 1.132574927239093 0.790960361940001
0.4363944834289696 1.121679645998388 0.9963705253789178
4.881823516017329 1.151594439594632 0.9358546263762439
1.075115356075716 1.130785272364635 1.011083199312744
7.274034817987135 0.5944178348432783 1.28987349799249
0.5915557624750996 1.107101459064791 0.7819107425103453
7.659771636153819 0.2042094478284343 1.28483013020046
7.624995794595195 0.2517860461708674 1.284945462299969
0.02012662067161697 1.074373274181703 0.3839050543113375
5.91186392512051 1.0307175948344 1.045226609107644
0.7313288185575175 1.144471366728479 1.245022748531444
0.4965550621478789 1.075704353815466 0.3919872355939038
6.231044610816252 0.7530495938241653 0.7919685242515389
2.390550429639473 1.143600999097182 0.9767767332851114
3.565295853121064 1.081474496086851 0.4089758673285299
7.307726859405845 0.4088156013244655 1.151376889345139
1.854814910813204 1.134174338122325 0.943107094277283
1.97066703160796 1.162503486752492 1.237768082910546
5.962983934091747 0.9347546618597377 0.8997204866894921
2.063016638627565 1.155495689573653 1.145143972150217
4.024902314913662 1.08176802309915 0.4456998281742456
3.01460603138515 1.07995427146221 0.3977598568107698
5.710508347890296 1.099790261620761 1.091172962677499
0.01262342304214232 1.080805556465708 0.478344490228488
2.786505469613793 1.141446062365606 0.914028829441166
1.084641937014565 1.075870726620098 0.3839524592920968
0.01692755840703139 1.09002420244166 0.6125643573020234
0.5771601808497065 1.097293338714273 0.6582038645585431
4.116808329421485 1.196757619927018 1.258973078115621
2.276394540172262 1.167052627116006 1.237540081507511
3.744625678492039 1.180600265441599 1.163671359892305
0.4302877262537925 1.11223829801676 0.8706201988759146
3.648111629483027 1.187846095055577 1.241501193787841
1.467558830458891 1.076667191737571 0.3867631610026538
4.27504555404801 1.121467736472403 0.6901629111530012
0.8468071595069733 1.107773894071054 0.7608469221512
2.965661505731247 1.16798127701114 1.145326955856918
1.651527537451954 1.089786548293298 0.5075881661225616
0.1168152060981003 1.074434262637793 0.3828182345101957
6.126763819785929 0.7251413270746124 0.6902660085611115
1.241101952150065 1.082835863268896 0.4526397756545556
3.74028683312478 1.144577574083891 0.862553984603549
7.405181526946172 0.1466231573108697 1.015784598661509
5.915492975819761 0.9956083114773625 0.9799290396873929
5.301030081668351 1.205112392339118 1.266762278757173
5.78346264125282 1.031178220853436 0.9771064361836984
3.409206389549837 1.185197330288568 1.249949318497136
7.081023981895163 0.3924545262990727 0.9690391681261562
4.42194442395142 1.199755831509422 1.246118765942274
4.016869614300436 1.132811997165837 0.7590473460930582
-0.04158673798394076 1.132749854279532 1.244212635945547
1.111638327558354 1.099626038409186 0.6406070689602834
5.366351073987927 1.204500698338069 1.277458229946775
7.163777430662917 0.3906624646115334 1.028823266123639
5.135875171271084 1.059026730597128 0.7165828016638487
6.774938930716351 0.4943234343001841 0.8501498238118933
5.108063158494822 1.193362343978358 1.176580434876135
1.28957640161543 1.108022994227576 0.7193515849468073
5.248844919978818 1.052800665562881 0.7531769977017579
3.829574413796927 1.10034015493678 0.5381199147690774
6.165642096378393 0.7842870965161618 0.7935713813290142
5.86065243074294 0.9218767564448977 0.819285476174777
1.746519490886818 1.150036879486809 1.133270489804639
0.8811414848383258 1.140386883142793 1.16359255417531
3.401344752288654 1.170076315182864 1.110265700739837
5.392291873365848 1.056542711118089 0.8318899597001541
3.563816813643642 1.118286635153653 0.6690796670100867
5.341148507869214 1.145070101253481 1.052935360684183
4.366045699402642 1.071045577777387 0.4673217744895505
1.315816345732737 1.129341755895652 0.9589742413151467
0.5491632128781001 1.116109126969582 0.9045972712890278
6.181728077620759 0.6960200882159675 0.6873416293324733
6.755901510498692 0.821924228727097 1.207724148312418
5.16938104831644 1.208924409392528 1.267850314468733
5.921038210936097 1.087225474638337 1.167559334037628
2.31977592334482 1.143266998028875 0.9817266736391315
2.825133892058877 1.177139060805717 1.257021979757226
2.942736313109104 1.111802570557772 0.6457275329988985
6.928797938842669 0.6756927635831335 1.142891368231266
7.405118475157117 0.4859403430430403 1.285854216011584
1.226161159513107 1.103608835360093 0.6759126180019753
3.970459719904884 1.175054642241858 1.090709205928959
2 2 0 872
1725
1726
1727
1728
1729
1730
1731
1732
1733
1734
1735
1736
1737
1738
1739
1740
1741
1742
1743
1744
1745
1746
1747
1748
1749
1750
1751
1752
1753
1754
1755
1756
1757
1758
1759
1760
1761
1762
1763
1764
1765
1766
1767
1768
1769
1770
1771
1772
1773
1774
1775
1776
1777
1778
1779
1780
1781
1782
1783
1784
1785
1786
1787
1788
1789
1790
1791
1792
1793
1794
1795
1796
1797
1798
1799
1800
1801
1802
1803
1804
1805
1806
1807
1808
1809
1810
1811
1812
1813
1814
1815
1816
1817
1818
1819
1820
1821
1822
1823
1824
1825
1826
1827
1828
1829
1830
1831
1832
1833
1834
1835
1836
1837
1838
1839
1840
1841
1842
1843
1844
1845
1846
1847
1848
1849
1850
1851
1852
1853
1854
1855
1856
1857
1858
1859
1860
1861
1862
1863
1864
1865
1866
1867
1868
1869
1870
1871
1872
1873
1874
1875
1876
1877
1878
1879
1880
1881
1882
1883
1884
1885
1886
1887
1888
1889
1890
1891
1892
1893
1894
1895
1896
1897
1898
1899
1900
1901
1902
1903
1904
1905
1906
1907
1908
1909
1910
1911
1912
1913
1914
1915
1916
1917
1918
1919
1920
1921
1922
1923
1924
1925
1926
1927
1928
1929
1930
1931
1932
1933
1934
1935
1936
1937
1938
1939
1940
1941
1942
1943
1944
1945
1946
1947
1948
1949
1950
1951
1952
1953
1954
1955
1956
1957
1958
1959
1960
1961
1962
1963
1964
1965
1966
1967
1968
1969
1970
1971
1972
1973
1974
1975
1976
1977
1978
1979
1980
1981
1982
1983
1984
1985
1986
1987
1988
1989
1990
1991
1992
1993
1994
1995
1996
1997
1998
1999
2000
2001
2002
2003
2004
2005
2006
2007
2008
2009
2010
2011
2012
2013
2014
2015
2016
2017
2018
2019
2020
2021
2022
2023
2024
2025
2026
2027
2028
2029
2030
2031
2032
2033
2034
2035
2036
2037
2038
2039
2040
2041
2042
2043
2044
2045
2046
2047
2048
2049
2050
2051
2052
2053
2054
2055
2056
2057
2058
2059
2060
2061
2062
2063
2064
2065
2066
2067
2068
2069
2070
2071
2072
2073
2074
2075
2076
2077
2078
2079
2080
2081
2082
2083
2084
2085
2086
2087
2088
2089
2090
2091
2092
2093
2094
2095
2096
2097
2098
2099
2100
2101
2102
2103
2104
2105
2106
2107
2108
2109
2110
2111
2112
2113
2114
2115
2116
2117
2118
2119
2120
2121
2122
2123
2124
2125
2126
2127
2128
2129
2130
2131
2132
2133
2134
2135
2136
2137
2138
2139
2140
2141
2142
2143
2144
2145
2146
2147
2148
2149
2150
2151
2152
2153
2154
2155
2156
2157
2158
2159
2160
2161
2162
2163
2164
2165
2166
2167
2168
2169
2170
2171
2172
2173
2174
2175
2176
2177
2178
2179
2180
2181
2182
2183
2184
2185
2186
2187
2188
2189
2190
2191
2192
2193
2194
2195
2196
2197
2198
2199
2200
2201
2202
2203
2204
2205
2206
2207
2208
2209
2210
2211
2212
2213
2214
2215
2216
2217
2218
2219
2220
2221
2222
2223
2224
2225
2226
2227
2228
2229
2230
2231
2232
2233
2234
2235
2236
2237
2238
2239
2240
2241
2242
2243
2244
2245
2246
2247
2248
2249
2250
2251
2252
2253
2254
2255
2256
2257
2258
2259
2260
2261
2262
2263
2264
2265
2266
2267
2268
2269
2270
2271
2272
2273
2274
2275
2276
2277
2278
2279
2280
2281
2282
2283
2284
2285
2286
2287
2288
2289
2290
2291
2292
2293
2294
2295
2296
2297
2298
2299
2300
2301
2302
2303
2304
2305
2306
2307
2308
2309
2310
2311
2312
2313
2314
2315
2316
2317
2318
2319
2320
2321
2322
2323
2324
2325
2326
2327
2328
2329
2330
2331
2332
2333
2334
2335
2336
2337
2338
2339
2340
2341
2342
2343
2344
2345
2346
2347
2348
2349
2350
2351
2352
2353
2354
2355
2356
2357
2358
2359
2360
2361
2362
2363
2364
2365
2366
2367
2368
2369
2370
2371
2372
2373
2374
2375
2376
2377
2378
2379
2380
2381
2382
2383
2384
2385
2386
2387
2388
2389
2390
2391
2392
2393
2394
2395
2396
2397
2398
2399
2400
2401
2402
2403
2404
2405
2406
2407
2408
2409
2410
2411
2412
2413
2414
2415
2416
2417
2418
2419
2420
2421
2422
2423
2424
2425
2426
2427
2428
2429
2430
2431
2432
2433
2434
2435
2436
2437
2438
2439
2440
2441
2442
2443
2444
2445
2446
2447
2448
2449
2450
2451
2452
2453
2454
2455
2456
2457
2458
2459
2460
2461
2462
2463
2464
2465
2466
2467
2468
2469
2470
2471
2472
2473
2474
2475
2476
2477
2478
2479
2480
2481
2482
2483
2484
2485
2486
2487
2488
2489
2490
2491
2492
2493
2494
2495
2496
2497
2498
2499
2500
2501
2502
2503
2504
2505
2506
2507
2508
2509
2510
2511
2512
2513
2514
2515
2516
2517
2518
2519
2520
2521
2522
2523
2524
2525
2526
2527
2528
2529
2530
2531
2532
2533
2534
2535
2536
2537
2538
2539
2540
2541
2542
2543
2544
2545
2546
2547
2548
2549
2550
2551
2552
2553
2554
2555
2556
2557
2558
2559
2560
2561
2562
2563
2564
2565
2566
2567
2568
2569
2570
2571
2572
2573
2574
2575
2576
2577
2578
2579
2580
2581
2582
2583
2584
2585
2586
2587
2588
2589
2590
2591
2592
2593
2594
2595
2596
5.427316503105914 -0.6792956745433694 0.4091422178587563
3.936049114068563 -0.5127542315865841 0.1701033659303476
5.139351922256099 -0.4894994400808653 0.2369254326320875
6.349440592741898 -0.3315625708079352 0.4750870509938918
3.980793896237488 -0.7715847481097655 0.2709493385990164
4.583058565875931 -0.5035880569722081 0.1922857186013757
5.157719878085928 -0.7034500979539268 0.3621828592494804
0.5846371146961731 -0.5049945943273449 0.1634547824627901
5.906082748057788 -0.4124145073932488 0.3596760244483183
3.386496577032806 -0.5129917078362718 0.1660432585843474
1.129914484705985 -0.5091173536719477 0.1647892219585556
1.688397274168924 -0.5117933810792055 0.1656553886118846
2.256601810344257 -0.5081206912205556 0.1644666259426554
2.831296066503808 -0.5671441266515417 0.1835711132123243
3.727803663737046 -0.7883000769888597 0.2660338088260204
5.56400744188842 -0.3060021772958 0.1990826786919076
4.827141466990849 -0.67185042290164 0.2940618880439875
4.789471185328569 -0.3057968246777431 0.119238475505298
3.955134111749322 -0.8950477737722822 0.3219216386506137
2.427787811021976 -0.6368480067172934 0.2061326072974956
6.799618190814432 -0.2028942956797707 0.6169514805013973
6.558646532421402 -0.2639313603831788 0.5246430680739396
4.324551367517808 -0.3615802365367735 0.1240519737384747
1.363672007971965 -0.4015703049399964 0.1299787910104548
3.119857740037109 -0.3455869417970507 0.1118583030946299
2.542312524505428 -0.3224202666347663 0.1043597993649391
2.121614894170826 -0.4354884420516031 0.1409572881773513
1.837045300712195 -0.6557342460390509 0.2122456353864201
1.362188469762693 -0.6871111946081371 0.2224016100449955
0.331457187916533 -0.3567865146483479 0.115483339411154
0.3337903058374986 -0.6915461804213352 0.2238371098492805
5.713077971184322 -0.5445280515406337 0.3960575583920527
5.638559559769067 -0.2920144876520107 0.2048170127279836
0.8602231764072251 -0.351615330951272 0.1138095497987987
0.9112306397901579 -0.6955149429772536 0.2251217042340742
3.679122645530285 -0.3290897652785036 0.1065185580173956
3.108610404563664 -0.7142769349058246 0.2311945163863272
4.32487690930307 -0.7145149450583483 0.2681290850932971
5.442663383781543 -0.7546819204473492 0.4669655491299831
6.372360831422856 -0.4399634344381624 0.5850273724254256
5.151216228112856 -0.8008071367272199 0.4219531883335885
2.823377453582233 -0.3079905130065393 0.09968923008204369
5.314475884411419 -0.2727690057618565 0.1446924911345075
1.868144704494611 -0.291790014569983 0.09444551266906172
3.40372077382423 -0.7798363482142741 0.2545577759821945
6.19298098607922 -0.2365173466626924 0.3252232302470827
1.129494142240061 -0.778310612034542 0.2519207001572815
2.147828869588973 -0.7530635011200921 0.2437488086782605
4.592604344641662 -0.7641726702789671 0.3150050024294526
0.6157586961291311 -0.7736353687541756 0.2504074347046664
4.053362382100746 -0.2671096130173036 0.0871066538890547
1.599176833601139 -0.2690022134470195 0.08706964148707264
3.385982059369127 -0.2533169479745535 0.08199269277420951
1.61050326322667 -0.7815465453017212 0.25296809506842
1.143329342216208 -0.254932149088523 0.08251549509661696
2.645885447599868 -0.7692552399756509 0.2489896908224644
0.599312720132031 -0.2532718344066213 0.08197809058140326
5.027710598720102 -0.2391645624888707 0.1040020985411907
2.302380155510664 -0.2522676000781331 0.08165304372833083
2.038441047123946 -0.2508281076879065 0.08118711415572866
1.349050655300424 -0.2658303187065346 0.08604297432939459
4.547404770139224 -0.23680973819735 0.08338372402709207
3.650507108550806 -0.5737680679258501 0.1870213525413146
5.9213798437203 -0.2083967620462305 0.215631099888702
5.388818783329269 -0.4833892611406454 0.2730469149266336
0.2277368461825654 -0.7934408275743255 0.2568179923609033
6.117817129931297 -0.4489514323124998 0.4702315828272721
3.747126913151049 -0.9119211547929571 0.3161728744526709
2.897963139078261 -0.7989168062653846 0.2585904368895625
4.994729423131498 -0.7847515722501225 0.3805230577733721
6.462742120720228 -0.1534660660440771 0.3722165394160178
0.1998973933170181 -0.530711649824729 0.1717787838662261
4.893516146177673 -0.480183459756947 0.2052761607958642
4.15725511314673 -0.5416053696150223 0.1869332183911138
2.582808844583755 -0.5217651830732092 0.1688830245984896
3.857533308689058 -0.2140558623294935 0.0692848097880277
4.753341168995911 -0.8304351662554096 0.3685660085785993
2.342340280981074 -0.8265494810521892 0.2675344788592758
0.94022713250233 -0.2000869904744221 0.06476341701279884
3.022767843428694 -0.5175585990989285 0.167521453056633
0.2045954463649685 -0.2010690652416397 0.06508129134104104
6.967721954096957 -0.1448143732745032 0.6788966124711404
1.925600852354602 -0.4703229791287693 0.1522324022956013
1.768502533399243 -0.8320294220486083 0.2693082058922784
3.241987343329359 -0.1936531389577452 0.06268093175083854
0.4358916773230257 -0.1944667998845338 0.0629442945101248
0.7904463892438522 -0.5372242138724288 0.173886746509093
2.999236316969359 -0.2001430830076976 0.06478157283649937
3.976390820067636 -0.9591683572818374 0.3520732535279318
4.245551337794764 -0.1829158572694408 0.06014337163916182
1.318441449185189 -0.858791121652004 0.2779703338361116
1.937381080274036 -0.8431089935132028 0.272894400603805
4.134349218739118 -0.8439739391270243 0.3121874709281699
1.496825141558199 -0.5434621756157227 0.1759058268937444
5.892079983169451 -0.5787496301641146 0.485493694976505
0.9799645912123462 -0.847256967416069 0.2742370014545279
0.7689502954589343 -0.8513165554695687 0.2755509939004415
4.388036474266247 -0.5379706482184947 0.1956789611497738
2.683150510915929 -0.1873753629221561 0.06064896442331864
5.461260779266889 -0.1854638415839368 0.1165183210490513
5.617110500666252 -0.68731102820362 0.4720698037471494
0.4377975293175038 -0.8383788561532379 0.2713633672385429
3.56400473542267 -0.8625367538896349 0.2884082316934122
4.986498579501885 -0.6239240940764771 0.2887785917325788
2.413508740467396 -0.468894194929346 0.1517699387105919
3.812977380791869 -0.6277911082861197 0.2087542212416436
3.229148521583315 -0.8490428155189079 0.2759986865481651
6.702076512228464 -0.1586232778196173 0.5092402230474051
0.4019236845846302 -0.5286594620584307 0.1711145393204802
0.1515439158548615 -0.3680723327819669 0.1191362912816635
3.579604231020051 -0.1772434612023673 0.05736950794963422
5.558924138192252 -0.4669645981882747 0.2989983742005802
5.735771443012301 -0.4014546466742927 0.2996502467292541
3.210053558090396 -0.5591005190608469 0.1809675880583484
4.396395976414367 -0.8709333681835019 0.3477803771661718
1.749956407607069 -0.1710377668103243 0.05536087174188814
2.462174304235977 -0.1541070052667586 0.04988078546746158
6.064761531737764 -0.1481716365491526 0.2133286370718663
5.300728885473871 -0.6201664593524844 0.3397064529467495
3.787794521100925 -0.4660644243876141 0.1518828221163175
0.4989444881487113 -0.6596267689337347 0.2135055527996538
5.754064690346375 -0.1568096772660303 0.1446582999189009
2.832637953730468 -0.1603739092870291 0.0519092337812756
4.885045311881665 -0.1644076878337511 0.06551459236831435
4.707764487100122 -0.1600985441849433 0.05867165299001582
2.071537366741253 -0.5982789705097695 0.1936487243135646
0.7733318333053598 -0.1715705927147304 0.05553333485985726
2.513418336372741 -0.8646621651695712 0.2798706514865842
6.626590146386032 -0.1375041670056351 0.4440733311320855
3.491257416185095 -0.3793768222643039 0.1227952866252663
0.9493996152509965 -0.5016937388253889 0.1623863737628277
5.195310234086307 -0.1543869453294683 0.07702224663322116
6.058908984156291 -0.5195946608260911 0.5044879523746848
5.994814978534851 -0.3617223573781196 0.3512529106707634
3.050664627841772 -0.8619953494938093 0.2790776192167027
3.312466846854554 -0.3702078089652515 0.1198274943141598
1.488442543574114 -0.8709877073222703 0.2819180795742173
6.320947644594655 -0.1428463651581409 0.2995802596656396
0.4925092265087828 -0.3670587764785762 0.1188082271262339
4.139954507397636 -0.6895018667624907 0.245526528654902
2.169375285296336 -0.1715885066087623 0.05553913316281919
3.910804590058499 -0.3529498388424054 0.1148698430385874
1.477642589846789 -0.1621618207158114 0.05248793833957609
1.05876541777399 -0.6560275099895903 0.212340557977232
6.245761239042324 -0.4912046986145918 0.5660038955001661
4.599288000890965 -0.8804028880523123 0.3750538467389537
4.742646693302252 -0.5329689560097473 0.2172738640707261
5.153225196733583 -0.3436155681698199 0.1632972345676234
0.6931433220836327 -0.3953112668340454 0.127952888706694
2.276132313382094 -0.6658031977697374 0.2155047164404656
2.690363913673428 -0.3805391153058904 0.1231714933379808
3.535551447185927 -0.6999627100847217 0.2288709175157028
1.746254289676121 -0.3638709287905361 0.1177763963774966
4.408710514243225 -0.1628642726088908 0.05472858774459805
4.482469432777096 -0.399676907565603 0.1437528473657031
1.942855108041435 -0.1478481147407433 0.04785493093182845
6.678793617861796 -0.2831337261770817 0.6166064051986438
4.639539421841541 -0.3627734232621309 0.1356302916416342
0.1369679530256988 -0.6603494565035801 0.2137394696392489
1.029814933920071 -0.3579289455165239 0.1158531172090435
5.301978371244317 -0.7508142682738075 0.4252295454287094
4.163789820283298 -0.3835006359062615 0.1284463933933515
1.245649491848586 -0.1476098477302377 0.04777780954714886
2.961929104834791 -0.3829468173850675 0.1239508094415746
5.454612525530443 -0.8242652740919256 0.5220177569234832
1.301438216475281 -0.5358009439693089 0.1734260677711152
0.7283192622190472 -0.6813574900212368 0.2205392722255984
2.95392942130954 -0.6580196889036494 0.2129853790796405
1.514707802408668 -0.3955405297625491 0.1280270956834147
4.482312655685371 -0.634548569754701 0.2436626040499727
4.659919642708283 -0.6519067197458803 0.2666180679314411
2.783542198910681 -0.8759842767218002 0.2835353506765906
5.76250818426726 -0.6559742485810134 0.4985085229290991
2.201203991701554 -0.8806821066195434 0.2850559268819768
4.950528029200679 -0.342938383253758 0.1454847887251426
6.514990767354393 -0.3445016397915017 0.5756511459242328
6.412085826664867 -0.2946089410224233 0.4733916981538909
1.696207154160208 -0.660471768336662 0.2137790590809847
3.276562072763297 -0.6904394317659541 0.2235224868195018
5.608903724198781 -0.1284725419725747 0.1050304681978972
5.161262870246982 -0.8596895634984333 0.4630433218816261
3.38959915401799 -0.8960723779014943 0.2955281904266169
6.335343589373613 -0.2212279267881592 0.3719055455561203
1.222832545803722 -0.3864373263661157 0.1250806044781762
3.98491172156839 -0.1423175770760629 0.0460654980065517
3.723774500740131 -0.135870774563902 0.0439781497641089
6.220067224070593 -0.3429779515810573 0.4248560248640492
3.860394577360099 -0.9119793868431204 0.3229581781922488
6.817977828452815 -0.2604131274357582 0.6883466015101429
1.511291530853651 -0.6908961660494721 0.2236267156016112
5.272880718646798 -0.4249821901994113 0.2202038961418957
6.386367802247094 -0.4851065678539137 0.6344581310754218
2.567814973502706 -0.6761070518003365 0.2188398298021112
2.763075434191253 -0.6952239638180107 0.2250275211760583
5.408018648823882 -0.3511651111026621 0.1991481099041206
1.069047033358563 -0.1322196804641967 0.04279637713025838
0.5425872817947865 -0.1215735807100158 0.03935048693867188
2.182029896276742 -0.3208643387727591 0.1038561823894921
2.353773303418422 -0.1427030203100904 0.04618958579673237
2.320042229434033 -0.3882874422107813 0.1256794431317336
0.5934883515291016 -0.9008997970774888 0.2915999141500095
1.211503694371437 -0.6438759757119237 0.2084073943072509
3.345852216271063 -0.1340381999479982 0.04338498879059714
0.1350864000731982 -0.8891853647416748 0.2878082300198536
0.3109572377579149 -0.9074221581015178 0.2937110478419385
1.61650145968075 -0.1347472842704882 0.04361450258140267
5.341489068927672 -0.1247297219113409 0.0742584942296607
2.839809338777997 -0.4377308800562569 0.1416831122165674
1.989516904619207 -0.7204321883647669 0.2331868260594137
4.124729609178425 -0.126897534240764 0.04116574758848966
3.995683392869064 -0.6397787298102995 0.2188923487563317
5.557994212791638 -0.5898959035302024 0.3826087945549217
1.087680152356401 -0.907871495766942 0.2938564877955128
3.419815340972142 -0.6401969544063199 0.2075057777861213
4.869024869508705 -0.8554602741261479 0.4001007623262484
6.196731374810637 -0.1098851994677554 0.2267613367672726
5.905453625840978 -0.1156936678120603 0.1499475375103546
5.020737124085571 -0.1202710857847215 0.05293782803150561
5.815757453817216 -0.503594429336343 0.39880530028809
3.12097526088536 -0.1216665667866166 0.03938058432801739
1.658252848834862 -0.8635253427432816 0.2795026890084205
2.051404052268682 -0.8996910647927472 0.2912086761548358
4.388749986862144 -0.2707534734330634 0.09237151896256381
0.2997718202056258 -0.1221985612290758 0.03955277832145886
6.028819107840008 -0.2625298131470492 0.2867251765992181
2.637085533308883 -0.9038632249711904 0.2925591055297794
5.785095705750456 -0.2870686299467456 0.2342632218003312
5.160031761468989 -0.6034348177738919 0.3032461365331688
6.868620969617425 -0.1113866567764252 0.5717996577530348
4.564209472430615 -0.1243996516521586 0.04320415967272068
5.022389237959663 -0.4199790223902322 0.188087812005096
4.286682637204823 -0.893049724391429 0.3479256274068109
3.687279332707828 -0.6838939628652647 0.2260670049425235
5.061224713832811 -0.8548165906963675 0.4365040103306447
2.432104026115736 -0.3160471312535331 0.1022969664771277
1.813924867421055 -0.5495427060513436 0.177873950495021
6.140481412196775 -0.5528992054667164 0.5695986328869278
4.431146318297959 -0.7206225566314316 0.2791573703507776
7.096287232786741 -0.1006356058675697 0.7336633535835659
1.473861073906728 -0.2853798867911992 0.0923707062188354
1.870396397040109 -0.9349506006659051 0.3026213523114247
3.491996045191043 -0.5150368658203398 0.166714066621499
3.623355091619056 -0.4407681877769404 0.1427067370118466
2.6969429781592 -0.623421637771187 0.201786809857279
4.029832039411449 -0.4162176916187256 0.137688349775351
0.6461614976515277 -0.627001059619144 0.2029453838817786
2.010961834961289 -0.4008128056802468 0.12973360645183
4.784545460637548 -0.4307362752511465 0.1734211855009127
3.863227406919927 -0.7464894439501395 0.2551885136591521
2.910534032088347 -0.9446523027916299 0.3057782141010417
3.787693576738191 -0.3094122012910442 0.1001658125076056
2.577688803738847 -0.1224234634754192 0.03962557384870687
5.433099226553354 -0.5455171684286401 0.3210718367276582
6.287679425733293 -0.4096636486258455 0.5141704886281021
0.1458496495938761 -0.1159297571571112 0.03752371500594023
1.348749840717787 -0.1253314423210912 0.0405668176857005
3.13574629268627 -0.4411992747210296 0.1428057493730713
6.883333841585388 -0.212292094161702 0.6861345050169729
0.7671480762204895 -0.2813340975692837 0.09106118012769107
4.271428588012833 -0.600136137553932 0.2154098685237473
6.107807773567916 -0.3326940207802501 0.3700316990739757
5.880715729705786 -0.3475616074497187 0.3029880062975733
2.445305422961361 -0.7628991207781683 0.2469323656700715
4.272430791657785 -0.4769931350029617 0.1661100566632747
2.03565205109706 -0.1135067641383935 0.03673944958759272
6.759657087721166 -0.283811859936965 0.6712417204340069
3.477037757033459 -0.1175873412456496 0.03806023569279374
0.1346271084735823 -0.7923299503948323 0.2564584277442586
0.8872760285183602 -0.9203881646019839 0.2979078368684979
3.725737435681501 -0.9782823086424741 0.3427132810266164
1.230508624520846 -0.9118358827773027 0.2951396659199043
0.3325614077188195 -0.7936012201676955 0.2568699076422795
3.536662726265649 -0.2813901075321846 0.09107930922531818
2.932496672163605 -0.1041011877253369 0.03369508740272398
0.8801487033249993 -0.1099989644207164 0.0356040579493126
2.348738981062644 -0.5582304473945896 0.180685966479558
0.3027318056857441 -0.257157813440465 0.08323588990196422
4.888648085022491 -0.5867782253776012 0.2575025798293016
1.920888803222041 -0.6234197655767925 0.201786203872322
2.740496934728661 -0.5061892978803725 0.1638414796899708
0.1298061495691921 -0.4720222382816547 0.1527824122131387
6.56711967260686 -0.100943093499453 0.3775705416015435
0.6945986360410775 -0.1131268592650836 0.03661648338335814
1.603994019938408 -0.5947933786449481 0.1925205208309563
6.33695429788829 -0.5043886515503044 0.6251482390744985
4.954149931555253 -0.7144025851836162 0.3336762847664489
4.678294348361226 -0.7530702904004816 0.3186376555063416
2.402105067424944 -0.9130285732840742 0.2955257115717185
2.555781313651561 -0.4356657854124626 0.1410146900204524
3.001293151817703 -0.7579102362629301 0.2453175819826214
1.282366886244096 -0.7659867563600873 0.2479317601349552
1.620918289940689 -0.416921165282058 0.1349475007075766
5.952450808104913 -0.4992004006288859 0.4445641409957385
5.982767734757251 -0.6047868005849493 0.5436155239350642
1.845331018112175 -0.3895579351194594 0.1260906715772284
1.842992408038461 -0.09346734437907869 0.03025316431992096
5.249478846444663 -0.5552317965482122 0.290439169566821
0.09193862642357051 -0.2784245665227125 0.09011943388005153
4.656344387548016 -0.2638975299377031 0.09673373194612477
5.545643089571707 -0.7583257959397373 0.5021644332913219
1.434414719612121 -0.7489920336664122 0.242430971152035
0.2972013289139357 -0.459543320489145 0.1487432822579702
2.505222171303346 -0.5647140663064391 0.1827845602679125
4.510189621692176 -0.8795885821609689 0.3641250207804687
4.20990277399249 -0.3000479621472808 0.09979698261479866
3.088415009075319 -0.2422892051083521 0.07842327375171182
2.237361492556668 -0.774252524127789 0.2506071932733183
6.046245920182265 -0.4272626160806497 0.4227538550125357
2.181166042808277 -0.5908083664547064 0.1912306668246275
4.070825906034733 -0.9220725040375536 0.342706677294336
1.859866105678433 -0.7763993281875702 0.2513020628709804
4.072890812636187 -0.5480074586161363 0.1865057390368319
5.652318253128618 -0.3910672010179099 0.2711901772317085
0.9022518443607089 -0.5881156320407709 0.1903590925091714
6.796657030592326 -0.07756785887596984 0.4893857575095415
6.602117472040274 -0.3483767534932712 0.6318204811964597
0.2222115127831454 -0.9353549320698622 0.3027522248047525
2.916206766650378 -0.5097783151663768 0.1650031595303668
3.820694537281251 -0.1009621462959474 0.03267905408326639
2.65159311874939 -0.2997609739384295 0.09702552331516497
1.044550926328974 -0.7582608539959574 0.245431068633614
3.148132565240144 -0.9121388135387025 0.2965508668036698
6.414497273186999 -0.09111358860714318 0.2957623541427258
4.311998734363572 -0.09500302489385745 0.03118258632855712
3.394281616442195 -0.3707510222772219 0.1200033195897893
3.67270015080002 -0.9142845148119214 0.3132194443823454
2.923914004577036 -0.2916112685048282 0.09438765680382241
0.6884363052871859 -0.9359630898502438 0.3029490710657065
0.3036328271891117 -0.5907088882054616 0.1911984680728532
0.5051837548751715 -0.9335068366143986 0.3021540401032992
3.3151735150449 -0.595187026711679 0.1926479353812054
0.2268237355480285 -0.3075621358089897 0.09955057453518432
3.1007802680673 -0.6022000103969779 0.1949178720014626
5.576617724988582 -0.2145064124769472 0.1480609882806216
6.530328481962142 -0.1938522324971441 0.4433866181060814
4.810863461557599 -0.09617397080820669 0.03720873491001653
2.746858427979345 -0.1006333279354478 0.03257262337254398
0.5099760999583927 -0.2673920371011217 0.08654846556300945
2.030986579932382 -0.4982695300360821 0.1612780385270637
0.09703083683795485 -0.5704321631501973 0.1846353727047122
5.676011177589519 -0.4742803635388109 0.3341868748148817
0.4284477042248647 -0.7444633315211531 0.2409651375920182
1.389371503605328 -0.5007897177764614 0.1620937635734235
5.498166146073787 -0.4049894464695827 0.2464609546898575
3.304924233766618 -0.2716298589857416 0.08792014807614459
5.206344224215146 -0.2561482027210328 0.1255007493504837
3.281942954293852 -0.4795957070454417 0.1552337645705287
3.604646490433749 -0.7702163219339571 0.2553220509832457
2.24097298147792 -0.08880909477425303 0.02874539931735027
5.041950326174084 -0.7084513478989393 0.3441630030402861
3.961197060573728 -0.2460247177848027 0.07977718735310665
3.317794870539868 -0.9374935103429111 0.3087091723528603
2.300838341977769 -0.9216070719874304 0.298302368302633
0.8839445794877732 -0.7997549275902941 0.2588617169000405
4.377383487859396 -0.6143385643856951 0.2275184755879052
0.8512082114133717 -0.4552285671845349 0.1473466988673597
4.210838831499901 -0.757045893372887 0.2789471172623036
6.001958709269891 -0.07664916999156514 0.1467525049418245
4.992956864054907 -0.5086277280196988 0.2293066555016169
3.20936925782759 -0.0910371206450581 0.02946655849038855
4.092906599382394 -0.7655571691651889 0.2749036504474128
0.4048162394326213 -0.4280240679509281 0.1385412471770077
0.4521872196299296 -0.09419027760620885 0.03048716067295733
3.478726465885259 -0.9450586243550008 0.3167383367823587
3.703022119846539 -0.2388777491929967 0.07731906631901925
5.524965341325657 -0.6718389752241524 0.4315855961522592
4.686179868829598 -0.912975998017961 0.404117032059765
4.677518538008623 -0.4485367583994288 0.1741647602941388
2.557650853318735 -0.7600566595567055 0.2460123283353511
5.407344106721112 -0.2618724916880878 0.1501495489256862
0.4926225618017857 -0.5605216702679744 0.1814275810246438
2.575751463565387 -0.2156923340568934 0.06981449690391642
1.707621507303211 -0.2654821909761201 0.0859302936332379
5.709891538061292 -0.7154383409580484 0.5262334081174176
0.6844209372488305 -0.499244277154951 0.1615935410691913
5.106364630579261 -0.08422376210895201 0.04172088139106474
4.484822006834727 -0.4917953034853321 0.1814925767353781
3.746215988817054 -0.5543812477758645 0.1815386316427468
0.5867837294523937 -0.3563227114966362 0.1153332173224818
6.720544096489217 -0.0750584514211298 0.4394556418708671
5.503113117699638 -0.09133717924259034 0.07294837635858703
3.84386422589854 -0.5377021822979042 0.1772309717725988
1.251351112369887 -0.2828171667207676 0.09154121446519912
5.050478498977258 -0.3359821260032266 0.1501152330151964
4.30921728127838 -0.8056515018327527 0.3085777494984303
0.6953158294689097 -0.7713176697373277 0.2496572504593921
4.833320277369623 -0.7604116980045693 0.3416491460991383
0.4076613214531343 -0.2969724738936631 0.09612295193453091
0.8485487597867669 -0.24404398752668 0.07899125523444307
1.038585556900428 -0.2584825532452677 0.083664676782153
1.772255377871731 -0.9316651076177389 0.3015579160736838
4.939569131395142 -0.2457983270615262 0.1016761851926058
2.3481218686481 -0.7280032241733791 0.2356373909268716
1.130673364095716 -0.4113932361257334 0.1331582410444701
1.570940503465918 -0.94122508320105 0.3046522536109025
5.70189403301354 -0.08132770288179855 0.09226624072831958
1.76595968168432 -0.7372545678154311 0.238631831618884
6.777413817649865 -0.1516760762497333 0.5505507710836753
1.037513206098292 -0.5606472166910063 0.1814682174264908
3.631554222212075 -0.08375202821451366 0.02710854671792179
4.372467776692485 -0.4598857283722338 0.1632224551986178
0.9690249336341791 -0.1009582734021725 0.03267780051933405
1.959788666626617 -0.9375641328289065 0.3034672907352447
0.4070201609109398 -0.6254697577794638 0.2024497377661539
4.794139270070343 -0.2101672587701192 0.08041261811217268
2.223943894974595 -0.40191621247277 0.130090753081251
3.127396824476357 -0.8046214529321993 0.2605001501925847
3.214641407005217 -0.2852065988376535 0.09231461701497379
5.660906399053848 -0.2018321012718184 0.1546382246064017
0.2176498365733111 -0.1086349609718961 0.03516256235805305
5.805540577696465 -0.07832917080820719 0.1071595770400769
6.971993568837997 -0.07722547289443929 0.6111788427388097
3.034308855176629 -0.09291370106594736 0.03007396310009326
1.011484903752026 -0.9322605598019251 0.3017506498342555
4.149127926468421 -0.2208980446720362 0.07225230524689456
0.2399410037182125 -0.7083306275255381 0.2292698376071489
5.801139192086758 -0.581162753962309 0.4536753107580589
3.981718343574036 -1.015904626641741 0.3786078963059842
6.6528233585145 -0.2274396346162484 0.5457509508787259
3.882659834389171 -0.4449203581874067 0.1456480471676235
6.465831099657392 -0.4280610949802992 0.6261735568041695
5.33894696738728 -0.6843954670449534 0.3899024528512171
0.404313871591724 -0.9427524341119102 0.3051466209045001
2.434798452982355 -0.07689266184960977 0.02488833238374384
1.149536379269501 -0.08212730932617965 0.02658266371751154
1.774764718971046 -0.4593668099201905 0.1486861499698726
4.472669718096157 -0.08920829402015248 0.03013302712270063
2.035616709451276 -0.7972427106916686 0.2580485718262578
4.962028496636452 -0.874442783768434 0.4281824800559055
0.210037291910715 -0.4422648619157927 0.1431506546949732
1.406536014687719 -0.5965540658766171 0.1930904135618296
1.575361544815793 -0.4882176564584356 0.158024485266427
1.850948503604981 -0.1975180155669871 0.06393190071665614
3.89626514193809 -0.8268781786227932 0.2892268720832534
4.110714827890123 -0.4610132187197065 0.1552745534008232
3.317793328175938 -0.8388329525974493 0.2736897937393291
1.534336130538609 -0.08521748978682189 0.02758288189932761
0.5376583860877059 -0.8364533774810572 0.2707401354237207
0.9471582251999621 -0.298469514772233 0.09660750858898477
5.877370539890343 -0.6624372164345416 0.5478796682285633
4.173498897180973 -0.9242090679312679 0.3524312162734491
3.502653213616761 -0.7768290750012091 0.255283435612536
0.491635987239903 -0.4741479661307161 0.1534704599408698
1.39476071872274 -0.9354677710543885 0.3027887481099052
0.7876752451020952 -0.9450974000181552 0.3059056307956822
6.42088212994366 -0.3641932086398839 0.5414641031347542
3.002906827520703 -0.9464450552054877 0.3067393479204416
5.070746628367807 -0.7782642138375087 0.3908076745460666
4.211275569445085 -0.08313790383290695 0.02701875458203847
4.796487020056311 -0.897363680106119 0.4122127873626619
5.089659238352029 -0.5607405520989954 0.2686596640570673
1.734802738155406 -0.07680228780076853 0.02485908044588241
6.277751593475405 -0.07227245098099164 0.2259320181645499
6.736111326268913 -0.2211914542155913 0.5926008266154992
4.312106975513688 -0.2661351931925938 0.08941430046505847
3.518119148280061 -0.6101182863206178 0.1980984992271158
3.899485275859523 -0.6669323933781776 0.2258312945232033
2.551711626715175 -0.9563821993341604 0.3095582528990748
0.7989643807890464 -0.7487212430844017 0.2423433226580259
4.920317544683323 -0.08552835656175355 0.03580824532230455
1.438900815922134 -0.08086741407782658 0.02617486548351308
2.756293356428672 -0.2598784891140811 0.08411650814100712
5.351548718188752 -0.8002456605498349 0.4729627763005848
1.600393748241183 -0.6868603239794111 0.2223204091677875
6.250116942713343 -0.2690753622699065 0.3753476399006607
4.656977065516548 -0.5624711746214047 0.2240712988609848
0.9455004815844721 -0.4053116199442776 0.1311897660129974
2.108556077739647 -0.5220992242848991 0.1689911458223674
3.016137377683518 -0.3018107569686002 0.09768898950481547
6.088596532502826 -0.06912268890989144 0.1638786186704108
5.835581050072246 -0.4200233117465832 0.3423592731830828
1.215580062984059 -0.4776881197513836 0.1546163237708021
5.246690621153982 -0.6950497303723264 0.3754496881658361
5.402191164128824 -0.07171191839149252 0.05413077957791891
2.81807464533376 -0.9477660755242383 0.3067694178128316
5.319060194643649 -0.359821524717006 0.1910988051057262
2.802260491291527 -0.7934291663187512 0.2568142178888306
0.7192185560173534 -0.5930331007085428 0.1919507605792601
1.516005969471398 -0.7903631050104454 0.255821806505033
5.249900966098766 -0.8265025201796437 0.4632988809141342
5.283380168586508 -0.1941015587974906 0.1024500873079598
3.223699609493455 -0.3937983100657199 0.1274631804559123
4.178596698008599 -0.6232628696704755 0.2202295948479862
5.987183023773611 -0.1601580664272969 0.1998215000106846
4.56782120857481 -0.4197338299151305 0.1557010037235451
4.557374439915602 -0.3287199112807949 0.1186105941562566
3.053729662362666 -0.4281481216323759 0.13858140041378
0.8164671472799836 -0.6202723719743003 0.2007674671523669
4.338940582922603 -0.9512888108586138 0.3815768441885525
7.157190927875996 -0.07608292513289719 0.7578290676330168
2.838828812570177 -0.08194417394480605 0.02652338713463338
6.123885831688102 -0.1894368857611726 0.2629314059911046
6.653551855173902 -0.07148944610502203 0.3971161697651138
3.92180643834725 -0.07744769245306937 0.02506798263657382
2.468435333387268 -0.3919262758964308 0.1268572473601103
0.7881732611401888 -0.09434815834166997 0.03053826292545618
5.260210655796192 -0.09097777936177995 0.05278671400489474
4.48634775616254 -0.8029047135251308 0.3233824407114267
5.471820016859909 -0.4760379828045896 0.2852433941934761
3.812226476358444 -0.841344141779177 0.290709473894892
5.824062869656274 -0.2201790014495352 0.1992837860462456
2.142402920939162 -0.9486518146163478 0.3070561105660726
4.740402427382889 -0.6164980525292116 0.257044985883855
6.419323438400514 -0.2263319431175193 0.4157716745221776
2.392821012736563 -0.231425082895697 0.07490681485716844
2.08904706426015 -0.3381350975819017 0.109446317721289
2.134222694190523 -0.08346872939909945 0.02701684960518896
3.188844874454568 -0.6510701939911235 0.2107359922705277
0.9814742746985927 -0.6392306607858718 0.2069038159536641
3.626544586397932 -0.2578300811086665 0.08345348701428383
3.477700477056771 -0.2114654450859437 0.06844635311584038
0.2138496702931106 -0.620253509287462 0.2007613617476587
5.34598142330707 -0.5517071633256253 0.3064164619163045
5.105212524521214 -0.1740742629397718 0.08003856249984245
4.712184479058315 -0.07204831364357372 0.02673234743562972
2.877549936303135 -0.7141242398549363 0.2311450926170306
2.127835203796274 -0.2493029303351636 0.08069345039138318
2.124329508189302 -0.664799752706722 0.2151799250539221
0.07644031967268937 -0.7098078005688198 0.2297479635141621
3.729054593904174 -0.405501718915932 0.1314171273578122
2.340184598049369 -0.473831849387639 0.1533681404426951
6.228277022846108 -0.1729516071521192 0.2875396970200707
6.479339152066627 -0.2580106582592552 0.4751534064056667
0.7687374781179179 -0.4530955540688334 0.1466562930714686
0.9617421190857355 -0.756533799357291 0.2448720619760466
1.130986863775266 -0.5988681558875445 0.1938394296574163
5.632498582300681 -0.7465589528441187 0.5228332457220781
3.217595946437743 -0.7634729236109237 0.2472868760931913
2.483194996547746 -0.2508022176589625 0.08117873416691981
2.912619032537194 -0.2063289358894098 0.06678378681756959
2.728526920590451 -0.953807847197875 0.3087249961213868
6.250637800078827 -0.5456139731290545 0.6172084889463786
2.24857413284041 -0.1793672058090182 0.05805691374879736
0.6849477063462639 -0.2000678604857644 0.06475722508882641
1.95195631655343 -0.2382364627210031 0.07711149708569771
3.658788991883991 -0.8461119744937786 0.2856525395457379
4.577725702179898 -0.6824081260265664 0.2737541373630553
0.5184625929518353 -0.7513214038978274 0.2431849330928721
6.065043055524901 -0.6014183002944498 0.5768254759415186
6.499329861454121 -0.07045072774391267 0.3164599294842239
5.959624374373942 -0.2773588621001426 0.275718845012442
5.105295648057529 -0.4162175316576897 0.1947054691995477
2.663177797317633 -0.08498530146108288 0.02750772804084993
4.033447252760281 -0.08218230146422054 0.02660046336935258
3.44500200341824 -0.4448815216056345 0.1439976054251131
3.043412842134058 -0.6613368427530028 0.2140590631684056
3.995874623575413 -0.3410514803517361 0.1114919657081351
1.038725585360948 -0.4554204269903844 0.1474087993396831
1.790621237202882 -0.2985079605102756 0.09661995256327474
4.873387067862547 -0.3825279664495601 0.1579270850786754
1.313558684883902 -0.9422653293438488 0.3049889566348338
3.583311541876605 -0.3549066363390944 0.1148748673531415
5.700815926992407 -0.6282292356360696 0.4551680020970462
4.041894423438228 -0.69739410656349 0.2437033292606799
1.104694313568507 -0.3308603947967242 0.1070916688308063
4.716269595347738 -0.3618174551355971 0.1390573415723807
2.265340837675501 -0.3199973827671109 0.1035755692762037
3.668906002258126 -0.9680707357681674 0.3350270881060937
1.950793975744479 -0.07040156635133422 0.02278731860154865
1.652832508054306 -0.3375491620849304 0.1092566642868354
4.1369208482549 -0.3033602760623886 0.1000400625005509
1.286125843369351 -0.6244264997435289 0.2021120598637925
4.829991809358404 -0.529635690505221 0.2233168524701291
7.056255577592033 -0.06394315034618718 0.6619083937261596
4.182410665347374 -0.4575402141010684 0.1558582323625667
3.358593417692243 -0.6969195677905702 0.2259761841527305
5.713503112348428 -0.3356194814798283 0.2491718762817815
5.36277793481713 -0.1975238918150039 0.111748919778876
3.767719095918561 -0.7052816063413552 0.2360043487681664
2.622821835249369 -0.3811144985087004 0.1233577312448902
1.927251668946876 -0.3727681818086684 0.1206562263260376
1.218800507811387 -0.5608571451151985 0.1815361662823688
1.397177333199174 -0.1951019434085458 0.06314987541676464
7.219436142340305 -0.04666738246487142 0.7790983676339168
1.558433868283387 -0.1971738092528227 0.06382048929000714
1.735669382840819 -0.5836838705641665 0.1889246363462292
2.786637122139083 -0.3708823884008929 0.1200458396908138
3.92050623576408 -0.587639687496334 0.1968279002960283
4.483352784879678 -0.1702060885057985 0.05819702112499187
4.059245006307398 -0.1834883647477138 0.05953385209414744
5.235517260515803 -0.3335182450188941 0.1669523531622873
1.138001079293724 -0.6960203174108714 0.2252852819615137
1.438940536202789 -0.3755947999305734 0.1215711356248921
2.877031753208808 -0.3691586216374618 0.1194878972405416
0.06586737125978386 -0.3484404784831464 0.1127819252947777
2.961474444093182 -0.8495029985767664 0.2749639885132021
4.600376752084173 -0.9428037637002219 0.4083400194237047
2.130240053921761 -0.8348216295335251 0.2702119772834277
2.50417281038264 -0.6949120295128582 0.2249265554339214
1.570097696701748 -0.8558551574312605 0.2770200317964247
6.145443173468256 -0.3864938221070807 0.4295191377088984
3.604208053840348 -0.6499575912661322 0.212566165332085
1.220980252924226 -0.8267777304631223 0.267608357784378
5.731537095018789 -0.2354769738188551 0.1886216882345138
1.164242457391965 -0.16704093458966 0.054067191871831
1.488328513140988 -0.9535073253093136 0.3086277243080408
6.390965950934981 -0.1579792857335756 0.3425287570723223
5.758850843459696 -0.4653005782682746 0.3519093035617386
2.023527561853962 -0.1872935077200917 0.06062246983427318
5.08241550641211 -0.6396710495032762 0.3114005791716591
1.696249973024053 -0.7853898012842371 0.2542120659497473
0.6716879058641365 -0.8545494640060611 0.2765974097779387
3.368303081480823 -0.4370036897335769 0.1414477379425892
5.117298476826372 -0.2778897089309429 0.128213932680097
2.27689450594067 -0.5834166699040439 0.1888381498248587
2.91679448317764 -0.5911524745954976 0.1913420464748822
1.470484663170383 -0.4574500611169042 0.1480657438067249
6.67556904180564 -0.3428928514697661 0.6736610207602453
1.252336064222135 -0.06951175231252051 0.02249930688463044
2.860338336768491 -0.8658765662190794 0.2802637243265705
0.6186441732002064 -0.4328998980201563 0.140119437819529
4.515518810217406 -0.5523610784195367 0.209315748837149
0.6746398245278808 -0.3159085260568552 0.1022521032597276
2.345974763961356 -0.6385332216463682 0.2066780714326155
0.653072633295056 -0.7010307637863595 0.2269070447121383
4.39964062388437 -0.3559617825125354 0.1239960684761185
4.39974898994165 -0.07544270723158382 0.02506060432058511
3.470397637984491 -0.8551814201099492 0.2827723358032515
5.786988252618718 -0.698610957002845 0.5417270788407836
4.867651762143921 -0.2962253782484074 0.1193555869130185
3.394484517560707 -0.07508009990923548 0.02430164903902636
5.225361565274467 -0.7577303528370307 0.4110764919977556
6.611605770034542 -0.2935277987595059 0.5844703250587793
2.607616036557009 -0.8289704966158959 0.2683181042222994
3.22633977696808 -0.9545155105632346 0.3126491062105849
7.030038554845843 -0.1553923235090349 0.7388448796000517
6.54049524798771 -0.4026046909974974 0.6462825462743409
0.7758280127471311 -0.3687547529827083 0.1193571745281644
2.504641579611632 -0.07471217330779027 0.02418255991752476
6.611395708466854 -0.1975925988513548 0.4922757674433346
0.07428867233373593 -0.1843655983937688 0.05967477497301955
2.662764068968513 -0.6938769974829356 0.2245915400947605
4.743266413253975 -0.6866446131014726 0.2921463157821756
0.06242552065219226 -0.4182944684576188 0.1353920063999905
2.666155332111303 -0.4530525617615386 0.1466423774804596
4.048170079565258 -0.8491900916669142 0.3082487437632083
1.293939138509597 -0.4496425469474491 0.1455386364980946
3.689612294361721 -0.4861716177098481 0.157893013350634
5.486918126915717 -0.2703357334793162 0.1657815073371357
1.644760143233182 -0.2033376744434572 0.06581558637655542
5.597216177045308 -0.5307605848752489 0.352004496868591
6.90602933765302 -0.2393902762294036 0.7312605575850835
2.698654768198107 -0.8379575521738503 0.2712270011247764
4.322702384754591 -0.1798828103219294 0.05971714438298647
6.957255745886286 -0.1980650445773652 0.7269751943921932
4.663052254148778 -0.8254628176937866 0.3541730365817389
3.458613982417802 -0.7033334328342976 0.2290011491425329
2.196032462486214 -0.7009486111718971 0.2268804538577479
3.32191946985413 -0.06627703316163133 0.02145230495416209
3.299318118928305 -0.7636974220927883 0.2478511410158233
3.875471012605351 -0.2833321770838623 0.09179076799211343
4.571864794508509 -0.6058932977191273 0.2374061976877327
1.306249562310267 -0.3578307042609896 0.1158213188428182
4.08396588306799 -0.6240950190542094 0.2162828801370212
1.319375917104567 -0.1939693174696863 0.06278327124213069
3.821256789045674 -0.3929031305711724 0.1276460730432643
2.423359889607435 -0.8378599412012383 0.2711954067661961
6.319225720491113 -0.2877680498490195 0.4220654912811249
5.347253135341041 -0.4249511956876284 0.2314304865703189
3.445330749933746 -0.5664998483474027 0.1834001595695267
5.803224799518325 -0.345732699545105 0.2791914669981449
4.237261749883917 -0.3884790768801035 0.1318029952235376
2.845036214764318 -0.6444332194171551 0.2085877608886768
1.156888073032565 -0.9534764608719526 0.3086177342211144
5.607378569583482 -0.05705624700360386 0.06687248512162952
2.221956060585751 -0.9540601487347159 0.3088066601496408
1.639081459114272 -0.06401705091882122 0.0207208022608306
3.549581402480181 -0.07359240862620331 0.0238201186270747
1.210276833676434 -0.7246421771828565 0.2345494996685208
0.3597116799011862 -0.07316354700488333 0.02368130628372106
1.571948205809564 -0.3413659347167088 0.1104920631351504
4.632219121815912 -0.1820996297205092 0.06511825191886104
1.51941429936308 -0.6161031050551335 0.1994179742568847
3.400303758639811 -0.9665007053851868 0.3220029329106094
3.717998621929619 -0.06288140267388242 0.02035321983734352
2.213648676865065 -0.2501139800142732 0.08095596795167895
0.05283288116537172 -0.9445161096093497 0.3057174808661853
0.1610349713286731 -0.729215181970334 0.2360296729439083
5.396541934004548 -0.6154754383139918 0.3581847984608595
3.319444147867778 -0.1918334125277778 0.06209192943062895
6.356776914588943 -0.05733183919171225 0.2437333650364965
3.905660944449813 -0.1519683576468965 0.04918855591610417
2.976266374669147 -0.4548889004815639 0.1472367568052711
1.084185900998571 -0.9663361533781762 0.3127801119272421
4.871939929672195 -0.9052560540630612 0.4297265458917295
5.217386890769562 -0.4877626915966478 0.2468195315058331
1.049775158454817 -0.06497280311130543 0.0210301565954427
6.198195905477746 -0.4236314251072998 0.4841624235221658
3.001870209831892 -0.5964997747072427 0.1930728407969339
3.869116967152051 -0.9753132678409231 0.3511622138104935
1.059756636633304 -0.8404347401644874 0.2720288081711832
4.913852051497928 -0.7890900845608153 0.3694327650019968
0.5458417407821361 -0.05864360880366085 0.0189815463918052
4.229207625911201 -0.6782382742761992 0.2459001171409171
0.5148185823177227 -0.1906414084404641 0.06170610595652591
4.953678040687358 -0.1734804143035626 0.071932616285195
3.585025446029451 -0.9558168968508547 0.3256015575705432
2.331736987499923 -0.05824791815373269 0.01885347070578183
6.869749372193746 -0.25833425580513 0.7238534915295154
4.080098333779821 -0.3552967188213166 0.1172306340991807
2.056119813044565 -0.7099478948404995 0.2297933087098512
4.732389254816217 -0.2559181942419687 0.09630457249890148
4.63393128475318 -0.0685476659829089 0.02451818261871299
6.180286895148865 -0.2998030060319853 0.3719086625217888
5.514594609960536 -0.5381358283727473 0.335517092304926
4.755201656774167 -0.7592892386905348 0.3308922388847365
2.600337909861062 -0.6072127475618774 0.1965403762263309
2.348037380652042 -0.3175745237398394 0.1027913472277119
3.658035688909716 -0.17613351295635 0.05701024400674118
1.236543496962701 -0.2083518921020296 0.06743856980213987
5.181260898857834 -0.4106322854947708 0.2005124230303928
5.619321877880951 -0.6172691316195248 0.4204603798037607
3.40570084034026 -0.1818724616208158 0.05886780568374264
6.188936759067989 -0.04969978242190153 0.1790754459066503
6.894083647969017 -0.1585067588274361 0.6383260133010774
6.018968696309458 -0.2019593848666444 0.23866757270996
6.441489176381558 -0.473479304520018 0.6549568766512646
1.918715402932891 -0.7145667837752379 0.2312883335963118
4.435586130659241 -0.9473003293278527 0.3901688287796607
0.5865348854685953 -0.6967885333729651 0.2255339352627153
4.479888605236625 -0.3085807812992173 0.1084296767269838
1.766861923210286 -0.6488225744034676 0.2100084910756907
6.286557227383594 -0.3526588805740395 0.463406419905217
4.530283348779474 -0.9460853530767572 0.4009146740598947
3.444800294881266 -0.309022587955511 0.1000232882841798
2.395726461078179 -0.3955819984815 0.128040518124984
4.452775589130375 -0.5735107969339386 0.2145387482911036
2.266922611668096 -0.8426027839355896 0.2727305525600462
1.439493153493713 -0.6729649475560583 0.2178228051220589
0.05243868163453274 -0.8490991224981604 0.2748332633978999
4.026889159807901 -0.485886162666586 0.1623670637443876
4.391841997592463 -0.7915123344552091 0.3090703010987378
3.959346660985446 -0.4397428281511364 0.1448365780559127
1.853738623087595 -0.8503110712123436 0.2752255424750585
0.250262235023753 -0.3775198840571921 0.1221942397346662
6.477718219114186 -0.3092711428288301 0.5216033611910296
0.08009204345138883 -0.06902264862772844 0.02234099561299014
3.578315895330131 -0.5088641212834555 0.1648719441701573
1.666250908091261 -0.9556263975777544 0.3093136177820536
5.423547193659925 -0.4155248413086031 0.2388431194137716
1.847271046788806 -0.4843714037623729 0.1567795444199427
0.5489131096056504 -0.4246729723547784 0.1374565769491803
5.537368538111666 -0.1553238501030899 0.1100225083707331
0.6356041390929267 -0.5618544183914137 0.1818589600077885
6.175548735069704 -0.495619968488745 0.5361107354340366
3.110698233857755 -0.5219645220485497 0.1689475459007305
0.6035423326824753 -0.1785380021950624 0.05778852019001672
6.349727579765337 -0.3928382534103543 0.5301987170369606
2.765336760628657 -0.6185142448188337 0.2001984030574898
3.779146862014318 -0.1861370177457824 0.06024814143691101
6.891498419881014 -0.0492947233312893 0.5244085097033866
0.6000490948034518 -0.968051581243357 0.3133353552737719
6.817273887775569 -0.2905265564684461 0.7187160336692917
0.2039105262972831 -0.8572038441418633 0.2774565697225101
5.972403906419338 -0.5505721869501816 0.4942636291451644
0.04938910842414809 -0.5043245424432571 0.1632379025472769
5.897765292161256 -0.4701624015668397 0.401386769752185
3.125141835816528 -0.0542676649216814 0.01756515706143807
2.051658315073429 -0.9710531602184267 0.3143068952544491
4.813614311387006 -0.5965930074705066 0.2544926414667055
7.121343578095024 -0.05417624298751864 0.7039505181786599
5.376005389187489 -0.7381947549671504 0.4361364159217854
1.381056168345196 -0.3368670206623158 0.1090358712742076
5.82590819390904 -0.1481835796515805 0.1535122205186931
2.910543468409351 -0.4374821011434538 0.1416025883782326
4.991847924118944 -0.2936982441405941 0.1260439340444073
0.9668930259058157 -0.5691048313013249 0.1842057468412862
4.94504571866312 -0.4228165414263529 0.1823635020561453
5.476527360707344 -0.604595655409945 0.3707971205010804
4.118623618497296 -0.05558669878870819 0.0179940393474082
1.706877436216635 -0.431190053849703 0.1395660017826562
2.715536675699944 -0.7591606114888531 0.2457222988109715
2.759376616104221 -0.4378290634465722 0.1417148918531927
1.015671212897707 -0.1897441471235113 0.06141568373216501
5.325874264039801 -0.05970115066955185 0.04299906993614037
3.795834244823579 -0.9780307993734872 0.3471852318662288
1.088958084997366 -0.2046600586934617 0.06624361081947965
5.167623493733123 -0.90251705395983 0.4937215044862097
2.812264216363264 -0.5009995886384452 0.1621616937977787
5.90185194690038 -0.05151859564913089 0.1088571754654702
3.207619035141422 -0.4880504361683672 0.1579703600214372
0.2772346924344721 -0.8463040570169605 0.2739285669410846
1.890182085981573 -0.5457161226333296 0.1766353761277046
1.361732536601235 -0.7828030543086323 0.2533747972563132
2.723983266698538 -0.3270508330769633 0.1058586039838221
0.5716678078238897 -0.5902992765180696 0.1910658864769134
0.1427522888759729 -0.05468974029964151 0.01770177285864134
5.570903636433164 -0.3751626975387482 0.2427004745983825
5.072504921968991 -0.4883146879896743 0.2279617079514953
1.990504103778033 -0.6414220909745558 0.2076131299716703
2.425601625229096 -0.538581441519959 0.1743260489340526
4.220916907491116 -0.8396287120279123 0.3170123751289136
0.1266804482392516 -0.9589816072856283 0.3103996196503471
2.631690611243421 -0.9727841002916613 0.3148671595351065
4.560564542515261 -0.8280901113890764 0.3436190276453092
1.681712255133674 -0.7263741649385691 0.2351101030591677
0.3099467015809474 -0.973850995925326 0.3152124883676723
2.504304972559767 -0.6318529392854043 0.2045158223464528
6.267927175655372 -0.2112818927050901 0.334525958259116
1.33964788117295 -0.05243609310439717 0.01697232067007443
2.757361821533051 -0.1897453868550719 0.06141608500389113
0.8352874485542829 -0.04976701473656506 0.01610840325612418
1.407704816411735 -0.8379405332392035 0.2712214924989581
0.2718045987774717 -0.6549270451025525 0.2119843635728972
0.6194299813610392 -0.06689526863510724 0.02165241312554239
5.012862805642653 -0.05031411677692202 0.02478976860022555
5.486536126581774 -0.3415486485324474 0.2063778444976935
2.359689541503407 -0.9619330005068006 0.3113549156918254
2.680783848844441 -0.5557410285205087 0.1798802005860366
1.177706453427548 -0.3250341611307914 0.105205855067372
4.50805137502995 -0.7177216555353115 0.2843602806657743
3.744169161196891 -0.6244734246233238 0.206041087705175
6.111690563832806 -0.2717984120894973 0.3227705845108411
2.092086879315608 -0.1752076978526775 0.05671057959830701
3.963165740330208 -0.699894176796291 0.2410908089960772
2.179702556925869 -0.4849105360624726 0.1569540487687444
5.830459095790054 -0.6296131716738277 0.5028472599371465
5.405266517461266 -0.1394757503874465 0.08712326015232995
1.679538890152093 -0.1333940556887493 0.04317649455926697
5.30550445804234 -0.4883820559230785 0.2610565460385163
1.971330288409152 -0.3103011244131421 0.1004371202358489
6.04856446078691 -0.3107044663629733 0.3305342639527439
6.759713223221283 -0.3258910497588142 0.7138893885675502
0.347767091637009 -0.1831345918342634 0.05927632732297641
5.185814818190233 -0.06707619469053697 0.03820264702770321
1.1424281532192 -0.8539168893097542 0.2763926603399492
4.916501403374082 -0.6441189005478452 0.2904493758363826
4.126253025536126 -0.9706552508271273 0.3701636056322138
0.3638716389682678 -0.8565786836459541 0.2772542200854823
4.247623797266712 -0.9563677431947413 0.3747944933330245
5.859948723143715 -0.2788089772849677 0.2479607616383996
0.2790401365694462 -0.1859690856097891 0.06019378578426511
5.976677532239121 -0.4422228326377158 0.408089540582075
2.493311970383004 -0.4895876925340884 0.1584679334760267
1.944674372364329 -0.7721315986813959 0.2499206999695202
0.8619159228302925 -0.5257188689693646 0.1701627390258155
3.083257673341269 -0.9584550800807221 0.3115720248187243
0.9919632975295092 -0.7006647425503163 0.2267885723122626
2.034084968097098 -0.04993727804653694 0.01616351345454109
4.862874372794797 -0.2336003969629886 0.09268310793927922
0.845283392447554 -0.1757639811754757 0.05689063532669908
4.000441471669379 -0.5688735865507393 0.1921198211096152
0.2839807393629395 -0.06731521550785272 0.02178833997605051
3.156711264281758 -0.1833055775053899 0.05933167133258002
5.229796203778282 -0.6322194135069111 0.332811597580366
6.315999029467128 -0.4527374351434403 0.5669864014829856
3.079120675173744 -0.1788265580385655 0.05788191887815709
1.955112943127153 -0.5497974641177015 0.1779564096436633
6.59921607825411 -0.39247827738992 0.6730199527283951
5.362334216242711 -0.3099502212625891 0.1700074944227216
2.155555170153657 -0.3754907372098691 0.1215374529883525
1.560619488604344 -0.7382508434798505 0.2389543024410075
0.4219279256316296 -0.3628568369793896 0.1174481588908972
0.05203666377582188 -0.639025648947994 0.2068374584802594
3.284211045199727 -0.1321447858617887 0.04277213552236445
2.465457942406522 -0.9605660719928518 0.310912473326304
1.783901431982923 -0.2314411522412972 0.07491201612351645
3.366086953825624 -0.3075172300473481 0.09953603960434962
4.328424417599373 -0.5384145472533036 0.1928683375308105
2.842452817051556 -0.2357880756234086 0.07631901220582477
5.686641169983242 -0.1432949459679961 0.1249318020990736
1.284463767853158 -0.6923414811179616 0.224094529837177
5.171291275077707 -0.5400076539366756 0.2690358279478461
4.474983746395369 -0.2385403205872202 0.0824376655818702
0.6047207287544231 -0.834037952287074 0.2699583195308921
3.53811637957406 -0.4477176702676217 0.1449155995339307
3.247729511256311 -0.6159902939476437 0.199381459974868
6.128589675983505 -0.1167187251298892 0.2097517023736654
5.22700613950723 -0.8758456811247752 0.4912656335732279
6.371872270601231 -0.5197065826364706 0.6585687504092064
5.88427622517791 -0.5239101558157657 0.4387321745564598
3.960542512329434 -0.8347787657279709 0.2962819347291619
2 3 0 866
2597
2598
2599
2600
2601
2602
2603
2604
2605
2606
2607
2608
2609
2610
2611
2612
2613
2614
2615
2616
2617
2618
2619
2620
2621
2622
2623
2624
2625
2626
2627
2628
2629
2630
2631
2632
2633
2634
2635
2636
2637
2638
2639
2640
2641
2642
2643
2644
2645
2646
2647
2648
2649
2650
2651
2652
2653
2654
2655
2656
2657
2658
2659
2660
2661
2662
2663
2664
2665
2666
2667
2668
2669
2670
2671
2672
2673
2674
2675
2676
2677
2678
2679
2680
2681
2682
2683
2684
2685
2686
2687
2688
2689
2690
2691
2692
2693
2694
2695
2696
2697
2698
2699
2700
2701
2702
2703
2704
2705
2706
2707
2708
2709
2710
2711
2712
2713
2714
2715
2716
2717
2718
2719
2720
2721
2722
2723
2724
2725
2726
2727
2728
2729
2730
2731
2732
2733
2734
2735
2736
2737
2738
2739
2740
2741
2742
2743
2744
2745
2746
2747
2748
2749
2750
2751
2752
2753
2754
2755
2756
2757
2758
2759
2760
2761
2762
2763
2764
2765
2766
2767
2768
2769
2770
2771
2772
2773
2774
2775
2776
2777
2778
2779
2780
2781
2782
2783
2784
2785
2786
2787
2788
2789
2790
2791
2792
2793
2794
2795
2796
2797
2798
2799
2800
2801
2802
2803
2804
2805
2806
2807
2808
2809
2810
2811
2812
2813
2814
2815
2816
2817
2818
2819
2820
2821
2822
2823
2824
2825
2826
2827
2828
2829
2830
2831
2832
2833
2834
2835
2836
2837
2838
2839
2840
2841
2842
2843
2844
2845
2846
2847
2848
2849
2850
2851
2852
2853
2854
2855
2856
2857
2858
2859
2860
2861
2862
2863
2864
2865
2866
2867
2868
2869
2870
2871
2872
2873
2874
2875
2876
2877
2878
2879
2880
2881
2882
2883
2884
2885
2886
2887
2888
2889
2890
2891
2892
2893
2894
2895
2896
2897
2898
2899
2900
2901
2902
2903
2904
2905
2906
2907
2908
2909
2910
2911
2912
2913
2914
2915
2916
2917
2918
2919
2920
2921
2922
2923
2924
2925
2926
2927
2928
2929
2930
2931
2932
2933
2934
2935
2936
2937
2938
2939
2940
2941
2942
2943
2944
2945
2946
2947
2948
2949
2950
2951
2952
2953
2954
2955
2956
2957
2958
2959
2960
2961
2962
2963
2964
2965
2966
2967
2968
2969
2970
2971
2972
2973
2974
2975
2976
2977
2978
2979
2980
2981
2982
2983
2984
2985
2986
2987
2988
2989
2990
2991
2992
2993
2994
2995
2996
2997
2998
2999
3000
3001
3002
3003
3004
3005
3006
3007
3008
3009
3010
3011
3012
3013
3014
3015
3016
3017
3018
3019
3020
3021
3022
3023
3024
3025
3026
3027
3028
3029
3030
3031
3032
3033
3034
3035
3036
3037
3038
3039
3040
3041
3042
3043
3044
3045
3046
3047
3048
3049
3050
3051
3052
3053
3054
3055
3056
3057
3058
3059
3060
3061
3062
3063
3064
3065
3066
3067
3068
3069
3070
3071
3072
3073
3074
3075
3076
3077
3078
3079
3080
3081
3082
3083
3084
3085
3086
3087
3088
3089
3090
3091
3092
3093
3094
3095
3096
3097
3098
3099
3100
3101
3102
3103
3104
3105
3106
3107
3108
3109
3110
3111
3112
3113
3114
3115
3116
3117
3118
3119
3120
3121
3122
3123
3124
3125
3126
3127
3128
3129
3130
3131
3132
3133
3134
3135
3136
3137
3138
3139
3140
3141
3142
3143
3144
3145
3146
3147
3148
3149
3150
3151
3152
3153
3154
3155
3156
3157
3158
3159
3160
3161
3162
3163
3164
3165
3166
3167
3168
3169
3170
3171
3172
3173
3174
3175
3176
3177
3178
3179
3180
3181
3182
3183
3184
3185
3186
3187
3188
3189
3190
3191
3192
3193
3194
3195
3196
3197
3198
3199
3200
3201
3202
3203
3204
3205
3206
3207
3208
3209
3210
3211
3212
3213
3214
3215
3216
3217
3218
3219
3220
3221
3222
3223
3224
3225
3226
3227
3228
3229
3230
3231
3232
3233
3234
3235
3236
3237
3238
3239
3240
3241
3242
3243
3244
3245
3246
3247
3248
3249
3250
3251
3252
3253
3254
3255
3256
3257
3258
3259
3260
3261
3262
3263
3264
3265
3266
3267
3268
3269
3270
3271
3272
3273
3274
3275
3276
3277
3278
3279
3280
3281
3282
3283
3284
3285
3286
3287
3288
3289
3290
3291
3292
3293
3294
3295
3296
3297
3298
3299
3300
3301
3302
3303
3304
3305
3306
3307
3308
3309
3310
3311
3312
3313
3314
3315
3316
3317
3318
3319
3320
3321
3322
3323
3324
3325
3326
3327
3328
3329
3330
3331
3332
3333
3334
3335
3336
3337
3338
3339
3340
3341
3342
3343
3344
3345
3346
3347
3348
3349
3350
3351
3352
3353
3354
3355
3356
3357
3358
3359
3360
3361
3362
3363
3364
3365
3366
3367
3368
3369
3370
3371
3372
3373
3374
3375
3376
3377
3378
3379
3380
3381
3382
3383
3384
3385
3386
3387
3388
3389
3390
3391
3392
3393
3394
3395
3396
3397
3398
3399
3400
3401
3402
3403
3404
3405
3406
3407
3408
3409
3410
3411
3412
3413
3414
3415
3416
3417
3418
3419
3420
3421
3422
3423
3424
3425
3426
3427
3428
3429
3430
3431
3432
3433
3434
3435
3436
3437
3438
3439
3440
3441
3442
3443
3444
3445
3446
3447
3448
3449
3450
3451
3452
3453
3454
3455
3456
3457
3458
3459
3460
3461
3462
5.463824284010237 0.7472288590834921 0.4679308699819396
3.936047334065412 0.5127543453895894 0.1701033714471148
5.128155076465144 0.4929789196465516 0.2373233537191828
6.349438511776134 0.3315635136948111 0.4750868646018758
3.975943164612902 0.7773468049141274 0.2730713853319754
4.583058199083004 0.5035881156061111 0.1922857209501414
5.130727281569766 0.718862519485036 0.3663111322611774
0.5846371146962217 0.5049945943273875 0.1634547824627882
5.904227777383655 0.4012010258549155 0.3505062881199136
3.386497624498704 0.5129916742027794 0.1660432476979671
1.129914484706062 0.5091173536719935 0.1647892219585546
1.688397208549859 0.5117933852456648 0.1656553899604529
2.25660153418348 0.5081207587067968 0.1644666477863366
2.831295931962777 0.5671451903025971 0.1835714574909462
5.490719468582698 0.3967193672197477 0.2399768454732588
3.727695376573945 0.787449206977485 0.2657032443905633
4.82879416674067 0.6719326194438686 0.2942986753816312
4.789468251654947 0.3057962330735565 0.1192380781448708
3.966220996635976 0.884607627723232 0.3181187772186137
2.427787783790113 0.6368482965232136 0.2061327011007841
6.799600011298477 0.2029034290929876 0.616948226264258
6.558632842285533 0.2639388382671627 0.5246422533715028
4.324548226314703 0.3615818883548396 0.1240525045545814
1.363672007971984 0.4015703049401713 0.129978791010499
3.119857773393433 0.3455873995118229 0.1118584512460437
2.542312934018868 0.3224205708124545 0.1043598978200381
2.121614877245989 0.4354889994432163 0.1409574685917935
1.837045244895684 0.6557344342738549 0.2122456963135448
1.362188466302561 0.6871111964601613 0.2224016106444305
0.3314571879165391 0.3567865146483451 0.115483339411142
0.3337903058375545 0.6915461804213838 0.2238371098492747
5.714458286977136 0.5381290047692763 0.3917466002651026
5.65148250944017 0.2959099418921172 0.209848486442471
0.86022317640723 0.3516153309513617 0.1138095497988168
0.9112306397901763 0.6955149429773557 0.2251217042340857
3.679121910322874 0.3290887637154323 0.106518233835155
3.108610737148122 0.7142765243518689 0.2311943834997192
4.32487644487245 0.714514175286315 0.268128706049017
6.372364297434491 0.4399622030201832 0.5850281058391997
5.138052162912196 0.8194828191934044 0.43102083739223
2.82337779497482 0.3079908034696286 0.09968932409805255
5.305306115158044 0.274766074291171 0.1446904417224966
1.868144634675003 0.2917900466094362 0.09444552303946432
3.403721734990831 0.779836098137755 0.2545577039410493
6.191525445980625 0.2369078265135919 0.3249744847531292
1.129494141638761 0.7783106118840404 0.2519207001085436
2.147828806455608 0.7530635120726819 0.2437488122233308
4.592602703475978 0.7641732704643025 0.3150051308673114
0.6157586961291143 0.7736353687542505 0.2504074347046667
4.053362887068713 0.267110163799089 0.08710684035889475
1.599176833601152 0.2690022134470872 0.08706964148708619
3.385981089647412 0.253316970135207 0.08199269994708001
1.610503167052573 0.7815466293295261 0.2529681222662048
1.143329342216302 0.2549321490885442 0.08251549509661592
2.645885662961474 0.7692556330139801 0.2489898180396331
0.5993127201320523 0.2532718344066415 0.08197809058140193
5.027709572887069 0.2391653945938256 0.1040024026243139
2.302380311710736 0.2522679169350623 0.08165314628740186
2.038441302084512 0.2508282667614101 0.08118716564404416
1.349050655313651 0.2658303187075253 0.08604297432970701
4.547403673161914 0.2368091080839799 0.08338346520108797
3.650508492690093 0.5737675861323956 0.1870212034271173
5.916858510265746 0.2116237896493261 0.2166595803054154
0.2277368461825953 0.7934408275744094 0.2568179923609057
5.367442913155052 0.5893886086853541 0.3345928850020829
6.127593090721636 0.4461516111532183 0.4720811891098051
3.747127224403666 0.9119213486914852 0.3161729717862123
2.89796304227894 0.7989165258800235 0.258590346135441
4.994431224442931 0.7852745197100681 0.3807781724472372
6.462740139857724 0.1534645743146729 0.3722142516286142
0.1998973933170329 0.5307116498247805 0.1717787838662262
4.89351345594104 0.4801833493999627 0.2052758629490784
4.157253698113976 0.5416049825978868 0.1869330172942262
2.582808787969899 0.5217655847047827 0.1688831545970956
3.857533480042499 0.2140559941949119 0.06928485246973197
5.50919432490595 0.1907209986935491 0.1253093026879839
4.753340823838353 0.8304357379761456 0.3685662707533744
2.342340279405247 0.8265496379181033 0.267534529633029
0.9402271325023269 0.2000869904744868 0.06476341701281357
3.02276739058423 0.5175587594326424 0.1675215049528404
0.2045954463649667 0.2010690652416394 0.0650812913410347
6.967721224974987 0.1448157721274532 0.6788975282632551
1.925600884324744 0.4703232175247012 0.1522324794587002
1.768502507210997 0.8320295405769005 0.2693082442570518
3.241986776657445 0.1936526006400156 0.06268075751014088
0.4358916773230418 0.19446679988454 0.06294429451012079
0.7904463892438879 0.5372242138725224 0.1738867465091066
2.99923630114563 0.2001431236313889 0.06478158598541932
3.976390581729694 0.9591683090965972 0.3520732128524299
4.245551865472934 0.182916651612347 0.06014364193236633
1.318441429121175 0.8587911224248899 0.2779703340862497
1.937381088387517 0.8431090044142098 0.2728944041321765
4.134600057542267 0.8449014455922096 0.3126244125232011
1.496825111169867 0.5434621797993716 0.1759058282478755
5.896650970570852 0.5770971564835526 0.485923737145557
0.9799645912123391 0.847256967416128 0.2742370014545206
0.7689502954589302 0.8513165554696627 0.2755509939004454
4.388037146093142 0.5379716281499224 0.1956794047472238
2.683150640774953 0.1873753555100119 0.0606489620241774
5.621893342548591 0.6853666321945771 0.4721840803547528
5.53053873512226 0.5746177741504768 0.3644369177926497
0.4377975293175172 0.838378856153325 0.271363367238545
3.56400332740006 0.8624377281982667 0.2883707166693854
4.995496353296192 0.623596563661696 0.2898133872133645
5.279948912467468 0.4377262568212674 0.2282686136080281
2.413508812455909 0.4688945156368977 0.1517700425160114
3.812975612428842 0.627793068027189 0.2087548895900968
3.229148720999984 0.8490426201403638 0.2759986223315439
6.702075247915728 0.1586263729700552 0.509242455798812
0.4019236845846505 0.5286594620584324 0.1711145393204644
0.1515439158548457 0.3680723327819968 0.1191362912816618
3.57960250201992 0.1772431407934705 0.05736940424086208
5.734733663096755 0.4111939539775709 0.3061749577160239
3.210053761486388 0.5590995305648104 0.1809672681055902
4.396402024280761 0.8708628393669782 0.3477464235067405
1.749956567242583 0.1710378718387985 0.05536090573711088
2.462174344550319 0.1541071808319661 0.04988084229375379
6.064765842771049 0.1481690525029516 0.2133280479409608
3.787790262710576 0.4660657336451894 0.1518832266017958
0.4989444881487243 0.6596267689337668 0.2135055527996437
5.757762480370944 0.1578648340977158 0.1459909043655629
2.832637891919846 0.160374117660032 0.05190930122667348
4.88504431035385 0.164408000541212 0.06551468067781716
4.707764493028825 0.1600976806506444 0.05867133165066585
2.071536982348839 0.5982792794027065 0.1936488242948693
0.7733318333053768 0.1715705927147366 0.05553333485985394
2.513418124745389 0.8646623690706028 0.2798707174844891
6.626585224892867 0.1375085221123349 0.4440746392277045
3.491256628261118 0.3793760094438518 0.1227950235345369
0.9493996152510409 0.5016937388254826 0.1623863737628424
5.195309487324195 0.1543876403484288 0.07702251022664787
6.058909962201178 0.5195943144662878 0.5044880793236384
5.994711898930424 0.3616378231653907 0.3511506766845725
3.050664723104462 0.8619951474807837 0.2790775533373345
3.31246633802419 0.3702081935712468 0.1198276188019943
1.488442530159045 0.8709877547840255 0.2819180949364355
6.320943373257702 0.1428459790889907 0.2995781856827909
0.4925092265088121 0.3670587764785919 0.1188082271262276
4.135161965933134 0.6933636905651445 0.2468740142780367
2.169375307158194 0.1715886509020818 0.0555391798671418
3.910804215570991 0.3529498724620606 0.1148698519658653
1.47764258984682 0.1621618207158341 0.0524879383395784
1.058765417774031 0.6560275099896429 0.2123405579772286
6.245763574373838 0.4912038857598522 0.5660043288685257
4.599287557339697 0.8804026251845767 0.3750536541294276
4.742645243254161 0.5329699803732887 0.2172742243265824
5.158686720298991 0.3430608219950629 0.1635731167442118
0.6931433220836505 0.3953112668340619 0.1279528887066871
2.276132399702789 0.6658031800049807 0.2155047106904142
2.690363864551983 0.3805395403058229 0.1231716309003752
3.535552287844384 0.6999626276940194 0.2288709018033473
1.74625433849076 0.363870917013209 0.1177763925654436
4.408711005694665 0.162863997321222 0.05472849816341917
4.482468699543944 0.3996773189778404 0.1437529815210454
5.293841214967596 0.727755500860115 0.407716464225058
1.942855176413315 0.1478481781974677 0.0478549514712617
6.67878394214793 0.2831348802123599 0.6166012966217338
4.639538419294318 0.3627744774317651 0.1356306783250551
0.1369679530257202 0.6603494565036429 0.2137394696392487
1.029814933920115 0.3579289455165622 0.1158531172090448
4.163790009202462 0.3835007611734604 0.1284464416990306
1.245649494745943 0.1476098476020024 0.04777780950563754
2.961928517438091 0.3829468526876259 0.1239508208681643
1.301438209478455 0.5358009462845925 0.173426068520501
0.7283192622190613 0.6813574900213281 0.2205392722256068
2.953929238713735 0.6580197346447472 0.2129853938849294
1.514707802408678 0.3955405297626285 0.1280270956834282
5.369682261633571 0.1431908745200983 0.08558746036979289
4.482315284130897 0.6345487734517994 0.2436628918964778
4.659919106311595 0.6519067605439943 0.2666180377004622
2.783542049266413 0.8759843103111423 0.2835353615486374
5.762508159464206 0.6559742380346455 0.49850850552485
2.201203961774952 0.8806821312414668 0.2850559348514826
4.950525735006036 0.342938178977438 0.145484526735974
6.514971395723973 0.3445040291521471 0.5756421864183752
6.41206292255726 0.294616064535343 0.4733864257383127
5.601311497869754 0.468708962004044 0.3105263155737958
5.468249649267536 0.8097938748667655 0.5155864662752264
1.696207037333742 0.6604718401196903 0.2137790823154292
3.276562390778046 0.6904387559467572 0.2235222668962397
5.160463081323993 0.8640690331983464 0.4657786949534695
3.389598908710952 0.8960722382829898 0.2955281331340445
6.335303268549739 0.2212156799746826 0.3718769845523865
5.198924784619984 0.5962589652885047 0.3056802078080511
1.222832546040995 0.3864373256453965 0.1250806042448844
3.984912014076571 0.1423177630220556 0.04606555825594778
3.723773651014306 0.1358711394448118 0.04397826786740799
6.220068362194336 0.3429766687308333 0.4248554327029702
3.86039615578003 0.9119792488945782 0.3229582201073923
6.817939470654778 0.2604402761885694 0.6883470203760612
1.511291528882438 0.6908961663617641 0.2236267157026712
6.386369476910268 0.4851058807434053 0.6344584264514277
2.567814757975075 0.6761073261340915 0.2188399185974253
2.763076482422854 0.6952244195077218 0.2250276686719969
1.069047033358604 0.1322196804642249 0.04279637713026339
0.5425872817948024 0.1215735807100251 0.0393504869386711
2.182029740509132 0.3208648042526824 0.1038563330543021
2.353773480163602 0.1427032781031135 0.04618966923822011
2.32004250626782 0.3882876816595747 0.1256795206356214
0.5934883515291667 0.9008997970775822 0.2915999141500118
1.211503694371448 0.6438759757120058 0.2084073943072575
3.345851908720808 0.1340379844362112 0.04338491903453488
0.13508640007367 0.8891853647410124 0.2878082300196115
0.3109572377579163 0.9074221581016155 0.293711047841942
1.616501556085918 0.1347473480463618 0.04361452322413736
2.839809178146584 0.4377312042201207 0.1416832171407142
1.989516818890143 0.7204323976318543 0.2331868937941881
4.12473033149591 0.1268981185796318 0.04116593937119045
3.9942329969161 0.6410630863056689 0.219334393627851
1.087680152356581 0.9078714957671412 0.2938564877955491
5.626191993807284 0.1204720476533814 0.1030513247422649
3.419816396439149 0.6401969528935421 0.2075057824437574
4.869024517844651 0.8554604886429917 0.4001008273217441
6.196733149363014 0.1098833186459841 0.226760499341434
5.757613700233462 0.2907117715761633 0.2300239514050136
5.9051000467902 0.1160495520758344 0.1500980066658605
5.020736774498715 0.1202717753484255 0.05293809564911416
5.815914733362916 0.5000606706434437 0.3961620413336399
3.120975074337162 0.1216663738735141 0.03938052188661413
1.658252866835182 0.8635254111229589 0.2795027111412747
2.051404033136629 0.8996910721494848 0.2912086785360096
5.4282841123742 0.4851376381112787 0.2818806049092772
4.38874884225728 0.2707546461291571 0.09237191864609334
0.2997718202056336 0.1221985612290823 0.03955277832145717
6.027585984810016 0.2623060157086849 0.2861496498734265
5.42107650818663 0.2974445079900834 0.1712244842071333
2.637085446189875 0.9038631661542458 0.2925590864921002
6.86863378072823 0.1113843036394472 0.5718062019438224
4.564209302599955 0.1243996735076301 0.04320416510840362
5.022218502393391 0.4195712412576282 0.1878712705984265
4.288741527219566 0.8927250961275 0.3479624190629643
3.686983994698749 0.6837208452919838 0.2259981164625089
5.059767899244183 0.8554019860305988 0.4365581000884208
2.43210435894055 0.3160473632501976 0.1022970415689402
1.813924738243959 0.5495429773471068 0.1778740383070131
6.140484688525207 0.5528977062180398 0.5695988630613307
4.431218069544755 0.720642253322789 0.279172433144146
7.096274016729494 0.100619155495969 0.733634683958946
1.47386107601951 0.2853798877741315 0.0923707065369784
1.870396414229488 0.9349506211996845 0.3026213589576934
3.491997445027626 0.5150363973687215 0.1667139155540499
3.623354666574291 0.4407675052126852 0.1427065139898286
2.696942781187583 0.623422039029933 0.2017869397352064
4.029830748172662 0.4162188306140532 0.1376887280483548
0.6461614976515654 0.6270010596191954 0.2029453838817757
2.010961757496367 0.4008130602687861 0.1297336888560943
4.784543551597683 0.4307362365999949 0.17342103281147
3.859329016601504 0.7466813125142026 0.2551003912000122
2.910534048542198 0.944652273269684 0.3057782045132017
3.787692224870321 0.3094119149260771 0.1001657183870516
2.577688978829345 0.1224234501051637 0.03962556952106822
6.287681073568974 0.409662961909206 0.5141706859718485
0.1458496495938789 0.1159297571571112 0.03752371500593662
1.348749858437401 0.1253314434959914 0.04056681806598397
3.135746771429061 0.4411996133018294 0.1428058589636386
6.88332198306017 0.2123056838196244 0.6861398667015004
0.7671480762204884 0.2813340975693028 0.09106118012768849
4.271412831104585 0.6001411103960093 0.2154111061932393
6.078029494213769 0.3404123390752618 0.3648476505235391
5.451131361566537 0.6815230018327649 0.417219357157199
2.445305328256163 0.7628993432503726 0.246932437679028
4.272431154108061 0.4769941292985842 0.1661104545180949
2.035652172071773 0.1135068469322457 0.03673947638599705
6.75967453621297 0.2838333459479964 0.6712754440872758
3.477036992062052 0.1175867016424414 0.03806002866838939
0.134627108473619 0.7923299503948997 0.2564584277442558
0.8872760285183688 0.9203881646022247 0.2979078368685472
3.725738585442913 0.9782825367535407 0.3427134500011481
1.230508624520915 0.9118358827773396 0.2951396659198879
0.3325614077188264 0.7936012201678148 0.2568699076422934
3.536661392089193 0.2813893411252157 0.09107906115753645
2.932496748484536 0.1041012959947188 0.03369512244695379
5.878827899130864 0.3340907679573161 0.2926073037676256
0.8801487033250313 0.1099989644207362 0.03560405794931558
2.348738900013753 0.5582307282901935 0.1806860573987908
0.3027318056857466 0.2571578134404658 0.08323588990195649
4.888645179857198 0.5867783453595565 0.2575023212067716
1.920888614870798 0.6234199121751393 0.2017862513227134
2.740497075566553 0.5061899559302983 0.1638416926851211
0.1298061495691915 0.4720222382817012 0.152782412213139
6.567117088747729 0.1009450419542685 0.3775709709000878
0.6945986360410961 0.1131268592650864 0.03661648338335553
1.603994022023129 0.5947933866153343 0.1925205234107629
6.33695553195847 0.5043881630738213 0.6251484570798632
4.950231507848574 0.7121676095440478 0.3318540393588584
4.678293018209363 0.7530709256438874 0.3186378298310242
2.402104922614874 0.9130286808548111 0.2955257463897885
2.555781436975857 0.4356661148931616 0.1410147966655329
3.001293114775122 0.7579099219685111 0.2453174802529429
1.282366886244181 0.7659867563601778 0.2479317601349607
1.620918243636923 0.4169211723585546 0.1349475029980579
5.952451119723793 0.4992007914404835 0.444564574871317
5.982767546068172 0.6047868018386787 0.543615444984772
1.845331072287334 0.3895580293463274 0.1260907020762204
1.84299249786669 0.09346738840101945 0.03025317856877702
0.0919386264235777 0.2784245665227332 0.09011943388004959
4.656342622117428 0.2638967245383906 0.09673335929022181
5.552984092026211 0.7549674874724507 0.5020561619381229
1.434414688998444 0.748992040557563 0.242430973382514
0.2972013289139291 0.4595433204891655 0.1487432822579625
2.505222114820301 0.5647144129351792 0.1827846724634035
4.510157245696175 0.8795374712920003 0.3640953973333022
4.209902095532142 0.3000485857947693 0.09979719032462389
3.088414708035625 0.2422891056881993 0.07842324157175695
2.237361490526134 0.774252534265943 0.2506071965547744
6.046247437918022 0.4272596524204771 0.4227520383109994
2.18116578419529 0.5908085614756595 0.1912307299482699
4.076670982400266 0.9222501670497523 0.3432635279753205
1.859866034313153 0.7763995223010982 0.251302125700905
4.072889030608444 0.5480065143050281 0.1865053261738159
0.9022518443607702 0.5881156320408597 0.1903590925091818
6.796658741130067 0.07756901654468455 0.4893880112572945
6.602129006848295 0.3483748867054466 0.6318258724863697
0.2222115127827591 0.9353549320643653 0.3027522248029442
2.916206436096986 0.5097789874208385 0.1650033771231887
3.820694565897831 0.1009622214945819 0.03267907842327911
2.651593337202761 0.299761191490633 0.09702559373164824
1.044550926328947 0.7582608539960516 0.2454310686336209
3.148132699384131 0.9121386947668512 0.296550827883206
6.41449496673805 0.09111293838920645 0.2957607952452869
4.311999008132887 0.09500300681353985 0.03118258138487554
5.509211606622148 0.06562833360218978 0.06072974126156936
3.394281601122686 0.3707509086794465 0.12000328282087
3.672703398730103 0.9142847906232876 0.3132197178310002
2.923914306527037 0.2916113505695406 0.09438768336621593
0.6884363052873123 0.935963089850313 0.3029490710656998
5.109362133328348 0.6284149963439911 0.30929215796303
0.3036328271891483 0.5907088882054962 0.191198468072846
0.5051837548751705 0.9335068366144915 0.3021540401033002
3.315173604261221 0.5951861783112921 0.1926476607740875
0.2268237355480157 0.3075621358089997 0.09955057453517796
3.100780254426399 0.6021995120918573 0.1949177107118855
5.543491807395831 0.3077984687294241 0.1964720976886203
6.530319519677805 0.1938541562842542 0.4433835768599081
4.810863530001143 0.09617371003715217 0.03720863966487555
2.746858616347388 0.1006333728082639 0.03257263789680799
0.509976099958403 0.2673920371011517 0.08654846556301085
2.030986411896016 0.4982698430729473 0.1612781398496629
0.09703083683796901 0.5704321631502568 0.1846353727047138
0.4284477042248785 0.7444633315211957 0.2409651375920088
1.389371483789874 0.5007897171440041 0.1620937633686965
3.30492293226865 0.2716303863011127 0.08792031875562509
5.619892539979444 0.601741484363354 0.4092484073347218
5.20434911147729 0.2547908136781541 0.1246653427185498
3.281944288286823 0.4795962243774677 0.1552339320186304
3.606659394843072 0.7701490920814843 0.255351344689299
2.240973092345656 0.08880921022685027 0.02874543668661716
3.961196992130058 0.2460249696951822 0.07977726966390618
3.317794853396455 0.9374934698117174 0.3087091571805646
2.300838233621911 0.921607124645378 0.298302385346734
0.883944579487753 0.7997549275903827 0.2588617169000443
4.377388177905696 0.6143458342073416 0.2275219186500742
0.8512082114134448 0.4552285671846196 0.147346698867373
4.204642157190771 0.7588214809448498 0.2793007059141814
6.001224863783927 0.0768629112281338 0.1467175289458521
4.986370502250375 0.5072601607981663 0.2278929213992535
3.209369271414045 0.09103676856635302 0.02946644453085271
5.596571865030669 0.3798873317482562 0.251155222793249
4.082320376324431 0.7711787785003386 0.2766538949642704
0.4048162394326163 0.4280240679509298 0.138541247176995
0.4521872196299351 0.09419027760621058 0.03048716067295498
3.478726781293027 0.945058673156652 0.3167383677682357
3.703021333172833 0.2388773373911645 0.07731893302851792
4.686179864242968 0.9129758720833105 0.4041169622704208
4.677516063673968 0.4485372321607683 0.1741648111645875
5.250900809155004 0.3642056394341793 0.1846639053242643
2.557650363605063 0.7600569059543817 0.246012408088416
0.4926225618018125 0.5605216702679846 0.1814275810246297
2.575751642310884 0.215692416535158 0.06981452360016935
5.03475618001911 0.7068032992861055 0.342019776079201
1.707621494338663 0.2654822112047461 0.08593030018075651
5.708250562993543 0.7158947267597572 0.5259935605661348
0.6844209372488761 0.4992442771549808 0.1615935410691854
5.105857693311323 0.0829473531768546 0.04117072448432014
5.400669290951789 0.4015438955213192 0.2267220688221611
4.484821771969631 0.4917955486512836 0.1814926670971686
3.746213508920552 0.5543833529491509 0.1815393242901577
5.311160641304975 0.8123574221378642 0.470107862884854
0.5867837294524159 0.356322711496648 0.1153332173224745
6.72054270705023 0.07505893329558963 0.4394552716080878
3.843862465049343 0.5377030643865025 0.1772312514775102
1.251351112390406 0.2828171666894687 0.09154121445505961
5.050478537962817 0.335982735021697 0.1501155249577788
4.310129960095936 0.805644947608563 0.3086514197067894
0.6953158294689148 0.7713176697374109 0.2496572504593951
4.833317911963405 0.7604114854029995 0.3416487077108203
0.4076613214531334 0.2969724738936536 0.09612295193451861
0.8485487597867628 0.2440439875266715 0.07899125523443272
1.038585556900497 0.2584825532452872 0.08366467678215128
1.772255398642862 0.9316651675542731 0.3015579354736905
4.939568173848427 0.2457983132386085 0.1016761264691495
2.348121786530253 0.728003354258964 0.2356374330324699
1.130673364095775 0.4113932361257848 0.133158241044474
1.570940508606438 0.9412251075934865 0.304652261506127
5.596734187431196 0.2166192568867494 0.1524469589453322
1.765959620766643 0.7372546774859396 0.2386318671166057
6.777414313219875 0.151680339251638 0.5505553500284296
1.037513206098404 0.5606472166910542 0.1814682174264889
3.631553910857552 0.0837520536713785 0.02710855495770303
5.273151181094614 0.09921912163874401 0.0573335189156405
4.372467875433408 0.4598866207416295 0.1632228127934338
0.9690249336342233 0.1009582734021772 0.03267780051933243
1.95978869037006 0.9375641109927386 0.3034672836673656
0.4070201609109612 0.625469757779487 0.202449737766142
4.794138375503037 0.2101670666087905 0.08041250988893138
2.223943929588549 0.4019167966904066 0.1300909421786423
3.127396968268886 0.8046211420778251 0.2605000488710999
5.28754169802545 0.5407454579274265 0.2886453815677806
3.214642126477722 0.2852058388925961 0.09231437103875956
0.2176498365733122 0.1086349609718973 0.03516256235805007
5.805888583615669 0.07633546954092668 0.1060454042113684
6.97203517383587 0.07721411136085454 0.6111980236035945
3.034309389476764 0.0929136089205875 0.03007393327482111
1.011484903751863 0.932260559802204 0.3017506498343169
4.149128533072464 0.2208990346044873 0.07225263970634918
0.2399410037182388 0.7083306275255998 0.2292698376071469
5.802898570421322 0.5803935118602204 0.4537017722152243
3.981718827176521 1.015904613330255 0.3786079319201233
6.652810046753349 0.2274417918086961 0.545744860958119
3.882656019895359 0.4449198466727992 0.1456478298724013
6.465836074124391 0.4280552983661474 0.6261709638907906
0.4043138715910553 0.9427524341104835 0.305146620904009
2.434798397519725 0.07689278520544304 0.02488837231110132
1.149536380132516 0.08212730935863795 0.02658266372801496
1.774764615531781 0.4593669653504203 0.1486862002789402
4.472669892554956 0.08920803986718369 0.03013294220509996
2.035616625763395 0.7972427455835733 0.2580485831199157
4.962028292319332 0.8744426833117561 0.4281823787084201
0.2100372919107169 0.4422648619158276 0.1431506546949707
1.406536013593615 0.5965540663752837 0.1930904137232176
1.575361513360833 0.4882176634617995 0.1580244875332347
5.283372357762159 0.6501345411222833 0.3548982699582718
1.85094865438072 0.197518069662712 0.06393191822615416
3.893563928860058 0.824546556546802 0.2881130130110686
4.110712804864415 0.4610138569650036 0.1552747375957088
3.317793585615847 0.8388327267221847 0.2736897193847792
1.534336216611758 0.08521749808346968 0.02758288458475323
0.537658386087715 0.8364533774811401 0.2707401354237216
0.9471582251999993 0.2984695147722908 0.09660750858899424
5.877370508364688 0.6624370488586052 0.5478795177468666
4.177440553242558 0.9256242742500619 0.3534512979601851
5.526478627504356 0.6715334581913832 0.4318159204429863
3.501427112158773 0.7773170123795434 0.255431448899169
0.4916359872398645 0.4741479661306915 0.1534704599408471
1.394760696415849 0.9354677836733207 0.3027887521943254
5.069549680451326 0.7787721658329314 0.390883171715383
0.7876752451021612 0.9450974000182983 0.3059056307956992
6.42088253681908 0.3641934440444227 0.5414645386822805
3.002906853698882 0.9464449755152656 0.3067393215448929
5.200430045509435 0.435257700323493 0.2159079839454838
4.211275197641549 0.08313754994208859 0.02701863842192095
4.796486957145679 0.8973639460971583 0.4122129288967388
1.734802810554227 0.07680233433220529 0.02485909550700337
6.277751513064827 0.07227167344747687 0.2259313787862557
6.73610102420866 0.221202623704064 0.592605161383988
4.312105561166454 0.2661361700864273 0.08941462241919219
3.518120479581768 0.6101178261701099 0.1980983549664517
3.899484761463729 0.6669343410571061 0.2258320177554875
5.285999939939458 0.1898107012160354 0.1006148790665743
2.55171145304611 0.9563822454253259 0.309558267817663
0.7989643807890419 0.7487212430845007 0.2423433226580347
4.92031665874171 0.08552849524937893 0.03580827471047161
1.43890081572287 0.08086750562814035 0.02617489511617752
2.756293714909647 0.2598785485121909 0.08411652736675951
1.600393763416186 0.6868603492630661 0.2223204173514861
6.250636659908789 0.2683718545462072 0.3749773931860893
4.656976278380366 0.5624714000407078 0.2240713407561513
0.9455004815845266 0.4053116199443398 0.131189766013005
2.108555981407559 0.5220996999365246 0.1689912997795101
3.016137347476771 0.3018107983190106 0.09768900288895399
5.432147458194126 0.2074428686281437 0.1245190965007148
6.088652881735535 0.06911184491970701 0.1638864153544609
1.215580062891667 0.47768811971976 0.1546163237605515
5.81373692438911 0.2226105311098381 0.198470922258582
5.710216481300813 0.07556353486251818 0.09027997543667854
5.819998776706789 0.4125612499609109 0.3320062391100039
5.695485636580298 0.4819340153816313 0.3451374806867998
2.818074323486452 0.9477661338304575 0.3067694366851435
2.802260608652757 0.7934295277765346 0.2568143348841244
0.7192185560173934 0.5930331007086316 0.1919507605792704
1.516005934716471 0.7903631652898273 0.2558218260160159
3.223699659428206 0.3937985790723212 0.1274632675269618
4.178554113533633 0.6232767268269017 0.2202331678638438
5.982894805121966 0.1614746269946536 0.1995790199776041
4.567820251195018 0.4197343191684677 0.1557011592098318
4.557372994678481 0.3287198578267332 0.1186105219346419
3.053729499921431 0.4281482636001653 0.1385814463653757
0.816467147280015 0.6202723719743996 0.2007674671523798
4.33912150276078 0.9513185504395076 0.3816106798107766
7.157177644515653 0.07604657348948458 0.757777973051317
2.838828955945333 0.08194419275962964 0.02652339322454335
6.123216620155349 0.1896245260492032 0.2628475751926281
6.653552050438746 0.0714912768082627 0.3971180002998309
3.921806165236618 0.07744793124537992 0.02506805992798327
2.468435492390462 0.39192660249474 0.1268573530722309
0.7881732611401973 0.09434815834167709 0.03053826292545555
4.486345737439094 0.8029041023594645 0.3233819433555904
5.519726866383661 0.4938542736100328 0.3074120123770459
3.81110532939921 0.8411987281573859 0.290593484003822
2.142402892953847 0.9486518331338927 0.3070561165597335
4.74040118803966 0.6164984077777829 0.2570450400001993
6.419288585722716 0.2263324598819655 0.4157550181953596
2.392821264187006 0.231425269863178 0.07490687537410398
2.089047146499726 0.338135327510538 0.1094463921437291
2.134222733315444 0.08346881459304133 0.02701687718044637
5.211804025784054 0.8538006676950445 0.4719749855906726
3.188845118968806 0.651069757376598 0.2107358509487328
0.9814742746986566 0.6392306607859755 0.2069038159536778
3.626544142217452 0.2578290562636461 0.08345315529623021
5.704952323557295 0.3491721285922458 0.2561008678335834
3.477699152327925 0.2114649622623301 0.06844619683727239
0.2138496702931457 0.6202535092875301 0.2007613617476615
5.417549387372484 0.07511884268724658 0.05701100684637429
5.111318854756304 0.1757668416558462 0.08115646311619604
4.712185166618507 0.07204801082507564 0.02673224948990591
2.877549639480357 0.7141239254492611 0.2311449908513424
2.127835255359557 0.2493031632278552 0.08069352577322045
2.124329354327445 0.6647998137809563 0.2151799448221837
0.07644031967270297 0.709807800568887 0.2297479635141618
3.729053637204936 0.405500756228841 0.1314168084992881
2.340184645024108 0.4738321197914028 0.1533682279659704
6.228277974666769 0.1729526639331448 0.2875409057660588
6.479317803030664 0.2580127098833643 0.4751439165831751
0.7687374781179699 0.4530955540688224 0.146656293071451
0.9617421190857516 0.7565337993574119 0.2448720619760622
1.130986863775354 0.5988681558876081 0.1938394296574183
5.631527636443362 0.7453069043895489 0.5215181672402941
3.217596320210014 0.7634724398334389 0.2472867182893403
5.721069374575769 0.2330713195199431 0.1849544247229865
2.483195319930984 0.2508024406421374 0.08117880634128134
2.912619206895167 0.2063287991678625 0.06678374256403846
2.728526945133159 0.9538078901461469 0.3087250100226949
6.250638200826315 0.5456137741405597 0.6172085152698155
2.248574342165601 0.1793673608104232 0.05805696391907324
5.071573406774315 0.5585180320470459 0.2649850473884875
0.6849477063462759 0.2000678604857715 0.06475722508882249
1.951956444076231 0.2382364901927884 0.07711150597765619
3.658788619030422 0.8461120524728019 0.2856525549106769
4.577725011958663 0.682408968453024 0.2737544775218892
0.5184625929518389 0.7513214038979107 0.2431849330928757
6.065044433651705 0.6014160364819178 0.5768241536207493
6.499330353855236 0.07045305598606924 0.316462207410472
5.10233162496702 0.4179091340333851 0.19524091147725
5.220114062213592 0.7553700166099047 0.4083128567584563
2.663177962095913 0.0849853336187105 0.02750773844950925
4.033447792787805 0.08218260160611905 0.02660056051816959
3.445003422842223 0.4448809841382416 0.1439974314596414
3.043413108889848 0.6613362771358976 0.2140588800915325
3.995873895164513 0.3410522870145353 0.1114922317614143
1.038725585361015 0.4554204269904419 0.1474087993396876
1.790621371061487 0.2985078606041364 0.09661992022601584
4.873384876166989 0.3825272880497235 0.1579266192687468
1.313558684883977 0.9422653293439157 0.3049889566348262
3.583310994379727 0.3549056428694833 0.1148745457905612
5.691329753428342 0.6301759575363783 0.4534465037410669
5.958745592062458 0.2767301137369589 0.2749869495660727
4.043978488059684 0.7003694266261571 0.2450126482103951
1.104694313568578 0.3308603947967592 0.1070916688308073
4.716267718475623 0.3618172298225164 0.1390571465604554
2.26534091581854 0.319997755325851 0.1035756898646288
3.668906377938138 0.9680708760558844 0.3350271676898213
1.9507940369726 0.07040161607400718 0.02278733469559733
1.652832608608618 0.3375491066754809 0.1092566463520993
4.136920475541008 0.3033608240513693 0.1000402461906336
1.286125843369323 0.6244264997435437 0.2021120598637779
4.829989838753017 0.5296356900198564 0.2233166710536314
7.056253212670003 0.06393277323681691 0.6618954335294089
4.182410992391965 0.4575406241127525 0.1558583941363522
3.358594258478436 0.6969192768890209 0.2259760925203939
3.76641428265935 0.704962674815353 0.2358464470654102
2.622822089771564 0.3811149817018901 0.1233578876430628
1.927251562957478 0.3727683293269584 0.1206562740742005
1.218800507519843 0.5608571451372036 0.1815361662894739
1.397177333199196 0.1951019434085702 0.06314987541676649
1.558433875573857 0.1971738019244809 0.0638204869179904
1.735669233600371 0.5836839054664594 0.1889246476432561
2.786637275749178 0.3708826721774337 0.1200459315425434
7.219401878648672 0.04650231576986573 0.778885491394671
3.920503814738174 0.587640658290789 0.1968281927001805
4.483352233632185 0.1702055718356795 0.05819683181899486
4.05924535715788 0.1834888181996755 0.05953400124629264
1.138001079293735 0.6960203174109583 0.2252852819615201
1.438940534698121 0.3755947992352632 0.1215711353998251
2.877031646249711 0.3691590404926784 0.1194880328140374
0.06586737125978037 0.3484404784831758 0.1127819252947764
2.961474468048499 0.8495027455246338 0.2749639066061975
4.600376174277925 0.9428035978523959 0.4083398516003439
2.130240055470134 0.8348216291593269 0.2702119771622826
2.504172690852736 0.6949123328903424 0.2249266536300018
1.570097670024668 0.8558552046027712 0.2770200470646982
5.205725945508464 0.5150615856471934 0.2602906791858715
6.12978929189903 0.3859935216525571 0.4225659031728146
3.604208081547823 0.6499568332452992 0.2125659033929665
1.220980248062931 0.8267777296994885 0.2676083575371822
1.16424245844171 0.1670409343356982 0.05406719178962442
1.488328511705876 0.9535073422607641 0.3086277297947939
5.381827936898371 0.7393320784408013 0.4385304551155695
6.3909618374049 0.1579781827912061 0.3425259518265594
2.023527714129943 0.1872936429493926 0.06062251360478731
5.617664417301102 0.5336010637828349 0.3596551098787822
1.696249924643285 0.7853899630496557 0.2542121183093553
0.6716879058641434 0.8545494640061549 0.2765974097779426
3.368304038564022 0.4370034645981089 0.1414476650715601
5.117298218999321 0.2778898322693398 0.1282139696777631
2.276894379764191 0.5834166725321965 0.1888381506755113
2.916794359435627 0.5911529883105731 0.1913422127522594
1.470484642106981 0.4574500602284547 0.1480657435191406
6.675590830309073 0.3428722348348032 0.6736549476833817
1.252336067079187 0.06951175335778341 0.02249930722295511
2.860338374803276 0.8658764550403472 0.2802636883406227
0.6186441732002311 0.4328998980201701 0.14011943781952
4.515518412819786 0.5523610594784784 0.209315714665224
0.67463982452791 0.3159085260568814 0.1022521032597263
2.345974832500898 0.6385335052989933 0.2066781632442281
0.6530726332950612 0.7010307637864266 0.2269070447121382
4.399640370962015 0.3559630476868677 0.1239965381836666
4.399749373193614 0.07544230648761058 0.02506047250569316
3.470397347455919 0.8551808113130801 0.2827721051614426
5.78798610664341 0.6998569345248717 0.543116019665882
4.867649530975443 0.2962242246378013 0.1193549636900912
3.394484130845474 0.07507990415526289 0.02430158567810222
6.611596283332423 0.2935323657605911 0.5844689255950829
2.607615430748866 0.8289706919896835 0.2683181674601386
3.226339894220438 0.9545155005677728 0.3126491051916779
7.030040666253382 0.1553948580081673 0.738849280770361
6.540497529542141 0.4026067497336845 0.6462859189649146
0.7758280127471932 0.3687547529827523 0.1193571745281672
5.371342105285363 0.6662141272622395 0.3857446922398969
2.504641634860713 0.07471223213388389 0.02418257895813485
6.611391774536042 0.1975985690386924 0.4922791547197078
0.07428867233374453 0.1843655983937801 0.05967477497301749
2.66276408733088 0.6938773988980618 0.2245916700233022
4.743264727263946 0.6866448696316411 0.2921462622285685
0.06242552065218686 0.4182944684576611 0.1353920063999912
2.666155119143553 0.4530530230148838 0.1466425267772223
4.045829576285979 0.8512329582585041 0.3089844909275347
5.461359052136006 0.1387499065802062 0.09248589089636391
5.196960354273228 0.06910509728065409 0.03962306508402452
1.293939135060583 0.4496425444386986 0.1455386356860575
3.689612094327844 0.4861721933047252 0.1578932037294563
1.644760218777009 0.2033377196279917 0.06581560100171209
6.906020383962269 0.2393999335247259 0.7312638912389255
2.698654500521613 0.8379577718277522 0.2712270722215129
4.322702012669431 0.1798838424934869 0.05971749240102544
6.957253513813635 0.198068368768703 0.7269769782246946
4.663051129704139 0.8254634187305114 0.354173212658712
3.458615139433968 0.7033331638588194 0.2290010707341862
2.196032416372208 0.7009485178183132 0.2268804236413833
3.3219193606324 0.06627686482719414 0.02145225046829202
3.299318439598343 0.7636970469299464 0.247851017787467
3.875469901571644 0.2833325320040862 0.09179088179176831
4.571864591334242 0.6058943702953985 0.237406675022469
1.306249562129605 0.3578307042488424 0.1158213188388753
4.084026390448557 0.6242144341318324 0.2163325641048542
1.319375917700553 0.1939693172347706 0.06278327116608802
3.8212512968169 0.3929045387449437 0.1276465110223525
5.66753639338507 0.4164534808687186 0.2919680654526933
2.423359828002132 0.8378601168501134 0.2711954636195483
6.319216264133358 0.2877640975354085 0.4220576657072102
3.445331723486232 0.5664998515155613 0.1834001621746594
4.237261572268553 0.3884785975220992 0.1318028160006321
2.845034775562884 0.6444340090204667 0.2085880164645361
1.156888073034569 0.9534764608735613 0.3086177342216054
2.221956011331932 0.9540601821490364 0.3088066709650348
1.639081474735433 0.0640170771130374 0.02072081073927562
3.549581147587556 0.0735924547466211 0.02382013355515866
1.210276833517888 0.7246421771645672 0.2345494996625785
0.3597116799011882 0.0731635470048833 0.02368130628371878
5.550463036536599 0.4314627055021541 0.2739848605408509
1.5719482892499 0.3413659864616818 0.1104920798837613
4.632219393071012 0.1820991866016215 0.06511809466741436
1.519414302491597 0.6161031037698934 0.1994179738408637
3.400303927512891 0.9665005435325914 0.3220028776272337
3.717998539978033 0.06288156836329835 0.02035327346707887
5.43799785443538 0.5504568263753801 0.3253760838223787
2.213648750306594 0.2501142550183 0.08095605696395744
0.05283288116487431 0.9445161096093561 0.305717480866158
0.1610349713286921 0.7292151819704014 0.2360296729439074
3.319443882520704 0.1918332850322789 0.06209188816335146
6.356776386241275 0.05733099691434806 0.2437324722428194
3.905661249609178 0.1519687257621612 0.04918867506628678
2.976266124539378 0.4548890614477021 0.1472368089061812
1.084185900998567 0.9663361533782633 0.3127801119272402
4.87193947781849 0.9052561738615073 0.4297265349933321
1.049775158454866 0.06497280311132976 0.02103015659544855
6.200100097899067 0.4236782486183548 0.4850693798024758
3.001869908048774 0.5964997274193279 0.193072825490938
3.869117463191412 0.9753130895699202 0.351162171048448
1.059756636633304 0.8404347401645669 0.2720288081711828
5.675228664573571 0.1710655359154463 0.1390949940738547
5.205609203812332 0.6621391903723665 0.3463407896508927
4.913864833193498 0.7890966502549412 0.3694385323012965
0.5458417407821363 0.05864360880366921 0.01898154639180609
4.228721081404473 0.6783013045750315 0.2458977991161077
0.5148185823177388 0.1906414084404817 0.0617061059565257
4.953677014517913 0.1734804883066176 0.07193260174923236
3.585025245637002 0.9558168562185901 0.3256015315436772
2.331736990367543 0.05824808731919369 0.01885352546063074
6.869741964202166 0.258340511082961 0.7238544941159324
4.080098671454304 0.3552982351362772 0.1172311618228248
2.056119695139079 0.7099480708500949 0.2297933656799639
4.732387768059986 0.2559167196552883 0.09630392865342423
4.633931732073178 0.06854805229557276 0.02451832205041919
5.60749012529811 0.05386549559084174 0.06523115587154742
6.160605985557878 0.3068903801528138 0.3698043756026724
4.755199708639337 0.7592904163391605 0.3308926152342577
2.600337788104513 0.6072131023123568 0.1965404910506351
2.348037733857606 0.3175747951467606 0.1027914350756904
3.658033672604874 0.1761317020661253 0.05700965786448574
1.236543497276176 0.208351892020322 0.0674385697756866
5.142048143801981 0.5644783382355459 0.2782978077086363
3.405699753656329 0.1818728132091068 0.0588679194845346
6.188936911805449 0.04969888337497287 0.1790748319993546
6.894077967276792 0.1585112818930889 0.6383265611726837
6.015549991041441 0.203278043050992 0.2385988632244464
6.441492541486145 0.4734780909854232 0.6549576859112949
1.918715291153261 0.7145670438085829 0.2312884177629209
4.435585278088299 0.9473003520243758 0.3901687427434509
0.5865348854685959 0.6967885333730173 0.2255339352627105
4.479887654204258 0.3085807931102399 0.1084296544877104
1.766861660504635 0.6488226546258962 0.2100085170417695
6.286558349237396 0.3526583565886518 0.4634064897672422
4.529988988824319 0.94587773919767 0.400768295535773
5.829942340527386 0.1524076332384219 0.1570070661618436
3.444798936854618 0.3090222091354711 0.1000231656691008
5.331447430651481 0.3391607218824896 0.1816172267877716
2.395726710979756 0.3955823148322928 0.1280406205202262
4.452775570599047 0.5735116669431325 0.2145391252375066
2.266922585204117 0.8426028195947453 0.2727305641020435
1.439493151118203 0.6729649484154298 0.2178228054001962
0.05243868163454064 0.8490991224982425 0.2748332633979
4.026885141261386 0.4858865245868477 0.1623671059486443
4.391499400661009 0.7909178935617156 0.3087582082338786
3.959344099953442 0.4397417435646196 0.1448361652836584
1.85373858539902 0.8503111558201155 0.2752255698605629
0.2502622350237463 0.3775198840572184 0.1221942397346629
6.477708584760583 0.3092701960114718 0.5215971934342486
0.08009204345139168 0.06902264862773007 0.02234099561298852
3.578316811741221 0.5088639717949612 0.1648718981132113
1.66625095331485 0.9556264229222924 0.3093136259854503
1.847271004701237 0.4843718326608909 0.1567796832442136
0.5489131096056893 0.4246729723547615 0.1374565769491616
0.6356041390929315 0.5618544183914582 0.1818589600077854
5.758590482910138 0.4684503135026838 0.3541325022038155
6.175551680732031 0.4956188797583303 0.53611116312027
3.110697918828604 0.5219643539899974 0.1689474915041437
0.603542332682494 0.1785380021950828 0.05778852019001775
6.349729248367334 0.3928366569207484 0.5301981307492102
2.765336086081102 0.6185143147904721 0.2001984257056317
3.779146871825116 0.1861367173794639 0.06024804421544618
6.891502465046855 0.04929513920118758 0.5244117325298803
0.6000490948050613 0.9680515812455087 0.3133353552744382
6.817297763355931 0.2905188603837601 0.7187253579516477
0.2039105262973698 0.8572038441416936 0.2774565697224285
5.972403401149631 0.5505724379181339 0.4942636311317126
0.04938910842414879 0.5043245424433083 0.1632379025472777
5.895924216228671 0.4675481964391286 0.3986985453719594
3.125141832578648 0.05426757741969773 0.01756512873911796
2.051658315115862 0.9710531702431169 0.3143068984991736
4.81361201898561 0.5965923273868152 0.2544920712978495
7.121316708093941 0.0541615331105738 0.7039124109801593
1.38105616884896 0.3368670203896487 0.1090358711859412
2.910543477010016 0.4374824413667723 0.1416026985004444
4.991847023434569 0.2936989716868355 0.1260442003971509
5.500834646900191 0.2496083174267183 0.1563019111087826
0.9668930259059021 0.5691048313014457 0.1842057468413076
4.945043096625541 0.4228161211786997 0.1823630735378258
4.118624411005025 0.05558728999814133 0.01799423095223276
1.706877550189889 0.4311901253470586 0.1395660249246424
2.715536567629997 0.7591613315077903 0.2457225318640144
2.759376119166267 0.4378292505311114 0.1417149524080107
1.015671212897735 0.1897441471235453 0.06141568373217011
3.795835082142028 0.9780305661853468 0.3471851875479228
1.088958084997383 0.2046600586935083 0.06624361081948837
5.16159756827445 0.9015092971081574 0.4914411177963307
2.812264196534506 0.5010003766538026 0.1621619488596593
5.901533664256123 0.05142867555334385 0.1087397240898266
3.207619485307514 0.4880488597965089 0.1579698497872095
0.2772346924344724 0.8463040570170639 0.2739285669410918
1.890181904237288 0.5457162101664995 0.1766354044601003
1.361732512973376 0.7828030595518531 0.2533747989533953
2.723983398461386 0.3270515399143873 0.105858832770335
0.5716678078239286 0.5902992765181039 0.1910658864769062
0.1427522888759733 0.05468974029964108 0.0177017728586395
5.060624608609416 0.4868726130079927 0.2258197205729776
1.990503826020684 0.641422290711097 0.2076131946216353
2.425601594458983 0.5385818014613035 0.174326165438519
4.221008876393771 0.8396458210829535 0.3170277745762447
0.1266804482366995 0.9589816072851 0.3103996196501463
2.631690610755246 0.9727840698126359 0.314867149669738
4.560562033846152 0.8280911625986047 0.3436192831003405
5.344632182130995 0.06602809933167542 0.04715116539058042
1.681712230995176 0.7263742634248451 0.2351101349368186
0.3099467015809466 0.9738509959254238 0.3152124883676738
2.504304890375868 0.631853256065803 0.204515924880741
6.267897465286708 0.2112989077020078 0.3345278312944827
1.339647881172949 0.05243609310441073 0.01697232067007719
2.75736182891068 0.1897452063353315 0.06141602657392335
0.8352874485542914 0.0497670147365827 0.01610840325612834
1.407704779698474 0.8379405252897175 0.2712214899258719
0.2718045987775067 0.6549270451026077 0.2119843635728947
0.6194299813610477 0.06689526863511344 0.02165241312554232
5.355383725675905 0.4923211576636207 0.2721613461948866
5.012862797072083 0.05031455586238225 0.02478993877442718
2.359689376289097 0.9619330946714746 0.3113549461706688
5.548831430325886 0.1365008097848854 0.1014705226385819
5.797867837568952 0.3422100145480969 0.275261565705125
2.680783828389036 0.5557414459241253 0.179880335689678
1.177706453427603 0.3250341611308259 0.1052058550673731
4.508050229415046 0.7177211027010942 0.2843599169274741
3.744151646838803 0.6244679321069844 0.2060387868627406
6.104844483891513 0.2719859750548556 0.3204153151648507
2.092087038642773 0.1752077224366327 0.05671058755554527
3.964138073168885 0.7020440775778731 0.2419839849641734
5.857237523079349 0.2761709006036206 0.2453993216642016
2.179702333915459 0.4849112433609146 0.156954277704473
5.830459060689734 0.6296129618281739 0.5028470782833644
1.679538996523048 0.1333942000812142 0.04317654129568178
1.971330271279983 0.3103012145633801 0.1004371494153349
6.043230086937433 0.3104728022872565 0.328460961417544
6.759737399555773 0.3258966336449737 0.71391199842949
0.3477670916370146 0.1831345918342665 0.05927632732297169
1.142428152335469 0.8539168894155591 0.2763926603741693
4.918278023407648 0.6458226510481773 0.2915734501207784
4.12849532833317 0.9713080160363865 0.370678686677823
0.3638716389682753 0.8565786836460672 0.2772542200854922
4.24762252078664 0.9563682189575957 0.3747945994804147
0.2790401365694474 0.1859690856097878 0.06019378578425892
5.977433720824674 0.4412911870316193 0.4076296288211665
2.493312037845429 0.4895880350975687 0.1584680443556918
1.9446742955184 0.7721317074788034 0.2499207351846386
0.8619159228303258 0.5257188689694633 0.1701627390258311
3.083257797431644 0.9584550390837716 0.311572012371325
5.409071633297783 0.8045015222855394 0.4930506698690847
0.991963297529562 0.700664742550433 0.2267885723122786
2.034084969569928 0.04993735022897914 0.01616353681828545
5.449409071865723 0.6159307694466333 0.3715244855282247
4.862872596342381 0.2335999094327632 0.09268282561808908
0.8452833924475637 0.1757639811754739 0.05689063532669304
5.359133263234263 0.2189316849159538 0.1221574148076539
4.000440030223218 0.5688734417942749 0.1921197246436318
0.2839807393629492 0.06731521550785735 0.02178833997604993
3.156711181719872 0.1833052695331753 0.05933157164926701
6.316000479614938 0.452736104647381 0.5669859460615289
3.079120961797237 0.1788267466827633 0.05788197993780775
6.599226578417041 0.3924667078256706 0.673015313606526
1.955112698186655 0.5497976108607793 0.1779564571409028
5.244444558629271 0.3075975970313232 0.1547334885467821
2.155555258364603 0.3754912653638869 0.1215376239392798
1.560619456042739 0.738250849340063 0.2389543043377964
0.4219279256316366 0.3628568369793885 0.1174481588908856
0.05203666377583446 0.6390256489480569 0.2068374584802599
3.284210773669328 0.1321450354840381 0.04277221631916674
2.465457900203804 0.9605660642382987 0.3109124708163091
1.783901693637462 0.2314411170036821 0.07491200471792836
3.366085931337534 0.3075172995803542 0.09953606211052629
4.328425075232348 0.5384160511922752 0.1928689832219146
2.842453045981445 0.2357882152614019 0.07631905740332662
1.284463767853154 0.6923414811179474 0.2240945298371509
4.474981908911445 0.2385397091297654 0.08243740700471829
0.6047207287544292 0.8340379522871508 0.269958319530891
3.5381170141871 0.4477167575748643 0.1449153041169008
3.247729556142377 0.6159894527332515 0.1993811876936857
6.12859203669702 0.1167136703762976 0.209748706561433
6.371873772384911 0.5197059559752667 0.6585690094389103
5.882217186986795 0.5252473673539099 0.4390345466311276
2 4 0 291
3463
3464
3465
3466
3467
3468
3469
3470
3471
3472
3473
3474
3475
3476
3477
3478
3479
3480
3481
3482
3483
3484
3485
3486
3487
3488
3489
3490
3491
3492
3493
3494
3495
3496
3497
3498
3499
3500
3501
3502
3503
3504
3505
3506
3507
3508
3509
3510
3511
3512
3513
3514
3515
3516
3517
3518
3519
3520
3521
3522
3523
3524
3525
3526
3527
3528
3529
3530
3531
3532
3533
3534
3535
3536
3537
3538
3539
3540
3541
3542
3543
3544
3545
3546
3547
3548
3549
3550
3551
3552
3553
3554
3555
3556
3557
3558
3559
3560
3561
3562
3563
3564
3565
3566
3567
3568
3569
3570
3571
3572
3573
3574
3575
3576
3577
3578
3579
3580
3581
3582
3583
3584
3585
3586
3587
3588
3589
3590
3591
3592
3593
3594
3595
3596
3597
3598
3599
3600
3601
3602
3603
3604
3605
3606
3607
3608
3609
3610
3611
3612
3613
3614
3615
3616
3617
3618
3619
3620
3621
3622
3623
3624
3625
3626
3627
3628
3629
3630
3631
3632
3633
3634
3635
3636
3637
3638
3639
3640
3641
3642
3643
3644
3645
3646
3647
3648
3649
3650
3651
3652
3653
3654
3655
3656
3657
3658
3659
3660
3661
3662
3663
3664
3665
3666
3667
3668
3669
3670
3671
3672
3673
3674
3675
3676
3677
3678
3679
3680
3681
3682
3683
3684
3685
3686
3687
3688
3689
3690
3691
3692
3693
3694
3695
3696
3697
3698
3699
3700
3701
3702
3703
3704
3705
3706
3707
3708
3709
3710
3711
3712
3713
3714
3715
3716
3717
3718
3719
3720
3721
3722
3723
3724
3725
3726
3727
3728
3729
3730
3731
3732
3733
3734
3735
3736
3737
3738
3739
3740
3741
3742
3743
3744
3745
3746
3747
3748
3749
3750
3751
3752
3753
-0.05846710751549651 0.01286518591549801 0.6695426828401106
-0.06430486783959927 0.5423437788425729 0.7363944542983475
-0.06478363000543222 -0.5459454345275465 0.7418770532945703
-0.03979045068013145 -0.2704918658364175 0.4556648384197603
-0.0406531868993817 0.3084421879851029 0.4655445596409164
-0.08318324019393732 0.2455415275719398 0.9525822667587158
-0.08451228622605145 -0.2234373545596462 0.9678019874501484
-0.08693031874201178 0.8042532668962614 0.9954923598123284
-0.08693058470375419 -0.8042401572155491 0.9954954055032497
-0.02993760722425256 -0.005665400277773402 0.3428338891588487
-0.04866862040857165 0.7879730804247348 0.5573342014462981
-0.04871559417072103 -0.7831595595387431 0.5578721267870795
-0.08960043585582407 0.5190778007018161 1.026069507408182
-0.09020559321672793 -0.5126671236094498 1.032999535251288
-0.09187676450426117 -0.001760203949723538 1.052137141932479
-0.03913734367559064 0.5364937626528273 0.4481857098188364
-0.03891906527767989 -0.5374283203810386 0.4456860701006466
-0.0638988380159427 -0.3213185057407495 0.7317447579303336
-0.06444654761263932 0.3036875291821464 0.7380169162155357
-0.06809481828418017 -0.8816487578010808 0.7797954997152141
-0.06804283098093467 0.8814212135997355 0.7792001612425213
-0.0255361272586156 0.2037359610975148 0.29242984438745
-0.02489624422289258 -0.1787244016229821 0.2851021515584826
-0.0751456225431601 -0.05653464725216129 0.8605385807512681
-0.04444929337388792 0.1112433492662122 0.5090161015295136
-0.04324693823068358 -0.1015535313806277 0.4952471958563458
-0.09665582309951831 0.9524622432469887 1.106865071011129
-0.09665579670034996 -0.9524621817729364 1.106864768698072
-0.09870299531805959 0.319864431655059 1.130308494805786
-0.09763659151628543 -0.3320029113061813 1.118096451268462
-0.09839800083802365 0.6649819107726869 1.126815816082543
-0.0985167724412533 -0.6652781520978346 1.128175942506722
-0.02662012382816766 0.4201125487611952 0.3048433534912766
-0.02942081254786299 -0.4233035136693988 0.3369157565739623
-0.05235279914906352 0.4542833021984463 0.5995239902517355
-0.05258029424670263 -0.4449852978615629 0.6021291760474673
-0.07724765231689956 -0.4141624793893781 0.8846102120329171
-0.07699909233319788 0.3988692290785621 0.8817637993161287
-0.06907615497505984 0.1408759146243743 0.791033387627708
-0.10002834259559 -0.1782305698235389 1.145485858791498
-0.09921378526515863 0.1567249512506638 1.136157863555243
-0.07124504191163737 0.7065000203065609 0.8158706412580413
-0.07138216564092192 -0.7068901499187561 0.8174409291257674
-0.01461868919008668 0.001493290397204472 0.1674075697227348
-0.0386720736692315 -0.9376762061168256 0.4428576178101474
-0.0386816188928714 0.9376749460037435 0.442966926016354
-0.03617646533004862 0.7264049905456179 0.4142788771497098
-0.0351831339132339 -0.7330839650106378 0.4029036302789178
-0.08277154285621083 0.9604284276043401 0.9478676682134448
-0.08277206925881889 -0.9604299502544005 0.9478736963723439
-0.05215846987254074 0.6084735466599047 0.5972986066010728
-0.05115080877120938 -0.6153976669468844 0.585759261730159
-0.0640657907955141 -0.1500409696455312 0.73365663653524
-0.05451231291004482 0.9301892244133614 0.624253905903459
-0.05446998583466176 -0.9297817868885612 0.6237691926208118
-0.05665602629220313 0.179176421717324 0.6488028817331645
-0.08196886157833658 0.09733711786175836 0.9386756729339019
-0.07933149969269165 -0.5796750434718128 0.908473625531605
-0.07880315496987836 0.5778586689471705 0.9024232262860505
-0.1027163792126195 0.4940133416739393 1.176268213601628
-0.1027163792126206 -0.494013341673746 1.176268213601641
-0.05259066927260514 -0.2288063450573166 0.6022479868279723
-0.1017866919951619 0.8049803658925248 1.165621795465462
-0.1017865116936844 -0.8049833624655005 1.165619730722736
-0.06077124377819514 -0.7255148456864142 0.6959287593987161
-0.06058885548190034 0.7251874039714361 0.6938401192313193
-0.02949507499681156 -0.571444692911065 0.337766181392628
-0.0293399849484756 0.5687054288803568 0.3359901501938145
-0.1036995668140957 -0.0007689265503683096 1.187527297425794
-0.01836778590059882 0.1501738537653827 0.2103407739913611
-0.01798410994402984 -0.1427560378693729 0.2059470654561426
-0.08388330291774981 -0.1110876589611556 0.9605991140803702
-0.02031768354240232 0.3163451530537962 0.2326702469878116
-0.02111646349555016 -0.3110669996448676 0.2418175658067746
-0.08459017462247115 -0.6442988807290848 0.9686939352156638
-0.08401212310955901 0.6404201493145303 0.9620743130511945
-0.08761603133778646 -0.4030576636141057 1.00334487502257
-0.08740076381732413 0.346444047269441 1.000879714707421
-0.0396373731469175 0.4262188115641647 0.4539118537650875
-0.03773379030038969 -0.4438179646159777 0.4321127598758644
-0.03328838880625628 -0.1141296486951648 0.3812057427619702
-0.03630093062951324 0.1976639005313093 0.4157042055791652
-0.0693210001490058 -0.2236793854454895 0.7938372597811615
-0.05084196163370291 0.2678663341892893 0.5822224638649116
-0.06720557483781323 -0.4274734142849475 0.769612227989958
-0.06602974813270414 0.4236334283513398 0.7561471157208061
-0.07401337830638897 0.2896772687219829 0.8475725580389255
-0.04764601120058782 0.005014208126249642 0.5456236766443516
-0.06808479243691036 0.9932763738007941 0.7796806875932453
-0.06808479243690926 -0.9932763738006689 0.7796806875932327
-0.0316962815521801 0.2857764400253355 0.3629735467865624
-0.03216287239340838 -0.2931911365760282 0.368316764484883
-0.1029708656389571 1.027565455929892 1.179182493645381
-0.1029708565840174 -1.027565471946493 1.179182389951717
-0.05468252431483557 -0.1175464776267661 0.626203101022977
-0.08954709401385906 1.001228486624404 1.025458657282409
-0.08954713802293841 -1.001228479357606 1.02545916125735
-0.07598149667553879 -0.8151941041731725 0.8701106877517762
-0.075948281909621 0.8150675303658812 0.8697303251097871
-0.0331596298975732 0.854312600246881 0.3797312455817839
-0.0330115618633632 -0.8547822224300408 0.3780356277705476
-0.06873497952448539 0.03819556807982916 0.787126378435365
-0.1046431831385202 -0.2517572689780772 1.198333226303044
-0.1045950683234411 0.2492562165032478 1.197782234065808
-0.05451629732374261 -0.324422404511284 0.6242995338667758
-0.08995779637593389 0.1580422321343982 1.030161861751669
-0.04395331019254973 0.6382496055160231 0.5033362941299101
-0.04422172678021141 -0.6962384093728202 0.5064100969888372
-0.02574037751345351 0.09336017106865668 0.294768839241407
-0.09251360126215749 -0.2373349192325966 1.059429949966977
-0.1061416998018271 0.4017910532023626 1.215493659061501
-0.1060304864233658 -0.4030860881174156 1.21422008650161
-0.106322642884226 -0.5847319075451094 1.217565749198799
-0.1062757271529065 0.5831967678435831 1.217028488404617
-0.05976615827769396 0.838776948973549 0.684418909311505
-0.06000059173631014 -0.8400674166351725 0.6871035505313347
-0.02442149819888934 -0.08357173926545824 0.2796655438638614
-0.03525350973760768 0.08207258071588863 0.4037095469774495
-0.03901869893857018 -0.1784579782138676 0.4468270362173755
-0.03859824252605588 -0.01684160247268585 0.4420121321382368
-0.08894688317044067 0.8999187875237886 1.01858527504277
-0.08894689932458023 -0.8999179912602511 1.018585460033723
-0.02701669557633876 0.6698559135471118 0.3093847396400137
-0.02684846053490652 -0.6703912887467327 0.3074581770686352
-0.04610256230122513 0.8789909309184759 0.5279486973116706
-0.04605364603002958 -0.878236858296316 0.5273885271092297
-0.1057031094165094 0.8988807429391119 1.210471091745405
-0.1057030738051457 -0.8988809275243796 1.210470683937853
-0.01731779606936111 0.2439611405163147 0.1983166968908397
-0.01767723691539624 -0.2407070363345911 0.2024328743215377
-0.02325161044666244 -0.4998320033260149 0.2662684421841716
-0.02247443611597718 0.5014614078245888 0.2573685425902011
-0.1069718622901422 -0.08856568947366461 1.225000358525147
-0.1068554969572238 0.0854934582491258 1.223667787777114
-0.04442981025613223 0.2117728307583326 0.5087929884068113
-0.09129038252370007 0.2599150417898191 1.045422122477184
-0.07715049151472884 -0.1655299408034048 0.8834975641370111
-0.09557404716154691 0.7614299924597361 1.094476991720567
-0.0955728216390254 -0.7614460674178258 1.094462957511045
-0.08433781384334396 -0.006096309764007435 0.9658039972609351
-0.04669463719613945 0.9782587735817453 0.5347289098184345
-0.04669947311703736 -0.9781331178746511 0.534784288912592
-0.04830005298178777 0.5417374464222305 0.5531135099457277
-0.05578413451447366 0.5392687947065381 0.638818314600384
-0.05593637725307899 -0.5401748559278217 0.6405617395103445
-0.04804591997781232 -0.5373060271841814 0.5502032771580579
-0.0955165045804465 0.4386774965834837 1.093818036356305
-0.09634895885969451 -0.4399495944706093 1.103350980522572
-0.1073161338711852 0.6921606954600954 1.228942823405116
-0.1073437681767858 -0.6924685217122939 1.229259280775726
-0.05314130216411017 0.09818297318927849 0.6085536215537248
-0.09738739558967646 -0.5615950826545582 1.115242755979671
-0.09719959874706685 0.5515205781846418 1.113092179233503
-0.06540135323810452 0.6448834963523954 0.748950980636971
-0.0654794790789579 -0.6424084704875641 0.7498456475242272
-0.07264034610682388 -0.3269018136256094 0.8318491247847118
-0.08174423207881723 0.501787238489775 0.9361033028585763
-0.07323874056258202 0.5072211125412655 0.8387017064559829
-0.08217380074276266 -0.4957574678038847 0.9410225569137886
-0.07380539176681178 -0.510510141888556 0.8451907766984349
-0.07699654898528033 -1.021625123960059 0.8817346738802967
-0.07699597795354325 1.021621544803913 0.8817281346458877
-0.06159817404757804 0.1104733478289806 0.7053984447423296
-0.05938371476842247 1.009475308190279 0.680039314285662
-0.0593627709890845 -1.009377299202724 0.6797994742319358
-0.04129141085142593 0.7976069721570787 0.4728532532858188
-0.04129141085142451 -0.7976069721570014 0.4728532532858027
-0.08089776169341112 -0.7224961757829047 0.9264098516701648
-0.08089776169341034 0.7224961757830367 0.9264098516701559
-0.06317479051744211 0.2012205736201732 0.7234532462533602
-0.05690600419545185 0.3647835164968096 0.6516655319157344
-0.0765819514998333 0.1776973510856333 0.8769868639659654
-0.06700378952932165 0.7897294086149373 0.7673014607473886
-0.06704048338846359 -0.789841469790364 0.7677216646182377
-0.04761518369345984 0.3821863826675317 0.5452706519659253
-0.03217799740113279 0.48129743050961 0.3684899702185137
-0.03259507169261164 -0.4977189283271604 0.3732661435567596
-0.08119989772752507 -0.321948468245759 0.9298697965772023
-0.09743223851889886 -0.06078945166732641 1.11575627984661
-0.09722650060940453 0.06001705013992686 1.113400248947392
-0.03445114910525389 -1.016090562221319 0.3945212236062864
-0.03445114910525283 1.016090562221407 0.3945212236062742
-0.06499965382817073 -0.05712850368077493 0.7443508744906245
-0.006964172942534074 2.478618212276018e-05 0.07975101268801323
-0.02796074554989052 -0.7683757875854007 0.3201956344992057
-0.02822734221940408 0.7672110655570084 0.3232485963599834
-0.04504366593261686 -0.3737506371750821 0.5158226259928661
-0.01118247911329607 0.09889327080196586 0.1280574220663383
-0.03511975591565435 0.6282544101244995 0.402177849984003
-0.03639084753863514 -0.6355544459440718 0.4167338992159577
-0.09603266536746111 1.039073717500167 1.099728909885445
-0.09603266399341416 -1.039073706505873 1.099728894150392
-0.05998779175460215 -0.2238807164637127 0.6869569700956358
-0.05969328199445748 -0.3981505320968912 0.6835843583259951
-0.07549890164540111 -0.9210691583482902 0.8645841962772221
-0.07549600185758611 0.9210492060609231 0.8645509890296608
-0.01915316126686865 0.3913974853925906 0.2193345886702584
-0.01963070031009986 -0.3912451553764389 0.2248031809399119
-0.0220986044919488 0.004286883517253814 0.2530646643147282
-0.05224575650438023 0.6964871847086826 0.5982981793205969
-0.05308951595955852 -0.7039981574616125 0.6079605859854295
-0.07637422583651113 0.03168294183879472 0.8746080700793633
-0.09593281226419816 0.8536542331597353 1.09858543079961
-0.09593261464442331 -0.8536551146094067 1.098583167734446
-0.08017120948624905 0.3183707413022585 0.9180896570391629
-0.07187432115085952 -0.6021669426634937 0.8230769035141675
-0.07155134802129524 0.5988343315381722 0.8193783402559882
-0.0619626438394962 -0.9304440239307534 0.7095722117145954
-0.06195796187480124 0.9306278137955439 0.7095185956672784
-0.08497009817133194 0.5696640017971265 0.9730446726303499
-0.08591493614194801 -0.57470778697569 0.9838645913268917
-0.08849972498461008 -0.3049156004734785 1.013464592591761
-0.08201860570717406 0.8801434436902389 0.9392453234415981
-0.08202576137263951 -0.8801728603552643 0.9393272673525791
-0.05917471100201563 0.4626673265758466 0.6776458840572827
-0.08905840717255215 0.06162944908427703 1.01986240474446
-0.07053889033713084 -0.1257786274744133 0.8077840667752082
-0.03251716815821262 -0.2164042005283875 0.3723740224369649
-0.0917200682615638 -0.1482948643981457 1.05034271721759
-0.1079400804415667 -0.1792489216640618 1.236088018001933
-0.1079429269268288 0.177337059868461 1.236120614849292
-0.03280759606968856 0.3778999000251803 0.3756998904557186
-0.03557165520644544 -0.3606853997055521 0.4073528257337566
-0.08357942367069382 -1.04139327355457 0.9571192065735112
-0.08357942367069338 1.041393273554715 0.9571192065735064
-0.03070773628479751 0.1442081533533424 0.3516531090463679
-0.01071802403499217 -0.09939670131496192 0.1227386622982826
-0.06979246322996631 0.2204788205437191 0.7992362724828713
-0.07037219159623258 0.3539668638335078 0.805875097322849
-0.04624776358458443 -0.1873596889777247 0.5296114862018724
-0.08685365765121274 0.4380312136278555 0.9946144666756955
-0.04367762372896762 -0.6047399992421363 0.5001792394660818
-0.05879220496923122 -0.6248616709608437 0.6732655730363724
-0.05841390624183312 0.6261073675402551 0.6689334424481153
-0.1082323279525133 0.3175518535868396 1.239434723369465
-0.1082323279525139 -0.3175518535866826 1.239434723369472
-0.1085893979302998 0.7877761052368317 1.243523750534733
-0.1085895164293487 -0.787791681723879 1.243525107539971
-0.0322854510471524 -0.9529574534069476 0.3697204877778589
-0.03231697369872216 0.9528632769477546 0.370081472981345
-0.109249690631621 0.4940688130144545 1.251085166953632
-0.1092439006806396 -0.4941362346570797 1.251018862676261
-0.09740064981713402 0.2305318213116672 1.115394538261857
-0.01490486543673967 0.318431967878576 0.1706847493217383
-0.01516707259900268 -0.3184671676187225 0.1736874442446434
-0.05839225473622305 0.2632194023880771 0.6686854977870789
-0.04781914993265529 -0.2800189602868892 0.5476063943826861
-0.04990367874400727 0.1736483818240874 0.5714776114176252
-0.07763037373129678 -0.6506090407701663 0.8889929895206837
-0.07730188594115607 0.6492218691778942 0.8852312745042862
-0.05271385382779738 0.8474512170104722 0.6036586486697912
-0.05277944974139117 -0.8444242400850634 0.6044098276803547
-0.0526591422506397 1.017993546574312 0.6030321128668116
-0.05265844500964748 -1.017982800516162 0.6030241283328678
-0.04446711265739523 0.7293443666704275 0.5092201610664667
-0.04543293114217839 0.470993205543102 0.520280340489778
-0.04453928458501074 -0.4680776934220043 0.5100466460440586
-0.06026540554808628 -0.4725530380859118 0.6901360957954406
-0.0411758058253351 -1.019636645592868 0.4715293892772643
-0.04117630385461451 1.019644321348708 0.4715350925157869
-0.04093667027904511 0.04874955999283914 0.4687909015695531
-0.08985674738574879 -0.06561750906642705 1.029004687831724
-0.01832403450395599 -0.06444183064471121 0.2098397499329959
-0.01842482005377802 0.06959333384196165 0.2109939070358795
-0.09172097762645398 -0.6182674167221514 1.050353130912301
-0.09069054484258098 0.6091761515323408 1.038553013547746
-0.01200296132800125 0.1915050205318405 0.1374532667837984
-0.01186762178915443 -0.189694518033368 0.1359034107743122
-0.02265689088124859 -0.5904154930488956 0.2594579439345883
-0.02260390805802452 0.5902155539433411 0.2588512051524626
-0.07457457103105396 0.09718982658790942 0.8539991198863572
-0.1092231094834364 1.060498531302072 1.250780769934077
-0.1092231094834373 -1.060498531301893 1.250780769934087
-0.1100117356948094 9.681144774731365e-14 1.259811812032707
-0.03979023082209189 0.8672026518832681 0.4556623206905974
-0.03974589278310644 -0.8672072238194146 0.4551545786312114
-0.09843344833096827 -0.2606541123903687 1.127221747050164
-0.02526445306370767 0.2783022285765753 0.2893187366713454
-0.02606061359035164 0.3455519813056724 0.2984360588319553
-0.02594635469372621 -0.2634301395955356 0.2971276101769573
-0.02730814310784884 -0.3404870574279697 0.3127222839527076
-0.05488551728778297 -0.7788167922639717 0.6285276979714126
-0.05498512919392634 0.7769933794871751 0.6296684149612009
-0.1015833932175608 0.7337720322205182 1.163293696560508
-0.1015833932175663 -0.7337720322203802 1.163293696560571
-0.1097997937469411 0.9892080461200893 1.25738473488759
-0.1097997937469414 -0.9892080461199129 1.257384734887593
-0.07696480434482701 -0.2522993925359818 0.8813711465460471
-0.0828671993481319 0.1686440107000442 0.9489630893306842
-0.08969639227593626 -0.7029277817587325 1.027168363186965
-0.08942418576867692 0.7005288814573263 1.024051159635868
2 5 0 46
3754
3755
3756
3757
3758
3759
3760
3761
3762
3763
3764
3765
3766
3767
3768
3769
3770
3771
3772
3773
3774
3775
3776
3777
3778
3779
3780
3781
3782
3783
3784
3785
3786
3787
3788
3789
3790
3791
3792
3793
3794
3795
3796
3797
3798
3799
0.01942007302655672 -1.047752953255355 0.331669890499992
2.728903885326109 -1.047748669187223 0.3316675604035332
2.632136654378499 -1.047748961771472 0.3316698904997128
2.53536949861718 -1.047748918061618 0.3316698904997086
2.438602825495983 -1.047756168166302 0.3316698905002134
2.341839615846025 -1.047754484485623 0.3316698905000971
2.245071747182601 -1.047753850733829 0.3316698905000539
2.14830390520732 -1.047753288738889 0.3316698905000153
2.051536089520543 -1.047752788467796 0.3316698904999808
1.954768299192649 -1.0477523420507 0.3316698904999497
1.858000533914883 -1.04775193853847 0.3316698904999215
1.761233603242088 -1.047753125938035 0.3316698905000037
1.664465072918228 -1.04775269233469 0.3316698904999733
1.56769790040333 -1.047751733902085 0.3316698904999064
1.470933036613079 -1.047752742780494 0.3316698904999764
1.374164461564221 -1.047752277533853 0.3316698904999439
1.277397552167436 -1.047752836895457 0.3316698904999829
1.180629041271461 -1.047751923547654 0.3316698904999192
1.083861817428117 -1.04775210979805 0.3316698904999322
0.9870945848372297 -1.047752275307022 0.3316698904999438
0.890327343467709 -1.047752419812635 0.331669890499954
0.7935600933522062 -1.047752543566227 0.3316698904999627
0.6967928345860253 -1.04775264729156 0.33166989049997
0.6000255673265289 -1.047752732131115 0.331669890499976
0.503258291781284 -1.047752799598781 0.3316698904999809
0.4064910081974149 -1.04775285153061 0.3316698904999845
0.3097237168591719 -1.047752890035617 0.3316698904999874
0.2129564180811907 -1.047752917446783 0.3316698904999894
0.116189112209989 -1.047752936271608 0.3316698904999907
3.662011114239323 -1.050658733435967 0.3588662271112604
2.825553268801776 -1.044189483714254 0.3317430243128665
5.801265590580799 -0.7727197838182426 0.5893912007596082
5.89533481752246 -0.7419507098215119 0.6029538037481796
5.988860992557101 -0.7096036278735578 0.61661578889486
6.081798337850763 -0.6756444936285149 0.6303928539426837
2.917054325966268 -1.051009581539118 0.3322908940441995
3.94426768501867 -1.049156087777256 0.3788469442188195
6.615939505875394 -0.4422471718920752 0.7139009868805732
3.575762045482158 -1.045504180835604 0.3536812406692749
5.136392149278445 -0.9386227787421315 0.4978586694217191
6.544478051505886 -0.4831540832681452 0.702430899161259
5.515818834108774 -0.8572262615854547 0.5490736874978428
3.848915868524845 -1.048487643321886 0.3716514993316656
5.707100745553817 -0.8047278142836547 0.575967314135668
3.975433916777572 -1.046326671459677 0.3812820133688521
6.875023247394993 -0.3123063993602346 0.7561583188230194
2 6 0 47
3800
3801
3802
3803
3804
3805
3806
3807
3808
3809
3810
3811
3812
3813
3814
3815
3816
3817
3818
3819
3820
3821
3822
3823
3824
3825
3826
3827
3828
3829
3830
3831
3832
3833
3834
3835
3836
3837
3838
3839
3840
3841
3842
3843
3844
3845
3846
0.01942007280011139 1.047752952994068 0.3316698903341041
2.728903830393244 1.047749080013499 0.3316698903338618
2.632136659959234 1.047748954495971 0.331669890333854
2.535369496174419 1.047748922641456 0.331669890333852
2.438602826155816 1.047756166182213 0.3316698903343052
2.341839615489864 1.047754484081785 0.3316698903341999
2.245071746865554 1.047753850883493 0.3316698903341603
2.148303905343537 1.047753289189998 0.3316698903341252
2.05153608995429 1.047752790287507 0.331669890334094
1.954768299434265 1.047752341285197 0.3316698903340659
1.858000533908929 1.047751938185603 0.3316698903340406
1.761233604757363 1.047753128439711 0.3316698903341151
1.664465073355999 1.047752693528269 0.3316698903340879
1.567697900125633 1.047751727763865 0.3316698903340275
1.470933035766129 1.047752741084393 0.3316698903340909
1.374164461645858 1.047752276500542 0.3316698903340618
1.277397552330045 1.047752836185224 0.3316698903340968
1.180629041362456 1.047751923065368 0.3316698903340397
1.083861817542452 1.047752109400482 0.3316698903340514
0.9870945849778796 1.047752274990397 0.3316698903340617
0.8903273436263812 1.047752419569961 0.3316698903340708
0.793560093521624 1.047752543395529 0.3316698903340786
0.6967928348108245 1.047752647190531 0.331669890334085
0.6000255675056407 1.047752732100116 0.3316698903340903
0.5032582918844225 1.047752799634355 0.3316698903340946
0.4064910082598234 1.047752851634014 0.3316698903340978
0.30972371686105 1.047752890204564 0.3316698903341002
0.2129564179877443 1.047752917634742 0.3316698903341019
0.1161891120448804 1.047752936538466 0.3316698903341031
3.662004012923854 1.050660777787358 0.3588659020369521
2.825553271346395 1.044188289468263 0.3317429330175126
5.80126512506004 0.7727210513579807 0.5893913231579191
5.895334985271491 0.7419550707333027 0.6029539439735762
5.98886185315604 0.7096080946014502 0.61661594736111
6.081798479581058 0.6756437322582154 0.6303928819278025
2.917054253225031 1.051008359334101 0.3322904458368186
3.944266182541313 1.049158657968571 0.3788627643559492
6.615949480668304 0.4422520516077347 0.7139073245772936
3.575760975382976 1.045498423900959 0.3536812669163126
5.136391737728387 0.9386207375905169 0.4978586412311021
6.54447507491653 0.4831473396068908 0.7024305303742229
5.515810595925436 0.8572264670054925 0.5490781083830454
3.848919114772904 1.048489711522167 0.3716553220600264
5.70710921102841 0.8047259262602278 0.5759685810564902
7.28491280642243 0.05712891094224449 0.8260738685939386
3.975437487023268 1.046327000267353 0.3813022806516606
6.875023167210005 0.3123084940289202 0.7561540890391711
2 7 0 2258
3847
3848
3849
3850
3851
3852
3853
3854
3855
3856
3857
3858
3859
3860
3861
3862
3863
3864
3865
3866
3867
3868
3869
3870
3871
3872
3873
3874
3875
3876
3877
3878
3879
3880
3881
3882
3883
3884
3885
3886
3887
3888
3889
3890
3891
3892
3893
3894
3895
3896
3897
3898
3899
3900
3901
3902
3903
3904
3905
3906
3907
3908
3909
3910
3911
3912
3913
3914
3915
3916
3917
3918
3919
3920
3921
3922
3923
3924
3925
3926
3927
3928
3929
3930
3931
3932
3933
3934
3935
3936
3937
3938
3939
3940
3941
3942
3943
3944
3945
3946
3947
3948
3949
3950
3951
3952
3953
3954
3955
3956
3957
3958
3959
3960
3961
3962
3963
3964
3965
3966
3967
3968
3969
3970
3971
3972
3973
3974
3975
3976
3977
3978
3979
3980
3981
3982
3983
3984
3985
3986
3987
3988
3989
3990
3991
3992
3993
3994
3995
3996
3997
3998
3999
4000
4001
4002
4003
4004
4005
4006
4007
4008
4009
4010
4011
4012
4013
4014
4015
4016
4017
4018
4019
4020
4021
4022
4023
4024
4025
4026
4027
4028
4029
4030
4031
4032
4033
4034
4035
4036
4037
4038
4039
4040
4041
4042
4043
4044
4045
4046
4047
4048
4049
4050
4051
4052
4053
4054
4055
4056
4057
4058
4059
4060
4061
4062
4063
4064
4065
4066
4067
4068
4069
4070
4071
4072
4073
4074
4075
4076
4077
4078
4079
4080
4081
4082
4083
4084
4085
4086
4087
4088
4089
4090
4091
4092
4093
4094
4095
4096
4097
4098
4099
4100
4101
4102
4103
4104
4105
4106
4107
4108
4109
4110
4111
4112
4113
4114
4115
4116
4117
4118
4119
4120
4121
4122
4123
4124
4125
4126
4127
4128
4129
4130
4131
4132
4133
4134
4135
4136
4137
4138
4139
4140
4141
4142
4143
4144
4145
4146
4147
4148
4149
4150
4151
4152
4153
4154
4155
4156
4157
4158
4159
4160
4161
4162
4163
4164
4165
4166
4167
4168
4169
4170
4171
4172
4173
4174
4175
4176
4177
4178
4179
4180
4181
4182
4183
4184
4185
4186
4187
4188
4189
4190
4191
4192
4193
4194
4195
4196
4197
4198
4199
4200
4201
4202
4203
4204
4205
4206
4207
4208
4209
4210
4211
4212
4213
4214
4215
4216
4217
4218
4219
4220
4221
4222
4223
4224
4225
4226
4227
4228
4229
4230
4231
4232
4233
4234
4235
4236
4237
4238
4239
4240
4241
4242
4243
4244
4245
4246
4247
4248
4249
4250
4251
4252
4253
4254
4255
4256
4257
4258
4259
4260
4261
4262
4263
4264
4265
4266
4267
4268
4269
4270
4271
4272
4273
4274
4275
4276
4277
4278
4279
4280
4281
4282
4283
4284
4285
4286
4287
4288
4289
4290
4291
4292
4293
4294
4295
4296
4297
4298
4299
4300
4301
4302
4303
4304
4305
4306
4307
4308
4309
4310
4311
4312
4313
4314
4315
4316
4317
4318
4319
4320
4321
4322
4323
4324
4325
4326
4327
4328
4329
4330
4331
4332
4333
4334
4335
4336
4337
4338
4339
4340
4341
4342
4343
4344
4345
4346
4347
4348
4349
4350
4351
4352
4353
4354
4355
4356
4357
4358
4359
4360
4361
4362
4363
4364
4365
4366
4367
4368
4369
4370
4371
4372
4373
4374
4375
4376
4377
4378
4379
4380
4381
4382
4383
4384
4385
4386
4387
4388
4389
4390
4391
4392
4393
4394
4395
4396
4397
4398
4399
4400
4401
4402
4403
4404
4405
4406
4407
4408
4409
4410
4411
4412
4413
4414
4415
4416
4417
4418
4419
4420
4421
4422
4423
4424
4425
4426
4427
4428
4429
4430
4431
4432
4433
4434
4435
4436
4437
4438
4439
4440
4441
4442
4443
4444
4445
4446
4447
4448
4449
4450
4451
4452
4453
4454
4455
4456
4457
4458
4459
4460
4461
4462
4463
4464
4465
4466
4467
4468
4469
4470
4471
4472
4473
4474
4475
4476
4477
4478
4479
4480
4481
4482
4483
4484
4485
4486
4487
4488
4489
4490
4491
4492
4493
4494
4495
4496
4497
4498
4499
4500
4501
4502
4503
4504
4505
4506
4507
4508
4509
4510
4511
4512
4513
4514
4515
4516
4517
4518
4519
4520
4521
4522
4523
4524
4525
4526
4527
4528
4529
4530
4531
4532
4533
4534
4535
4536
4537
4538
4539
4540
4541
4542
4543
4544
4545
4546
4547
4548
4549
4550
4551
4552
4553
4554
4555
4556
4557
4558
4559
4560
4561
4562
4563
4564
4565
4566
4567
4568
4569
4570
4571
4572
4573
4574
4575
4576
4577
4578
4579
4580
4581
4582
4583
4584
4585
4586
4587
4588
4589
4590
4591
4592
4593
4594
4595
4596
4597
4598
4599
4600
4601
4602
4603
4604
4605
4606
4607
4608
4609
4610
4611
4612
4613
4614
4615
4616
4617
4618
4619
4620
4621
4622
4623
4624
4625
4626
4627
4628
4629
4630
4631
4632
4633
4634
4635
4636
4637
4638
4639
4640
4641
4642
4643
4644
4645
4646
4647
4648
4649
4650
4651
4652
4653
4654
4655
4656
4657
4658
4659
4660
4661
4662
4663
4664
4665
4666
4667
4668
4669
4670
4671
4672
4673
4674
4675
4676
4677
4678
4679
4680
4681
4682
4683
4684
4685
4686
4687
4688
4689
4690
4691
4692
4693
4694
4695
4696
4697
4698
4699
4700
4701
4702
4703
4704
4705
4706
4707
4708
4709
4710
4711
4712
4713
4714
4715
4716
4717
4718
4719
4720
4721
4722
4723
4724
4725
4726
4727
4728
4729
4730
4731
4732
4733
4734
4735
4736
4737
4738
4739
4740
4741
4742
4743
4744
4745
4746
4747
4748
4749
4750
4751
4752
4753
4754
4755
4756
4757
4758
4759
4760
4761
4762
4763
4764
4765
4766
4767
4768
4769
4770
4771
4772
4773
4774
4775
4776
4777
4778
4779
4780
4781
4782
4783
4784
4785
4786
4787
4788
4789
4790
4791
4792
4793
4794
4795
4796
4797
4798
4799
4800
4801
4802
4803
4804
4805
4806
4807
4808
4809
4810
4811
4812
4813
4814
4815
4816
4817
4818
4819
4820
4821
4822
4823
4824
4825
4826
4827
4828
4829
4830
4831
4832
4833
4834
4835
4836
4837
4838
4839
4840
4841
4842
4843
4844
4845
4846
4847
4848
4849
4850
4851
4852
4853
4854
4855
4856
4857
4858
4859
4860
4861
4862
4863
4864
4865
4866
4867
4868
4869
4870
4871
4872
4873
4874
4875
4876
4877
4878
4879
4880
4881
4882
4883
4884
4885
4886
4887
4888
4889
4890
4891
4892
4893
4894
4895
4896
4897
4898
4899
4900
4901
4902
4903
4904
4905
4906
4907
4908
4909
4910
4911
4912
4913
4914
4915
4916
4917
4918
4919
4920
4921
4922
4923
4924
4925
4926
4927
4928
4929
4930
4931
4932
4933
4934
4935
4936
4937
4938
4939
4940
4941
4942
4943
4944
4945
4946
4947
4948
4949
4950
4951
4952
4953
4954
4955
4956
4957
4958
4959
4960
4961
4962
4963
4964
4965
4966
4967
4968
4969
4970
4971
4972
4973
4974
4975
4976
4977
4978
4979
4980
4981
4982
4983
4984
4985
4986
4987
4988
4989
4990
4991
4992
4993
4994
4995
4996
4997
4998
4999
5000
5001
5002
5003
5004
5005
5006
5007
5008
5009
5010
5011
5012
5013
5014
5015
5016
5017
5018
5019
5020
5021
5022
5023
5024
5025
5026
5027
5028
5029
5030
5031
5032
5033
5034
5035
5036
5037
5038
5039
5040
5041
5042
5043
5044
5045
5046
5047
5048
5049
5050
5051
5052
5053
5054
5055
5056
5057
5058
5059
5060
5061
5062
5063
5064
5065
5066
5067
5068
5069
5070
5071
5072
5073
5074
5075
5076
5077
5078
5079
5080
5081
5082
5083
5084
5085
5086
5087
5088
5089
5090
5091
5092
5093
5094
5095
5096
5097
5098
5099
5100
5101
5102
5103
5104
5105
5106
5107
5108
5109
5110
5111
5112
5113
5114
5115
5116
5117
5118
5119
5120
5121
5122
5123
5124
5125
5126
5127
5128
5129
5130
5131
5132
5133
5134
5135
5136
5137
5138
5139
5140
5141
5142
5143
5144
5145
5146
5147
5148
5149
5150
5151
5152
5153
5154
5155
5156
5157
5158
5159
5160
5161
5162
5163
5164
5165
5166
5167
5168
5169
5170
5171
5172
5173
5174
5175
5176
5177
5178
5179
5180
5181
5182
5183
5184
5185
5186
5187
5188
5189
5190
5191
5192
5193
5194
5195
5196
5197
5198
5199
5200
5201
5202
5203
5204
5205
5206
5207
5208
5209
5210
5211
5212
5213
5214
5215
5216
5217
5218
5219
5220
5221
5222
5223
5224
5225
5226
5227
5228
5229
5230
5231
5232
5233
5234
5235
5236
5237
5238
5239
5240
5241
5242
5243
5244
5245
5246
5247
5248
5249
5250
5251
5252
5253
5254
5255
5256
5257
5258
5259
5260
5261
5262
5263
5264
5265
5266
5267
5268
5269
5270
5271
5272
5273
5274
5275
5276
5277
5278
5279
5280
5281
5282
5283
5284
5285
5286
5287
5288
5289
5290
5291
5292
5293
5294
5295
5296
5297
5298
5299
5300
5301
5302
5303
5304
5305
5306
5307
5308
5309
5310
5311
5312
5313
5314
5315
5316
5317
5318
5319
5320
5321
5322
5323
5324
5325
5326
5327
5328
5329
5330
5331
5332
5333
5334
5335
5336
5337
5338
5339
5340
5341
5342
5343
5344
5345
5346
5347
5348
5349
5350
5351
5352
5353
5354
5355
5356
5357
5358
5359
5360
5361
5362
5363
5364
5365
5366
5367
5368
5369
5370
5371
5372
5373
5374
5375
5376
5377
5378
5379
5380
5381
5382
5383
5384
5385
5386
5387
5388
5389
5390
5391
5392
5393
5394
5395
5396
5397
5398
5399
5400
5401
5402
5403
5404
5405
5406
5407
5408
5409
5410
5411
5412
5413
5414
5415
5416
5417
5418
5419
5420
5421
5422
5423
5424
5425
5426
5427
5428
5429
5430
5431
5432
5433
5434
5435
5436
5437
5438
5439
5440
5441
5442
5443
5444
5445
5446
5447
5448
5449
5450
5451
5452
5453
5454
5455
5456
5457
5458
5459
5460
5461
5462
5463
5464
5465
5466
5467
5468
5469
5470
5471
5472
5473
5474
5475
5476
5477
5478
5479
5480
5481
5482
5483
5484
5485
5486
5487
5488
5489
5490
5491
5492
5493
5494
5495
5496
5497
5498
5499
5500
5501
5502
5503
5504
5505
5506
5507
5508
5509
5510
5511
5512
5513
5514
5515
5516
5517
5518
5519
5520
5521
5522
5523
5524
5525
5526
5527
5528
5529
5530
5531
5532
5533
5534
5535
5536
5537
5538
5539
5540
5541
5542
5543
5544
5545
5546
5547
5548
5549
5550
5551
5552
5553
5554
5555
5556
5557
5558
5559
5560
5561
5562
5563
5564
5565
5566
5567
5568
5569
5570
5571
5572
5573
5574
5575
5576
5577
5578
5579
5580
5581
5582
5583
5584
5585
5586
5587
5588
5589
5590
5591
5592
5593
5594
5595
5596
5597
5598
5599
5600
5601
5602
5603
5604
5605
5606
5607
5608
5609
5610
5611
5612
5613
5614
5615
5616
5617
5618
5619
5620
5621
5622
5623
5624
5625
5626
5627
5628
5629
5630
5631
5632
5633
5634
5635
5636
5637
5638
5639
5640
5641
5642
5643
5644
5645
5646
5647
5648
5649
5650
5651
5652
5653
5654
5655
5656
5657
5658
5659
5660
5661
5662
5663
5664
5665
5666
5667
5668
5669
5670
5671
5672
5673
5674
5675
5676
5677
5678
5679
5680
5681
5682
5683
5684
5685
5686
5687
5688
5689
5690
5691
5692
5693
5694
5695
5696
5697
5698
5699
5700
5701
5702
5703
5704
5705
5706
5707
5708
5709
5710
5711
5712
5713
5714
5715
5716
5717
5718
5719
5720
5721
5722
5723
5724
5725
5726
5727
5728
5729
5730
5731
5732
5733
5734
5735
5736
5737
5738
5739
5740
5741
5742
5743
5744
5745
5746
5747
5748
5749
5750
5751
5752
5753
5754
5755
5756
5757
5758
5759
5760
5761
5762
5763
5764
5765
5766
5767
5768
5769
5770
5771
5772
5773
5774
5775
5776
5777
5778
5779
5780
5781
5782
5783
5784
5785
5786
5787
5788
5789
5790
5791
5792
5793
5794
5795
5796
5797
5798
5799
5800
5801
5802
5803
5804
5805
5806
5807
5808
5809
5810
5811
5812
5813
5814
5815
5816
5817
5818
5819
5820
5821
5822
5823
5824
5825
5826
5827
5828
5829
5830
5831
5832
5833
5834
5835
5836
5837
5838
5839
5840
5841
5842
5843
5844
5845
5846
5847
5848
5849
5850
5851
5852
5853
5854
5855
5856
5857
5858
5859
5860
5861
5862
5863
5864
5865
5866
5867
5868
5869
5870
5871
5872
5873
5874
5875
5876
5877
5878
5879
5880
5881
5882
5883
5884
5885
5886
5887
5888
5889
5890
5891
5892
5893
5894
5895
5896
5897
5898
5899
5900
5901
5902
5903
5904
5905
5906
5907
5908
5909
5910
5911
5912
5913
5914
5915
5916
5917
5918
5919
5920
5921
5922
5923
5924
5925
5926
5927
5928
5929
5930
5931
5932
5933
5934
5935
5936
5937
5938
5939
5940
5941
5942
5943
5944
5945
5946
5947
5948
5949
5950
5951
5952
5953
5954
5955
5956
5957
5958
5959
5960
5961
5962
5963
5964
5965
5966
5967
5968
5969
5970
5971
5972
5973
5974
5975
5976
5977
5978
5979
5980
5981
5982
5983
5984
5985
5986
5987
5988
5989
5990
5991
5992
5993
5994
5995
5996
5997
5998
5999
6000
6001
6002
6003
6004
6005
6006
6007
6008
6009
6010
6011
6012
6013
6014
6015
6016
6017
6018
6019
6020
6021
6022
6023
6024
6025
6026
6027
6028
6029
6030
6031
6032
6033
6034
6035
6036
6037
6038
6039
6040
6041
6042
6043
6044
6045
6046
6047
6048
6049
6050
6051
6052
6053
6054
6055
6056
6057
6058
6059
6060
6061
6062
6063
6064
6065
6066
6067
6068
6069
6070
6071
6072
6073
6074
6075
6076
6077
6078
6079
6080
6081
6082
6083
6084
6085
6086
6087
6088
6089
6090
6091
6092
6093
6094
6095
6096
6097
6098
6099
6100
6101
6102
6103
6104
7.590308624770909 0.004651909236222496 1.311497594424147
5.441587284621214 0.0007091704940862531 1.311497594424147
6.817137360954266 -0.009578662242948566 1.311497594424147
7.699039534478657 1.67703912308248e-05 1.311497594424147
4.227033030203917 0.0171725928724713 1.311497594424147
3.039788176903251 6.261657858885883e-14 1.311497594424147
1.84261780774695 0.02240089468856588 1.311497594424147
5.396155029387288 0.5970635127843782 1.311497594424147
5.374611830852881 -0.6003333794839482 1.311497594424147
6.155972947476485 -0.3482488018328943 1.311497594424147
0.8692051811680835 0.1685807428649722 1.311497594424147
6.11475447500419 0.3733888028283676 1.311497594424147
4.695025880854422 -0.5184615976267032 1.311497594424147
4.689185602931636 0.5183165124637565 1.311497594424147
7.201155320546326 -0.127866038868649 1.311497594424147
3.650740900215786 -0.4459108014256583 1.311497594424147
3.625927509866111 0.4477397464108919 1.311497594424147
2.461158646317168 -0.4435339696677996 1.311497594424147
2.44208064498708 0.4231406750572642 1.311497594424147
7.123596527216839 0.2680793984048766 1.311497594424147
1.277372064111127 -0.4352019048733472 1.311497594424147
0.5670028600015296 -0.4569161513191549 1.311497594424147
1.441635920138667 0.4950601653959585 1.311497594424147
6.576773997102338 0.4582968754892838 1.311497594424147
6.619282868852777 -0.419569653268326 1.311497594424147
5.843211427186373 -0.6902278422514818 1.311497594424147
5.595137046653007 0.8774819695031308 1.311497594424147
5.569193420536086 -0.8666607705903298 1.311497594424147
3.007160105344582 -0.6075354515611617 1.311497594424147
3.029160314227893 0.6029758718022384 1.311497594424147
1.840992985932567 -0.570196991251685 1.311497594424147
0.4588783360143371 0.579446757518072 1.311497594424147
4.162838409573761 0.6449153353163448 1.311497594424147
4.154928860068307 -0.6481513623537676 1.311497594424147
4.904374727692729 0.007777073712177174 1.311497594424147
7.764023901943537 -6.021935817113189e-06 1.311497594424147
1.944102029355743 0.6120175006097293 1.311497594424147
5.024882216068651 0.8105300078905306 1.311497594424147
5.028693802990203 -0.8167318960833039 1.311497594424147
5.984035273695005 0.7460193640914679 1.311497594424147
0.3797470501607736 0.01737005325644025 1.311497594424147
7.369154867064067 0.1791962754946514 1.311497594424147
6.284233066716782 -0.6748365046415966 1.311497594424147
0.9565988187648607 0.6581240334254153 1.311497594424147
7.147284510413455 -0.405260301426558 1.311497594424147
1.32942663866437 0.03716281037991997 1.311497594424147
3.749785002793682 -0.01102791074049381 1.311497594424147
6.322070307497695 0.6814376599429022 1.311497594424147
2.312976857141213 0.007238587849115907 1.311497594424147
0.9406965669913915 -0.7168610428109379 1.311497594424147
7.424457775058477 -0.1684674318272625 1.311497594424147
6.390101799820677 0.03209200032126924 1.311497594424147
5.890164566373457 -0.009101331259947054 1.311497594424147
6.879934612199669 0.4920861824004754 1.311497594424147
5.43351399287527 0.9840589837125997 1.311497594424147
3.39690793145036 -0.7836982026008524 1.311497594424147
3.395236808419027 0.7815290642792247 1.311497594424147
2.186946722415223 -0.7860780252547696 1.311497594424147
2.672996690669212 -0.7730601150487847 1.311497594424147
2.69445894202099 0.7555763248122627 1.311497594424147
0.9144785920955142 -0.2392090446119899 1.311497594424147
0.2899988403203258 -0.7439576337495708 1.311497594424147
5.687336399726251 0.3752579893528909 1.311497594424147
4.70123774276702 -0.857884211147276 1.311497594424147
4.704697668504267 0.8561851246646548 1.311497594424147
5.076220855536987 -0.3429260599403146 1.311497594424147
5.083843186511405 0.3751031124739808 1.311497594424147
5.674918061938884 -0.3325917496120436 1.311497594424147
1.480767331813815 -0.770949010560964 1.311497594424147
3.794275297376359 -0.7925412080040812 1.311497594424147
3.821047502668662 0.8155951895720268 1.311497594424147
3.401657078284531 -0.1411833053042402 1.311497594424147
2.671722171089466 -0.1238520461789989 1.311497594424147
5.425045306374585 -1.009858019353628 1.311497594424147
3.274550212903065 0.3027680062895766 1.311497594424147
7.179329755204719 0.4593788860859238 1.311497594424147
2.805885552246238 0.3173499153714225 1.311497594424147
4.020622790673184 -0.2977523274129856 1.311497594424147
3.976724887616324 0.3202889218398586 1.311497594424147
2.284243632136183 0.7976203554769461 1.311497594424147
2.101396468224947 -0.3277610331647611 1.311497594424147
4.565219430675871 -0.1614872465968247 1.311497594424147
1.605543019673692 -0.2900852811229054 1.311497594424147
4.360682770033069 0.3466813195607763 1.311497594424147
2.060593042503802 0.2738427355302631 1.311497594424147
7.310419205624188 -0.3414777685287342 1.311497594424147
0.2323595611873692 -0.3125692512534095 1.311497594424147
6.873459323400656 -0.5866776503289992 1.311497594424147
1.630347265648332 0.8065797350673976 1.311497594424147
6.066441820752522 -0.8587184709600296 1.311497594424147
1.744421474699744 0.3251849609186273 1.311497594424147
1.2678624167861 0.8254841996994726 1.311497594424147
0.2385100238327037 0.3032399094822702 1.311497594424147
6.565960695248132 -0.7054091253725752 1.311497594424147
0.2267541750780298 0.8165146766447091 1.311497594424147
7.317203194087003 0.3396751456501554 1.311497594424147
0.6128133128853419 -0.8152565079509193 1.311497594424147
6.552935329762613 0.716681571996747 1.311497594424147
1.160912989999333 0.3701366120039851 1.311497594424147
0.6719420897324645 0.8209462672465671 1.311497594424147
4.370352621995047 0.8853627114168015 1.311497594424147
4.366195576974063 -0.8895975448262546 1.311497594424147
4.324453499450195 -0.3689393707086762 1.311497594424147
4.654184096171061 0.2000845710888401 1.311497594424147
3.319311214737203 -0.4465238471206681 1.311497594424147
0.5712369245050981 0.2790680571649129 1.311497594424147
2.773724207833682 -0.4261106428411879 1.311497594424147
5.843497569527494 -0.930730912805581 1.311497594424147
5.368134670391981 0.2910528897982518 1.311497594424147
5.372540968859847 -0.2944359206912806 1.311497594424147
5.857112815004673 0.9338810989297313 1.311497594424147
5.58677491643844 1.01799142796804 1.311497594424147
3.110807288439355 -0.8859345805951951 1.311497594424147
3.107369276119965 0.9059213082210371 1.311497594424147
5.650860344592914 -1.031405955865615 1.311497594424147
1.187765662017204 -0.86564905084496 1.311497594424147
7.526778836626263 0.1575312907502702 1.311497594424147
1.920007413758458 -0.8860845544006981 1.311497594424147
3.066429676527041 -0.2998848357357279 1.311497594424147
0.6662729956571561 -0.04498252876428932 1.311497594424147
6.191253783119659 0.8866513427975165 1.311497594424147
5.17662695009574 0.9860966511808542 1.311497594424147
5.162008190542584 -0.9769229967835857 1.311497594424147
5.171944339939326 -0.08029105221828492 1.311497594424147
2.545503208708404 0.1643591189323088 1.311497594424147
3.531345614064811 0.1746949603149883 1.311497594424147
4.914779970617086 1.009474083970447 1.311497594424147
4.918793105527823 -1.008201874694947 1.311497594424147
4.059762272475058 0.9169019666762657 1.311497594424147
4.067932335368365 -0.9135663377418971 1.311497594424147
6.408555986094267 -0.2422253287452392 1.311497594424147
6.871136154580679 -0.2723641541668491 1.311497594424147
4.427683230749592 0.6257274745890675 1.311497594424147
4.436920008899056 -0.6093165755968848 1.311497594424147
2.029936515143862 0.8904607416398627 1.311497594424147
0.7250232989722417 0.4922932536779725 1.311497594424147
6.601487105290045 0.1716668928258327 1.311497594424147
6.789393363515504 0.6574284834680244 1.311497594424147
3.883266867007019 -0.5740160277240753 1.311497594424147
3.893226789579173 0.5501088940717764 1.311497594424147
2.431181567416699 -0.9107038422291738 1.311497594424147
1.061545353248543 -0.02005797496444539 1.311497594424147
1.597062854229895 0.09137043667796374 1.311497594424147
4.804195793123855 -0.2884571558712303 1.311497594424147
2.20069400881992 0.5378765677683985 1.311497594424147
6.355321038323753 0.3117852420087934 1.311497594424147
5.736955174636196 0.6283386231842627 1.311497594424147
0.1447238941786085 -0.0752381280619534 1.311497594424147
7.560075366583884 -0.1566565260233315 1.311497594424147
6.128266808796074 0.1055722569100781 1.311497594424147
7.242023289134877 -0.4717068103255144 1.311497594424147
0.1424473806102221 0.5537982092354026 1.311497594424147
6.303444819725331 -0.8699392019846676 1.311497594424147
5.905627856381317 -0.4536985070550865 1.311497594424147
0.8379575595086878 -0.4883557756928602 1.311497594424147
1.025985201274677 0.9018447759321881 1.311497594424147
7.45685753386022 0.2875285253888977 1.311497594424147
2.793693467381824 0.5564161460029584 1.311497594424147
3.404044245735935 0.5157445406545575 1.311497594424147
0.4779737367491934 -0.2179065140516434 1.311497594424147
2.870554853556349 -0.9329208532924139 1.311497594424147
2.852750030430194 0.9169965949685921 1.311497594424147
3.578052055003171 -0.9506141489301891 1.311497594424147
3.574910955806993 0.9565310978484456 1.311497594424147
0.1251021969054965 -0.5527855257917611 1.311497594424147
4.927903404362655 -0.5780171932038412 1.311497594424147
4.93762325377479 0.5832498746145034 1.311497594424147
6.748909405069572 -0.7294462764702909 1.311497594424147
1.597349196038216 -0.5275853883269627 1.311497594424147
1.358406542848506 -0.1939748479583954 1.311497594424147
5.621156782857219 -0.570063674330719 1.311497594424147
6.855250374050543 0.2500869768261984 1.311497594424147
3.032888573958394 0.3461290746722361 1.311497594424147
1.69621774952805 0.5870963392095396 1.311497594424147
1.673540082659734 -0.9212131696647605 1.311497594424147
1.854674679041115 -0.2548653425293372 1.311497594424147
2.215267611711779 -0.5254653129927257 1.311497594424147
7.653092137205815 0.08695602664883029 1.311497594424147
5.670768435239063 0.1182447131978208 1.311497594424147
0.4428299944740002 0.9061474552135012 1.311497594424147
3.623921506732043 -0.2052172530308312 1.311497594424147
7.451360357869136 -0.3054711408129328 1.311497594424147
1.418107732500545 0.2924982339943916 1.311497594424147
6.031260511648722 0.9201211625223042 1.311497594424147
2.49043660679814 0.9266995323878369 1.311497594424147
3.97668945363881 -0.05025687333234896 1.311497594424147
6.646718247999441 -0.1788426801638345 1.311497594424147
2.434850133503856 -0.1896109545597662 1.311497594424147
3.29013162534687 0.07024626068201045 1.311497594424147
2.075945718521496 -0.04657174755051718 1.311497594424147
4.448363776775983 0.04750612868018167 1.311497594424147
2.288252501593819 0.2337276206067649 1.311497594424147
6.434925969153934 0.8339286655514651 1.311497594424147
7.643639321486599 -0.09469161393321124 1.311497594424147
7.04502856058059 -0.5561844817212922 1.311497594424147
0.1235869817580472 -0.8827186037838657 1.311497594424147
3.797382674801685 0.2335268708683074 1.311497594424147
6.098148358907895 -0.6056164967421255 1.311497594424147
5.914729815197957 0.2420649556920709 1.311497594424147
2.423219225684965 -0.6792790285740175 1.311497594424147
7.049626578908607 0.02307919511060086 1.311497594424147
0.8405524874485869 -0.904554079781877 1.311497594424147
2.802722851832802 0.05070051247911866 1.311497594424147
3.608014223861071 -0.6729839048693587 1.311497594424147
3.608056119049565 0.6787116099161372 1.311497594424147
5.502944182692414 -1.070868880814141 1.311497594424147
5.17048873567568 0.1601357319189247 1.311497594424147
6.205312040568829 -0.1056654034735049 1.311497594424147
1.131326162789983 -0.6363878416179416 1.311497594424147
5.958002788954599 -0.2178575320670333 1.311497594424147
1.201758604632305 0.5826488036382937 1.311497594424147
1.139192610957773 -0.224088796043926 1.311497594424147
4.876310798165651 0.2312842090520533 1.311497594424147
5.461887395235072 1.073867761280008 1.311497594424147
5.701059182771873 -0.115218190118451 1.311497594424147
5.910196234319816 0.4802440401169388 1.311497594424147
2.469923427799975 0.6648124254230348 1.311497594424147
5.159954224357467 0.6494184440188218 1.311497594424147
5.159839697812229 -0.622411381689166 1.311497594424147
1.809762631960636 0.9456664342644012 1.311497594424147
0.3796256841715184 -0.5424107544467851 1.311497594424147
1.462487814870498 0.9732998095591217 1.311497594424147
5.301700069762269 -0.8043970250251053 1.311497594424147
0.3916549044964021 -0.9278734559537025 1.311497594424147
6.410285244531164 -0.4550418174412925 1.311497594424147
7.281789030472603 0.4751296714554825 1.311497594424147
7.030374584974242 0.597399865936554 1.311497594424147
2.888380371348419 -0.1588822418094957 1.311497594424147
0.7086744699657138 -0.2846359920628561 1.311497594424147
1.04493148618714 -0.4365002781440847 1.311497594424147
0.1030164051614639 0.138488789933326 1.311497594424147
0.9100346824520756 0.3608975523812343 1.311497594424147
4.206821207835 0.1985347191628288 1.311497594424147
4.174828354203679 0.4458544260366659 1.311497594424147
4.541404063071699 -0.3738809315012483 1.311497594424147
5.270750662671427 0.8359837444895446 1.311497594424147
3.31158924597358 -0.9733924570166796 1.311497594424147
3.311127157800224 0.9815562893895773 1.311497594424147
6.123343163464568 0.5976650780128767 1.311497594424147
2.119391243830526 -0.9596066267048031 1.311497594424147
2.826018522380881 -0.6347454941727212 1.311497594424147
2.593198571120284 -0.587854279824121 1.311497594424147
1.922346190138351 0.4014288370899697 1.311497594424147
3.237344221685533 -0.6307824605940996 1.311497594424147
4.549938165675759 1.021786070528526 1.311497594424147
4.546124316097704 -1.022369229797842 1.311497594424147
1.164061469157817 0.1472900175631682 1.311497594424147
1.382128334360002 -0.9510893662794321 1.311497594424147
4.188205256857813 -0.2046412389860848 1.311497594424147
2.026129672717655 -0.6283188372667279 1.311497594424147
3.233207853514277 0.6524490816112849 1.311497594424147
3.199688437664669 -0.1264669301343877 1.311497594424147
5.525928365854508 0.4297318618564978 1.311497594424147
6.485561574666685 -0.8652339079864215 1.311497594424147
2.616679068410108 -0.9698883046378531 1.311497594424147
4.709811077093719 -0.005635727518695122 1.311497594424147
1.428991763619307 0.7012453402875123 1.311497594424147
1.889487416720883 0.2003296758437423 1.311497594424147
2.889677580951779 0.7111652381054312 1.311497594424147
0.813644883237664 0.9487563529755974 1.311497594424147
0.6769351810313494 -0.6204449571974903 1.311497594424147
3.87267536870118 -0.9899294325438175 1.311497594424147
3.879280114600859 1.013167942203756 1.311497594424147
1.030393826516942 -0.9614375731039506 1.311497594424147
6.383696394752123 0.5005728696242253 1.311497594424147
3.791390068146257 -0.3065652712468013 1.311497594424147
1.65779951821048 -0.06107524819312316 1.311497594424147
1.663597219615815 -0.7055979362957591 1.311497594424147
5.021601120334573 -0.1690576119076246 1.311497594424147
1.326985999125792 -0.5882789513997829 1.311497594424147
3.479737455572986 -0.3251589502438339 1.311497594424147
4.131429084435798 -0.427822429547656 1.311497594424147
3.574363976840607 -0.01628268283143774 1.311497594424147
5.972381944965764 -0.9981331649282799 1.311497594424147
4.345167921434402 -0.1339146237516367 1.311497594424147
2.196526035497002 0.9755515897088449 1.311497594424147
0.8803254927928476 -0.0261742627077941 1.311497594424147
2.637731977110117 0.4111258546617604 1.311497594424147
0.0797792831636024 0.9426985353511708 1.311497594424147
2.231696509657235 -0.1863515965149032 1.311497594424147
2.59454517694755 -0.3001913353626755 1.311497594424147
3.931623473124414 0.1008910316854694 1.311497594424147
4.562131578375878 0.3737013592410079 1.311497594424147
4.735359192813759 -1.052279202165647 1.311497594424147
4.734178091553454 1.054338745444028 1.311497594424147
3.969139993442757 -0.739771380895018 1.311497594424147
3.983816538124466 0.7356406154014821 1.311497594424147
4.226056740648066 1.015129758556832 1.311497594424147
4.211562808929015 -1.029124641395977 1.311497594424147
5.236721383175538 -0.4469884928117748 1.311497594424147
5.243222508227112 0.4525801869679158 1.311497594424147
2.661566963285212 0.983604093987654 1.311497594424147
4.875184200759463 -0.7324238620933727 1.311497594424147
4.859586717791443 0.7477919382145768 1.311497594424147
0.4101473420705836 0.3780422779432941 1.311497594424147
6.555459024878476 0.006643037202882063 1.311497594424147
5.517356978533723 -0.4149832840474333 1.311497594424147
5.035441670021408 1.068821530101581 1.311497594424147
5.052326947100699 -1.075444223050802 1.311497594424147
2.136312443768253 0.09194059921083908 1.311497594424147
0.4666727141410772 -0.6891662004262864 1.311497594424147
4.62476889805469 0.6832728432830792 1.311497594424147
3.157160195874237 0.4923899762865538 1.311497594424147
1.930091863166217 -0.4056578608652037 1.311497594424147
7.243348434621439 0.03972179159487244 1.311497594424147
4.599411799546908 -0.6860662084276519 1.311497594424147
5.504529651349475 -0.1588443264466326 1.311497594424147
0.07265432938386844 -0.7195053335413668 1.311497594424147
1.458525385790481 -0.4029835668175457 1.311497594424147
3.104176978292666 0.1790080855742049 1.311497594424147
2.109065023118303 0.7164570531526537 1.311497594424147
3.440629434522821 -0.6140609996718893 1.311497594424147
2.959748132968127 -0.7695372822193525 1.311497594424147
2.51045227263921 -0.01695299700874542 1.311497594424147
3.44871270416721 0.3446405340985257 1.311497594424147
4.860451368858643 0.4159279319810931 1.311497594424147
7.402399051841885 -0.3705045238571976 1.311497594424147
1.746970912648238 -0.4109726184375633 1.311497594424147
5.556324475854848 0.676875210588771 1.311497594424147
6.155955227826732 -0.9786334041370367 1.311497594424147
0.07167391265122426 -0.2430686180321595 1.311497594424147
0.7065394375682613 0.132712167215739 1.311497594424147
5.292586310640234 1.096580129348339 1.311497594424147
0.3969349129919045 0.2017709883691474 1.311497594424147
5.731161913273228 1.062895656419687 1.311497594424147
7.027568477124319 -0.1679779886499264 1.311497594424147
5.542983484761044 0.2548500272050969 1.311497594424147
0.05261276298730945 0.4001102070314475 1.311497594424147
1.808780396315438 0.7583836157903423 1.311497594424147
6.222160117507668 -0.5038835322678118 1.311497594424147
6.761947113871575 0.3812626107553208 1.311497594424147
1.48295351421966 -0.04514520589426785 1.311497594424147
1.630417899000031 0.9935094317926831 1.311497594424147
6.911946016424194 -0.6898336634371522 1.311497594424147
6.720402244082956 0.7814900116246262 1.311497594424147
2.954660401037448 -0.4531436330883755 1.311497594424147
1.184143686038118 0.9770607806258267 1.311497594424147
0.3855265117796801 0.7368254427853007 1.311497594424147
0.6267875062065048 0.6536017757162165 1.311497594424147
0.3212619949481267 -0.1538298040820549 1.311497594424147
0.05627679812105772 0.745232982491155 1.311497594424147
5.418449294569381 -1.096558067091465 1.311497594424147
0.755156436123232 0.3128184520271868 1.311497594424147
1.571497376377913 0.4081465126707837 1.311497594424147
2.950828941335409 0.1853958635041579 1.311497594424147
3.843325732568139 -0.1557642863830846 1.311497594424147
5.193999305718425 -0.2457590102414544 1.311497594424147
4.206450526882085 0.8176204465029027 1.311497594424147
4.20163814166067 -0.8187730750240531 1.311497594424147
3.121079025097655 -0.4701021797435077 1.311497594424147
7.557262146238998 -0.2338026413270884 1.311497594424147
7.420658212146995 0.02118651498900137 1.311497594424147
2.292917108679921 -0.3648493032834446 1.311497594424147
7.418498728906751 0.3576222749724667 1.311497594424147
7.525301685815207 0.2577315158897324 1.311497594424147
6.660879490061508 -0.8021213723141196 1.311497594424147
0.2605438859592385 0.9833846502600989 1.311497594424147
7.717051878661382 0.07216829459377672 1.311497594424147
2.283966931666789 -0.992217166743891 1.311497594424147
1.303869466077184 0.3970915535167179 1.311497594424147
1.109360697775197 0.7317389900754387 1.311497594424147
5.334234125620351 0.114502064263398 1.311497594424147
6.537334081338248 0.85903554093404 1.311497594424147
6.334037592234951 0.9399050115000296 1.311497594424147
7.711658591571784 -0.0693194496808609 1.311497594424147
5.667948690345039 -0.7376563308187619 1.311497594424147
3.293363234116367 -0.2812526491508339 1.311497594424147
0.6092051210477409 0.9733408687473377 1.311497594424147
4.287522422113495 -0.5310119012880641 1.311497594424147
0.7885226310942284 0.7068006420616144 1.311497594424147
0.6425101839878949 -0.9789341259551719 1.311497594424147
5.346644408109245 -0.1235661345963137 1.311497594424147
4.494177889086712 0.2143133232011762 1.311497594424147
5.517506374349578 -0.7041309206342633 1.311497594424147
7.193910207197598 0.5564601198836867 1.311497594424147
5.444673325852149 0.8081789364457495 1.311497594424147
1.218300873735194 -0.1107307613575068 1.311497594424147
3.007804283139804 -1.019792806276406 1.311497594424147
3.007069949354856 1.02567760748909 1.311497594424147
4.092791364067812 0.07957925881399963 1.311497594424147
0.5645975063379799 0.4531809974870671 1.311497594424147
0.3000301799067595 0.4980202468789166 1.311497594424147
4.840700915383853 -0.4511188610475153 1.311497594424147
1.034090023447692 0.265421328940475 1.311497594424147
5.796254468137011 -1.051774368036186 1.311497594424147
2.212869615074507 0.3831513516439637 1.311497594424147
2.615294435722086 0.5814828603180477 1.311497594424147
1.821769428412984 -1.005454472822851 1.311497594424147
6.964997203998758 -0.4015150478092758 1.311497594424147
1.018292843901327 0.5167689411426399 1.311497594424147
0.5438332922422805 0.08896094962089762 1.311497594424147
5.902042123109582 1.030145824057902 1.311497594424147
7.198466491167729 -0.5603609104488785 1.311497594424147
4.524906142948459 -0.8348591405110537 1.311497594424147
4.534868041569567 0.8271947835265079 1.311497594424147
6.928995071017573 0.6867406235443021 1.311497594424147
5.014000377977367 0.1312510633976463 1.311497594424147
2.75253998259259 -0.2523745522479148 1.311497594424147
3.869830536854306 0.412457191058099 1.311497594424147
2.906746244339128 0.4523022888448875 1.311497594424147
6.98429071944176 0.3579987507914171 1.311497594424147
6.020094788988334 -0.06423393972243319 1.311497594424147
0.3934270327043866 -0.3625197186788093 1.311497594424147
1.537431728842256 -1.001042007356185 1.311497594424147
0.05350484853421635 -0.4077943010241679 1.311497594424147
4.286638210547554 0.5549380954827379 1.311497594424147
0.2632519754801745 -0.9917687491861413 1.311497594424147
4.387651440353904 -1.060224904436711 1.311497594424147
4.383180019816926 1.048097462118816 1.311497594424147
6.787501160543668 -0.4231569211659347 1.311497594424147
5.75372397474219 0.7851812786760581 1.311497594424147
0.789947121319565 -0.7725806497348845 1.311497594424147
3.713397633695627 1.055594471347571 1.311497594424147
3.712541396560638 -1.054401236994754 1.311497594424147
3.761830707456622 -0.6491435924048823 1.311497594424147
3.774973760552903 0.6589551474773778 1.311497594424147
7.332747939264647 -0.4404228064782513 1.311497594424147
1.991278369605229 0.07408699244652595 1.311497594424147
5.759447904977876 -0.4788526666170233 1.311497594424147
5.63843438650696 1.076238210605899 1.311497594424147
2.659395763565758 0.06007971790671252 1.311497594424147
7.35157370259727 0.4278081352514216 1.311497594424147
3.453273982467766 1.038355132444827 1.311497594424147
3.455715924028987 -1.030616074484322 1.311497594424147
6.205167690673178 0.25905587345487 1.311497594424147
3.381169176268118 0.1769588294770521 1.311497594424147
2.065640034031052 0.4508143221233738 1.311497594424147
4.335800969960009 0.1526609377150894 1.311497594424147
4.030794699551802 0.495636661776705 1.311497594424147
0.2395395304841932 0.05673219586535327 1.311497594424147
0.9072981683944062 0.8133406729089445 1.311497594424147
5.235990651698461 -1.094631773805028 1.311497594424147
1.74887433250049 0.1736684427709958 1.311497594424147
4.811424246832932 -0.1262770939549545 1.311497594424147
1.220106746062618 -1.001285772851018 1.311497594424147
5.596138356119277 -1.104897262016818 1.311497594424147
0.5107295420317584 -0.07012818353155503 1.311497594424147
3.031214747965392 0.7507070076024285 1.311497594424147
6.14739979284033 0.9813004158125624 1.311497594424147
1.555716030751041 0.5953975061537311 1.311497594424147
6.524346864690125 0.3170470504883103 1.311497594424147
3.240676826966171 -0.8115142285514026 1.311497594424147
1.841374814545883 -0.7444835929718125 1.311497594424147
6.454601401721346 0.1615121249316123 1.311497594424147
7.607355632988479 0.1563685065790328 1.311497594424147
6.307778456544596 -0.3536271661982756 1.311497594424147
4.722852828302691 0.3457109271067778 1.311497594424147
6.161006314706074 -0.7679922055869329 1.311497594424147
5.791072929729351 -0.2177594807605705 1.311497594424147
4.317350021072944 -0.7007878791886381 1.311497594424147
1.326425419230844 -0.7771191951472125 1.311497594424147
3.151902487175939 -1.041280672579533 1.311497594424147
3.157727303560011 1.045255695663191 1.311497594424147
2.34562206561648 0.559272327012414 1.311497594424147
2.357732339775545 1.025418867353013 1.311497594424147
6.704251144350012 0.5397713989125283 1.311497594424147
4.324231363086746 0.7218076366387141 1.311497594424147
6.231551460987417 0.461585036851125 1.311497594424147
3.254263837912688 0.8198315584870601 1.311497594424147
4.684492397578439 -0.3649681368261588 1.311497594424147
0.9662174152221316 -0.5649597361830663 1.311497594424147
2.038305843244557 -0.7900241052249409 1.311497594424147
6.537854688049369 -0.5540472424531198 1.311497594424147
6.056625725704357 -0.4714371428926838 1.311497594424147
1.051003225650409 -0.8001420091444609 1.311497594424147
1.973438738073616 -1.016992100948326 1.311497594424147
3.103483466086018 -0.7327877750586508 1.311497594424147
1.936459629267282 1.034467004549183 1.311497594424147
6.558111037529719 -0.2752017341945536 1.311497594424147
3.426606390030308 0.03976014026161523 1.311497594424147
5.65245908549479 0.5075642241816822 1.311497594424147
4.841670575072642 -1.088698300895015 1.311497594424147
4.842692642197577 1.091427644143945 1.311497594424147
6.752946558208674 0.1215025461157937 1.311497594424147
6.345829039637397 -0.1114391539428605 1.311497594424147
3.688638576928181 0.1242202643978172 1.311497594424147
0.2585227486112532 0.6459749249082118 1.311497594424147
2.518746754673471 -0.782494157715651 1.311497594424147
2.466447553529566 0.2932455846841902 1.311497594424147
2.410934663009165 0.1154383238269354 1.311497594424147
0.8685012668806401 0.5191714294836587 1.311497594424147
0.5289277529019224 0.7615886688738904 1.311497594424147
4.01836868374553 -1.049622334022252 1.311497594424147
4.012621311374031 1.056668662903289 1.311497594424147
2.072614878724189 -0.4758558705510125 1.311497594424147
3.037497676529591 -0.1507899352965987 1.311497594424147
1.983726005919528 -0.20704455682043 1.311497594424147
5.896673642361522 0.6149939427088242 1.311497594424147
6.701790320980265 -0.5583936053308336 1.311497594424147
3.627627079371734 0.3037718133539575 1.311497594424147
6.79456561967328 -0.1556608206936831 1.311497594424147
2.642898896065392 0.2723155982934728 1.311497594424147
2.815864230883155 -0.8009592090218352 1.311497594424147
6.904882290851232 0.09912925357282054 1.311497594424147
4.762975416877024 0.1125716257116607 1.311497594424147
4.55081921716305 0.5230658749253434 1.311497594424147
5.424956010751997 -0.8408642326308589 1.311497594424147
4.030635048918136 -0.5770489336635815 1.311497594424147
0.02904893565439474 0.01278087458285393 1.311497594424147
1.588314992613229 0.2431187147960985 1.311497594424147
6.148396687867271 0.7522101267840362 1.311497594424147
4.550294136281235 -0.5243723937307798 1.311497594424147
2.778153847892845 -1.044511359265084 1.311497594424147
4.796954896303486 -0.6117617592886644 1.311497594424147
4.797071796077215 0.6229472287158064 1.311497594424147
1.327685728570398 1.025850793062545 1.311497594424147
5.183385334703695 1.097235685991923 1.311497594424147
5.205890532335408 0.3002917376657468 1.311497594424147
5.066196013499822 -0.5144086627147213 1.311497594424147
5.08451913628083 0.5086532678489126 1.311497594424147
4.436125345486984 -0.2729343313492023 1.311497594424147
5.049946753894963 -0.01427226575940277 1.311497594424147
1.455178897540982 0.1213280904757765 1.311497594424147
0.7878481450751837 -0.1710019086014458 1.311497594424147
6.506192648849003 0.57836323904945 1.311497594424147
5.978639097506135 0.108611481516335 1.311497594424147
3.539598069795091 -0.7942123867569622 1.311497594424147
3.530465195740556 0.8042010229038572 1.311497594424147
2.529141986523381 0.7961068936073026 1.311497594424147
2.337848042639577 -0.7916659107122652 1.311497594424147
5.773388530332483 0.2152479425122351 1.311497594424147
4.42656003743704 -0.4691525584859388 1.311497594424147
3.444407730987049 0.6598485605335755 1.311497594424147
6.513534198032309 -0.1375250707672415 1.311497594424147
1.958161486866245 0.7632678363559131 1.311497594424147
5.546378294824963 1.094596829656318 1.311497594424147
6.052868179052583 0.2421374012222512 1.311497594424147
6.008634801565714 -0.7245657977839249 1.311497594424147
1.025414642551159 -0.1480793584788653 1.311497594424147
2.496453591713042 -1.035918469590545 1.311497594424147
5.41966850135997 1.124336837479981 1.311497594424147
3.474338512146439 -0.4674037374772259 1.311497594424147
6.401897212216674 -0.9058369531131623 1.311497594424147
0.02150082487494408 0.2589966008627766 1.311497594424147
2.350418355095502 -0.5417518603421425 1.311497594424147
6.275184866232431 -0.9572531820123098 1.311497594424147
2.898505176485458 -0.302898016212037 1.311497594424147
7.140394965958457 -0.2516159812381675 1.311497594424147
6.099282284685184 -0.2095884067155862 1.311497594424147
5.949786195787547 -0.5837252764791059 1.311497594424147
0.9991876239256733 0.1081815622831359 1.311497594424147
1.314966632640306 0.1881206776955893 1.311497594424147
3.792727016873585 -0.470171865703898 1.311497594424147
3.920696067941318 -0.4305429361839963 1.311497594424147
2.089693238027549 1.028123592002617 1.311497594424147
6.29484165377653 0.1444949923326642 1.311497594424147
0.8283885745561878 -0.6222628238746164 1.311497594424147
0.02036382112339243 -1.003191802313096 1.311497594424147
4.426723931969473 0.4673438114950061 1.311497594424147
3.928854587574465 -0.8676118804557053 1.311497594424147
3.923751915938824 0.8654730348477815 1.311497594424147
5.604008340490431 0.002909765260342034 1.311497594424147
5.391143998646158 -0.4576100999304414 1.311497594424147
6.843292114036103 -0.7442754564005841 1.311497594424147
0.9506542355681847 1.01651947484053 1.311497594424147
7.22704712872015 0.1870746161669354 1.311497594424147
0.7092528744050802 -0.4161622351946653 1.311497594424147
0.8501775363434459 -0.3123956824667553 1.311497594424147
1.480172863208914 -0.6244728237921742 1.311497594424147
0.2554944535557514 -0.4566379948653736 1.311497594424147
6.809744984442535 0.7464528841814151 1.311497594424147
5.485380492297965 0.1707215928058443 1.311497594424147
5.381163368369769 0.4574260065516291 1.311497594424147
1.778937400037006 0.4534348937914394 1.311497594424147
7.246312645926843 0.5267478856194341 1.311497594424147
6.709043990138747 -0.2929538418218491 1.311497594424147
4.936130747231551 -0.284312634953285 1.311497594424147
1.291971090804816 -0.2836371658761272 1.311497594424147
6.001585447828698 -0.3391158935545723 1.311497594424147
1.326025788826935 0.6852696414244854 1.311497594424147
3.756599380697614 0.5153846497652788 1.311497594424147
0.5982058142609583 -0.177535112706579 1.311497594424147
3.518884832050483 0.5230752988309286 1.311497594424147
0.01312485973590745 0.5929444209397614 1.311497594424147
5.703050135689293 -0.8830880520403419 1.311497594424147
1.530598845701781 -0.2091427156576211 1.311497594424147
0.01697321462676001 -0.5913935911360698 1.311497594424147
5.031992522603136 -0.6780875140111104 1.311497594424147
5.031910461958265 0.6856274454618145 1.311497594424147
7.261439689829633 -0.5392470365734049 1.311497594424147
0.013099456303114 -0.1409928716743016 1.311497594424147
0.5673673029651544 -0.3176574156647206 1.311497594424147
0.2507246953983775 -0.6041356284216517 1.311497594424147
5.158916597009046 -0.7775345742227178 1.311497594424147
2.801069032100606 1.051193223765287 1.311497594424147
4.702628987001466 -0.1729032383369589 1.311497594424147
1.709762911108015 0.01262474161657345 1.311497594424147
2.265334609058909 0.6664686491755658 1.311497594424147
6.031689500465289 0.4861255655532599 1.311497594424147
5.761459874517731 0.01338844000675565 1.311497594424147
6.251144773641867 -0.2252210109387869 1.311497594424147
7.320960146609094 -0.09161414983450111 1.311497594424147
2.261069468303659 -0.6456378431387826 1.311497594424147
2.14999554643562 0.8496255675117033 1.311497594424147
2.076566579888793 0.6003911040592578 1.311497594424147
5.841292003595614 0.3652080071927928 1.311497594424147
5.977429413123454 0.367236395089497 1.311497594424147
1.809780561530252 -0.1226132054619744 1.311497594424147
2.746053101021074 -0.9149063122462473 1.311497594424147
5.843753707441667 -0.3353073226835055 1.311497594424147
4.806547512258659 -0.8886477052644947 1.311497594424147
4.804104380673875 0.890235922774927 1.311497594424147
3.670691636541325 0.8395895047748831 1.311497594424147
3.671071805542221 -0.8318524088615231 1.311497594424147
6.961463782113693 -0.03378855541997905 1.311497594424147
7.063072727905536 -0.6600773221069821 1.311497594424147
4.461226194835203 -0.7567167538439407 1.311497594424147
0.926930288989913 -1.022155966331911 1.311497594424147
4.109810701258093 -0.07143144958596914 1.311497594424147
1.209407851466409 0.04808887920208993 1.311497594424147
2.554293898144921 1.041592000696526 1.311497594424147
4.596456531180635 0.09826429358584066 1.311497594424147
5.284716065187076 -0.9460954488532602 1.311497594424147
6.421497417276986 -0.7259074078195306 1.311497594424147
6.693327561330636 -0.05595788194474527 1.311497594424147
1.032023175915272 -0.2994388323698143 1.311497594424147
0.2393070199038594 0.1795657240520239 1.311497594424147
2.934148296617284 -0.02933504710552981 1.311497594424147
2.748307476653114 0.6605730649445429 1.311497594424147
0.5707150977525152 -0.5975096894858449 1.311497594424147
2.751222161539454 0.172197430202508 1.311497594424147
3.456486014326093 -0.9005417707364194 1.311497594424147
3.442312758999518 0.9036776383328233 1.311497594424147
7.632251526506582 -0.1893484460105253 1.311497594424147
5.298831746533457 0.02462505293813932 1.311497594424147
2.985503350568408 0.8625339459698507 1.311497594424147
0.9102069799827165 -0.853702389935902 1.311497594424147
0.5033683989818657 -0.9910779782576928 1.311497594424147
2.557712236727067 -0.4363099046023226 1.311497594424147
2.780441627219131 0.8378033610718705 1.311497594424147
1.083306759885052 0.6409949477536776 1.311497594424147
3.310384866360672 0.4279096507077385 1.311497594424147
2.896386906585457 0.6036391375040335 1.311497594424147
0.7225463030623912 1.010852464583759 1.311497594424147
5.484706721463147 -0.551994839759713 1.311497594424147
5.837289911333841 0.1370366003451484 1.311497594424147
1.223739253142387 0.2862446250312822 1.311497594424147
5.143796886370517 0.7386976328948156 1.311497594424147
1.163576197245344 -0.5031383569888652 1.311497594424147
5.280898070543088 0.6744593056306274 1.311497594424147
5.271749701690047 -0.6713979595230112 1.311497594424147
1.575367205193905 -0.8962060955718749 1.311497594424147
1.154815535112872 -0.3646505238046935 1.311497594424147
4.170242449853887 -0.3313217543870173 1.311497594424147
0.4839573095553432 -0.8085434012513992 1.311497594424147
2.775755301935088 -0.07805186030784417 1.311497594424147
0.1947925127091422 0.4476492970840082 1.311497594424147
6.991736557754763 0.2135113148944436 1.311497594424147
4.991984496708043 -0.9441703917750763 1.311497594424147
4.982043266922853 0.9442890149128049 1.311497594424147
5.786402689838619 0.5017332552726421 1.311497594424147
5.281975874435991 0.935150462206132 1.311497594424147
2.758622525367164 0.428548539561721 1.311497594424147
3.191636633647925 -0.3153741508447183 1.311497594424147
4.037339199870049 -0.195789951157423 1.311497594424147
5.783312289116673 -0.5977752404023586 1.311497594424147
0.7964415663467516 0.04581500594345944 1.311497594424147
1.7069539002489 -0.5875607340970612 1.311497594424147
0.1916965765613012 -0.1971343231567733 1.311497594424147
0.01256236699150752 -0.8506744965069425 1.311497594424147
7.506654603453629 0.3403003887005729 1.311497594424147
1.838107111399012 0.5697701347242101 1.311497594424147
5.936770929946652 -0.8479852732512327 1.311497594424147
3.149426695111674 -0.006011442196591998 1.311497594424147
3.312433295842769 -0.08122775692345252 1.311497594424147
1.703557907019352 -0.2394744864011955 1.311497594424147
1.820632650950565 -0.8458579409739015 1.311497594424147
7.519786503106635 -0.3047129344978305 1.311497594424147
7.041472425012081 0.4691010036151442 1.311497594424147
0.01334444359476224 0.8424194682185508 1.311497594424147
5.082824602203501 0.2119764050501971 1.311497594424147
5.866691957288802 -0.1089316501500075 1.311497594424147
1.942086325865087 -0.07170829670992784 1.311497594424147
0.2147497311756595 -0.8522121896421697 1.311497594424147
2.868050919161752 -1.048337123801648 1.311497594424147
2.479499017064637 -0.5567386527839312 1.311497594424147
3.180913699782848 0.3192939194883431 1.311497594424147
4.557668418196917 -0.06262005767553069 1.311497594424147
4.70641964000314 0.7428380389505065 1.311497594424147
1.633328386049205 -0.4075432928302916 1.311497594424147
2.218735566058725 -0.8918158443245823 1.311497594424147
5.417374998706583 -0.7399023697412291 1.311497594424147
1.368436663821516 0.8530788806279903 1.311497594424147
5.538521130665933 -0.3140337143811793 1.311497594424147
3.575964725065398 -1.098316782555266 1.311497594424147
3.575736370469765 1.09959213582992 1.311497594424147
4.370312581235808 -0.01166275104562309 1.311497594424147
3.671367190423098 -0.3456381231306271 1.311497594424147
2.984504996750205 -0.8943671004109592 1.311497594424147
2.392390596177899 -0.2959800222680486 1.311497594424147
2.32948211956555 0.3650971767360824 1.311497594424147
1.695334138118326 0.6708839082786424 1.311497594424147
1.394741279428001 -0.501572022338754 1.311497594424147
3.059717030573531 0.4665137655856424 1.311497594424147
1.082769293925664 1.031504304824447 1.311497594424147
3.672291343927581 -0.07002502936049537 1.311497594424147
0.738919508490728 -1.027017640610944 1.311497594424147
3.96022443623925 0.4200467425682572 1.311497594424147
4.699241036979148 -0.7453928331888497 1.311497594424147
2.356521285669353 0.9001813414610498 1.311497594424147
3.510873653790561 -0.2034885611698554 1.311497594424147
7.301808154127935 -0.2144652536258798 1.311497594424147
7.011708064890557 -0.3143540490621538 1.311497594424147
2.91661722305996 0.3518752240957821 1.311497594424147
4.122206740796864 0.3103859749644162 1.311497594424147
1.668208276582189 0.4723613409132412 1.311497594424147
5.646703837710154 -0.4499979011653873 1.311497594424147
2.117381346837658 -0.1815091138555269 1.311497594424147
2.221299738224748 -0.06302338286822473 1.311497594424147
2.562341848154964 -0.1886525116604907 1.311497594424147
6.710730215938715 0.260418691810008 1.311497594424147
0.4349828645045303 1.03134838953826 1.311497594424147
7.100432051922779 0.6345783006181629 1.311497594424147
6.400622123703636 -0.58434111218191 1.311497594424147
1.701948392511859 -1.041665303141033 1.311497594424147
1.372608314799654 -0.06695935181385226 1.311497594424147
7.102503495702701 0.1165360641372479 1.311497594424147
2.403053384121941 -0.07935304985613834 1.311497594424147
3.740947438745193 0.3688588586362362 1.311497594424147
2.283062122356623 0.1172877932269825 1.311497594424147
2.183624461821673 0.2290175855937966 1.311497594424147
1.952874936781163 -0.5581061721798309 1.311497594424147
5.510883080417668 0.5578839278456218 1.311497594424147
2.722836280939548 -0.658347990225659 1.311497594424147
4.639543448544725 1.088506414031806 1.311497594424147
4.638838195289891 -1.08821299018234 1.311497594424147
1.535265987479349 1.052066854385025 1.311497594424147
6.264540803330253 -0.0003480073043540255 1.311497594424147
1.725802777285444 1.051892243882562 1.311497594424147
1.947141496377092 0.3181351708997107 1.311497594424147
3.664945415305172 -0.5707683765180498 1.311497594424147
5.681913601810821 0.9141719570088755 1.311497594424147
3.253626308917294 0.1983676981723568 1.311497594424147
7.480463756998299 -0.3623394940808282 1.311497594424147
3.909336290098428 0.004219025371806406 1.311497594424147
4.317950336933091 -0.2306886441983784 1.311497594424147
3.77256666984078 -0.9287807372995314 1.311497594424147
3.766076702024308 0.9324046162262325 1.311497594424147
2.180847768236 -0.3897071662921059 1.311497594424147
6.452924070466046 0.6632658906739459 1.311497594424147
6.00508515015918 0.6287038784605576 1.311497594424147
3.889581986123367 0.2689104526280555 1.311497594424147
5.8765620226499 0.8075150260270105 1.311497594424147
1.186661917431714 -0.7104574427887158 1.311497594424147
6.683121261500155 0.6328622668821908 1.311497594424147
5.476006563701589 -1.140048358242604 1.311497594424147
4.942341101203279 0.3316048036118524 1.311497594424147
6.046208882496741 1.034796901090866 1.311497594424147
4.268602909051298 0.334935024420866 1.311497594424147
7.203219581749545 0.3323587145673221 1.311497594424147
1.123176027809753 -1.023769324336874 1.311497594424147
1.147609236318407 0.8597905973777993 1.311497594424147
0.1355261544225407 -1.018994122087155 1.311497594424147
5.12924093042473 0.8964987039092855 1.311497594424147
7.709344627441213 0.1227893095909098 1.311497594424147
6.24023887119035 0.6151662610875874 1.311497594424147
0.3455573014301232 0.8356932830512791 1.311497594424147
2.609975707250555 0.8987637441178709 1.311497594424147
4.086198196562346 -0.7979543864753619 1.311497594424147
4.110507586862436 0.7528438078302233 1.311497594424147
1.432784107203249 0.3873707372610082 1.311497594424147
5.656834393763676 -0.2192559376488512 1.311497594424147
5.814337027967462 -0.7838286743246734 1.311497594424147
4.936144484453744 -0.4316309783921688 1.311497594424147
0.9152753521420628 -0.4097490338566487 1.311497594424147
4.465264865669067 0.7322181234534291 1.311497594424147
1.540757505144396 0.8348591298768453 1.311497594424147
2.407062505085491 0.7567350018704595 1.311497594424147
5.675047197505581 -1.117729238753233 1.311497594424147
6.867907828546404 0.3708359655281457 1.311497594424147
6.4429796096668 0.9266366860332302 1.311497594424147
7.794702226428848 -7.527419747521691e-07 1.311497594424147
5.143406379498312 -0.8904172628216283 1.311497594424147
1.303310215160515 0.4985944229758743 1.311497594424147
2.913477777760639 -0.5602673796661579 1.311497594424147
2.504216280597368 0.513039143843397 1.311497594424147
7.149371420814401 -0.04731089680293166 1.311497594424147
4.103117649887339 0.2024052845869451 1.311497594424147
6.567276949888996 -0.8952708652061929 1.311497594424147
6.194139597992637 -0.6117778918160048 1.311497594424147
0.1753137969770712 1.015179574050011 1.311497594424147
3.876200766179226 0.6590613951346231 1.311497594424147
3.885974067339473 -0.6735058509057963 1.311497594424147
3.659159815613364 0.55597585765057 1.311497594424147
4.113566196547059 -1.108078164571879 1.311497594424147
4.11328931193742 1.10652131264359 1.311497594424147
6.116345509841765 -0.0008505350465657369 1.311497594424147
3.776479853381284 0.1416645499557589 1.311497594424147
7.706997715660125 -0.1160134729989717 1.311497594424147
1.154045199074608 0.4837141068242983 1.311497594424147
6.452955035922903 -0.3793691213361021 1.311497594424147
4.599345960643683 -0.2883498738772066 1.311497594424147
6.434797935781774 0.3854690918292045 1.311497594424147
3.277287802094243 0.5599105554913295 1.311497594424147
1.995363276435981 0.1708362849452114 1.311497594424147
0.6960153866410951 0.3933159534932134 1.311497594424147
0.3644925404187305 -0.2587059329705874 1.311497594424147
0.6991696838988237 -0.8888950416280786 1.311497594424147
5.15078126645237 0.06788908320513753 1.311497594424147
5.528121487380833 0.9406607573297066 1.311497594424147
1.950024793031335 -0.7222850668566296 1.311497594424147
5.295294470777593 0.5706340150687297 1.311497594424147
2.525991764895248 -0.6739342714906851 1.311497594424147
4.957086121231023 -1.094404584066658 1.311497594424147
4.955655098421272 1.092312439572113 1.311497594424147
3.478236042812436 -0.7198533472152703 1.311497594424147
5.295898987130775 -0.5704977192006969 1.311497594424147
3.348207888377732 0.6738918801707148 1.311497594424147
4.957911347396403 0.4337777334940589 1.311497594424147
6.069208309998782 0.8090184643726068 1.311497594424147
6.644934105780496 0.08757287192835506 1.311497594424147
1.998477534433698 0.5299972111732001 1.311497594424147
3.141026917491529 0.7391117673452003 1.311497594424147
2.573814896169704 0.7043539381589856 1.311497594424147
0.6188435542135019 0.03619696165658515 1.311497594424147
6.044041947230358 -1.051582183633424 1.311497594424147
2.757865998409372 -0.5439150232696992 1.311497594424147
6.253974293340733 0.347332689451995 1.311497594424147
6.301240283738044 0.8087342354590656 1.311497594424147
3.547482879692647 -0.5798953504843427 1.311497594424147
5.925553756168153 -1.070385699556496 1.311497594424147
4.757092637641781 0.2438816193089794 1.311497594424147
5.102682972417724 -1.140695500119575 1.311497594424147
1.020752420613832 -0.6506850352354162 1.311497594424147
0.7789384372813614 0.4113329292280545 1.311497594424147
6.601746361171315 0.3704429510595195 1.311497594424147
1.916079438135397 0.8956293442490699 1.311497594424147
4.256488495941457 -0.1236767073282701 1.311497594424147
1.99056417746367 -0.3025918042804834 1.311497594424147
3.759265480949575 -0.212938519205168 1.311497594424147
0.6037909968110249 -0.6935582908575221 1.311497594424147
2.189099432123153 -1.045313484619414 1.311497594424147
1.737283521229057 0.8523335374094263 1.311497594424147
3.342549807761568 -0.6506526007490565 1.311497594424147
7.348055481022004 0.5033028740429641 1.311497594424147
3.153794894013354 -0.5605573075311572 1.311497594424147
0.7706557825456043 0.8548955008072767 1.311497594424147
4.280991757743367 0.4360645877310472 1.311497594424147
5.266446255510068 0.2195834339088965 1.311497594424147
5.537265191521735 -1.150935104745919 1.311497594424147
0.3684820923238188 -1.025360934281708 1.311497594424147
4.96184289053485 0.8574147296028463 1.311497594424147
4.967735673819899 -0.8614780510118889 1.311497594424147
4.490808549240242 -1.109287974542141 1.311497594424147
4.492887106545885 1.108684446727309 1.311497594424147
4.905492034431021 -0.1821472519052969 1.311497594424147
2.387097117942325 -1.053327261972772 1.311497594424147
0.4582251514772206 -0.4668225355337897 1.311497594424147
0.3870057797215541 -0.6323837343511474 1.311497594424147
3.152167980032631 0.5824871363784541 1.311497594424147
1.442257428921855 -1.04927013774613 1.311497594424147
3.328997787957277 -0.5596986208894013 1.311497594424147
0.0007527166742136715 1.018960396507511 1.311497594424147
6.199239969863679 -0.8407184780401676 1.311497594424147
0.4564489551036656 0.2854606023177757 1.311497594424147
2.272588148468242 0.4823305643750564 1.311497594424147
0.5523116878404577 -0.9124339087249571 1.311497594424147
2.558782116923063 0.3284158910747708 1.311497594424147
2.581744159512815 -0.8541121422056879 1.311497594424147
5.479422296471723 1.149854404719399 1.311497594424147
2.909406828239417 1.080560687087725 1.311497594424147
5.665060468487146 0.7139028489700496 1.311497594424147
1.545111850240728 0.7161324606061394 1.311497594424147
4.914310200874261 0.1256172140340284 1.311497594424147
7.582849659929602 0.2133765464525483 1.311497594424147
2.151191575245588 -0.6745219584358675 1.311497594424147
4.016657587765309 -0.4061957078395424 1.311497594424147
3.810418588044455 -1.096998614562112 1.311497594424147
3.809209377237724 1.100187949014561 1.311497594424147
0.3734855418732741 -0.8269325649672665 1.311497594424147
1.844570528849715 0.3394762549922807 1.311497594424147
0.4254608726323782 -0.1267748722442765 1.311497594424147
3.889694518170796 -0.2555105464198657 1.311497594424147
5.515796030174553 -0.9580777409165553 1.311497594424147
0.1277754179362715 0.2312306093627641 1.311497594424147
2.959008514946921 0.07900519529954964 1.311497594424147
5.586889390067922 0.3517731161028321 1.311497594424147
3.314549132035332 1.090725047363292 1.311497594424147
3.313172920340302 -1.086752910547448 1.311497594424147
1.244261354971301 -0.5270412247485625 1.311497594424147
0.8646808970493415 0.271052579134005 1.311497594424147
-0.01401117078436735 0.5036513435884726 1.311497594424147
0.1504129011203431 -0.363823176430121 1.311497594424147
1.841670521631158 -0.3586233733684336 1.311497594424147
0.3648074438335328 0.6394854047040726 1.311497594424147
5.800390539161415 1.103200295171934 1.311497594424147
3.985480710151069 0.5974054014526593 1.311497594424147
4.649635963697855 0.9642963662868376 1.311497594424147
4.646876826694156 -0.9643488602735705 1.311497594424147
0.1969540752763332 -0.6928034910124813 1.311497594424147
5.664459883248524 0.2656946355303855 1.311497594424147
5.472428829413793 0.3398346541020532 1.311497594424147
6.45207113068612 -0.04609927394803615 1.311497594424147
-0.02262863700339497 0.1353127552879951 1.311497594424147
1.580921659938535 -0.6799923612625894 1.311497594424147
5.245819392119285 -0.3297945311117374 1.311497594424147
1.574817895889017 -0.006152243596661444 1.311497594424147
1.307457769125439 0.9046097857513302 1.311497594424147
0.557384331478144 0.861153650572094 1.311497594424147
1.387833558315147 -0.3168272700059905 1.311497594424147
7.318819260940863 -0.5230169501896728 1.311497594424147
1.545987179268062 0.4999363080226631 1.311497594424147
5.124559835917335 -0.1649991286439172 1.311497594424147
0.3110825938622623 0.3971094325593356 1.311497594424147
0.9977703434846771 0.3575504172399382 1.311497594424147
2.203744043825095 -0.3006243086162393 1.311497594424147
6.897866494446104 -0.1708889966752662 1.311497594424147
7.756621703573503 0.04355413787733498 1.311497594424147
4.239937456703404 0.1145166953975787 1.311497594424147
2.930405130071938 -0.6636459388980922 1.311497594424147
7.093205969463709 0.3606830121591522 1.311497594424147
1.40372930559422 0.6031395391420786 1.311497594424147
3.324753461027192 -0.8647145549925097 1.311497594424147
3.21845925223772 -0.9023048033220928 1.311497594424147
1.797775916113349 0.1007880799838585 1.311497594424147
0.1881876079131134 0.9125939108948968 1.311497594424147
1.211455102936697 0.6891000559226226 1.311497594424147
7.755920149097111 -0.04317911254136364 1.311497594424147
7.205742818670816 -0.3143699726655859 1.311497594424147
0.6242584024206053 0.5397106386994057 1.311497594424147
6.540373214377748 0.1087079974357286 1.311497594424147
5.443432365530811 0.6979556355132785 1.311497594424147
0.7311647221010819 -0.5143802949257176 1.311497594424147
4.831853985379941 0.499095986668497 1.311497594424147
0.9948374268988182 0.7586877030843173 1.311497594424147
4.26480390570174 0.9055794586240264 1.311497594424147
4.16948951587778 -0.9210171790534132 1.311497594424147
6.685952205388296 0.8584678036106965 1.311497594424147
0.2940540249988591 -0.03595022804464043 1.311497594424147
3.227388444461272 0.9134098678626772 1.311497594424147
3.350695968476862 0.8683892267747837 1.311497594424147
1.838753519145356 -0.4609502887101622 1.311497594424147
2.027968509857079 -0.8891220137658888 1.311497594424147
2.07555213591931 -1.052766539726805 1.311497594424147
6.51903085922067 -0.4591922102426146 1.311497594424147
4.28996641145961 1.101444539736583 1.311497594424147
4.304468848419535 -1.112668806845342 1.311497594424147
4.167539089855439 0.5401147382191556 1.311497594424147
1.266743873442331 -0.1908289876863771 1.311497594424147
6.606664836264756 -0.6192562608026211 1.311497594424147
4.261945101320203 0.6577062252942807 1.311497594424147
4.648212347453691 -0.09953394752790845 1.311497594424147
5.093317376757843 -0.2448995670368868 1.311497594424147
-0.0136128648545506 -0.3126784866249805 1.311497594424147
0.7296515869190261 0.6129440420659702 1.311497594424147
6.241137413974708 0.9515440490883946 1.311497594424147
0.4745842077758695 -0.5866421636482345 1.311497594424147
3.402132391043898 -0.247089910007632 1.311497594424147
3.365546703008514 -0.3464892805349702 1.311497594424147
4.45919717642984 -0.06312573166574098 1.311497594424147
3.034459070584667 -0.4789054417447347 1.311497594424147
1.295123409852726 -0.8721776721987555 1.311497594424147
1.409385482515783 -0.8341380851622817 1.311497594424147
1.492701698932349 -0.525827570374888 1.311497594424147
5.821356900866183 0.6991788742600258 1.311497594424147
3.705742929588336 -0.7412168630248888 1.311497594424147
3.717051177907594 0.7503563736951337 1.311497594424147
2.441256934375591 1.074351089980719 1.311497594424147
6.876284885819852 0.6050371718246519 1.311497594424147
1.496440085473023 -0.3031955916671423 1.311497594424147
7.495024928121742 -0.03276158025866871 1.311497594424147
6.73654064692631 -0.8288027039579431 1.311497594424147
4.103312177279399 -0.2565509836338764 1.311497594424147
2.625932206093081 -1.078706293710223 1.311497594424147
0.150747460365329 -0.7872105573824375 1.311497594424147
3.031063377105848 0.2344148560718631 1.311497594424147
0.4701506006101592 0.6881950097976877 1.311497594424147
5.866992580829436 -0.5227079652367677 1.311497594424147
7.348608316705881 0.07989028314678182 1.311497594424147
1.080701002371 -0.5384451921478151 1.311497594424147
1.654344086885705 -0.819376959738944 1.311497594424147
3.144278546556569 -0.2335866591121545 1.311497594424147
0.1264816461302116 0.03314536433784565 1.311497594424147
1.314973737672199 -1.052189668063539 1.311497594424147
0.8992362225841971 0.09191430149669921 1.311497594424147
0.3506752558032596 0.2990870527106273 1.311497594424147
3.670429191304456 0.03125483253913597 1.311497594424147
6.605335350663323 0.5607809784926967 1.311497594424147
1.090537802478654 0.06243035244142403 1.311497594424147
3.510442756613139 0.06751164630603013 1.311497594424147
-0.02761756155421632 -0.4966020698767322 1.311497594424147
4.464578767466867 -0.9241393979012291 1.311497594424147
3.302195656996654 -0.1736785063769835 1.311497594424147
0.8198690148269928 1.062132368337282 1.311497594424147
6.369625442153602 0.2073781453241337 1.311497594424147
5.711501014609363 -0.9601041237937852 1.311497594424147
4.474476256717725 0.9236380732978244 1.311497594424147
4.242130047066206 -0.4197936493649209 1.311497594424147
4.176725412114678 -0.5337825851848518 1.311497594424147
2.331059280912192 -0.8880907218367796 1.311497594424147
0.3284665266905323 0.1151821002147548 1.311497594424147
1.849810877695265 1.062398892859826 1.311497594424147
0.7102809603017276 0.9183941407811436 1.311497594424147
1.140455888120224 -0.9397244339780344 1.311497594424147
0.1231492575970863 0.8299643900010414 1.311497594424147
5.524005525179011 -0.0559463706612755 1.311497594424147
2.264973324754173 1.068722108343094 1.311497594424147
3.52934913839591 0.4299601641739457 1.311497594424147
2.342389023716369 -0.2305252251981325 1.311497594424147
0.7792184326532983 0.2076721502197609 1.311497594424147
0.672573857511747 0.231673305411378 1.311497594424147
4.801410973277796 -0.003532957400367298 1.311497594424147
4.713933899259304 0.6285619390481076 1.311497594424147
4.960078477294532 0.7489673304108988 1.311497594424147
4.945211900781094 -0.6669693524511263 1.311497594424147
3.572658299099657 -0.379350995287951 1.311497594424147
5.416928458694449 -0.2019301400802169 1.311497594424147
6.369473400232853 0.6037899460066081 1.311497594424147
5.248272421393565 -0.1605827878039299 1.311497594424147
3.229085696726963 -0.5108308910406689 1.311497594424147
6.311836376701061 -0.5733270998326578 1.311497594424147
3.923691318396977 -1.104715162830558 1.311497594424147
3.923691318314755 1.104715163300421 1.311497594424147
3.454548577719886 0.2347172945550375 1.311497594424147
0.9858330070077842 -0.06789251235422622 1.311497594424147
4.697922782651598 -0.6164220201038544 1.311497594424147
4.311877539913757 -0.8048566894518943 1.311497594424147
5.364276792288181 0.8877570428597437 1.311497594424147
1.629479645274941 -0.1748415232918392 1.311497594424147
4.579607058064949 0.2746550936206738 1.311497594424147
4.474851238826271 0.3280737284369892 1.311497594424147
0.1745532377119526 0.7203267664057675 1.311497594424147
2.357409790103616 0.6488718432439058 1.311497594424147
4.616728803682845 -0.4445074833776077 1.311497594424147
5.63550305982033 0.5983406101486874 1.311497594424147
4.290576362748488 0.2469626827063118 1.311497594424147
1.137570974907272 0.2548274642215562 1.311497594424147
2.649020141632067 0.161925698530232 1.311497594424147
5.138197604557583 0.4471484233430536 1.311497594424147
5.171711410464739 -0.5444573312699699 1.311497594424147
5.934472399779945 -0.293282874827439 1.311497594424147
5.340306721606339 0.7571079710476589 1.311497594424147
3.993262662324833 0.04248303522302765 1.311497594424147
2.969285556840871 -0.2307384038501883 1.311497594424147
3.497842267217058 -0.09923208263007788 1.311497594424147
-0.0259975202182841 -0.6852463947501134 1.311497594424147
4.052318528780247 -0.662928622018083 1.311497594424147
2.699490919343928 -0.3472476140658376 1.311497594424147
2.749715247950178 0.9198542832586705 1.311497594424147
1.486693971967658 0.2227305559820054 1.311497594424147
4.161678312237908 0.9261899565696876 1.311497594424147
4.277271953254561 -0.9220458979021458 1.311497594424147
2.68649764021095 0.5050276593360266 1.311497594424147
4.498295818260823 -0.685695037376991 1.311497594424147
0.9289965491099211 0.9222384866379485 1.311497594424147
2.504904758841545 -0.3596621135844638 1.311497594424147
0.4613415124252158 0.4722258627117288 1.311497594424147
6.223666124937083 0.7061618474111777 1.311497594424147
6.996914826617121 0.6923776074462633 1.311497594424147
5.46144467393649 -0.3298621473342508 1.311497594424147
4.650234162054621 0.4242763923786912 1.311497594424147
5.164784534050249 -0.3730615298451361 1.311497594424147
0.5448584537586721 1.055873414745376 1.311497594424147
6.248291247794692 -0.7677561871375012 1.311497594424147
5.600728520023591 0.1627511086533435 1.311497594424147
6.039923239954511 0.04149155092908563 1.311497594424147
4.945340814121598 -0.09388777705373896 1.311497594424147
5.291512295465728 -1.145973744027287 1.311497594424147
4.461158137721171 -0.1725878564938468 1.311497594424147
5.934433307019418 0.8942302860607831 1.311497594424147
3.968407899534915 0.9634638227547654 1.311497594424147
3.981196061141196 -0.9577787797823015 1.311497594424147
2.619678691771357 -0.01677162967649659 1.311497594424147
7.40991380411233 -0.4510503794044596 1.311497594424147
2.30238008386964 -0.09555372246550276 1.311497594424147
2.661468228355614 -0.2367073461589047 1.311497594424147
5.238904950996643 0.0975113260510081 1.311497594424147
2.537010956511662 0.4211156384479724 1.311497594424147
1.025940110545167 -1.072655897404294 1.311497594424147
2.351678186693479 -0.4579437804417503 1.311497594424147
2.116784381285388 -0.8464321235047604 1.311497594424147
1.126283894602964 -0.1449918794279146 1.311497594424147
4.529796977187762 0.630938985382566 1.311497594424147
3.103028538607681 0.07698150246321878 1.311497594424147
5.447896643603166 0.2502986755937893 1.311497594424147
5.556091276992945 0.7795544204310836 1.311497594424147
2.032025612937187 -0.3959125047714072 1.311497594424147
4.702183386013407 -1.142555756887013 1.311497594424147
4.703255644935279 1.142595422168966 1.311497594424147
2.848530608654551 -0.4780295186878992 1.311497594424147
1.403828178955602 -0.6955696614795216 1.311497594424147
4.623783294665374 0.784696319587449 1.311497594424147
7.437153305282989 0.1180254527063462 1.311497594424147
0.3298794019571392 1.054049907915269 1.311497594424147
1.804506963161376 0.2468980180510203 1.311497594424147
4.616337353402782 -0.7916112344093982 1.311497594424147
1.246195170316985 1.066431434255853 1.311497594424147
4.830333696172022 0.3153757202028764 1.311497594424147
2.52185961789492 -0.9503748666222431 1.311497594424147
1.411965712326889 1.06018055300341 1.311497594424147
6.964057964836044 -0.5152147776313507 1.311497594424147
2.484947439337751 0.09538554931498466 1.311497594424147
6.785157807055844 -0.2468672481567824 1.311497594424147
2.07027371402062 0.03336717250830556 1.311497594424147
1.786711365197097 0.6519715381980153 1.311497594424147
2.216535569277804 0.04766400252985936 1.311497594424147
1.424278341370198 0.03127040429632411 1.311497594424147
4.758735599343398 0.4461666493661527 1.311497594424147
2.730862907286357 1.088748246724387 1.311497594424147
2.883738371392383 0.8190201626715063 1.311497594424147
2.650343876958427 -0.4782819560508942 1.311497594424147
0.691399384890732 0.7220841009252963 1.311497594424147
2.786755473775401 -0.1597841138060268 1.311497594424147
1.311675464232577 0.2861350869834134 1.311497594424147
1.549677682984211 0.9283247928893756 1.311497594424147
7.122640584716964 -0.5938606647618436 1.311497594424147
2.844302849301734 0.1374955449060307 1.311497594424147
2.266766232031233 0.8816120918166697 1.311497594424147
5.284227242752108 0.3491372087692899 1.311497594424147
5.326332331075537 -1.051719724288148 1.311497594424147
3.950074270118689 -0.1486465862492106 1.311497594424147
1.09801604080622 -0.7260125890905781 1.311497594424147
1.69288014515121 -0.3291879865689378 1.311497594424147
6.787087571610353 0.4677195729420762 1.311497594424147
7.283932927063047 0.2452546896889822 1.311497594424147
3.405876012240856 -0.5046894020104181 1.311497594424147
5.6053260834019 -0.6721751707506005 1.311497594424147
2.971591887195787 0.6697414416664782 1.311497594424147
0.5118155273609756 0.3714664904923983 1.311497594424147
0.7683518301698663 -0.03056730759298487 1.311497594424147
1.684760277806582 -0.4930449662254841 1.311497594424147
0.906194196997557 -0.1496657591423576 1.311497594424147
4.429259751387369 -0.3748601305281161 1.311497594424147
6.483609186330837 0.4858940820867665 1.311497594424147
2.177430960341129 0.6251369569121483 1.311497594424147
-0.03157795599770651 -0.218390129934064 1.311497594424147
1.774836348816604 -0.6629891212293675 1.311497594424147
4.076037822343767 0.3909073368658362 1.311497594424147
6.318595804527842 -0.4562694509387211 1.311497594424147
6.226998104822338 -0.401691363637899 1.311497594424147
5.034771325588515 1.140212310453726 1.311497594424147
3.759631208171963 -0.1086222785709718 1.311497594424147
2.120929543308382 -0.5597085627440526 1.311497594424147
3.072273247474339 -1.072999925729417 1.311497594424147
3.078273570506219 1.076796319879025 1.311497594424147
6.830119824058123 -0.6736976385608124 1.311497594424147
0.8528715818181266 0.6189812331231881 1.311497594424147
7.050852419474831 -0.4591133362985624 1.311497594424147
0.4806367198638313 0.01819719719060209 1.311497594424147
2.496720576115746 -0.1136578265199519 1.311497594424147
5.234995254757047 1.158631177419791 1.311497594424147
2.002744362343596 0.6844356582999824 1.311497594424147
2.037600875564043 0.7922047102984526 1.311497594424147
5.587561545432838 -0.7701910291161586 1.311497594424147
-0.02357693211788399 0.6747343198609903 1.311497594424147
2.41298531328635 0.03508753719663904 1.311497594424147
3.12416606647379 0.3834076219005176 1.311497594424147
4.03144554567055 0.8358744486941057 1.311497594424147
5.175949011041789 0.5436220211096967 1.311497594424147
3.053073544945196 -0.8044512782368648 1.311497594424147
3.875170976611237 -0.778811844877816 1.311497594424147
3.887173736319936 0.7683494938086299 1.311497594424147
4.88257411297011 0.6634805159267059 1.311497594424147
3.373949582255327 0.2756475832372443 1.311497594424147
4.854596414700568 -0.5522629591541608 1.311497594424147
1.900146000772809 -0.1621552395586257 1.311497594424147
6.409277704512056 -0.8134137073923432 1.311497594424147
3.964262618385232 -0.514900339169633 1.311497594424147
2.16768256563641 1.074991750440372 1.311497594424147
5.436290466894182 -0.09984461279820378 1.311497594424147
6.608467916287578 -0.0943649608739594 1.311497594424147
1.904341308518774 -1.072361416132332 1.311497594424147
3.044529559533324 -0.4028464312443164 1.311497594424147
2.807801428334598 -0.324726861787866 1.311497594424147
3.407574492922504 0.4312594450868794 1.311497594424147
1.607151957791502 -1.074237518502112 1.311497594424147
-0.02758195514719067 0.9287784779831585 1.311497594424147
3.031331087649372 0.1386830283603671 1.311497594424147
2.702549550883611 0.3377771746287186 1.311497594424147
5.364735348938441 -1.147061940915911 1.311497594424147
7.615459257985496 -0.2482166540688922 1.311497594424147
7.580333553719313 -0.2934915625639192 1.311497594424147
3.217836599793544 0.3984092293395221 1.311497594424147
1.23140480742657 0.4360091234372778 1.311497594424147
4.976970879585562 0.2225025734320638 1.311497594424147
4.744346261065893 -0.4399971109771174 1.311497594424147
6.131948753654857 -0.5338584681096699 1.311497594424147
2.208707041982702 0.7441662778754898 1.311497594424147
0.4380285196029408 0.1051992264620141 1.311497594424147
7.483313268825824 0.4024578579425824 1.311497594424147
7.43070129906889 0.4332279232997458 1.311497594424147
0.3034470206657396 -0.9101388406726008 1.311497594424147
3.976506124552944 0.2103319337012213 1.311497594424147
-0.01638904472248173 0.3406345676131324 1.311497594424147
7.560504630197336 0.3191106758520996 1.311497594424147
6.123087436097729 0.4781221157481361 1.311497594424147
6.331237746024525 0.4190092465361048 1.311497594424147
2.884241912499155 -0.8358173965657533 1.311497594424147
0.4488706234066873 0.805906595342172 1.311497594424147
6.869827706943126 -0.3683914194209115 1.311497594424147
7.043775965052017 -0.0854174802021308 1.311497594424147
0.6454856908245509 1.071390878848667 1.311497594424147
3.964218334934747 -0.6233918314891023 1.311497594424147
1.475673916417926 -0.9298880540436262 1.311497594424147
3.224238931891622 1.10517205261986 1.311497594424147
3.216838740773649 -1.105614162833501 1.311497594424147
6.998612293078585 0.1247726549651278 1.311497594424147
6.172461219858649 -1.041187912665111 1.311497594424147
0.6928272612321119 -0.7322971962375499 1.311497594424147
1.227831367115583 -0.6236855889817464 1.311497594424147
6.675153738454757 0.4434648032535224 1.311497594424147
0.6964378134158965 0.04045985645866623 1.311497594424147
0.5064020001980233 -0.3833210230303479 1.311497594424147
6.45923152744456 -0.9429186975621782 1.311497594424147
6.343561792064786 -0.9711822436360034 1.311497594424147
4.877674724798361 -0.3468800849133209 1.311497594424147
0.1068902489736021 -0.6358803647647839 1.311497594424147
4.10459749368811 -1.003031583811563 1.311497594424147
1.707706966269494 0.9481681419719166 1.311497594424147
6.482714301953718 -0.6423535320980994 1.311497594424147
2.105463342026636 0.9435943743964923 1.311497594424147
6.069332593387252 -0.9607566900635074 1.311497594424147
3.788911865548171 -0.5526002763671694 1.311497594424147
3.024359150100508 -0.6990621048688961 1.311497594424147
3.103890184086585 -0.08987655244430726 1.311497594424147
1.628785975809493 1.083165498781366 1.311497594424147
3.62882028821942 0.212126187670713 1.311497594424147
1.922992486627453 -0.6299308314190295 1.311497594424147
3.0960335583612 0.6550296653016494 1.311497594424147
4.222316842264405 -0.7209006060069749 1.311497594424147
4.690545803403138 0.09075943481051096 1.311497594424147
0.3022457342400609 -0.382046070228597 1.311497594424147
5.280409100555516 -0.2458070983211555 1.311497594424147
4.568002836276793 0.1805074824417727 1.311497594424147
5.78398434860157 -0.07483534756492527 1.311497594424147
4.301701548146055 0.8145340873683102 1.311497594424147
4.427995489056983 0.1411649440050617 1.311497594424147
0.5899379093023438 0.1796723587217044 1.311497594424147
4.823814965640983 -0.9844199401270636 1.311497594424147
4.743219090037217 0.9486461274525422 1.311497594424147
4.250612837079086 -0.6248742829463361 1.311497594424147
4.344833464840692 -0.6146113636557198 1.311497594424147
7.507393907171159 0.05952071547331639 1.311497594424147
0.2926240347343203 0.7335102440449373 1.311497594424147
6.078845863315072 -0.7795872193812865 1.311497594424147
-0.0332697052902373 -0.9267210572947139 1.311497594424147
0.6314312691417755 -0.5284111695639622 1.311497594424147
2.022321093464209 0.3710217559788007 1.311497594424147
4.09310036411388 1.00251682351664 1.311497594424147
7.119255093245642 -0.1634256907526479 1.311497594424147
6.903287258431849 -0.7662475314008801 1.311497594424147
0.08499170483001649 0.4861880039371169 1.311497594424147
0.6816974237907186 -0.1514082531345549 1.311497594424147
1.8887226855329 0.7093929238685786 1.311497594424147
3.274990349275629 -0.363546710884275 1.311497594424147
2.114448065844961 0.3750800313069467 1.311497594424147
2.1630389942225 0.4587963794185668 1.311497594424147
7.24943982553461 -0.06242108946325264 1.311497594424147
6.4929488837744 0.772596606407703 1.311497594424147
0.1356153744949557 0.3476566547695599 1.311497594424147
0.1485915143721146 -0.2901093222893389 1.311497594424147
6.894611469883854 0.7581090926483605 1.311497594424147
6.795218503070973 0.817314925571978 1.311497594424147
4.141973672758977 -0.0005238809190062366 1.311497594424147
4.068279061211483 0.6632906047376719 1.311497594424147
6.167407771939831 -0.2604320993886353 1.311497594424147
6.874227155171923 -0.4692862246790566 1.311497594424147
1.520425069484506 0.332160630595373 1.311497594424147
3.686019485207017 0.9449047579349206 1.311497594424147
3.688672481723736 -0.9374325191958983 1.311497594424147
0.1037590919721997 -0.1589272015712542 1.311497594424147
2.453516817012813 0.1954908227200796 1.311497594424147
2.446990210214346 0.8474436951356952 1.311497594424147
0.8869899934898885 0.7223436266930903 1.311497594424147
1.643838112010329 0.3464956643571642 1.311497594424147
3.503007905188371 1.111621285438859 1.311497594424147
3.503636377938236 -1.112365188280206 1.311497594424147
2.727304336967411 -0.005075328103997245 1.311497594424147
4.602605578137245 -0.5989820143115605 1.311497594424147
3.588578475760117 -0.1266488496884097 1.311497594424147
1.832439165890634 0.8505349443428234 1.311497594424147
1.064503658426572 0.1707115127404852 1.311497594424147
4.55919082789786 -0.9231095015976445 1.311497594424147
1.357057930687947 -0.4192129583952455 1.311497594424147
6.64735242055854 -0.7132770759397468 1.311497594424147
3.089306016925929 -0.9759486697306816 1.311497594424147
3.089932043228272 0.9970639665915215 1.311497594424147
6.783302289200267 0.3013410032759121 1.311497594424147
5.528322704861458 0.06540772233211412 1.311497594424147
2.773924311776002 -0.7385048191284995 1.311497594424147
4.563491978979505 0.9211740450897199 1.311497594424147
3.581257921221539 -0.2778295025942419 1.311497594424147
1.744205072235091 -0.7717109088580929 1.311497594424147
4.499199663705223 0.4409063522548808 1.311497594424147
0.383005713011359 -0.7276361513665335 1.311497594424147
5.374133381417296 0.03793036079694878 1.311497594424147
5.505636691933164 -0.8007730794774388 1.311497594424147
2.106170675089497 0.1739571950148886 1.311497594424147
4.323539414178242 0.9742352277215895 1.311497594424147
0.5456496998914222 0.6099359329121312 1.311497594424147
4.201250872737377 0.7254485694764548 1.311497594424147
2.342566950708155 -0.7071253010596926 1.311497594424147
4.119472153837168 0.8471166346779306 1.311497594424147
0.2340892393873051 0.5702329931520285 1.311497594424147
0.7806918424545485 -0.2570346853876553 1.311497594424147
1.453543450855013 -0.1444794944690939 1.311497594424147
2.42643549782186 -0.7687275018864308 1.311497594424147
2.702101200422476 0.5928282439175263 1.311497594424147
0.8404010210649306 -0.8375401422367514 1.311497594424147
4.398494233401295 -1.139332060631415 1.311497594424147
4.405926430735332 1.133217612711418 1.311497594424147
4.445118005384185 0.8299480939937698 1.311497594424147
5.611542937671302 1.151375153995416 1.311497594424147
1.554841178801756 -0.1068049470277743 1.311497594424147
6.703506747790758 -0.4678101590754429 1.311497594424147
6.996995759404616 -0.703457711893813 1.311497594424147
2.01545446139361 1.084229854176548 1.311497594424147
2.879948473523858 0.2477917748437217 1.311497594424147
5.332047284667498 -0.4004540965269375 1.311497594424147
0.8301173468953807 -1.077066017981203 1.311497594424147
1.904739351646072 -0.9748611134857568 1.311497594424147
5.964225023731332 0.5376148771030518 1.311497594424147
0.3481041577506134 0.9516680423678368 1.311497594424147
6.037670195616519 -0.555734841732201 1.311497594424147
4.971489986043688 -0.7622600453526631 1.311497594424147
0.5155790842944837 0.965945978034555 1.311497594424147
1.635268001872304 0.8974390625105124 1.311497594424147
5.683693129011733 1.131334784469435 1.311497594424147
4.08915078486203 -0.3471694975345792 1.311497594424147
0.08678409060757146 1.048644810569835 1.311497594424147
0.9519770202724808 0.4552547451465137 1.311497594424147
6.223711138827604 0.8002049706445764 1.311497594424147
3.538313432742625 0.2970824826977314 1.311497594424147
5.938069410642453 -0.06438469022591176 1.311497594424147
2.50418129988337 -0.2628281776404184 1.311497594424147
0.2355015649508937 -1.072730270694306 1.311497594424147
6.114969831822165 0.8858893655500755 1.311497594424147
5.607706193341985 -0.1156668623416885 1.311497594424147
1.106228094321591 0.9436314943313338 1.311497594424147
0.2304178724911626 -0.104174749807828 1.311497594424147
0.09050679112383196 0.6359289405668189 1.311497594424147
6.443851589025534 0.2621675503934828 1.311497594424147
7.449738958947272 0.2120618373671939 1.311497594424147
6.492708510214793 -0.2160854078050731 1.311497594424147
3.150196192436543 -0.8047039845923003 1.311497594424147
5.623767258911126 -0.9362493203748179 1.311497594424147
2.684879055866924 0.8677888281795758 1.311497594424147
0.9456930790360168 0.5624709000508787 1.311497594424147
6.427888778929754 -0.1576817327012328 1.311497594424147
5.172866109264767 -1.151887740818792 1.311497594424147
6.837950891420862 0.1558924656951393 1.311497594424147
5.443777145037733 -0.6297477334344506 1.311497594424147
0.2813459981366984 -0.2407772222019369 1.311497594424147
5.036577126908255 -1.154459142081458 1.311497594424147
5.632054519478567 -1.149110826037609 1.311497594424147
3.41519619559716 -1.106991902932654 1.311497594424147
3.414847884445813 1.110550279994398 1.311497594424147
7.111415984316131 0.5516145850787149 1.311497594424147
6.528509290234075 0.2190762284325543 1.311497594424147
1.621930294546903 -0.6220620736550704 1.311497594424147
4.343366465758177 0.6300443214892015 1.311497594424147
4.305963523464968 0.05029894662339096 1.311497594424147
6.371916146284911 0.7648370803127313 1.311497594424147
2.838327146928848 0.4721795544646314 1.311497594424147
6.121291806096008 1.0536717672366 1.311497594424147
6.607657705640839 0.7978308889777936 1.311497594424147
3.014862341340359 -0.08158203254998897 1.311497594424147
5.616543898837614 0.948129215637586 1.311497594424147
1.513192403188761 0.05654908934670577 1.311497594424147
7.735308694433729 0.1048642853518316 1.311497594424147
2.62779072434624 -0.6772799152719455 1.311497594424147
3.837868714852833 0.4887245235765152 1.311497594424147
0.9329367728822308 -0.9361440672679874 1.311497594424147
5.971194599947331 1.066236557301406 1.311497594424147
6.579833792722041 -0.8024083977299841 1.311497594424147
7.215608093221551 -0.2190980103771463 1.311497594424147
0.641283133815102 -1.070329722687553 1.311497594424147
1.62758148172629 0.6428357693969056 1.311497594424147
3.462811430417323 0.7501375883007337 1.311497594424147
4.816996105441211 0.9931847730349583 1.311497594424147
0.3726312270014636 0.4566052316000537 1.311497594424147
5.425770964821907 -1.168338775926894 1.311497594424147
3.20373291238577 0.1107596824075712 1.311497594424147
0.9524691946020652 0.2910255435284794 1.311497594424147
3.365203054454593 0.09673904674539746 1.311497594424147
4.61916738530334 0.5808469235522098 1.311497594424147
2.294057872578091 -1.090282459036045 1.311497594424147
5.754243967342389 -0.708771039874069 1.311497594424147
1.269880624629985 0.1244200182487369 1.311497594424147
1.767422277256422 -0.04390947444321514 1.311497594424147
6.615518781881174 -0.5133701119559039 1.311497594424147
4.347006741331247 -0.4503047660422165 1.311497594424147
6.57550817963928 0.9205678490950653 1.311497594424147
7.73267977529698 -0.1020517024026215 1.311497594424147
6.349006732611413 1.001583558694887 1.311497594424147
7.404434168156914 -0.08167368606498382 1.311497594424147
4.527252004845762 -0.240289089862771 1.311497594424147
6.735261280473389 0.01981121592634061 1.311497594424147
5.750963164228822 0.1103207304632148 1.311497594424147
1.763686319156329 -0.5045451197443912 1.311497594424147
7.16533955948091 0.6157070890417062 1.311497594424147
3.408541606983591 -0.04966832403082777 1.311497594424147
4.741917229634589 -0.9496954875384639 1.311497594424147
3.191866743070287 -0.7277918180689334 1.311497594424147
0.4985526156683228 0.1897140701202438 1.311497594424147
7.215234509868743 0.5999207434125267 1.311497594424147
6.465017413759451 0.0603330822262238 1.311497594424147
6.785505744839166 -0.5207990363355659 1.311497594424147
1.616212803075978 0.5560724850506475 1.311497594424147
4.989957556655177 0.04648506041207012 1.311497594424147
0.852411339357568 -0.7004189818861311 1.311497594424147
6.869389423332058 -0.07837110128971747 1.311497594424147
6.633258566780974 -0.8734014677707068 1.311497594424147
7.132627846604532 -0.4985976815187744 1.311497594424147
-0.0399506094174767 0.2077307959481958 1.311497594424147
5.39041485537883 0.3779541372192845 1.311497594424147
2.971889158846523 -1.097444667363634 1.311497594424147
0.60825081682782 0.3786527578178878 1.311497594424147
2.252312538703782 -0.442307106555886 1.311497594424147
2.940572854429421 0.9740176595218835 1.311497594424147
5.241940461370561 -0.8542497567452402 1.311497594424147
5.858315920195726 -1.092304611827832 1.311497594424147
5.911913565076829 -0.7689362153778581 1.311497594424147
5.987598674857591 -1.075736425492557 1.311497594424147
3.745198086063003 -0.4107311654687353 1.311497594424147
0.9556923936359382 0.1922011216825938 1.311497594424147
5.772975479496157 0.4127198180919502 1.311497594424147
7.374561341655135 -0.2604080550308405 1.311497594424147
4.397403777631218 0.2383861383171813 1.311497594424147
5.09726604274121 0.1254644829872522 1.311497594424147
7.674175301005831 0.1621971342108279 1.311497594424147
3.599758098302742 0.09715054121772493 1.311497594424147
5.010311699387649 -0.5898303567930794 1.311497594424147
5.057119329436074 0.6027752703890426 1.311497594424147
0.7600045751587311 -0.6779470298928137 1.311497594424147
6.121875469944004 0.2893362887256674 1.311497594424147
6.128307914906054 0.2029327701241133 1.311497594424147
3.836355352179401 -0.8760399354227888 1.311497594424147
1.235989733417581 0.9078926513767958 1.311497594424147
1.149123536168223 -0.04085072970567283 1.311497594424147
2.235290862764993 0.3047694755455208 1.311497594424147
3.610249501637543 0.7760773984100002 1.311497594424147
3.61393211759161 -0.7675715038584585 1.311497594424147
3.398787425952389 0.9694584515585782 1.311497594424147
3.40415244604785 -0.9456926418315863 1.311497594424147
1.693783478074141 0.2476944792773224 1.311497594424147
1.057022376979927 0.8201247156454479 1.311497594424147
2.558838543767119 0.9551103537551489 1.311497594424147
-0.04253015649551381 -0.4021783134508061 1.311497594424147
4.555515351395831 0.7317532849198283 1.311497594424147
1.368150548318194 0.4463384726125186 1.311497594424147
5.374974603223611 0.1974534961395455 1.311497594424147
5.866535795617557 1.096175931684043 1.311497594424147
6.786184938842007 0.5677417987616467 1.311497594424147
2.801854292680503 -1.111757165440668 1.311497594424147
6.212184268581005 0.06620480500395654 1.311497594424147
4.714038820475621 -0.2727034337321825 1.311497594424147
3.230599249236625 -0.2218553777064591 1.311497594424147
0.9488546980541867 -0.3118917664486858 1.311497594424147
1.641296834592523 0.1644573503936886 1.311497594424147
3.453209233543429 0.1371819740592457 1.311497594424147
4.419264842027518 -0.8275291969064047 1.311497594424147
5.344521175009916 -0.8724532537141138 1.311497594424147
3.315571247793823 0.7501676802263131 1.311497594424147
6.025393809269232 -0.1656125011377971 1.311497594424147
6.119894401915948 -0.1074219558204754 1.311497594424147
4.014179514338372 -0.8360182768750299 1.311497594424147
4.789293535330384 0.7956480800391066 1.311497594424147
0.9859351249573226 0.02364919997120851 1.311497594424147
2.00318047737721 -0.01823381000461466 1.311497594424147
4.210518807566983 -1.128788650398909 1.311497594424147
4.211342906385018 1.126316369560386 1.311497594424147
1.895514919650106 0.1090553734162449 1.311497594424147
4.375557553734676 -0.9712286516170567 1.311497594424147
4.162163421547941 0.1339430011093035 1.311497594424147
1.61901329483881 -0.986848902776686 1.311497594424147
5.106468427985931 1.156160980691505 1.311497594424147
1.764083051483371 -0.9340485066207421 1.311497594424147
6.620026489198116 0.2652549243332432 1.311497594424147
0.2475987999284038 1.067321195977025 1.311497594424147
3.80942648238903 -0.7153494192901364 1.311497594424147
3.813699067258928 0.7281896286783878 1.311497594424147
2.864896579322516 -0.737686958318732 1.311497594424147
7.220572620000606 -0.6107715854965243 1.311497594424147
2.8442251802326 -0.2352688682658932 1.311497594424147
5.057489196427717 -0.08387019150660846 1.311497594424147
1.528732499585817 -1.089729846680748 1.311497594424147
1.293842899243261 0.5891759855947185 1.311497594424147
4.790995577150135 -0.7938373354306238 1.311497594424147
6.951250683994464 0.4403181404123884 1.311497594424147
2.375069639189477 -0.9657857174016629 1.311497594424147
1.263986329733777 -0.0321936367836686 1.311497594424147
5.36368812900008 1.158396034448829 1.311497594424147
7.051118430415612 -0.3779077276841231 1.311497594424147
3.904443114728318 0.3469697276267789 1.311497594424147
0.06650694635806141 -0.4934182781987285 1.311497594424147
4.777574818737669 -0.3606874638945876 1.311497594424147
1.77891384428653 -1.079994380648184 1.311497594424147
2.576292364207542 0.07889049484066923 1.311497594424147
3.720952167968077 1.133978614467399 1.311497594424147
3.72128200767245 -1.132484971854865 1.311497594424147
3.306870533508013 -0.7432056668816063 1.311497594424147
0.7952399049482782 0.5488955181381234 1.311497594424147
6.324877868590412 -0.2726941675772283 1.311497594424147
6.939056503542375 0.2816218329941833 1.311497594424147
7.033671434820898 0.2798607452132038 1.311497594424147
-0.02667126457927967 -0.05528171934229209 1.311497594424147
6.975760058758605 -0.6185742678532651 1.311497594424147
0.6567985681686996 -0.3524840889541934 1.311497594424147
3.815484802950802 0.3340922552681305 1.311497594424147
1.154539326409863 1.077312650877903 1.311497594424147
3.841428103385147 0.9214532116732717 1.311497594424147
1.195366571810711 0.7727822710813046 1.311497594424147
0.9152562007547825 -0.4906174798109356 1.311497594424147
5.74376552761455 -1.121543334099235 1.311497594424147
7.331334647430838 -0.01588209504369931 1.311497594424147
2.737093524545317 0.09428009673229432 1.311497594424147
5.124927871613294 -0.4435429960157169 1.311497594424147
3.955514533539754 0.5062519710518327 1.311497594424147
6.952036754519508 0.5358228915201686 1.311497594424147
1.547334192648734 -0.4456274947374502 1.311497594424147
2.719711842780096 -1.098362108503649 1.311497594424147
3.549753339421665 0.6070147148475942 1.311497594424147
6.786133157642944 -0.334275355286017 1.311497594424147
2.666712982144405 0.6606414889860572 1.311497594424147
5.362500426558519 -0.03917424433031313 1.311497594424147
5.297836049205074 1.167226407903832 1.311497594424147
5.810268070696086 0.5851770357040909 1.311497594424147
5.671914033960068 0.8231784236069777 1.311497594424147
2.619121340489591 1.107031104458261 1.311497594424147
1.035725282865921 0.6841275211703592 1.311497594424147
2.930529534449348 -0.9843070889775672 1.311497594424147
2.526334028238558 0.250472879879541 1.311497594424147
5.545171016369196 -0.5120244354257928 1.311497594424147
1.565868775213883 -0.7729316215405897 1.311497594424147
3.487583030847569 0.9651552275741733 1.311497594424147
3.492908171068918 -0.959143924461779 1.311497594424147
4.505736869348146 -0.4531492700783676 1.311497594424147
1.775000500365565 -0.2978642540527321 1.311497594424147
2.202798293419798 -0.9722382805981725 1.311497594424147
1.417499919128264 -0.5764239048918083 1.311497594424147
1.06550235211299 0.4388864104264545 1.311497594424147
2.996088222884937 1.10369069015207 1.311497594424147
3.809787579769696 0.5792778433049357 1.311497594424147
0.1795125623915054 0.1236575291352093 1.311497594424147
2.970289953563322 0.5390275133827063 1.311497594424147
2.111994093096317 0.5235254392936612 1.311497594424147
6.805072096157392 -0.8060003467428647 1.311497594424147
1.364259509953883 0.1178158462351522 1.311497594424147
0.4518583837015552 -1.06128433812675 1.311497594424147
5.566902422999674 0.509621321511226 1.311497594424147
6.022800500892618 -0.6382315978646598 1.311497594424147
1.894953150209741 0.5114236581291047 1.311497594424147
3.901046999560014 -0.07946724458377097 1.311497594424147
6.960871330865224 0.04570912864358934 1.311497594424147
6.5227113943989 0.4024035746439061 1.311497594424147
0.082535475111408 -0.324898869635786 1.311497594424147
6.38023146077767 0.1114097457775525 1.311497594424147
6.081255710533316 0.7009713569197193 1.311497594424147
6.144178761372622 -0.4409922206858601 1.311497594424147
1.900862738195075 -0.7985684832304306 1.311497594424147
2.985860029058719 0.4246052609282993 1.311497594424147
3.124534831238167 -0.3814493888091965 1.311497594424147
2.059879695783916 0.1088376488251541 1.311497594424147
5.066885891351836 0.9806552899318686 1.311497594424147
5.077941539194708 -0.9796356956527719 1.311497594424147
6.235518296386191 -0.308225042107003 1.311497594424147
6.020397187677029 -0.2530129382077257 1.311497594424147
6.296867561349869 0.5210641999034298 1.311497594424147
7.148821713642977 0.04728740727627523 1.311497594424147
3.423745573305002 -0.4153636158025775 1.311497594424147
3.827594482089283 0.05847042791900825 1.311497594424147
2.83149705207821 0.6549746271800065 1.311497594424147
1.350922029918876 0.7662676400074109 1.311497594424147
4.518604464989689 -0.6019266650508031 1.311497594424147
2.949197501189428 0.7690323700231378 1.311497594424147
5.983974147741801 0.1991238014266692 1.311497594424147
3.112629217739445 -0.6437567927355404 1.311497594424147
0.9117133429377081 -0.6335527829897007 1.311497594424147
0.464950108846536 -0.285950689262869 1.311497594424147
1.483299551465267 0.6366700223381405 1.311497594424147
6.628651966640757 -0.3337492764299943 1.311497594424147
2.109291406011488 -0.7622063081379186 1.311497594424147
1.995958455406049 0.9780131058588915 1.311497594424147
0.612117419548866 0.7558378594162296 1.311497594424147
2.53034974387862 0.6130562746335224 1.311497594424147
1.926326679158605 0.01359245601983994 1.311497594424147
5.752590541429347 -0.3860014640079982 1.311497594424147
5.833851420591295 -0.4286986942772968 1.311497594424147
2.97076356080535 -0.3362930060599538 1.311497594424147
5.915569971326928 -0.9232629440415816 1.311497594424147
1.292430411756165 -0.9625618507604318 1.311497594424147
6.773570650904968 0.2132521490499675 1.311497594424147
0.5936843347837611 -0.09962144122600436 1.311497594424147
0.5288324548321125 -0.1534456191833511 1.311497594424147
2.845672342808557 0.3999634724665293 1.311497594424147
5.819079098904689 1.032426742682315 1.311497594424147
0.6347709370187362 0.8939134334947039 1.311497594424147
4.774568339803636 1.146349511255808 1.311497594424147
4.77427119844493 -1.145342980674712 1.311497594424147
6.227676191216648 -1.008564405332728 1.311497594424147
3.087454121963113 0.8163399757076781 1.311497594424147
5.731894984108826 -0.190243009128211 1.311497594424147
5.871384032003984 -1.005801505636639 1.311497594424147
5.983799021983955 -0.4218964764567743 1.311497594424147
4.453065048594162 -1.011640660557976 1.311497594424147
7.750865712129475 0.07525644588205038 1.311497594424147
6.114514258042901 -1.040425280857539 1.311497594424147
4.470329468215304 -0.5320994232440142 1.311497594424147
5.744004847502198 1.125893949089591 1.311497594424147
6.184765779872598 0.3975910364380157 1.311497594424147
6.37616277268179 -0.3914705610359288 1.311497594424147
7.061114176776172 0.6784673146086062 1.311497594424147
4.459941114434891 1.010367422743485 1.311497594424147
7.750646563407937 -0.07512658501809466 1.311497594424147
5.779557835074299 0.8687780670526688 1.311497594424147
4.780979716194187 -0.2004790029490935 1.311497594424147
0.3452518053525988 -0.4540852697742757 1.311497594424147
5.516054961356439 0.8593409130938274 1.311497594424147
0.2097680292619483 -0.5337346969266321 1.311497594424147
6.051996564659525 0.1499782103547553 1.311497594424147
5.380241845445538 1.071919934200837 1.311497594424147
4.129213740429323 -0.7270216515574076 1.311497594424147
1.210122558299106 -1.083296956047338 1.311497594424147
2.377282794355433 0.4848261883415141 1.311497594424147
3.319255815253047 0.2201696944848619 1.311497594424147
0.2030904466405498 -0.9301915102994996 1.311497594424147
6.289268156024887 0.2508389312234591 1.311497594424147
5.806058062236914 -1.11448828188448 1.311497594424147
2.482560022397953 0.3639662782095046 1.311497594424147
2.430800683725248 0.5806463670829645 1.311497594424147
2.264611886385377 -0.8185371730202038 1.311497594424147
5.923598646827331 1.096806207603508 1.311497594424147
6.518058171228101 -0.9331348546203753 1.311497594424147
5.68924752050077 -0.6379583916263608 1.311497594424147
5.688518139702962 -0.03255148102662209 1.311497594424147
3.598581581447395 0.3696266740697021 1.311497594424147
4.015642931719583 0.1251013838803374 1.311497594424147
4.669528903713045 0.2817437174689099 1.311497594424147
5.453836560178743 0.5109626949637263 1.311497594424147
3.69451079768972 0.6459830763917815 1.311497594424147
5.621939450454534 0.4398008601020078 1.311497594424147
0.2096570007783899 -0.02429979658964232 1.311497594424147
6.071366919070029 -0.3868340153742016 1.311497594424147
5.703497309941402 -0.5413088935816557 1.311497594424147
3.837649479910062 -0.4063661534034595 1.311497594424147
1.008539370199524 1.076087555374557 1.311497594424147
6.961268488113184 -0.2267314027578227 1.311497594424147
1.229590910763747 0.5089603849614366 1.311497594424147
6.635934430424752 -0.2526557759511692 1.311497594424147
2.302377134720014 0.9704936974304454 1.311497594424147
4.46733326378985 0.5399612223694148 1.311497594424147
4.060568369550328 -0.01539188800085145 1.311497594424147
0.9955726093537821 -0.8697968621391634 1.311497594424147
1.930222209854326 1.10333606746876 1.311497594424147
1.016596413178395 -0.7385760618078731 1.311497594424147
0.5350085930756723 -0.7378148429979834 1.311497594424147
2.269655366422964 0.5870736070600118 1.311497594424147
6.340523701496437 -0.7519313272922221 1.311497594424147
-0.03700346864194384 0.7680079748213522 1.311497594424147
0.27387123105066 0.8999053206563665 1.311497594424147
3.35544478164339 0.5901671309946197 1.311497594424147
6.394093222756186 0.9816955541308874 1.311497594424147
2.959319345484832 0.2749847815433806 1.311497594424147
1.069226243755613 -0.2226238006254475 1.311497594424147
0.1775320044559819 0.6343966376232029 1.311497594424147
5.234590269889761 -1.161444682559065 1.311497594424147
5.758512976455082 -0.2894033590694556 1.311497594424147
2.53087114944381 -1.101016546919566 1.311497594424147
3.785778409359274 -1.005174441920059 1.311497594424147
3.790956823371869 1.006402719735311 1.311497594424147
5.595868413742157 -0.3636334742991599 1.311497594424147
0.8257958677729561 0.7907411495934433 1.311497594424147
0.9818451139289598 0.8424019719483005 1.311497594424147
4.424927042561042 0.4013538091499671 1.311497594424147
7.378801238863377 -0.501160561177887 1.311497594424147
1.445364496638694 -0.2335239839516485 1.311497594424147
6.746133881278208 0.8493728653543429 1.311497594424147
6.048910857663728 0.3281201845047108 1.311497594424147
2.342873826973808 -0.1562789097188888 1.311497594424147
5.207822260693749 0.894460091955972 1.311497594424147
3.211908382611299 -0.4213697839957522 1.311497594424147
2.339983570253528 1.101104627463964 1.311497594424147
3.681402950888309 -0.6530468662230944 1.311497594424147
6.957386913573842 0.7440333337345642 1.311497594424147
-0.02457968873444226 -0.7710868198812532 1.311497594424147
6.620989066751937 0.8852454279022262 1.311497594424147
6.525695878557025 0.9338714210492969 1.311497594424147
0.6610766609419816 0.3168461474979256 1.311497594424147
4.745401077248245 -0.08491214158115423 1.311497594424147
6.689548316847113 -0.8681957783228971 1.311497594424147
2.748201032831578 -0.8338972761314922 1.311497594424147
5.253592936113649 1.022920491509887 1.311497594424147
6.336498001005993 -0.02449346839468491 1.311497594424147
2.572905242158756 -0.09371961951461949 1.311497594424147
6.708337545264497 -0.1321114850361649 1.311497594424147
6.568075966185736 0.6354252856844755 1.311497594424147
5.118965613107964 -0.685573979978594 1.311497594424147
5.766234821923216 0.3169947678857716 1.311497594424147
5.744292124448365 0.7063487929211838 1.311497594424147
3.338560803923409 0.008819115986391735 1.311497594424147
3.964532379117868 -0.2269078430633915 1.311497594424147
0.4370566389131839 -0.046524208407144 1.311497594424147
3.465695550243851 0.4881114779866458 1.311497594424147
5.97521132171222 0.8311547079586272 1.311497594424147
3.48317483272381 -0.01207318286709236 1.311497594424147
6.264394186103464 -0.1458905180414958 1.311497594424147
6.956155305496597 -0.7478972270874351 1.311497594424147
6.769550558657625 -0.07095282428761984 1.311497594424147
7.401456006528489 0.4827629731872727 1.311497594424147
6.695453348804172 -0.647968575195324 1.311497594424147
5.461165154266459 -0.4775606172242068 1.311497594424147
6.172165280387062 1.048456612388948 1.311497594424147
-0.03698803798951687 -1.060074334010254 1.311497594424147
7.248607240709928 -0.3878982408411906 1.311497594424147
0.6397343023322413 -0.2486663432832616 1.311497594424147
5.536981046354416 -0.6069133657321277 1.311497594424147
1.284803966189142 -0.6968592569689702 1.311497594424147
0.5262050378849992 -0.5202331925128993 1.311497594424147
3.727313860809229 -0.4897347779019667 1.311497594424147
0.1588392000539828 -0.4609609129520206 1.311497594424147
4.900540157301728 1.156347493835806 1.311497594424147
4.90049788221315 -1.156105812375093 1.311497594424147
2.796129047418944 -0.9690392628644455 1.311497594424147
2.705023137422933 -0.995061135715007 1.311497594424147
1.140500093935355 -0.7936489907158577 1.311497594424147
5.273226032546994 -0.06480078514589205 1.311497594424147
2.485444414334792 -0.8536899997498484 1.311497594424147
0.3795821642963862 0.5384218471705793 1.311497594424147
4.405750588737772 -0.6868651881299697 1.311497594424147
0.6265223923245622 -0.9043099809253841 1.311497594424147
1.720216116240583 0.3968030113287051 1.311497594424147
5.03203819708932 0.3032817454466059 1.311497594424147
5.907064753085216 0.7016965311867212 1.311497594424147
2.801381215829857 0.7430015586202072 1.311497594424147
6.824936080929993 0.0690253835549608 1.311497594424147
3.522597819212109 -0.8814426843744425 1.311497594424147
3.515817230826595 0.8879925185716326 1.311497594424147
0.06615907712739101 -0.05776277264572682 1.311497594424147
1.863549441853417 -0.06483077137457172 1.311497594424147
5.869621520675165 -0.2343145180301323 1.311497594424147
7.305061575860572 0.5500906910472279 1.311497594424147
7.255610204970664 0.5810197021273327 1.311497594424147
4.069786263871792 -0.5016766326902713 1.311497594424147
2.278931386277623 -0.2798310135267301 1.311497594424147
4.982603141515122 -0.50910188110296 1.311497594424147
7.19763143621093 0.2464426834151041 1.311497594424147
0.5566566066370793 0.6922104212929754 1.311497594424147
6.338139194935868 -0.1923293135704989 1.311497594424147
4.865570334369212 -0.06987959449275993 1.311497594424147
5.123389097820639 0.3025125632926973 1.311497594424147
3.742963121415605 0.06956080771090645 1.311497594424147
2.809882681514578 -0.8794329761312265 1.311497594424147
3.458224371106188 0.569231820774539 1.311497594424147
4.998216574959297 -1.018914551696763 1.311497594424147
4.993833652293315 1.016363203503237 1.311497594424147
0.5317384838947852 0.528417436770638 1.311497594424147
3.556645651206888 -0.4826817380694599 1.311497594424147
5.476601735355812 -0.2541120316760328 1.311497594424147
4.771510202399099 -0.5364968977103477 1.311497594424147
3.229021847653068 -1.01217356674915 1.311497594424147
3.233019641140928 1.01869536695083 1.311497594424147
4.789606607017905 0.7023572049100608 1.311497594424147
4.79403510223011 -0.7029687714519469 1.311497594424147
1.23057227707023 -0.9286119870064413 1.311497594424147
2.614710945209374 -0.3865009185689927 1.311497594424147
1.99921050529527 -1.092633678028673 1.311497594424147
0.7497988752726111 -0.3393055586898113 1.311497594424147
4.372077681897432 0.5237805099994268 1.311497594424147
5.993192152738518 -0.8994143619402929 1.311497594424147
2.878312412003524 -0.3844628835849538 1.311497594424147
3.695984003369921 -0.1605000363164824 1.311497594424147
6.498546851849448 -0.7621449695201257 1.311497594424147
2.349000811723252 -0.6240957828896023 1.311497594424147
4.087404982627183 0.5717064220059298 1.311497594424147
4.109497925419543 0.488875790533043 1.311497594424147
1.98350724033196 0.4516418640726301 1.311497594424147
1.724966246334455 -0.1409264387282672 1.311497594424147
0.8584728591337975 0.4314498970485141 1.311497594424147
4.269000200974339 0.1800683601245394 1.311497594424147
1.391813701472658 0.2047714152277214 1.311497594424147
4.771317365427207 0.5493548214613353 1.311497594424147
2.414104058942748 0.9647795731654167 1.311497594424147
5.422184701017105 -0.396425098312173 1.311497594424147
5.7136349828419 0.5521237179362721 1.311497594424147
7.258855115712784 -0.5875961204931462 1.311497594424147
1.720889413237929 0.7531723957771173 1.311497594424147
0.7931979602981797 -0.4131206680727407 1.311497594424147
6.044653507344561 0.4135708263087172 1.311497594424147
2.725491053394657 0.2476780603605302 1.311497594424147
5.902075640891441 0.07591179019384531 1.311497594424147
5.147705018649753 -1.065390608133501 1.311497594424147
1.554766296433421 -0.3641976553375632 1.311497594424147
5.828819828296366 0.05222838568620092 1.311497594424147
2.59669469705439 0.4870059878411372 1.311497594424147
4.383861292336668 -0.5346790765213103 1.311497594424147
4.01769002790981 -1.135510244348946 1.311497594424147
4.017582341215906 1.139597968124164 1.311497594424147
1.236880078109498 -0.7859852681107454 1.311497594424147
7.263312197499239 0.4029360963084538 1.311497594424147
7.689126846507762 -0.153816902700771 1.311497594424147
4.229681654469311 0.4965035334328836 1.311497594424147
6.705778600387202 -0.3784547973475642 1.311497594424147
6.109377471820832 -0.6897622838559213 1.311497594424147
2.386138392194509 0.2664549358364448 1.311497594424147
3.864585652610897 -0.4914329330920386 1.311497594424147
6.201273040639364 -0.7011608572622511 1.311497594424147
3.920337869945089 -0.3338248645915551 1.311497594424147
6.454109138114767 -0.5281061606863215 1.311497594424147
2.276254532007235 -0.5730616741517737 1.311497594424147
1.237142300939233 0.2083071663147669 1.311497594424147
5.20999156206094 0.00178159599368688 1.311497594424147
4.978265648503435 -0.3504178580319193 1.311497594424147
4.835934081677767 -1.163078334272117 1.311497594424147
4.836803705043498 1.164288965949631 1.311497594424147
5.875297694915448 -0.6128842429928787 1.311497594424147
4.867092432894939 -0.6409754357247068 1.311497594424147
2.15505647075355 -0.4712106808013826 1.311497594424147
2.197866340898569 -0.5983979066673579 1.311497594424147
4.540035461798835 -0.750989674913807 1.311497594424147
4.965912353089736 -1.16687376110545 1.311497594424147
4.965405964568618 1.163816877094851 1.311497594424147
0.3714321398076046 -0.06928657970167307 1.311497594424147
1.895403619189666 0.9758193262714692 1.311497594424147
5.727392966072546 -0.8051758721183877 1.311497594424147
2.835019660432855 -0.5535708299102134 1.311497594424147
6.200220315586304 0.5357393383348212 1.311497594424147
5.843561916429318 0.2781906026460255 1.311497594424147
2.143235958524913 -0.01639204827023599 1.311497594424147
3.172156317670268 0.8234258493998772 1.311497594424147
5.51209944043297 1.018439577910912 1.311497594424147
2.527626698497022 -0.5157346908298333 1.311497594424147
6.917200225825949 0.1840311792645692 1.311497594424147
3.467049892723232 -0.8233768382613318 1.311497594424147
3.458680138894173 0.8273927671849484 1.311497594424147
6.684045232424726 0.1864903025935523 1.311497594424147
4.388260130195265 0.6974216848403687 1.311497594424147
2.823019886659412 1.121835882731141 1.311497594424147
1.927047782328301 -0.2464019255907595 1.311497594424147
6.772539661191992 -0.6194971303703043 1.311497594424147
2.524382801222582 1.117170828983458 1.311497594424147
2.027232634755493 -0.1283376745713132 1.311497594424147
3.714430667642575 0.2887160267089086 1.311497594424147
4.619692828926372 0.006635635364506953 1.311497594424147
1.076541811708401 -0.3691410614179104 1.311497594424147
0.2250282947813476 -0.7801287969389593 1.311497594424147
5.489137751013873 -0.8779210236738799 1.311497594424147
6.149507950327097 0.8267948540297623 1.311497594424147
5.453606364114458 0.8960366384496823 1.311497594424147
5.618960189127753 0.079297140506988 1.311497594424147
1.486073597443452 0.5660407082105146 1.311497594424147
5.933185981657209 -0.6699848905946796 1.311497594424147
2.357777364387729 0.1687918077867185 1.311497594424147
2.059589394820645 -0.236216254655828 1.311497594424147
5.231964349061943 0.7306618409146817 1.311497594424147
5.198949754302403 -0.6871830082815787 1.311497594424147
5.058900776260947 0.7470572114598852 1.311497594424147
0.878728026429704 -0.5597985557409306 1.311497594424147
2.355547264036217 0.08876880997727832 1.311497594424147
7.383187525034887 0.2723579639732641 1.311497594424147
0.04582214605248731 -1.070035671765142 1.311497594424147
1.272875558819841 0.9725178934295526 1.311497594424147
5.165623076088917 0.2386829190911059 1.311497594424147
5.643900829820851 -0.8316609815180936 1.311497594424147
4.102744313456565 -0.5826027632189446 1.311497594424147
3.710638090629467 0.446628010656412 1.311497594424147
1.329536026175147 1.097769441092265 1.311497594424147
2.037625699248315 -0.97256637455261 1.311497594424147
1.989367737480077 -0.4737829885742899 1.311497594424147
4.608661117032101 -0.3645557002662 1.311497594424147
5.981535999338105 0.2836612331870669 1.311497594424147
2.031980647886981 -0.5404910297431845 1.311497594424147
2.863061735047509 1.009794929460274 1.311497594424147
4.999847651497108 0.5120395582348867 1.311497594424147
4.11220427479406 -0.1527721915793752 1.311497594424147
7.070142331505944 0.1972701620351507 1.311497594424147
5.140233167806143 -0.3020555693461364 1.311497594424147
5.334364625299811 0.9997311739729231 1.311497594424147
0.6447628951797899 0.45803890077181 1.311497594424147
2.450776024433715 -1.107529404706522 1.311497594424147
3.721150412194629 0.2000507799203011 1.311497594424147
4.38012149306457 0.07649295102011799 1.311497594424147
7.575665164406445 0.0908861497285065 1.311497594424147
7.196984985763253 0.1186534095674907 1.311497594424147
3.225085421370737 0.7389836753267833 1.311497594424147
5.912253123338181 0.1616959032012824 1.311497594424147
0.9209730313846921 1.077928435119826 1.311497594424147
0.9912968405633172 -0.4876978766781002 1.311497594424147
1.967268433002578 -0.8170801432880277 1.311497594424147
6.573017360144569 -0.187477150338619 1.311497594424147
5.186695734527963 0.3775984887790904 1.311497594424147
5.69476591862296 0.1854803783572387 1.311497594424147
2.538918633274327 0.8724434116835764 1.311497594424147
4.512105027823407 0.1176301850966239 1.311497594424147
2.053228507866682 -0.7139753282692548 1.311497594424147
4.358319278233326 -0.294316198747403 1.311497594424147
4.383744203961794 -0.2208883309080933 1.311497594424147
2.162225615769419 0.3128536431469964 1.311497594424147
4.615989956337968 0.4976775780148286 1.311497594424147
1.727649119487649 -0.8568482256755194 1.311497594424147
1.016924218863041 0.9787442506307438 1.311497594424147
0.746480963281473 0.7778280321093936 1.311497594424147
4.910229203054637 -0.5002622584285621 1.311497594424147
0.03977618063601666 0.1797475102363877 1.311497594424147
3.06781125387671 -0.2188779121349476 1.311497594424147
5.757231407261684 0.9682616498305949 1.311497594424147
5.99865565605199 -0.8076296283971259 1.311497594424147
5.331257212149025 -0.481479298874359 1.311497594424147
5.910802478056233 0.3235739244322107 1.311497594424147
6.543210257192548 -0.3648413645572358 1.311497594424147
0.834973907428593 -0.991387488928683 1.311497594424147
1.544862915882815 0.1466230541210989 1.311497594424147
6.209672748792953 0.1715166048415235 1.311497594424147
1.198679939204687 -0.2721446324795715 1.311497594424147
4.511400951445481 -0.1154755853834457 1.311497594424147
2.313469867848154 0.727094514785678 1.311497594424147
3.026065282731478 0.9526796194904035 1.311497594424147
7.288145375607202 0.1445264876760628 1.311497594424147
5.908644053615607 0.4069498337446729 1.311497594424147
0.9285254309892274 -1.095403730943023 1.311497594424147
4.973931483310825 0.6561968781740843 1.311497594424147
4.266181252407714 -0.2915170297732146 1.311497594424147
0.999084102729792 -0.3781270205947191 1.311497594424147
1.236087475434752 -0.3616007541717201 1.311497594424147
5.711053689838264 0.4643057924930691 1.311497594424147
1.372324519271913 0.9533528123980595 1.311497594424147
2.861372214138662 -0.09067884763227707 1.311497594424147
3.825800669853212 -0.04680622468054585 1.311497594424147
7.059932735908141 -0.2409578501927767 1.311497594424147
-0.04170420786105904 0.4076813700411686 1.311497594424147
2.430212917165651 -0.5173614049127266 1.311497594424147
3.247361708915042 -0.00601194098846114 1.311497594424147
3.181468203510936 0.2292180991120401 1.311497594424147
3.148557599864763 1.115082650813771 1.311497594424147
3.141805060505204 -1.117247187957537 1.311497594424147
5.046131285863199 0.4423125922496973 1.311497594424147
5.320942296783212 0.485985465926696 1.311497594424147
0.5363122970948188 -1.080745638720954 1.311497594424147
1.2940650994008 -0.119569765015342 1.311497594424147
2.403625127685835 -0.8407412701406589 1.311497594424147
0.7521917217337406 -0.9476010769329245 1.311497594424147
5.172715410476263 1.168895113357269 1.311497594424147
4.569591290809733 1.135835725522702 1.311497594424147
4.569511997500759 -1.135845223529997 1.311497594424147
0.9866856464741537 -0.222834737338147 1.311497594424147
-0.03863937745804555 0.05007724527048141 1.311497594424147
7.530037113998127 -0.3633363057168733 1.311497594424147
2.585454018819397 -0.7521761203465508 1.311497594424147
0.8560261496459244 0.8735585521454154 1.311497594424147
1.883942881945778 0.273481707549889 1.311497594424147
3.738593205091325 0.5908626214850818 1.311497594424147
5.22867457902943 -1.013065132352949 1.311497594424147
0.7134723801870304 -0.8139957417880892 1.311497594424147
1.772769048539077 0.5309192269435969 1.311497594424147
3.528127233198365 -0.6569095721249789 1.311497594424147
5.966750262717188 -0.5015333683087699 1.311497594424147
1.701872506192359 0.08827232155458464 1.311497594424147
6.72425623938646 0.7012748659039445 1.311497594424147
1.857687344618347 -0.6654900415703824 1.311497594424147
5.426451833599989 -0.9201603517845842 1.311497594424147
1.073802647912024 -0.08850008704968837 1.311497594424147
7.349776582613174 -0.1605834836473488 1.311497594424147
2.134622360954403 -1.111610107958527 1.311497594424147
6.223296678656686 1.022629145112085 1.311497594424147
2.565201174894773 -1.028580372285459 1.311497594424147
2.135805807929511 -0.1032623774150345 1.311497594424147
6.053923403651384 0.5523371235951446 1.311497594424147
-0.05585426666896267 -0.9928547087496072 1.311497594424147
1.501698551508071 -0.8421419538852368 1.311497594424147
3.743181045780615 0.859749448554638 1.311497594424147
3.744680746113794 -0.8512879774047759 1.311497594424147
6.889780044841078 0.01535424113645401 1.311497594424147
2.605675340059197 0.8148720329834014 1.311497594424147
6.270895923991012 0.8741871713660256 1.311497594424147
1.501748766138105 0.4247777091747689 1.311497594424147
3.162168439417216 -0.9636963941956463 1.311497594424147
4.813257094902724 0.1628370387256646 1.311497594424147
0.8070183142019141 -0.5577366025327473 1.311497594424147
5.044068732984853 0.8840856541164952 1.311497594424147
2.479612189483035 0.7407865334547352 1.311497594424147
4.13440331223628 -0.8594870182288031 1.311497594424147
6.307486294343912 0.05900282174460902 1.311497594424147
1.84624637925029 -0.92926131766079 1.311497594424147
6.128866932976621 -0.829081618608091 1.311497594424147
6.086002093112876 -0.2995386925122694 1.311497594424147
2.959093280642251 -0.1388918937173189 1.311497594424147
2.875477853452745 0.04477373832693421 1.311497594424147
2.220398858995005 -1.117594012445907 1.311497594424147
1.367052340199469 0.3546677026586351 1.311497594424147
0.3103219921191861 0.2203805958375635 1.311497594424147
2.671029605917338 -0.8971009103890655 1.311497594424147
4.045978941213964 -0.1051483404618241 1.311497594424147
5.87038645595039 0.5399901576686674 1.311497594424147
6.159723695164189 0.672640658998519 1.311497594424147
5.118126991289407 -0.009275016203048825 1.311497594424147
2.202326295651278 0.1489324660305216 1.311497594424147
2.632973879213931 0.3366911514991131 1.311497594424147
1.903648232690509 -0.3122166922344145 1.311497594424147
1.119838136145598 -0.442252060526833 1.311497594424147
1.793070574889551 -0.2014401434109958 1.311497594424147
6.376397952952781 -0.6597349547776928 1.311497594424147
5.362784854212753 -0.7994069262373542 1.311497594424147
7.460875400539198 -0.4172406101880536 1.311497594424147
5.095193812159287 -0.5951896542637637 1.311497594424147
1.872870378906048 0.6361537609920951 1.311497594424147
4.732696250630708 0.1691226255220857 1.311497594424147
7.482665021563274 -0.2226456633043361 1.311497594424147
5.671055127822094 0.9992354111264945 1.311497594424147
1.199325127170166 -0.4389808041856704 1.311497594424147
6.292295008233753 1.004699882607823 1.311497594424147
5.351217331569023 0.6594440880089345 1.311497594424147
2.718121463953267 -0.1931795145979616 1.311497594424147
3.645872186139538 1.122197929541308 1.311497594424147
3.645845796097869 -1.122048761811872 1.311497594424147
0.05236013090095916 -0.9351573061730026 1.311497594424147
1.448930522668977 0.792128682917083 1.311497594424147
0.8836370208652498 -0.779255611550437 1.311497594424147
6.432324226086523 0.5603704407811601 1.311497594424147
6.712607978680995 -0.211720597759566 1.311497594424147
0.4366244022486597 -0.9807206986824308 1.311497594424147
6.644966324810428 -0.001811888601643163 1.311497594424147
6.838689053468608 -0.2100895712094946 1.311497594424147
1.173755373307389 -0.5689724939960874 1.311497594424147
5.725496945617048 -1.045541556547625 1.311497594424147
2.801370018001188 0.2245025451368425 1.311497594424147
5.944446621954594 -0.1422213308745823 1.311497594424147
0.3068190608750082 -1.075279851307143 1.311497594424147
1.894486622087903 0.8016610569701179 1.311497594424147
4.282575340215869 -0.04739062982207543 1.311497594424147
0.546137460039121 -0.2344192502943376 1.311497594424147
1.152273019900034 0.6370868934708576 1.311497594424147
4.882737317297983 -0.8270644583579783 1.311497594424147
4.876380856344293 0.8285065597861043 1.311497594424147
3.907846032177476 0.4680621553897659 1.311497594424147
3.300643240383997 0.1442791964417904 1.311497594424147
5.093219413267522 0.6833946736496175 1.311497594424147
1.643306472808755 0.03248314811932307 1.311497594424147
7.272870041858538 -0.1464714382611387 1.311497594424147
4.304582535764506 -1.019723504078024 1.311497594424147
4.633907898384741 0.3443863762192783 1.311497594424147
6.409394296903336 -0.9730081893263725 1.311497594424147
2.360124415938293 0.8218172734551878 1.311497594424147
3.364685238174894 0.3570432484785888 1.311497594424147
1.099807761140958 0.5574619028124113 1.311497594424147
4.534538171325989 0.02316088792859339 1.311497594424147
3.820663051798199 -0.2340714006899238 1.311497594424147
0.3147741733374491 -0.311323639066668 1.311497594424147
5.049943166904685 -0.8861898353089597 1.311497594424147
2.678421438055584 -0.5825825744623041 1.311497594424147
1.767164376501362 0.03758425572016622 1.311497594424147
3.534285518955281 0.7126036260863355 1.311497594424147
6.358666985870879 0.8577465076270399 1.311497594424147
6.290403509543528 -1.010620833780244 1.311497594424147
3.379965346397576 -1.028689197362538 1.311497594424147
3.379003365874386 1.038764416656101 1.311497594424147
4.988733250152205 -0.02754591805338347 1.311497594424147
2.257828659130717 -0.7333457519976818 1.311497594424147
2.592434879420293 0.2166638181227503 1.311497594424147
6.13879708055962 -0.8983983759614697 1.311497594424147
5.798110730523082 -0.1496701076725353 1.311497594424147
3.602330752693629 -0.8617531808235941 1.311497594424147
3.600947361630934 0.8710022530836554 1.311497594424147
-0.04930174092410572 0.2771172359627496 1.311497594424147
0.8210899873904861 -0.096272833004452 1.311497594424147
0.06496495219472322 0.3184921564305585 1.311497594424147
5.972558131501438 0.4489828850112489 1.311497594424147
0.1774134270406595 -0.604060641775796 1.311497594424147
3.50194773273213 -0.4065007190773482 1.311497594424147
2.491786008405704 0.9925065099971297 1.311497594424147
1.845507577750015 0.4184882225435396 1.311497594424147
6.176524556707195 -0.1717833041649579 1.311497594424147
3.791724772966428 0.419395573143063 1.311497594424147
5.965287318500677 0.004999701674053059 1.311497594424147
0.04019576326574643 0.09080422248334563 1.311497594424147
5.35144543807791 -0.6688619938845426 1.311497594424147
4.758008649065403 0.05426917007388865 1.311497594424147
6.643042128387426 0.7112992603685193 1.311497594424147
4.911464211095851 0.5062391431440838 1.311497594424147
1.96725298755949 0.8286447379026833 1.311497594424147
4.188327253147169 -0.08332335790690149 1.311497594424147
3.536414281533141 1.03458113275228 1.311497594424147
3.538430123400831 -1.030795226995108 1.311497594424147
0.6254808392348837 0.1014352672233421 1.311497594424147
3.110633219742825 -0.1639195978244792 1.311497594424147
5.325372016833003 -0.7394177500754642 1.311497594424147
3.589200082461445 0.51548243173138 1.311497594424147
3.48499449796193 -0.5297462455426671 1.311497594424147
2.829435694896804 -0.01797148946566907 1.311497594424147
5.249045351591025 -0.7524450544666823 1.311497594424147
2.225179352610011 0.8180301976164042 1.311497594424147
6.392406959875013 -0.3180555260664739 1.311497594424147
1.190202435910777 -0.1881915919801802 1.311497594424147
3.866528099012162 0.1689658777929697 1.311497594424147
5.406427509569432 -0.5323259458696875 1.311497594424147
5.003407464351924 -0.2445417552992986 1.311497594424147
0.2825981828420303 -0.8228848287756231 1.311497594424147
4.898602178542231 -0.9189970702052415 1.311497594424147
4.892691245089027 0.920517514013681 1.311497594424147
0.8334566624079617 0.3575102819637992 1.311497594424147
2.442332306831293 -0.9832220315632794 1.311497594424147
4.624597764762372 -0.5312460788251113 1.311497594424147
5.470988374337768 0.6140176148209533 1.311497594424147
0.8478780625932498 -0.2258614160420409 1.311497594424147
4.860120455524061 0.5828531564470127 1.311497594424147
0.2911697132805636 -0.5240521886347551 1.311497594424147
5.590901382250868 -1.16508335380842 1.311497594424147
1.270326382055864 0.7477807616270595 1.311497594424147
5.068901294761688 -0.7530377474032268 1.311497594424147
5.505090430576832 -1.173630982581632 1.311497594424147
2.390515242407343 -0.3875517273333369 1.311497594424147
3.403439169194471 0.7156386352795809 1.311497594424147
5.77878906977158 -0.8859397186790838 1.311497594424147
2.101991319538521 1.103693073073433 1.311497594424147
7.487698285359986 -0.1232081426635681 1.311497594424147
5.690249651259311 0.05061865313710512 1.311497594424147
5.423588582290245 0.09741164926547019 1.311497594424147
1.645270680902214 0.7193434988115024 1.311497594424147
1.023475548480394 0.6021332164306585 1.311497594424147
5.223202107862234 -0.6181624121939501 1.311497594424147
5.231810443946443 0.6225505110491942 1.311497594424147
-0.05610650223139006 0.5923432010570968 1.311497594424147
4.261967898459496 -0.1909183520200199 1.311497594424147
0.3085547812486124 0.03477286508114341 1.311497594424147
5.322870061025789 0.419920091231087 1.311497594424147
-0.05880120414377391 1.067683741293225 1.311497594424147
4.181801878788966 0.3602393908599606 1.311497594424147
1.552547716677032 -0.6017448341676016 1.311497594424147
5.541791588357615 1.164390256480308 1.311497594424147
4.494572652120507 -0.3161859520975262 1.311497594424147
3.078725857791259 0.5481048668581185 1.311497594424147
5.068380029339542 0.05608319514135607 1.311497594424147
3.991362806785355 0.8972706327309543 1.311497594424147
6.212945938550924 -0.9224815939599851 1.311497594424147
4.870710553454323 -0.2615355641098407 1.311497594424147
0.7321712916527005 1.092353935525557 1.311497594424147
5.425937641972668 1.176254637401103 1.311497594424147
6.180508181478785 0.331463459651598 1.311497594424147
4.626988434016429 -0.2081069636956807 1.311497594424147
-0.05933491582335496 -0.5924882171760388 1.311497594424147
5.08989710921694 -0.8247057145090881 1.311497594424147
3.948982857996221 -1.025511427294732 1.311497594424147
3.945956307606172 1.034258307486166 1.311497594424147
4.370082007893815 0.4307171637013405 1.311497594424147
6.532383067471121 -0.06783656709658881 1.311497594424147
3.686966869089456 -0.2534416953542784 1.311497594424147
0.4111959345394137 -0.1978345245318016 1.311497594424147
6.860418084075493 -0.8004272817915037 1.311497594424147
7.102114627880264 -0.3192997425252797 1.311497594424147
0.5553528878102878 -0.007688434028232383 1.311497594424147
3.163087341702089 0.9760692410578515 1.311497594424147
3.553934387146753 -0.7216730106231918 1.311497594424147
1.97233392628113 -0.9478408758887946 1.311497594424147
0.7726045215993098 -0.8609493133890136 1.311497594424147
7.152984317519968 0.1890093889544675 1.311497594424147
1.082462802431264 -0.8735881504095886 1.311497594424147
0.7324407570838251 -1.096787411179766 1.311497594424147
6.542967470405563 0.5213821672168211 1.311497594424147
0.8078033122934795 0.1311887044160642 1.311497594424147
3.62231832432976 1.035488256418993 1.311497594424147
3.623251096308607 -1.032268112747181 1.311497594424147
5.565645528628684 -0.2255659411226365 1.311497594424147
0.3043652528012664 -0.6641413746562095 1.311497594424147
6.93445945477348 -0.3169846714246736 1.311497594424147
3.398907061134197 -0.7055152557082862 1.311497594424147
2.10632925997896 -0.4140294566717586 1.311497594424147
2.883710770615359 0.5261627077313795 1.311497594424147
4.790798382789697 0.3796987461396188 1.311497594424147
1.236700063484035 0.3575576603413577 1.311497594424147
0.5336399892822027 -0.6579690387808885 1.311497594424147
0.6475849764022199 -0.4574468777956192 1.311497594424147
4.227053128259213 0.5927693766585058 1.311497594424147
5.0995172026062 0.8151261784516366 1.311497594424147
7.275771086887868 -0.275939763722024 1.311497594424147
1.953449655201902 0.2398402173574596 1.311497594424147
0.467758231739657 -0.8980067867923016 1.311497594424147
6.849912113426626 0.8023701759442654 1.311497594424147
5.953789054035776 0.9690661980955173 1.311497594424147
-0.06258036051621294 0.98802668334778 1.311497594424147
0.8795944219665114 1.002741841721869 1.311497594424147
5.106943750225089 1.06843306020091 1.311497594424147
0.07151134981671801 -0.7958949293757818 1.311497594424147
4.402202219814611 0.9682767338554854 1.311497594424147
4.616430168464754 0.8669338421801183 1.311497594424147
5.557184808427754 0.5999583246685496 1.311497594424147
2.004991856079148 0.5973184797552942 1.311497594424147
2.473597969026231 -0.7260968452528815 1.311497594424147
1.078547129237874 0.3356809869567317 1.311497594424147
4.613797120220356 -0.8699457815496794 1.311497594424147
5.913473385719169 -0.3801430258887094 1.311497594424147
5.180515381971428 0.8185713654359892 1.311497594424147
5.362161075515795 0.5293670298141182 1.311497594424147
4.264512739048401 0.7541570324385225 1.311497594424147
4.0430236434858 -0.9809997588395034 1.311497594424147
3.033289079526806 0.07366743153079947 1.311497594424147
3.21503726207904 0.5669239712037542 1.311497594424147
6.949235877300588 0.6198373595858138 1.311497594424147
5.863474702292839 -0.8598174285641182 1.311497594424147
6.378052848795852 -0.5181838135147775 1.311497594424147
4.17277978905641 0.06893753345486942 1.311497594424147
5.340360560458151 -0.1994678737183073 1.311497594424147
2.766217026404334 0.9959518228260904 1.311497594424147
2.440476338540001 -0.5977189900712042 1.311497594424147
4.051755911941111 -0.7394268958998957 1.311497594424147
7.127659038684963 -0.6586618562927726 1.311497594424147
2.992550016402217 -0.5312007913446413 1.311497594424147
3.333282032763737 0.4999528284301029 1.311497594424147
3.251686433688905 0.4915292116955243 1.311497594424147
1.786730619515413 0.3866774687149186 1.311497594424147
7.171179887285991 -0.6321703477059947 1.311497594424147
4.380628240969518 0.7813267782742879 1.311497594424147
7.559656371124488 -0.07704679252200086 1.311497594424147
0.03934662827428349 -0.6586129103168638 1.311497594424147
0.7588526884139088 -0.6038855624296113 1.311497594424147
5.361413342249421 -0.9600573595987468 1.311497594424147
2.421353997077577 0.3423766024848331 1.311497594424147
5.845533272054984 0.4528190963545355 1.311497594424147
6.857465525247447 0.6897696150386179 1.311497594424147
4.195141044649623 0.2766625518554535 1.311497594424147
4.57342805665416 0.4480641879781599 1.311497594424147
5.444754395839129 0.4231818709386381 1.311497594424147
0.8052748117603765 0.4805768892333726 1.311497594424147
0.3075305315444267 0.5778975035192624 1.311497594424147
1.307182779740744 -0.3612350303216471 1.311497594424147
1.11174655277577 -0.2920146077902275 1.311497594424147
0.3215177651068787 -0.5904788910748406 1.311497594424147
0.5746662146226468 -1.012898652856412 1.311497594424147
3.107835335914419 0.282288302776833 1.311497594424147
1.910159032066389 -0.4920036210632407 1.311497594424147
0.2256922391453545 -0.38494883067596 1.311497594424147
6.196330464979118 -0.03432892182316882 1.311497594424147
5.572069036954825 -1.022747617899003 1.311497594424147
1.363244052955883 0.5337799610101339 1.311497594424147
5.027393002520401 -0.4320047393663 1.311497594424147
6.955370438105446 -0.1230809446978993 1.311497594424147
1.125181864884198 -1.099187981116845 1.311497594424147
5.606357505747868 -0.291016163412774 1.311497594424147
5.012468788935864 0.3771534581032925 1.311497594424147
1.315676742903172 -0.4967051821532538 1.311497594424147
2.521261624125918 -0.5900626679670373 1.311497594424147
1.504385371541338 -0.6962570334687591 1.311497594424147
1.826468629338883 0.168450605004286 1.311497594424147
0.7248123801474143 -0.2189785359239282 1.311497594424147
1.455362387368811 0.8839319713524694 1.311497594424147
5.856244659326356 0.2068472008793525 1.311497594424147
3.669585087173919 0.3686378229444882 1.311497594424147
5.826224115015585 -0.02545030065638465 1.311497594424147
4.825299974675332 0.07718347476633403 1.311497594424147
4.305685646525712 1.034726747033455 1.311497594424147
6.47514370055815 -0.2964014300835511 1.311497594424147
6.691465683183649 0.3361904781488509 1.311497594424147
2.289186244842355 -0.5081059468968556 1.311497594424147
3.071005539832834 -0.5465209227903887 1.311497594424147
0.5918559877696984 -0.391726332859153 1.311497594424147
6.269415511129633 -0.06890492215836308 1.311497594424147
3.827721033127269 -0.6229369897204509 1.311497594424147
0.06983885759356963 0.555393670287982 1.311497594424147
0.9681590964753272 -0.7944304626980148 1.311497594424147
2.136675021874845 -0.255245738915491 1.311497594424147
7.593727576675357 0.2742113480172577 1.311497594424147
7.634938631191437 0.2229725816848853 1.311497594424147
4.379105402577339 -0.7543626270987072 1.311497594424147
0.7495431254160604 -0.1022490834834981 1.311497594424147
3.407646165579939 -0.8627430694182655 1.311497594424147
6.281063897296915 0.7467017168578531 1.311497594424147
5.212321325467747 -0.936123743535674 1.311497594424147
4.051748069000231 0.2862708388419068 1.311497594424147
5.788270072242077 -0.9788329671066991 1.311497594424147
0.1170030887553559 0.420401040705533 1.311497594424147
2 8 0 895
6105
6106
6107
6108
6109
6110
6111
6112
6113
6114
6115
6116
6117
6118
6119
6120
6121
6122
6123
6124
6125
6126
6127
6128
6129
6130
6131
6132
6133
6134
6135
6136
6137
6138
6139
6140
6141
6142
6143
6144
6145
6146
6147
6148
6149
6150
6151
6152
6153
6154
6155
6156
6157
6158
6159
6160
6161
6162
6163
6164
6165
6166
6167
6168
6169
6170
6171
6172
6173
6174
6175
6176
6177
6178
6179
6180
6181
6182
6183
6184
6185
6186
6187
6188
6189
6190
6191
6192
6193
6194
6195
6196
6197
6198
6199
6200
6201
6202
6203
6204
6205
6206
6207
6208
6209
6210
6211
6212
6213
6214
6215
6216
6217
6218
6219
6220
6221
6222
6223
6224
6225
6226
6227
6228
6229
6230
6231
6232
6233
6234
6235
6236
6237
6238
6239
6240
6241
6242
6243
6244
6245
6246
6247
6248
6249
6250
6251
6252
6253
6254
6255
6256
6257
6258
6259
6260
6261
6262
6263
6264
6265
6266
6267
6268
6269
6270
6271
6272
6273
6274
6275
6276
6277
6278
6279
6280
6281
6282
6283
6284
6285
6286
6287
6288
6289
6290
6291
6292
6293
6294
6295
6296
6297
6298
6299
6300
6301
6302
6303
6304
6305
6306
6307
6308
6309
6310
6311
6312
6313
6314
6315
6316
6317
6318
6319
6320
6321
6322
6323
6324
6325
6326
6327
6328
6329
6330
6331
6332
6333
6334
6335
6336
6337
6338
6339
6340
6341
6342
6343
6344
6345
6346
6347
6348
6349
6350
6351
6352
6353
6354
6355
6356
6357
6358
6359
6360
6361
6362
6363
6364
6365
6366
6367
6368
6369
6370
6371
6372
6373
6374
6375
6376
6377
6378
6379
6380
6381
6382
6383
6384
6385
6386
6387
6388
6389
6390
6391
6392
6393
6394
6395
6396
6397
6398
6399
6400
6401
6402
6403
6404
6405
6406
6407
6408
6409
6410
6411
6412
6413
6414
6415
6416
6417
6418
6419
6420
6421
6422
6423
6424
6425
6426
6427
6428
6429
6430
6431
6432
6433
6434
6435
6436
6437
6438
6439
6440
6441
6442
6443
6444
6445
6446
6447
6448
6449
6450
6451
6452
6453
6454
6455
6456
6457
6458
6459
6460
6461
6462
6463
6464
6465
6466
6467
6468
6469
6470
6471
6472
6473
6474
6475
6476
6477
6478
6479
6480
6481
6482
6483
6484
6485
6486
6487
6488
6489
6490
6491
6492
6493
6494
6495
6496
6497
6498
6499
6500
6501
6502
6503
6504
6505
6506
6507
6508
6509
6510
6511
6512
6513
6514
6515
6516
6517
6518
6519
6520
6521
6522
6523
6524
6525
6526
6527
6528
6529
6530
6531
6532
6533
6534
6535
6536
6537
6538
6539
6540
6541
6542
6543
6544
6545
6546
6547
6548
6549
6550
6551
6552
6553
6554
6555
6556
6557
6558
6559
6560
6561
6562
6563
6564
6565
6566
6567
6568
6569
6570
6571
6572
6573
6574
6575
6576
6577
6578
6579
6580
6581
6582
6583
6584
6585
6586
6587
6588
6589
6590
6591
6592
6593
6594
6595
6596
6597
6598
6599
6600
6601
6602
6603
6604
6605
6606
6607
6608
6609
6610
6611
6612
6613
6614
6615
6616
6617
6618
6619
6620
6621
6622
6623
6624
6625
6626
6627
6628
6629
6630
6631
6632
6633
6634
6635
6636
6637
6638
6639
6640
6641
6642
6643
6644
6645
6646
6647
6648
6649
6650
6651
6652
6653
6654
6655
6656
6657
6658
6659
6660
6661
6662
6663
6664
6665
6666
6667
6668
6669
6670
6671
6672
6673
6674
6675
6676
6677
6678
6679
6680
6681
6682
6683
6684
6685
6686
6687
6688
6689
6690
6691
6692
6693
6694
6695
6696
6697
6698
6699
6700
6701
6702
6703
6704
6705
6706
6707
6708
6709
6710
6711
6712
6713
6714
6715
6716
6717
6718
6719
6720
6721
6722
6723
6724
6725
6726
6727
6728
6729
6730
6731
6732
6733
6734
6735
6736
6737
6738
6739
6740
6741
6742
6743
6744
6745
6746
6747
6748
6749
6750
6751
6752
6753
6754
6755
6756
6757
6758
6759
6760
6761
6762
6763
6764
6765
6766
6767
6768
6769
6770
6771
6772
6773
6774
6775
6776
6777
6778
6779
6780
6781
6782
6783
6784
6785
6786
6787
6788
6789
6790
6791
6792
6793
6794
6795
6796
6797
6798
6799
6800
6801
6802
6803
6804
6805
6806
6807
6808
6809
6810
6811
6812
6813
6814
6815
6816
6817
6818
6819
6820
6821
6822
6823
6824
6825
6826
6827
6828
6829
6830
6831
6832
6833
6834
6835
6836
6837
6838
6839
6840
6841
6842
6843
6844
6845
6846
6847
6848
6849
6850
6851
6852
6853
6854
6855
6856
6857
6858
6859
6860
6861
6862
6863
6864
6865
6866
6867
6868
6869
6870
6871
6872
6873
6874
6875
6876
6877
6878
6879
6880
6881
6882
6883
6884
6885
6886
6887
6888
6889
6890
6891
6892
6893
6894
6895
6896
6897
6898
6899
6900
6901
6902
6903
6904
6905
6906
6907
6908
6909
6910
6911
6912
6913
6914
6915
6916
6917
6918
6919
6920
6921
6922
6923
6924
6925
6926
6927
6928
6929
6930
6931
6932
6933
6934
6935
6936
6937
6938
6939
6940
6941
6942
6943
6944
6945
6946
6947
6948
6949
6950
6951
6952
6953
6954
6955
6956
6957
6958
6959
6960
6961
6962
6963
6964
6965
6966
6967
6968
6969
6970
6971
6972
6973
6974
6975
6976
6977
6978
6979
6980
6981
6982
6983
6984
6985
6986
6987
6988
6989
6990
6991
6992
6993
6994
6995
6996
6997
6998
6999
7.279794183615712 -0.300083259812672 1.039667285640418
5.389862829709513 -1.083960536438904 0.899528278839766
4.843458173980446 -1.137827375149489 0.8675722319665352
0.5123754907742122 -1.111481296701482 0.8490619253984806
6.295019116911869 -0.8401042525691327 0.9503464323264748
6.673149456092345 -0.6757278989620459 0.9769591105250834
7.057082775411114 -0.4636291523091448 1.017775087737385
5.882691663031566 -0.9688082759072054 0.9127875255430618
1.001085371959091 -1.114327998643728 0.8222648441692466
1.503112979880905 -1.118588042303738 0.8146534181707781
1.992062223821053 -1.123853613512752 0.8207445272910041
2.510443904332561 -1.128762304080595 0.8214340736381009
2.994650615267337 -1.133007436631386 0.8206802046112565
4.158249593575139 -1.144269518128608 0.8363629487966809
5.659452251908698 -1.088889963404893 1.040298740173894
3.487231822376176 -1.137091798293205 0.8200763118785223
7.460482467791111 -0.225414463014063 1.128170866620382
7.335207286642922 -0.1404787640223198 0.9456411189818703
7.186169683061518 -0.4926798592727939 1.135927077777416
5.232930379974845 -1.109625830070813 0.9020458417812743
5.419956987304813 -1.146665205261719 1.088140693177504
4.522344006395222 -1.135073733318638 0.7920549997068305
5.101012219418418 -1.15764062021947 1.016433710087246
2.135614944922267 -1.131574130872188 0.8842651099120744
1.632380730413034 -1.125742066838809 0.8784675679052238
6.559464803506321 -0.8103844624556099 1.071207260752281
3.845879817805276 -1.127558728767351 0.7268161920401786
3.118787285242415 -1.145945379153135 0.9235230542969224
6.920084716672974 -0.6338479234492446 1.092172959628603
1.638782693795278 -1.108175785157037 0.6915919180011504
1.171830084648854 -1.103553100243272 0.679848708317222
6.108975462915734 -0.9854413069705088 1.069898206797697
7.384466221999734 -0.3710198881855549 1.17853670018381
6.227362419072204 -0.8684033214700972 0.9506773752666847
7.586911347997619 -0.1511020757185911 1.185659989546724
4.688523653609224 -1.172570954757568 1.021706447853098
2.765265827535337 -1.112300979903911 0.6584392334078027
0.2161363205072244 -1.117378915800675 0.974438267860849
0.2732975439433336 -1.094851494038777 0.6554470754453976
2.729808357009998 -1.146628632094578 0.9683615335684301
2.243566293226407 -1.108080218302875 0.64987759559502
1.245185905948766 -1.129515823781896 0.970859371382069
0.7456570101987996 -1.123876629738251 0.9754755278451045
0.7413938996620023 -1.096733024681714 0.6366687696395416
3.927381198421658 -1.165620870630971 1.016875551069063
3.23516412591662 -1.110875786976778 0.6260293390422077
7.215917469010411 -0.3471332570297687 1.030019930644222
5.057939700099587 -1.068418334001623 0.7079433403884843
4.412616240564619 -1.173035447193494 1.034660684159665
7.665839027983571 -0.1034365532068006 1.228147281428436
5.861636946790681 -1.071018758480667 1.101802859026434
6.332538310302324 -0.9281600369043863 1.103717956833891
4.903181440868175 -1.182112305331376 1.091555587676256
5.652909723025792 -0.9774792214154499 0.800521251985269
5.547334577644511 -1.155232729083326 1.164286704167225
3.653678862823113 -1.164528625747029 1.033935418412549
6.771971164055304 -0.7625011330797096 1.142841983375086
6.444136771390099 -0.7050072545335623 0.8648795126900948
7.31501296299027 -0.4714199371715591 1.209096294727513
0.5468373294615867 -1.091374302852613 0.5858086240290219
5.925384711569025 -0.9184109851600596 0.8509354168390506
2.353398442604104 -1.149920312559314 1.045296140556255
1.861277617719444 -1.143473954176062 1.043007715993837
1.386564041167757 -1.094746886525972 0.569580110598189
1.883578802654199 -1.099614843495333 0.5910035401866706
3.608412511503822 -1.109419207369667 0.6019696875199636
4.689829784577587 -1.094092446108867 0.6522637119343756
3.353394704561468 -1.163457302054829 1.055936965318127
2.474805325527171 -1.099723731695805 0.5652523949050146
6.772603405849592 -0.5538428258346543 0.9100144887398605
4.341963897269387 -1.108783081474973 0.6309825248402737
2.972640019538543 -1.103233861376634 0.5758441087706162
4.082464359907782 -1.108066733575253 0.5971374263055604
4.174343682784377 -1.174750273701315 1.067926637807687
7.461052261432679 -0.3251064073549964 1.202744339184056
1.516242128377751 -1.140809115894785 1.06308576303863
1.0172353309101 -1.134752526670342 1.069053556742478
0.4296979413811979 -1.127073559377146 1.070366515027024
3.132192468114862 -1.161575159378811 1.063692538672147
5.235401899844755 -1.178659908488881 1.136586859637112
2.113494891617263 -1.149422461610953 1.07221817019574
0.9847559205918958 -1.090731968383743 0.5490235887742041
7.077251861773464 -0.6264200315570965 1.188770161627411
7.062670011026938 -0.3480163537801123 0.9138860397141059
2.016352382735292 -1.094640764313332 0.5386920967881159
7.242301168565457 -0.5396010984980326 1.217558914555863
2.901551647380761 -1.161987726034179 1.095481121768817
5.456787359394159 -1.174184148084355 1.189098057884522
2.572258329483932 -1.158333058455805 1.102163119347746
6.102075843000191 -0.8277588091567695 0.8160280790758166
4.861537416720299 -1.077302187292688 0.654294688131161
5.287720984471804 -1.022861422038553 0.7001793166326291
5.519813512528213 -1.001419039511219 0.7751623304915405
1.819346213211568 -1.11658630843082 0.7628461675035253
0.6260339596329294 -1.132126034910401 1.102580135548406
6.509143232585171 -0.9095442839767878 1.179602814801997
6.585299966613961 -0.6082701536413655 0.8436134165773346
7.72442764278575 -0.05723484908811989 1.258114696150715
3.418215208076323 -1.099179078963955 0.5319330636168138
0.1327983714502221 -1.102341120715513 0.775838380881443
7.572317658790458 -0.2500621727096404 1.239818750521749
0.8136773132651226 -1.135233888126094 1.109675411608854
3.668744214596729 -1.14035614021152 0.8340151915856537
6.917284712881093 -0.4330752879601585 0.8886059875152853
1.67618909584661 -1.14663338544068 1.105504482911707
7.249848126353521 -0.2001659989526639 0.9267396772389619
6.001731379032055 -1.07298607892204 1.179036227787394
6.215561333899545 -1.022743721945613 1.196670236361893
4.766576705827713 -1.193733749380663 1.164455354345706
5.033374189418557 -1.194119337436583 1.171547926176758
1.573804957033842 -1.090544584055809 0.5180442478344505
5.739831186570466 -1.134412796172655 1.190546910565029
3.907778593613871 -1.101537891159118 0.5480659171744928
7.346537121147335 -0.07878940420872746 0.8918449118946346
7.377151095855361 -0.03646242944500003 0.8874559136289547
0.0956301075272968 -1.125936292012419 1.117408339750193
4.516685649336593 -1.094490384883628 0.6038601851007291
2.721040725957483 -1.161804264673218 1.117109330067431
6.307992000754197 -0.7247301050154045 0.8033986459406359
0.1408272989183652 -1.083785373656526 0.5134464236900032
6.943662295090199 -0.717050275128023 1.198643205406158
1.297818168411212 -1.114564921003148 0.7916860842826738
0.3359311334228481 -1.109067671686498 0.8412952031463488
3.265533675250365 -1.133361320301348 0.8043708649294211
2.314523764419744 -1.126451536676129 0.8166031927185581
7.400295790070289 -0.4340880690868199 1.240334754673248
4.35025114621843 -1.147897246819908 0.8570174128069912
3.962407072024752 -1.14274569609494 0.8343202507182887
0.6748662396543869 -1.109542044275872 0.8028771124198786
1.164698755403288 -1.08736966519965 0.5030022086070938
3.817162362529147 -1.17665762185773 1.120806877661054
4.563380204052804 -1.186927726265443 1.128749555689734
2.615676157318203 -1.09290570528526 0.5042137266272172
2.817340310286381 -1.129718811813354 0.8053532014336268
6.680982087050692 -0.8547690120907672 1.205323033580867
1.327061009924163 -1.14433610551576 1.134678189793942
1.106484470019643 -1.140295825930706 1.122717580096417
0.3846029814042088 -1.083070398930625 0.4897322100412634
7.269196991575877 -0.1437073594387279 0.8879902425857413
2.809219008276505 -1.092968050566549 0.49983736592994
3.100718980560542 -1.09384781763461 0.4999069352011708
3.496541865568201 -1.174088386403606 1.135297125095072
5.010609769507226 -1.12143457811583 0.8558264782549247
3.746787278344777 -1.098928722616589 0.5275502329802894
5.818516208982679 -0.8908963975924153 0.7440545443342466
0.6865742839766962 -1.084127751434266 0.4880436764986919
0.2632525254404435 -1.130029323941573 1.142192139896296
2.318617313291349 -1.091238829464398 0.4986004787871844
1.725785030376566 -1.089008174235778 0.4974576187655328
4.031802510811861 -1.183045148589261 1.151351527519143
5.726041041026132 -1.023058268645987 0.9298410544941321
2.981261422064446 -1.152220790385045 0.9938467854995852
5.632186926858932 -1.158364738829654 1.20797735679774
4.654922093731978 -1.143331290368155 0.8537825552612712
6.113803840291072 -1.053416892949824 1.199142353321025
4.294017731083689 -1.186651826435781 1.152492047351597
7.648408618657911 -0.1588797784950015 1.246732917806795
1.989175035452796 -1.15455000073393 1.146055306549657
6.386882274667538 -0.9703139015836686 1.202816880190376
7.117614947006392 -0.2897235488162235 0.9017391413343611
0.8393277552112096 -1.113697152369914 0.8343769414303233
3.082120924728282 -1.117383204912665 0.6843672481304583
4.545702790588832 -1.161646120384751 0.9487323779245321
2.661437822759444 -1.127780870149011 0.8000811157832747
2.425664179545612 -1.160520214765119 1.145049495537227
0.4216088729856755 -1.10031176952821 0.7131153533410917
3.489807865838063 -1.156153325873938 0.9781089816783664
3.814077886606682 -1.148846301793164 0.8911009224332004
6.030757247352284 -0.9297772051169191 0.9305798016660249
1.159564889971546 -1.116891373951364 0.8337949278347824
4.980730248007792 -1.043719490026838 0.6041591166427908
0.9217617248912627 -1.125250592024556 0.9660797672657524
3.275254314850693 -1.092433297868268 0.4855166483765292
2.090933261917607 -1.111625433890129 0.6925978091736467
5.426962288017796 -0.970071875450027 0.6620821226161915
1.999282907580814 -1.138978491838406 0.9763781493811463
0.9176814497426143 -1.102507975052802 0.6903743384631591
3.384539352626287 -1.120097950387654 0.6911948356565478
5.132593371888792 -1.021149870682844 0.6182200663911737
3.243048021255675 -1.17321454526442 1.158986065990688
2.255990932478217 -1.159320510823495 1.157346600441139
0.07481574331007887 -1.111631614953389 0.9166784406476769
1.382543465882445 -1.127843984059424 0.9326953064549708
5.836859377836674 -1.11803071428397 1.195846572781283
5.971923944588858 -0.82628187138967 0.7354597569009412
5.548515953055404 -1.058464976318803 0.9139974122307848
2.406887444062046 -1.11441167092511 0.6974034692224471
7.469911290822203 -0.381728199631751 1.251808284137714
4.770515964320786 -1.066338334233907 0.5836837651998924
4.067701235914404 -1.158876333239309 0.9511705408059439
0.8343604392913567 -1.085064250493957 0.492213104479038
2.589809041758707 -1.142493447167835 0.9437999467953369
4.214814988523241 -1.093414708798665 0.5338723636973542
6.700149637506682 -0.5099643696302484 0.8149437063691376
4.617905770846006 -1.074144506495985 0.5556643827881694
1.788810403659548 -1.131068910719852 0.9177667399390749
6.432285925037728 -0.8127344723181544 0.9960744163382294
6.84327452846494 -0.7846240294060236 1.214927994327979
1.466316376698856 -1.10498219145531 0.6715998040581672
7.312457643800252 -0.5235472845221196 1.25215436437432
5.551955903079894 -1.17490636068923 1.225797952598054
2.175969204717008 -1.087674878065461 0.4720535270763497
6.427000031149527 -0.6469325155887363 0.7843815586478114
0.5999241368769709 -1.120528080213371 0.9547798031593316
2.57651761592118 -1.112386551437593 0.669254767525166
4.90209246586987 -1.19937877230298 1.19889715732235
7.113091098651113 -0.4262514855361993 1.023542771380543
3.980698156347125 -1.121715419715782 0.6819802156850782
4.265358229447608 -1.163597089805616 0.9734356798551229
6.802274808134252 -0.628933123135941 1.009169687445313
3.032578135683195 -1.171909930053039 1.174557673892376
1.818426786488469 -1.153270038790909 1.158515679155838
7.467046617948112 -0.1242794691925614 1.054013711519
5.966735760319407 -1.00795820258627 1.031366053024286
0.09768861591892281 -1.091656841124007 0.6282944121757166
3.562955604847967 -1.091385263715248 0.4753325779642969
3.676288483451754 -1.180768065786965 1.173513384103231
0.5637873493379404 -1.102263567422718 0.7229769692364725
2.863766473405768 -1.114598879777835 0.672620652864689
5.28579387541331 -1.133685818259988 0.9961995207082806
3.2573455217473 -1.151807703026865 0.9622880556084781
7.711624237945285 -0.1108501325316209 1.276532930797491
3.551470276449069 -1.127246934597994 0.7382712562513233
0.4966150855700341 -1.082387059229603 0.4754961451516466
4.202860047238286 -1.122423441316685 0.6906778474017827
2.260831761687675 -1.138702355052601 0.9424786305302379
0.5314300404166878 -1.137257248082165 1.188568373389844
4.941127076652431 -1.153350110666682 0.9571381971176149
5.574312858937748 -0.9240851791538367 0.6591882609588127
5.727068708526019 -0.8932332867111786 0.6946555092261839
0.3898560996921634 -1.11671205157735 0.9368800525639185
7.254103762578318 -0.3853303714459016 1.091682068423887
1.082684455362071 -1.125101797948994 0.9410588610191258
1.550663442749062 -1.151272632941573 1.17946086041377
1.939268742312052 -1.086224241581541 0.4654082392527474
6.524257087782622 -0.7360333321629779 0.9538842759802078
5.187612403683619 -1.070827347459416 0.7720865386227492
1.784665261993211 -1.104421795444891 0.6433462900705209
1.314180855206665 -1.101409167704656 0.6449158736675142
0.9571393677867582 -1.142049987643628 1.170925608931324
4.361293891424265 -1.087105837080905 0.534023781704221
7.772869780136944 -0.02975743920243285 1.293220376930518
2.457754190358366 -1.141536099840621 0.9487432486713958
5.340879265866022 -1.192802870353581 1.221682031033422
2.12681807552994 -1.159773737317598 1.182053038605349
3.695463391958315 -1.122200436922684 0.6930440263432234
5.188162655673127 -1.198075596235375 1.212768455984308
0.7190339017643969 -1.138324855101869 1.166870674362547
5.795829972113503 -0.9526487400462583 0.8350578893632334
1.426584883731887 -1.149719690430319 1.182227082638722
1.308285869903442 -1.08373725906718 0.4597934934031105
7.53416434106868 -0.3253872035753766 1.260619153281138
3.4015430850152 -1.177731648550575 1.180692249859796
3.018671291339412 -1.092635476259999 0.4925761827327734
3.150702905080076 -1.13143786937967 0.7961278354653287
4.443941630938496 -1.195344654479555 1.207217477069285
4.776760183394366 -1.108701178682198 0.7339172279812123
1.953864807423249 -1.110627020310988 0.6926288141238903
3.772436000658484 -1.162863675115538 1.008509523184603
1.46771703096545 -1.08501677151293 0.4675907618401289
0.2590361821074578 -1.080161918894948 0.4572020144442731
1.541376996507149 -1.132012405289871 0.9591753645260213
1.066379694883435 -1.082477507930246 0.4543683029386778
6.147080026401301 -0.7461551764946334 0.7306354214991797
6.89041763551168 -0.5475321917962942 0.9834343420266659
6.187612445330498 -0.8183990998592181 0.8544665966796605
4.939558831174351 -1.101709392590971 0.7636967962167494
4.130551395011971 -1.188907491695264 1.189681840712403
2.858770846801423 -1.143521991285005 0.9261622553073332
2.82903933039613 -1.170729677661138 1.191441658856481
4.385243856326305 -1.128745618167057 0.7416636786367918
2.200592061744098 -1.120654091515674 0.7706569126043175
2.456179391358482 -1.085001054842825 0.4438132280051227
6.838629113488603 -0.4406411527029452 0.8400010396861805
6.680549578024047 -0.7469029078885484 1.066016766326798
6.978822483794636 -0.3406530264245536 0.8431003805813508
7.169675240272392 -0.6220263149661417 1.246108786815829
6.218455855884631 -0.9413827590584573 1.058231140118281
5.478477139833859 -1.115019643625536 1.022021789321699
4.013003781443849 -1.09555025983716 0.5189591717679889
4.802001260849803 -1.161762673954518 0.9697108631027385
7.364284109552443 -0.2120078602150594 1.035565729343683
0.3813847485891005 -1.136628267276366 1.209853608644156
6.430363464032674 -0.8742858400271474 1.080899950927487
5.382653451615456 -1.030142451671868 0.7651610274963454
3.415191836833158 -1.146914464234629 0.9062440649083037
7.066315657602613 -0.688330300799027 1.246318615362076
6.579742424498342 -0.9195529334873842 1.236425668674922
2.632594143131647 -1.168457211520313 1.197038380935876
1.035455980504469 -1.10001548121926 0.6510723942460915
5.745647346611315 -1.067146656600194 1.033629892328367
7.625584934970187 -0.2146248408841161 1.261759102188794
7.305175468394017 -0.09586190139982581 0.8698442167796303
4.117179070746073 -1.131050800620916 0.7445744785249505
3.490847845018491 -1.113480640981407 0.6357663006065454
7.080946152955447 -0.5367532521507697 1.103351340963307
4.681852988413731 -1.194794646841127 1.178855448628594
0.6471504680173089 -1.094511599504831 0.6171908444271643
3.93242702973157 -1.186930789084501 1.196500547734677
6.696739094688523 -0.5882250808585823 0.8954892116893891
1.70154485769336 -1.118097276612717 0.7893696639876996
7.279131566729205 -0.5627690077709716 1.264068368686327
1.93521071024645 -1.130896239140803 0.8990401721408476
5.48446753142767 -1.193523451818598 1.265389975888866
0.02814385863476474 -1.118230962906569 1.019661478808322
1.703902028885884 -1.136661697433428 0.9894767754769307
0.01117604893337867 -1.130205748407491 1.19596147186323
1.230207942249855 -1.148957394737833 1.20761548112483
6.293605074276409 -1.027068428257613 1.247991031436503
0.5972254195730077 -1.07871226416681 0.4262988156282739
5.29056655402039 -1.066304605455888 0.8074771904783798
3.605558199366421 -1.151515650042208 0.9290050593176447
0.3245628413197325 -1.122927004527154 1.032532331623642
2.034434214610113 -1.081649710355962 0.42322566653352
7.356274724669948 -0.4995200705319283 1.262359561643164
0.8667322239969399 -1.094083917537919 0.5952361273965057
7.556495528851973 -0.08048387140169647 1.104635312446909
4.579174663484868 -1.113763544718459 0.7009872401975783
6.362782572283411 -0.7596878134865215 0.8826858126625188
2.345384750906845 -1.104252974829358 0.6100985236671048
2.241126400789694 -1.148207040924966 1.042199287278655
2.971193721256381 -1.119782564816211 0.7099734144002955
6.076970180239604 -0.7699749471166628 0.7194276227638627
3.130493353879186 -1.176446119927284 1.205133477253579
3.821032405275611 -1.111310830933008 0.6117531866728145
3.379255169889976 -1.086240096088474 0.4397177669746188
1.675372081500842 -1.097464302299775 0.581238488570923
4.28906038909784 -1.133966653357594 0.7657769740252225
3.656108260600436 -1.087329302129628 0.449422255415135
1.642607942059422 -1.08144358753448 0.4287968491427621
0.1699574689492438 -1.132613703184871 1.197200966587544
2.720647926380899 -1.084243291152147 0.4335724314259864
1.851394134840983 -1.082979168684562 0.4384234580915212
6.570711936737662 -0.5496035162733945 0.7695693339898169
4.972734036466299 -1.169087077106219 1.034484529814927
2.53160201066825 -1.167937457800007 1.206836476011995
0.2078520633641174 -1.10888289744311 0.857177965123278
5.118230226175538 -1.123393366767691 0.9005153158023567
5.851981767371011 -1.024547191345504 1.000621957515801
0.9554339800904994 -1.080945487016383 0.4412067183373356
1.607958005219644 -1.139805103766479 1.038053099270384
4.448171689352072 -1.158863669226424 0.9303172577519041
2.136012780822167 -1.100038464321332 0.5824441810484196
3.848053170355 -1.087601321170267 0.4595890169625512
1.37046286981427 -1.108268592082882 0.7148084430625603
2.816041581634066 -1.152405940096717 1.013774911810075
5.32787613085244 -0.9704577984109124 0.60891080411695
0.5433045807382867 -1.12592969939421 1.03513852621292
2.543471076259243 -1.083793058144185 0.4326840501454143
1.341248401377741 -1.135326054491002 1.025393978599691
6.852005270343998 -0.6757445864965009 1.092942695862251
3.248917717976221 -1.162077729222758 1.055034794134242
7.578467971210963 -0.3007251942918245 1.278943462436752
1.043100805383642 -1.147284197409373 1.221182162818127
2.904990853257437 -1.0835220614022 0.425616946349922
5.38089385489442 -1.118187166871735 0.9885535108481995
0.620097627596465 -1.140213412682994 1.210709603122853
6.749834637768831 -0.8620109624332035 1.257175050255359
1.611115847466976 -1.11799795832613 0.7971783763993437
4.168801555923456 -1.157897682952439 0.9365926655163641
1.081218936749343 -1.092124814839672 0.5589644499515678
5.147209108542159 -1.178111118198995 1.112270916141715
1.148884361032236 -1.132201042733336 1.017041914309414
0.8212630797597553 -1.144442670254597 1.22704908811623
7.329173929687032 -0.06123342757444238 0.8560579312280187
4.912599152021599 -1.034788034820065 0.5485358334724975
5.230187386876691 -0.9861509357616867 0.5890370352768459
0.2374567384932286 -1.101322253798421 0.7482350979641558
0.0398729305985666 -1.101591523985307 0.7775663712512833
0.07908229159769367 -1.078210361855052 0.4376353952867185
1.716348659902019 -1.156322768171987 1.21024803951425
1.896555877078338 -1.158476946379611 1.204687770148704
1.101438266215069 -1.1093498610425 0.752545984077543
6.062433312687977 -1.093027178058018 1.252888923074426
2.47044036844828 -1.152201900524375 1.053488069262007
2.922257847858583 -1.174369221816539 1.214420067269847
0.3800587085668524 -1.093519581684052 0.6274007599972626
5.896017813325481 -0.8209630457696344 0.6819974257596543
5.263104155382639 -1.195312426555751 1.213983148667843
0.7251159102417838 -1.13134149284862 1.074904508408334
5.639741508653845 -1.021346591281295 0.8802569508887952
4.679755203282922 -1.120417011947605 0.7536107478321918
7.377127625291337 -0.282336277271265 1.103140659475783
0.7705821049511863 -1.106627561870237 0.7552008526960707
6.462752502956281 -0.9690955237366379 1.244663770113536
3.185699243818484 -1.083880425024259 0.4244889641342838
2.361143301440704 -1.136489956997922 0.9095591555861091
4.453936458519794 -1.075011050849363 0.5078806634418328
2.736694994997478 -1.13438425427092 0.8537829187011372
4.696208720961826 -1.056596958529723 0.52321087044563
5.068126790700461 -1.009854757475144 0.5589585328204723
6.347164184283907 -0.6553517408402226 0.7428288468830111
6.01211543866607 -0.8854129095794565 0.8488099626558007
7.348335456075676 -0.03727801854225172 0.8580874436321368
4.117568608836402 -1.088388812757396 0.4932158594081688
6.344211553759997 -0.8746739272124049 1.029796355300307
4.02831051392315 -1.168833948460248 1.033728477286277
2.652139282606591 -1.152035947506878 1.02933132843877
2.352798150817703 -1.165400761382467 1.207563569622504
6.177050256815182 -1.063531872560881 1.253176451534668
7.444958496994369 -0.4439466926640364 1.280954548662136
0.1954099253131715 -1.090503765991361 0.603024045185371
7.240835322006341 -0.5944329926241232 1.267347446699056
3.709111581384485 -1.152487712340565 0.9285366877164674
3.339618619357871 -1.108767824889626 0.6057885556999986
0.4230007089471544 -1.10692988382973 0.8007796965541389
6.125209135181747 -0.9300953834391212 0.9858415241567744
6.602290422801279 -0.8490743651207329 1.149545114014073
0.1884711227832591 -1.123967572070067 1.071706484663024
1.227086754785431 -1.138953259143905 1.086316320192603
5.431005757208524 -1.197844553787546 1.266024259868556
1.314149019729577 -1.123147485715267 0.8875034928265073
4.204607341353065 -1.193826505821433 1.222599151302786
2.320613859337928 -1.115881177931358 0.7165963309226029
5.926766245332093 -1.119849108299958 1.243859070658892
2.104241611570142 -1.121254616977778 0.7846157787756414
3.758523761312306 -1.135027127300365 0.7869206201500377
4.509942898664754 -1.174883233082469 1.041886285854338
7.690687906844522 -0.1515571383925091 1.280755571029679
2.739677447587548 -1.171433107661366 1.211644436614765
3.577486962974929 -1.139084090081551 0.8300388135302433
2.729502109031848 -1.098858063422496 0.5490049795983414
4.756586435494103 -1.204539000586153 1.247293684954039
3.141805114126743 -1.107133109623759 0.6004705179883518
5.808881519946738 -1.145834935166265 1.251172268004234
4.802381749557476 -1.179945270652456 1.071825448605958
0.9410833663633905 -1.134459373873129 1.078001652047233
5.03908024632849 -1.205992012664631 1.242739862774967
3.022294694307071 -1.161453781700705 1.075514578991117
3.573134242569728 -1.183410772055958 1.210724002763396
6.995799047099894 -0.6134488268433502 1.121235762665986
1.286584006903361 -1.090984427703569 0.5355623597032695
0.2931609399043383 -1.087261050758527 0.5509035368045999
3.906147048404454 -1.151068304792102 0.9019364345412587
7.168450532055748 -0.2076954937700718 0.8642684459872891
7.224433169184152 -0.1663054467443068 0.8709190073166665
6.965100005443991 -0.7639465568070225 1.266794062406695
1.407687311131284 -1.119098142017066 0.8306295003565245
3.899507544876623 -1.174900006584109 1.096864402822241
3.0330216155489 -1.143770987175248 0.9120351170621608
6.110562010349693 -0.8775575139035762 0.8948874578485352
1.564238150411477 -1.100608016497896 0.6192738828425735
0.7529385443393607 -1.115797983098192 0.8718519863823342
5.093960221748592 -1.092690887713801 0.7945505476510533
3.867840168451051 -1.139271667927957 0.8132340975879936
3.224187824820759 -1.123875721567018 0.7293960023830547
0.4945172172414388 -1.118654229895544 0.9464955666066122
0.5915143857146392 -1.112786818353463 0.8552814332164016
1.551518486941939 -1.080564472090731 0.4224084260622132
3.475549939354751 -1.085391536306714 0.4338966051591794
5.197992655716894 -1.157344312718239 1.044418333931494
2.170435552202822 -1.140729545618168 0.9736761752249861
0.04952692854058648 -1.085721735862375 0.5473803661351956
5.640021064496345 -1.128623019476542 1.130302638536898
0.3359351917272358 -1.101078595011602 0.7330872858317476
4.24717514034189 -1.17597775012524 1.071012591998598
2.256505650133754 -1.081858028431715 0.4214028031247038
4.263485024774217 -1.148650920101906 0.8638541078270212
1.863136032697185 -1.108480316476617 0.6780482317965135
1.773123809349119 -1.144260374341021 1.064246595271633
7.046576161834706 -0.2918597738550762 0.8475859002280849
2.817361975688633 -1.10480024148733 0.5940620861646311
6.749975935793267 -0.6946109322914454 1.048248003289524
5.332613793236797 -1.172427644926008 1.141466468051112
5.893495263429941 -0.8768012928975641 0.7655378171716944
0.765701230365353 -1.089243927795474 0.5447921863267264
1.200739472165496 -1.110420975198855 0.754777415751401
3.364770503229131 -1.132636025270989 0.7919613957615013
6.897055228742509 -0.3794646392124976 0.8205637867794455
3.811991554284995 -1.188505100859933 1.225662987739577
0.4127799707040808 -1.076448440515996 0.4032150097080288
0.123495654300573 -1.11793776624749 0.9983269774243195
0.7775051032359312 -1.078851168288038 0.4227954481557971
1.467137940137318 -1.094970602542401 0.567453492265939
1.342763169522657 -1.15241028127419 1.229428831256232
5.020185426781429 -1.145978655496498 0.9481333847023142
3.477591504883129 -1.125340242310504 0.7273809698500171
2.743082981897007 -1.12227336292859 0.7452340746944096
7.006195283078328 -0.4151431166281973 0.9354333844805833
0.2992027671877008 -1.114701435664495 0.9237589093647782
3.453023687140767 -1.164607959429659 1.055375304244717
2.229026929588769 -1.129696789000591 0.8560979880134032
3.098993626524882 -1.082315082092627 0.4141227306310242
2.408455392516783 -1.124793913243632 0.7928845416710468
1.9526555349742 -1.145810112475899 1.055741379103028
4.520726417912028 -1.197979931895492 1.220153697365074
2.496250399184305 -1.119015158029355 0.73306571060121
4.057271361560327 -1.145775707788708 0.8519733852428225
5.316998978867895 -1.097871759291893 0.9039777314209879
4.422839551084255 -1.109604158124189 0.6491898762772499
6.949008976760982 -0.5671497792003665 1.042931698988677
5.620619509917962 -1.180155081145875 1.267913753948674
2.560757922246329 -1.101331351135508 0.5754664492785113
3.945033587150637 -1.08631629380134 0.4604080746925696
3.207925549781538 -1.141760771011811 0.879388806204581
5.49157816115782 -0.9293493463046347 0.6216902602750733
3.558411735674728 -1.165728298856255 1.054022023849807
0.1679728576896777 -1.077608793426966 0.4258487207531394
2.239299817534605 -1.096974917200718 0.5507196518611497
2.89267932951512 -1.127917548617314 0.784047628538066
1.002437576783817 -1.121937983722104 0.9138776244504574
3.708604057337053 -1.111002735396058 0.611127951836239
2.043065363042668 -1.162940893812513 1.230557715396942
1.171457682577808 -1.078130447739271 0.4059220080968957
5.464792675213006 -1.043553418663588 0.8374979242336631
0.6171966440217993 -1.086945675622639 0.5258736326392959
4.62436291357709 -1.159229799095446 0.9369102513684179
7.749786910058026 -0.0808830018299343 1.29675639911477
6.594445584456147 -0.671306825920041 0.9210119361402351
6.636474905384321 -0.5088986822712568 0.7702701903418353
5.68736842780348 -1.168291129452818 1.259004973110099
4.581752057002104 -1.146895109794645 0.8627708374978302
4.648768383906329 -1.183984057106183 1.100296369076104
2.346446041485247 -1.081711040361272 0.4188660295194455
5.196227281919282 -1.035386196061026 0.6842691084882888
7.419567022907454 -0.07425189928017836 0.9612599772682486
4.282569924924528 -1.078594770991512 0.4784736126666332
3.310753485945524 -1.18126487301408 1.226327786788121
4.547634849861617 -1.067028715529633 0.5063857748601689
0.9177194488651625 -1.110166386357848 0.7819416242911241
5.963604196140357 -0.9667730735349234 0.9548793438266241
4.434404707377116 -1.144923211291507 0.8398127431101942
6.014008108407135 -1.027494906023105 1.094478802823172
2.585681119662318 -1.133169186478705 0.855921667638565
4.976963217154735 -1.072260944846886 0.6848215255565567
-0.005396409765271788 -1.123682225614762 1.104929083313192
1.192884778647139 -1.096624537679275 0.6014610321857056
7.133257887034759 -0.3554068852244182 0.9743041878247467
7.622184049242332 -0.07420759185183692 1.165641065370517
7.188946173692126 -0.423269343596863 1.076206958504146
1.970833378816259 -1.101622142426326 0.6053464565950861
3.720814306820736 -1.172390426748807 1.094540864784953
6.489994975740644 -0.5805155830411858 0.7498118901337643
3.483046299538648 -1.183196224140795 1.220812510170049
0.6476199794695597 -1.102287435676011 0.7143337070251576
1.158579934548313 -1.124431130293779 0.9226227396665796
5.500132021082451 -1.142189225352487 1.10711093412359
0.9962850697704949 -1.106771136211873 0.7331060486931797
7.116006235512454 -0.6632537259154589 1.252313776333002
3.048566905423869 -1.102637288265968 0.5686609221889877
2.631671824859676 -1.080523692891052 0.4058838028129071
0.8285194922185569 -1.128161415862145 1.016972228970233
3.220730521733042 -1.180683702525665 1.233479091521073
4.756296070798431 -1.131835405761885 0.8208175173431
4.009619807988281 -1.108588952879781 0.59627801717208
4.046776068955192 -1.193022516514638 1.235402633746279
3.51225850798377 -1.100834312405814 0.5420471659939876
6.502785725594975 -0.6458734322839028 0.8322506823653886
2.944586779141328 -1.140843523619319 0.8938477934933775
2.046507514993103 -1.131441043250404 0.892412080423215
0.4571768362213672 -1.088903125281638 0.560844045389095
4.604806576511654 -1.172821315220241 1.023092314171988
3.07610552541632 -1.153591855513948 0.9964073407323929
5.645235449263438 -1.056389242449319 0.9583665512660413
6.382299433718167 -0.6953229866730788 0.813683794596358
0.299555972508501 -1.136346929470902 1.222699401999899
7.212701920459661 -0.277183939124628 0.9662256526619202
4.499201212109379 -1.118002273645264 0.7033751234773636
1.911965130225283 -1.118305415363231 0.7721081687526044
5.720620052161497 -0.9827230245746402 0.8478559807929564
2.80870530365409 -1.081690941272603 0.4129111938265562
6.650894147104291 -0.9077301730522644 1.261462983109696
3.75862260532993 -1.085936158633592 0.4442504643756964
0.1690173367469685 -1.096393947176098 0.6877375380559214
1.750568747053469 -1.079785185406313 0.4115302574484294
0.6598398531770872 -1.126214060037721 1.019336763901298
5.474735228445891 -1.08507390458947 0.9421100454116212
5.730095718068349 -0.9366524222072176 0.7697111033057061
6.247532215433878 -0.6911784650543012 0.722925477726814
2.203445567566963 -1.164938833850041 1.226322101880152
1.795720077689952 -1.095837926193706 0.5594084376857789
4.928143675300049 -1.13304509860447 0.8716427514391096
3.200172443373961 -1.098514315635131 0.5325810845800812
1.377359975741298 -1.078499425076478 0.4058252496752282
7.147746981981916 -0.5685914439493793 1.179460287238118
0.8379143057648545 -1.121074783554296 0.9262820926588413
2.891521209466525 -1.096169514413285 0.5228230224138074
3.067063782317066 -1.127635004458011 0.7697919938489652
5.508790636936135 -0.9662529995218712 0.6996151384193825
6.359217944696571 -1.012742039691047 1.259130694918851
4.772158227269949 -1.086941981101147 0.6537849652205143
4.83130507020512 -1.205849846356137 1.250084043639997
1.422290180016045 -1.142055974062387 1.092119543776882
2.650730424267342 -1.105685735840811 0.6082836321966806
1.125857976417554 -1.148933719458078 1.226431553181089
6.172831746980207 -0.9971266029508562 1.126558108828758
6.85000083624 -0.5092199213849025 0.917155992913637
4.967001926850535 -1.205970859923414 1.24260515723957
4.72303908029026 -1.152663999973078 0.9114835036786655
4.358437068222037 -1.196210103703332 1.224153918427594
1.605700018491478 -1.155567944605162 1.220471406344556
5.109838276371894 -1.207026835543614 1.252219202046885
2.042252537018351 -1.148733086151617 1.074792141881122
2.433433313364072 -1.169003084731923 1.2333458327326
0.01010265797585741 -1.107856477304048 0.8726024880374332
7.29308949687232 -0.2267012777847081 0.9877393447295019
5.18952010759836 -1.136756612525665 0.9703549103208366
2.665832255007256 -1.116890979934384 0.7032379771374462
6.037858958847906 -0.9724671373733025 1.006909088534447
6.769940130188513 -0.4334512263460035 0.7837730661753461
7.507455515439108 -0.3806731839195069 1.279612629478604
1.906446097577411 -1.15140155130997 1.123868530381698
6.696993480465245 -0.8907417825441264 1.264847356490432
0.5057657558859684 -1.104865760931171 0.7632693727741717
5.79723837834788 -0.8409249475583582 0.6530214046869913
6.855865920565809 -0.7300548103217001 1.15731379434728
2.337711379278299 -1.157512864534812 1.126214086161095
6.117848725653872 -1.082598412208843 1.260042413223344
7.272338365891783 -0.1109246883081984 0.8550946751060466
3.59801988062388 -1.174558519672894 1.127450969631758
0.01904809934622745 -1.095306166290254 0.689160636569894
5.813391304644943 -0.9890757309514313 0.9111352076868213
6.583900500550982 -0.7503812905326035 1.00933741048154
3.287532085886658 -1.081503854655174 0.4066671959341571
3.298804465106153 -1.11906553316856 0.6872464001926376
4.393694776496032 -1.183439552289056 1.116699977313595
3.719201703612773 -1.188363807701798 1.236642541343979
6.412985803770381 -0.9974302610706914 1.263113991281497
4.25944665409939 -1.109324840905169 0.6217047739369098
1.827584706576348 -1.160580182987472 1.240270046747212
2.400426090912498 -1.094391496387345 0.5227698502598044
5.998120613253903 -1.110932561117015 1.259016280937621
0.6849809828002642 -1.077502366001108 0.4094977827409432
0.6734384878780612 -1.117542800777864 0.9051372860480328
5.653306548873534 -0.8853736726748855 0.6389381804164663
4.348560419205736 -1.162339989033004 0.9589482203057871
0.09050809207386643 -1.13358665722031 1.227698444469432
7.505953163624872 -0.1778169218447336 1.131925906470072
5.942138361366866 -1.05394898834018 1.108212136086672
6.808036524570351 -0.8418873583963429 1.265992815661566
6.233463560233005 -1.051670607060354 1.260728834692428
5.749074952720014 -1.15902412168816 1.259249646938587
3.854150254267707 -1.159120048259331 0.9703846650323066
2.495722411076708 -1.109514474499378 0.6486242589247115
2.895604562107115 -1.151956917417383 1.000650128206299
3.509232239079631 -1.146601205477424 0.8961037849169019
6.528909505301403 -0.9572111333798408 1.264132149738811
4.117157393241592 -1.179638590086582 1.113495300557316
4.996786403996927 -1.015267127519555 0.5369380972473754
7.010656727107175 -0.6719203222162377 1.192284150197395
6.693185158932073 -0.8004352264422379 1.141061032870688
0.4610629843440799 -1.139573749670948 1.233893418702915
5.997036238416517 -0.7726551113638408 0.674031669122772
6.94366247765553 -0.4857390890342091 0.9589116477816284
0.3615238974758072 -1.130560665266148 1.130528712891731
3.89747487683997 -1.119890429324647 0.6704629015738934
0.9207850197551227 -1.117848854830877 0.8749515151850564
0.5037889231474691 -1.097193662873398 0.663883703008789
6.73414466591361 -0.6242925239099665 0.9592509769856431
2.084127654819052 -1.141179138256612 0.9889404443397589
4.830550219541787 -1.041154562208259 0.5302119692013935
7.02176707902494 -0.7345298015178814 1.268739523001283
1.083309430781862 -1.117961580899593 0.8555796341248187
5.778315103915258 -1.093565788944368 1.109813063567337
0.3347934457754136 -1.076527091972857 0.4062070416568307
2.670218029085649 -1.140553882714554 0.9170979996723239
1.51695624554672 -1.155140262831914 1.231006915280685
5.01143850340629 -1.092916546952048 0.7622622380960717
4.203416121030723 -1.183617613748028 1.137223867093158
2.544300605669735 -1.148892792863924 1.011286661953785
6.90725126130818 -0.7934713478178839 1.266013956859257
7.099720474760365 -0.2425249712862207 0.8415998243861658
1.461832449778819 -1.112020322141874 0.7472838976512055
1.844162835442254 -1.125482063343145 0.8523679809472162
4.88509280547461 -1.168638384220361 1.017171081798029
3.094084477939102 -1.137210518469029 0.8493489330594191
3.325969419958438 -1.17109975420201 1.128742009198059
2.149727599500551 -1.079261272618772 0.4012686902249988
1.232362382176189 -1.118046532346564 0.8386607632925218
0.8355248984998681 -1.102148501387008 0.693817194833013
1.004161082658762 -1.128736749580848 0.996784785199525
1.56198176704415 -1.125137778925334 0.8800154508170113
7.255820262751125 -0.4476468958102221 1.14610339908278
2.02620659375214 -1.116352192009549 0.7430705212425248
1.918854271332629 -1.138684044431398 0.9833978170269417
3.168944537135442 -1.154859282007266 0.9982335749184599
3.300158894999011 -1.143214379209907 0.8843235864809911
5.567708650356199 -1.119130628496508 1.072818629980554
1.721498256192511 -1.125681992144499 0.8677470183922291
2.57906629388529 -1.122814080727445 0.7614797047271128
6.256822079193871 -0.9683199204140505 1.124695621616086
2.526441787668986 -1.137353902330217 0.9010550140860387
6.649394100143155 -0.5586151935856716 0.8320972378926168
1.612350837096543 -1.133334042219186 0.9646370433766784
5.143938362252744 -0.9900406351091647 0.5521979501131251
6.509449544258868 -0.8630325663595545 1.112528047566716
4.682148287180311 -1.204695305342323 1.256447985968031
1.541942428891695 -1.110325430993883 0.7219715921952037
3.986655504207947 -1.157574318242482 0.9471230116154532
1.719459700961885 -1.110166004735112 0.7056771609370469
3.004818932729954 -1.111660448469107 0.641775421250106
0.8625543430006064 -1.07940125954124 0.4267242087857533
3.77361983054572 -1.119486482366933 0.6704395851745505
6.509280947046407 -0.7857970148714211 1.007835960942583
5.862061682144615 -1.138505999447795 1.257362452551531
3.162675127319319 -1.116986913568636 0.6772386546710906
1.457198479784663 -1.133682162742492 0.9895945677935487
7.430219763017413 -0.2940638269906122 1.15497613209428
4.709713752631699 -1.184024339780718 1.097873589200784
3.937509385636389 -1.130785398989475 0.7470401457453683
2.445305377500104 -1.133773187127171 0.8747250922951113
4.477147388508092 -1.18519674537779 1.122874057506659
6.436222176114343 -0.9178334159930435 1.148830515097969
3.174086815275468 -1.168847880875679 1.126627870238661
3.645088972309478 -1.130642455653327 0.7594693100737289
5.425169947508023 -0.9327651909822119 0.5905210124636837
6.278265803081496 -0.8930596130963411 1.017823264780301
1.890101935641028 -1.092196636908788 0.5212209768996792
4.84575911300179 -1.191458714886304 1.146216722476596
5.654715651376683 -0.9304139416232872 0.7159640095015252
6.45368209212729 -0.7593068949469042 0.9389332242969846
5.571929369635111 -1.083498697016389 0.9847489391773767
4.506954040745471 -1.150645482599862 0.878388692207276
6.522589973214913 -0.6875333156315019 0.8938600207090228
2.644661645713356 -1.160839038475796 1.117704542308829
4.622679367911502 -1.055251154703349 0.4909941718006985
2.183291505341307 -1.155304301870797 1.125132832092644
1.782287817091774 -1.137743695925312 0.990964761594767
4.959253939328732 -1.190971800511232 1.147209515966666
0.1412559488287936 -1.112743690259663 0.9217096812721279
5.168407191461823 -1.098868246143929 0.8435817370883942
4.208649369171283 -1.079543932966387 0.4666949401904756
4.607683910837893 -1.20206033055547 1.243511221877646
6.879676356170381 -0.6035908741680126 1.033602465942842
7.129683406686878 -0.4762276531986229 1.08101354528108
2.171018391011526 -1.112191632064012 0.6924793318690151
4.337908123348241 -1.172686780204453 1.037571516936606
1.277639420417584 -1.076950530510839 0.3921534890019863
6.30117137392835 -0.9906189580181908 1.187821732267109
4.855012340517885 -1.114156269353225 0.7785690524812154
3.408698378216173 -1.157152812630215 0.9944657653054505
3.637927804991449 -1.099023704358705 0.5278845238458698
1.386182276372342 -1.086840410487947 0.4885664477770602
0.5325651291895804 -1.141877130448721 1.250482932692825
0.6992437386271367 -1.090524885482058 0.5644158165761393
0.2184543668162947 -1.084835447406918 0.5230380869329533
0.1105291325621507 -1.107541679238765 0.8527288704854173
0.9590620262094949 -1.097647946287392 0.6298801264264293
1.475253674160389 -1.125593466471357 0.8954394877998464
5.567388775989579 -1.022883987122929 0.8451554082005412
6.860402878493259 -0.8201694395518118 1.270256066253697
2.042475500443697 -1.104227319391347 0.6258247364313967
3.411713302487156 -1.109845557006692 0.6113091235677537
2.504263717736822 -1.160342652503612 1.132010797778178
6.834059550248988 -0.3936189746665458 0.7887580619675998
5.362822853030194 -1.003624072018901 0.6963716017123742
3.021642711368688 -1.179099914146523 1.246994899376648
4.283939282325528 -1.095222036796247 0.5548443380394513
4.120381684977854 -1.168268488774976 1.020915806783398
6.035024809572138 -0.8315508933994312 0.7811372541273472
3.625629898483542 -1.119981792936519 0.6792842578315204
3.85329728416249 -1.166908998478356 1.034510260023107
-0.01089842328887305 -1.112725683056981 0.9468030550877137
7.5080117015177 -0.2478794648750589 1.18463738339608
3.34385969031225 -1.098179040438405 0.526296440225158
2.539530608091691 -1.093072581552728 0.5076412293242185
2.867160671700204 -1.136583481658263 0.8624322609026007
1.397573464060368 -1.101428279843784 0.6390550095664987
2.422547402515486 -1.10595149791937 0.6212281416009219
6.363823761525852 -0.8075607143207675 0.9470331744037332
6.828493634278322 -0.5705924459799344 0.9650745496807924
2.889009983803285 -1.105843781161848 0.5997140517435859
0.9319135932238646 -1.147629171122128 1.246706210732107
5.05598277535898 -1.04176317682382 0.6334838914769607
4.062649613105287 -1.119793233125645 0.6692577523781807
4.216576977637054 -1.134721650856859 0.7690665845113971
5.962060117302012 -0.8692560422285391 0.7942423814301849
2.102264915438031 -1.089618957286785 0.4909211262238597
7.494870255385365 -0.05867677183416668 1.024493654450796
4.901727876255373 -1.20819358339172 1.26184414347144
5.585352200072577 -0.9653473752821795 0.7402385366637636
5.235506017665636 -1.207179653885348 1.266119081903037
1.952978142964704 -1.078307978013272 0.3955716430945376
0.2284049994360856 -1.137126881971059 1.248472190821148
3.333962964310929 -1.154495340925905 0.9785203312517361
1.945257376593054 -1.093968779448902 0.5353921288707724
4.197563955166655 -1.167312605500764 1.006961970064503
5.056456216075902 -1.17778850140847 1.091447004243001
6.429896705883952 -0.6011584795656847 0.7334570998400168
6.085475433886323 -1.025113678209091 1.129133871191905
7.33538135695567 -0.5406114418869228 1.283142767334001
6.281532162075532 -0.7988469073371525 0.8846545510870165
4.43136878207484 -1.093836701657323 0.579772861328581
4.594259036859641 -1.094833463150418 0.6264841359915788
3.099689054322241 -1.168891150248812 1.136519359513044
1.500441563368797 -1.147280127775661 1.140937762145118
6.700031744438753 -0.4623143356438462 0.7647497951754765
7.426773872150527 -0.1921103324018142 1.073267468996926
5.543967294367198 -1.190650684780421 1.274520481071614
2.792669509750544 -1.162936894751129 1.11882583946078
5.717373917649249 -0.8549832046090257 0.6275852553150515
1.780873577949809 -1.12329069779472 0.8360104533237036
1.019819162629224 -1.076994185562348 0.3968363935051141
4.165293310352311 -1.10704897045121 0.5984092838003978
1.42911939637326 -1.15571497276861 1.253710448287087
4.767772543916811 -1.044114657257641 0.5123377296087914
0.4525407834299242 -1.132724885511108 1.142661785373586
7.317957898021149 -0.3446143256239284 1.106386937497747
6.622732695586697 -0.7953805557211733 1.090753475794692
7.733130991662022 -0.1058942104810222 1.29429594774122
5.455915387165942 -1.005509464764586 0.7495637601459001
2.808877778332763 -1.121510133622266 0.7343262111251305
0.5441124325803075 -1.131840489348024 1.113656282953451
0.9027041461699479 -1.087287654406891 0.5144122952154626
0.09214468079879015 -1.096911732532655 0.7037967193362347
2.728019405798614 -1.154169022469793 1.041039153953406
7.762479820939213 -0.05634442474100932 1.296290576471361
1.026606288004274 -1.140274631656386 1.136225706314334
2.126058828880884 -1.166459890698927 1.255871820244816
1.586235397749746 -1.146760183844591 1.121035710174324
4.131076419267441 -1.119886047066792 0.6717033232224892
3.273993332908955 -1.101713777802882 0.5545650311572761
5.275892120163276 -1.157854166208772 1.071660911904178
4.596607320092959 -1.1325859169494 0.7910160604519292
0.4363944834289987 -1.121679645998259 0.996370525378913
4.88181927983228 -1.151595812099053 0.935859779170146
1.075115356075679 -1.130785272364559 1.011083199312701
7.274034818109843 -0.5944178348529705 1.289873498085108
0.5915557624750897 -1.107101459064699 0.7819107425103293
7.659771636153801 -0.204209447828409 1.284830130200439
7.624995794595193 -0.2517860461708442 1.284945462299966
0.02012662067161699 -1.074373274181631 0.3839050543113371
5.911863940092273 -1.030717556875886 1.045226542126369
0.7313288185575229 -1.144471366728362 1.245022748531432
0.4965550621479497 -1.075704353815399 0.3919872355939229
6.231043581219422 -0.7530492118665367 0.7919673797885667
2.390550408661339 -1.143600998099375 0.9767767257520987
3.565306204700915 -1.081476117896931 0.4089867404290881
7.307726846908214 -0.4088156663292366 1.151376933953088
1.854814910813186 -1.134174338122222 0.9431070942772619
1.970667031607919 -1.162503486752382 1.237768082910566
5.962984123317896 -0.9347546005054175 0.8997204930434817
2.063016638627542 -1.155495689573538 1.145143972150195
4.024908982937776 -1.081766434312302 0.4456925475347925
3.015661321536977 -1.080274225011833 0.4001058924062809
5.710508308717572 -1.099790268021378 1.091172958998514
0.01262342304214298 -1.080805556465621 0.4783444902284893
1.084641937014558 -1.07587072662003 0.3839524592920892
2.786495663403806 -1.141446016678535 0.9140293530264983
0.01692755840703581 -1.090024202441553 0.6125643573019943
0.577160180849721 -1.097293338714191 0.6582038645585391
4.11705120454239 -1.196485721062971 1.256569989513391
2.276394492517162 -1.167052630145584 1.237540122179865
3.744570664157602 -1.180599064725845 1.163667366064776
0.4302877262537637 -1.112238298016641 0.8706201988758711
3.648090821455238 -1.187846375163714 1.241506608299415
1.467558830458126 -1.076667191737577 0.3867631610033804
0.8468071595069746 -1.10777389407098 0.7608469221511815
4.275030074019966 -1.121464410554338 0.690142538022906
2.965657410908712 -1.167981536822322 1.145330031990472
1.651527537450129 -1.089786548293315 0.5075881661235248
0.1168152060981004 -1.07443426263772 0.3828182345101977
6.126761546686417 -0.725141721777243 0.6902651035766725
4.287177249930696 -1.196980629936549 1.239232241061168
1.241101952150041 -1.082835863268822 0.4526397756545303
3.740190449775409 -1.144574688551335 0.8625378845596079
7.405182345254324 -0.1466224322163722 1.0157847104939
5.915492940119645 -0.9956082634622607 0.9799289307036386
5.301030081663924 -1.205112392025638 1.266762277275093
5.783462603451898 -1.031178234618152 0.9771064440456046
4.01684884923729 -1.132807491298673 0.7590157818338125
3.4092178958044 -1.185198396427003 1.249957830642719
7.081025689120004 -0.3924562151587026 0.9690419915218144
-0.04158673798393836 -1.132749854279339 1.244212635945544
1.111638327558367 -1.099626038409111 0.6406070689602419
5.366351073968484 -1.204500697907991 1.277458228049166
7.163785784450932 -0.3906556026612596 1.028823388783366
5.135876043558516 -1.059023484644191 0.7165744427361018
6.774935781490166 -0.4943210381102455 0.8501451810207684
5.108063216107563 -1.193362500309866 1.17658124697193
1.289576401615416 -1.108022994227501 0.7193515849468342
5.248845091835199 -1.052799222635191 0.7531734270116837
3.829567366355217 -1.100341586571827 0.5381290811236834
6.165641624568702 -0.7842868612637266 0.7935707688755776
5.860653291097143 -0.9218766965640033 0.8192858721257923
1.746519490886851 -1.150036879486711 1.133270489804651
0.8811414848382945 -1.140386883142699 1.163592554175262
5.392295383586384 -1.056542314608056 0.831890719453972
3.563751261676322 -1.11828691807837 0.6690845192164454
3.401343309810054 -1.170077850447058 1.110279829362816
5.341147974466933 -1.145070163617218 1.052935356013811
4.36818581701498 -1.070241097217189 0.4646153155347162
1.315816345732777 -1.129341755895577 0.9589742413151694
0.5491632128781068 -1.116109126969478 0.9045972712890502
6.18172621760255 -0.696019271161846 0.6873394189062368
6.755901594056735 -0.8219241720202858 1.207724126345152
5.169381048330817 -1.208924409204071 1.267850313402042
5.921038216951111 -1.087225468512703 1.167559323731501
2.319775908517484 -1.14326699924348 0.9817266876773946
2.825134041587757 -1.177139125912749 1.257022623045494
2.942725124457892 -1.111803442518777 0.645735150191637
6.928797695993104 -0.6756928755140994 1.142891332430093
7.405118475170211 -0.4859403430585997 1.285854216033859
3.970440083622113 -1.175055816383716 1.090721071324398
1.226161159513082 -1.103608835360018 0.6759126180019683
3 1 0 0
$EndNodes
$Elements
416 15030 1 15030
0 1 15 1
1 1 
0 2 15 1
2 2 
0 3 15 1
3 3 
0 4 15 1
4 4 
0 5 15 1
5 5 
0 6 15 1
6 6 
0 7 15 1
7 7 
0 8 15 1
8 8 
0 9 15 1
9 9 
0 10 15 1
10 10 
0 11 15 1
11 11 
0 12 15 1
12 12 
0 13 15 1
13 13 
0 14 15 1
14 14 
0 15 15 1
15 15 
0 16 15 1
16 16 
0 17 15 1
17 17 
0 18 15 1
18 18 
0 19 15 1
19 19 
0 20 15 1
20 20 
0 21 15 1
21 21 
0 22 15 1
22 22 
0 23 15 1
23 23 
0 24 15 1
24 24 
0 25 15 1
25 25 
0 26 15 1
26 26 
0 27 15 1
27 27 
0 28 15 1
28 28 
0 29 15 1
29 29 
0 30 15 1
30 30 
0 31 15 1
31 31 
0 32 15 1
32 32 
0 33 15 1
33 33 
0 34 15 1
34 34 
0 35 15 1
35 35 
0 36 15 1
36 36 
0 37 15 1
37 37 
0 38 15 1
38 38 
0 39 15 1
39 39 
0 40 15 1
40 40 
0 41 15 1
41 41 
0 42 15 1
42 42 
0 43 15 1
43 43 
0 44 15 1
44 44 
0 45 15 1
45 45 
0 46 15 1
46 46 
0 47 15 1
47 47 
0 48 15 1
48 48 
0 49 15 1
49 49 
0 50 15 1
50 50 
0 51 15 1
51 51 
0 52 15 1
52 52 
0 53 15 1
53 53 
0 54 15 1
54 54 
0 55 15 1
55 55 
0 56 15 1
56 56 
0 57 15 1
57 57 
0 58 15 1
58 58 
0 59 15 1
59 59 
0 60 15 1
60 60 
0 61 15 1
61 61 
0 62 15 1
62 62 
0 63 15 1
63 63 
0 64 15 1
64 64 
0 65 15 1
65 65 
0 66 15 1
66 66 
0 67 15 1
67 67 
0 68 15 1
68 68 
0 69 15 1
69 69 
0 70 15 1
70 70 
0 71 15 1
71 71 
0 72 15 1
72 72 
0 73 15 1
73 73 
0 74 15 1
74 74 
0 75 15 1
75 75 
0 76 15 1
76 76 
0 77 15 1
77 77 
0 78 15 1
78 78 
0 79 15 1
79 79 
0 80 15 1
80 80 
0 81 15 1
81 81 
0 82 15 1
82 82 
0 83 15 1
83 83 
0 84 15 1
84 84 
0 85 15 1
85 85 
0 86 15 1
86 86 
0 87 15 1
87 87 
0 88 15 1
88 88 
0 89 15 1
89 89 
0 90 15 1
90 90 
0 91 15 1
91 91 
0 92 15 1
92 92 
0 93 15 1
93 93 
0 94 15 1
94 94 
0 95 15 1
95 95 
0 96 15 1
96 96 
0 97 15 1
97 97 
0 98 15 1
98 98 
0 99 15 1
99 99 
0 100 15 1
100 100 
0 101 15 1
101 101 
0 102 15 1
102 102 
0 103 15 1
103 103 
0 104 15 1
104 104 
0 105 15 1
105 105 
0 106 15 1
106 106 
0 107 15 1
107 107 
0 108 15 1
108 108 
0 109 15 1
109 109 
0 110 15 1
110 110 
0 111 15 1
111 111 
0 112 15 1
112 112 
0 113 15 1
113 113 
0 114 15 1
114 114 
0 115 15 1
115 115 
0 116 15 1
116 116 
0 117 15 1
117 117 
0 118 15 1
118 118 
0 119 15 1
119 119 
0 120 15 1
120 120 
0 121 15 1
121 121 
0 122 15 1
122 122 
0 123 15 1
123 123 
0 124 15 1
124 124 
0 125 15 1
125 125 
0 126 15 1
126 126 
0 127 15 1
127 127 
0 128 15 1
128 128 
0 129 15 1
129 129 
0 130 15 1
130 130 
0 131 15 1
131 131 
0 132 15 1
132 132 
0 133 15 1
133 133 
0 134 15 1
134 134 
0 135 15 1
135 135 
0 136 15 1
136 136 
0 137 15 1
137 137 
0 138 15 1
138 138 
0 139 15 1
139 139 
0 140 15 1
140 140 
0 141 15 1
141 141 
0 142 15 1
142 142 
0 143 15 1
143 143 
0 144 15 1
144 144 
0 145 15 1
145 145 
0 146 15 1
146 146 
0 147 15 1
147 147 
0 148 15 1
148 148 
0 149 15 1
149 149 
0 150 15 1
150 150 
0 151 15 1
151 151 
0 152 15 1
152 152 
0 153 15 1
153 153 
0 154 15 1
154 154 
0 155 15 1
155 155 
0 156 15 1
156 156 
0 157 15 1
157 157 
0 158 15 1
158 158 
0 159 15 1
159 159 
0 160 15 1
160 160 
0 161 15 1
161 161 
0 162 15 1
162 162 
0 163 15 1
163 163 
0 164 15 1
164 164 
0 165 15 1
165 165 
0 166 15 1
166 166 
0 167 15 1
167 167 
0 168 15 1
168 168 
0 169 15 1
169 169 
0 170 15 1
170 170 
0 171 15 1
171 171 
0 172 15 1
172 172 
0 173 15 1
173 173 
0 174 15 1
174 174 
0 175 15 1
175 175 
0 176 15 1
176 176 
0 177 15 1
177 177 
0 178 15 1
178 178 
0 179 15 1
179 179 
0 180 15 1
180 180 
0 181 15 1
181 181 
0 182 15 1
182 182 
0 183 15 1
183 183 
0 184 15 1
184 184 
0 185 15 1
185 185 
0 186 15 1
186 186 
0 187 15 1
187 187 
0 188 15 1
188 188 
0 189 15 1
189 189 
0 190 15 1
190 190 
0 191 15 1
191 191 
0 192 15 1
192 192 
0 193 15 1
193 193 
0 194 15 1
194 194 
0 195 15 1
195 195 
0 196 15 1
196 196 
0 197 15 1
197 197 
0 198 15 1
198 198 
0 199 15 1
199 199 
0 200 15 1
200 200 
0 201 15 1
201 201 
1 1 1 43
202 1 202 
203 202 203 
204 203 204 
205 204 205 
206 205 206 
207 206 207 
208 207 208 
209 208 209 
210 209 210 
211 210 211 
212 211 212 
213 212 213 
214 213 214 
215 214 215 
216 215 216 
217 216 217 
218 217 218 
219 218 219 
220 219 220 
221 220 221 
222 221 222 
223 222 223 
224 223 224 
225 224 225 
226 225 226 
227 226 227 
228 227 228 
229 228 229 
230 229 230 
231 230 231 
232 231 232 
233 232 233 
234 233 234 
235 234 235 
236 235 236 
237 236 237 
238 237 238 
239 238 239 
240 239 240 
241 240 241 
242 241 242 
243 242 243 
244 243 2 
1 2 1 3
245 3 244 
246 244 245 
247 245 2 
1 3 1 3
248 4 246 
249 246 247 
250 247 3 
1 4 1 2
251 5 248 
252 248 4 
1 5 1 2
253 6 249 
254 249 5 
1 6 1 2
255 7 250 
256 250 6 
1 7 1 2
257 8 251 
258 251 7 
1 8 1 2
259 9 252 
260 252 8 
1 9 1 2
261 10 253 
262 253 9 
1 10 1 2
263 11 254 
264 254 10 
1 11 1 2
265 12 255 
266 255 11 
1 12 1 2
267 13 256 
268 256 12 
1 13 1 2
269 14 257 
270 257 13 
1 14 1 2
271 15 258 
272 258 14 
1 15 1 2
273 16 259 
274 259 15 
1 16 1 2
275 17 260 
276 260 16 
1 17 1 2
277 18 261 
278 261 17 
1 18 1 2
279 19 262 
280 262 18 
1 19 1 2
281 20 263 
282 263 19 
1 20 1 2
283 21 264 
284 264 20 
1 21 1 2
285 22 265 
286 265 21 
1 22 1 2
287 23 266 
288 266 22 
1 23 1 2
289 24 267 
290 267 23 
1 24 1 2
291 25 268 
292 268 24 
1 25 1 2
293 26 269 
294 269 25 
1 26 1 2
295 27 270 
296 270 26 
1 27 1 2
297 28 271 
298 271 27 
1 28 1 2
299 29 272 
300 272 28 
1 29 1 2
301 30 273 
302 273 29 
1 30 1 2
303 31 274 
304 274 30 
1 31 1 2
305 32 275 
306 275 31 
1 32 1 2
307 33 276 
308 276 32 
1 33 1 2
309 34 277 
310 277 33 
1 34 1 2
311 35 278 
312 278 34 
1 35 1 2
313 36 279 
314 279 35 
1 36 1 2
315 37 280 
316 280 36 
1 37 1 2
317 38 281 
318 281 37 
1 38 1 2
319 39 282 
320 282 38 
1 39 1 2
321 40 283 
322 283 39 
1 40 1 2
323 41 284 
324 284 40 
1 41 1 2
325 42 285 
326 285 41 
1 42 1 2
327 43 286 
328 286 42 
1 43 1 2
329 44 287 
330 287 43 
1 44 1 2
331 45 288 
332 288 44 
1 45 1 2
333 46 289 
334 289 45 
1 46 1 2
335 47 290 
336 290 46 
1 47 1 2
337 48 291 
338 291 47 
1 48 1 2
339 49 292 
340 292 48 
1 49 1 2
341 50 293 
342 293 49 
1 50 1 7
343 50 294 
344 294 295 
345 295 296 
346 296 297 
347 297 298 
348 298 299 
349 299 51 
1 51 1 2
350 51 300 
351 300 52 
1 52 1 2
352 52 301 
353 301 53 
1 53 1 2
354 53 302 
355 302 54 
1 54 1 2
356 54 303 
357 303 55 
1 55 1 2
358 55 304 
359 304 56 
1 56 1 2
360 56 305 
361 305 57 
1 57 1 2
362 57 306 
363 306 58 
1 58 1 2
364 58 307 
365 307 59 
1 59 1 2
366 59 308 
367 308 60 
1 60 1 2
368 60 309 
369 309 61 
1 61 1 2
370 61 310 
371 310 62 
1 62 1 2
372 62 311 
373 311 63 
1 63 1 2
374 63 312 
375 312 64 
1 64 1 2
376 64 313 
377 313 65 
1 65 1 4
378 65 314 
379 314 315 
380 315 316 
381 316 66 
1 66 1 6
382 66 317 
383 317 318 
384 318 319 
385 319 320 
386 320 321 
387 321 67 
1 67 1 6
388 67 322 
389 322 323 
390 323 324 
391 324 325 
392 325 326 
393 326 68 
1 68 1 4
394 68 327 
395 327 328 
396 328 329 
397 329 69 
1 69 1 2
398 69 330 
399 330 70 
1 70 1 2
400 70 331 
401 331 71 
1 71 1 7
402 71 332 
403 332 333 
404 333 334 
405 334 335 
406 335 336 
407 336 337 
408 337 72 
1 72 1 13
409 72 338 
410 338 339 
411 339 340 
412 340 341 
413 341 342 
414 342 343 
415 343 344 
416 344 345 
417 345 346 
418 346 347 
419 347 348 
420 348 349 
421 349 73 
1 73 1 29
422 73 350 
423 350 351 
424 351 352 
425 352 353 
426 353 354 
427 354 355 
428 355 356 
429 356 357 
430 357 358 
431 358 359 
432 359 360 
433 360 361 
434 361 362 
435 362 363 
436 363 364 
437 364 365 
438 365 366 
439 366 367 
440 367 368 
441 368 369 
442 369 370 
443 370 371 
444 371 372 
445 372 373 
446 373 374 
447 374 375 
448 375 376 
449 376 377 
450 377 74 
1 74 1 10
451 74 378 
452 378 379 
453 379 380 
454 380 381 
455 381 382 
456 382 383 
457 383 384 
458 384 385 
459 385 386 
460 386 1 
1 75 1 2
461 75 387 
462 387 76 
1 76 1 3
463 76 388 
464 388 389 
465 389 77 
1 77 1 1
466 78 77 
1 78 1 2
467 78 390 
468 390 79 
1 79 1 4
469 79 391 
470 391 392 
471 392 393 
472 393 80 
1 80 1 4
473 80 394 
474 394 395 
475 395 396 
476 396 81 
1 81 1 3
477 81 397 
478 397 398 
479 398 82 
1 82 1 3
480 82 399 
481 399 400 
482 400 83 
1 83 1 2
483 83 401 
484 401 84 
1 84 1 1
485 85 84 
1 85 1 3
486 85 402 
487 402 403 
488 403 86 
1 86 1 2
489 86 404 
490 404 87 
1 87 1 4
491 87 405 
492 405 406 
493 406 407 
494 407 88 
1 88 1 6
495 88 408 
496 408 409 
497 409 410 
498 410 411 
499 411 412 
500 412 89 
1 89 1 29
501 90 413 
502 413 414 
503 414 415 
504 415 416 
505 416 417 
506 417 418 
507 418 419 
508 419 420 
509 420 421 
510 421 422 
511 422 423 
512 423 424 
513 424 425 
514 425 426 
515 426 427 
516 427 428 
517 428 429 
518 429 430 
519 430 431 
520 431 432 
521 432 433 
522 433 434 
523 434 435 
524 435 436 
525 436 437 
526 437 438 
527 438 439 
528 439 440 
529 440 89 
1 90 1 11
530 91 441 
531 441 442 
532 442 443 
533 443 444 
534 444 445 
535 445 446 
536 446 447 
537 447 448 
538 448 449 
539 449 450 
540 450 90 
1 91 1 42
541 92 451 
542 451 452 
543 452 453 
544 453 454 
545 454 455 
546 455 456 
547 456 457 
548 457 458 
549 458 459 
550 459 460 
551 460 461 
552 461 462 
553 462 463 
554 463 464 
555 464 465 
556 465 466 
557 466 467 
558 467 468 
559 468 469 
560 469 470 
561 470 471 
562 471 472 
563 472 473 
564 473 474 
565 474 475 
566 475 476 
567 476 477 
568 477 478 
569 478 479 
570 479 480 
571 480 481 
572 481 482 
573 482 483 
574 483 484 
575 484 485 
576 485 486 
577 486 487 
578 487 488 
579 488 489 
580 489 490 
581 490 491 
582 491 91 
1 92 1 34
583 51 492 
584 492 493 
585 493 494 
586 494 495 
587 495 496 
588 496 497 
589 497 498 
590 498 499 
591 499 500 
592 500 501 
593 501 502 
594 502 503 
595 503 504 
596 504 505 
597 505 506 
598 506 507 
599 507 508 
600 508 509 
601 509 510 
602 510 511 
603 511 512 
604 512 513 
605 513 514 
606 514 515 
607 515 516 
608 516 517 
609 517 518 
610 518 519 
611 519 520 
612 520 521 
613 521 522 
614 522 523 
615 523 524 
616 524 92 
1 94 1 4
617 51 525 
618 525 526 
619 526 527 
620 527 93 
1 95 1 3
621 93 528 
622 528 529 
623 529 94 
1 96 1 2
624 94 530 
625 530 95 
1 97 1 1
626 96 95 
1 98 1 5
627 96 531 
628 531 532 
629 532 533 
630 533 534 
631 534 97 
1 99 1 2
632 97 535 
633 535 98 
1 100 1 2
634 98 536 
635 536 99 
1 101 1 6
636 99 537 
637 537 538 
638 538 539 
639 539 540 
640 540 541 
641 541 100 
1 102 1 2
642 100 542 
643 542 101 
1 103 1 2
644 101 543 
645 543 102 
1 104 1 2
646 102 544 
647 544 75 
1 105 1 2
648 103 545 
649 545 104 
1 106 1 2
650 104 546 
651 546 105 
1 107 1 2
652 105 547 
653 547 106 
1 108 1 6
654 106 548 
655 548 549 
656 549 550 
657 550 551 
658 551 552 
659 552 107 
1 109 1 2
660 107 553 
661 553 108 
1 110 1 2
662 108 554 
663 554 109 
1 111 1 5
664 109 555 
665 555 556 
666 556 557 
667 557 558 
668 558 110 
1 112 1 1
669 111 110 
1 113 1 2
670 111 559 
671 559 112 
1 114 1 3
672 112 560 
673 560 561 
674 561 113 
1 115 1 4
675 113 562 
676 562 563 
677 563 564 
678 564 114 
1 116 1 1
679 51 114 
1 118 1 11
680 115 565 
681 565 566 
682 566 567 
683 567 568 
684 568 569 
685 569 570 
686 570 571 
687 571 572 
688 572 573 
689 573 574 
690 574 91 
1 119 1 29
691 116 575 
692 575 576 
693 576 577 
694 577 578 
695 578 579 
696 579 580 
697 580 581 
698 581 582 
699 582 583 
700 583 584 
701 584 585 
702 585 586 
703 586 587 
704 587 588 
705 588 589 
706 589 590 
707 590 591 
708 591 592 
709 592 593 
710 593 594 
711 594 595 
712 595 596 
713 596 597 
714 597 598 
715 598 599 
716 599 600 
717 600 601 
718 601 602 
719 602 115 
1 120 1 6
720 116 603 
721 603 604 
722 604 605 
723 605 606 
724 606 607 
725 607 117 
1 121 1 4
726 117 608 
727 608 609 
728 609 610 
729 610 118 
1 122 1 2
730 118 611 
731 611 119 
1 123 1 3
732 119 612 
733 612 613 
734 613 120 
1 124 1 1
735 121 120 
1 125 1 2
736 121 614 
737 614 122 
1 126 1 3
738 122 615 
739 615 616 
740 616 123 
1 127 1 3
741 123 617 
742 617 618 
743 618 124 
1 128 1 4
744 124 619 
745 619 620 
746 620 621 
747 621 125 
1 129 1 4
748 125 622 
749 622 623 
750 623 624 
751 624 126 
1 130 1 2
752 126 625 
753 625 127 
1 131 1 1
754 128 127 
1 132 1 3
755 128 626 
756 626 627 
757 627 129 
1 133 1 2
758 129 628 
759 628 103 
1 134 1 23
760 1 629 
761 629 630 
762 630 631 
763 631 632 
764 632 633 
765 633 634 
766 634 635 
767 635 636 
768 636 637 
769 637 638 
770 638 639 
771 639 640 
772 640 641 
773 641 642 
774 642 643 
775 643 644 
776 644 645 
777 645 646 
778 646 647 
779 647 648 
780 648 649 
781 649 650 
782 650 130 
1 135 1 1
783 115 74 
1 136 1 1
784 131 90 
1 137 1 10
785 130 651 
786 651 652 
787 652 653 
788 653 654 
789 654 655 
790 655 656 
791 656 657 
792 657 658 
793 658 659 
794 659 131 
1 139 1 2
795 51 660 
796 660 132 
1 141 1 2
797 132 661 
798 661 133 
1 142 1 2
799 133 662 
800 662 134 
1 143 1 2
801 134 663 
802 663 135 
1 144 1 2
803 135 664 
804 664 136 
1 145 1 2
805 136 665 
806 665 137 
1 146 1 2
807 137 666 
808 666 138 
1 147 1 2
809 138 667 
810 667 139 
1 148 1 2
811 139 668 
812 668 140 
1 149 1 2
813 140 669 
814 669 141 
1 150 1 2
815 141 670 
816 670 142 
1 151 1 2
817 142 671 
818 671 143 
1 152 1 2
819 143 672 
820 672 144 
1 153 1 2
821 144 673 
822 673 145 
1 154 1 4
823 145 674 
824 674 675 
825 675 676 
826 676 146 
1 155 1 6
827 146 677 
828 677 678 
829 678 679 
830 679 680 
831 680 681 
832 681 147 
1 156 1 6
833 147 682 
834 682 683 
835 683 684 
836 684 685 
837 685 686 
838 686 148 
1 157 1 4
839 148 687 
840 687 688 
841 688 689 
842 689 149 
1 158 1 2
843 149 690 
844 690 150 
1 159 1 2
845 150 691 
846 691 151 
1 160 1 7
847 151 692 
848 692 693 
849 693 694 
850 694 695 
851 695 696 
852 696 697 
853 697 152 
1 161 1 13
854 152 698 
855 698 699 
856 699 700 
857 700 701 
858 701 702 
859 702 703 
860 703 704 
861 704 705 
862 705 706 
863 706 707 
864 707 708 
865 708 709 
866 709 153 
1 162 1 29
867 131 710 
868 710 711 
869 711 712 
870 712 713 
871 713 714 
872 714 715 
873 715 716 
874 716 717 
875 717 718 
876 718 719 
877 719 720 
878 720 721 
879 721 722 
880 722 723 
881 723 724 
882 724 725 
883 725 726 
884 726 727 
885 727 728 
886 728 729 
887 729 730 
888 730 731 
889 731 732 
890 732 733 
891 733 734 
892 734 735 
893 735 736 
894 736 737 
895 737 153 
1 164 1 43
896 154 738 
897 738 739 
898 739 740 
899 740 741 
900 741 742 
901 742 743 
902 743 744 
903 744 745 
904 745 746 
905 746 747 
906 747 748 
907 748 749 
908 749 750 
909 750 751 
910 751 752 
911 752 753 
912 753 754 
913 754 755 
914 755 756 
915 756 757 
916 757 758 
917 758 759 
918 759 760 
919 760 761 
920 761 762 
921 762 763 
922 763 764 
923 764 765 
924 765 766 
925 766 767 
926 767 768 
927 768 769 
928 769 770 
929 770 771 
930 771 772 
931 772 773 
932 773 774 
933 774 775 
934 775 776 
935 776 777 
936 777 778 
937 778 779 
938 779 130 
1 165 1 3
939 154 780 
940 780 781 
941 781 155 
1 166 1 3
942 155 782 
943 782 783 
944 783 156 
1 167 1 2
945 156 784 
946 784 157 
1 168 1 2
947 157 785 
948 785 158 
1 169 1 2
949 158 786 
950 786 159 
1 170 1 2
951 159 787 
952 787 160 
1 171 1 2
953 160 788 
954 788 161 
1 172 1 2
955 161 789 
956 789 162 
1 173 1 2
957 162 790 
958 790 163 
1 174 1 2
959 163 791 
960 791 164 
1 175 1 2
961 164 792 
962 792 165 
1 176 1 2
963 165 793 
964 793 166 
1 177 1 2
965 166 794 
966 794 167 
1 178 1 2
967 167 795 
968 795 168 
1 179 1 2
969 168 796 
970 796 169 
1 180 1 2
971 169 797 
972 797 170 
1 181 1 2
973 170 798 
974 798 171 
1 182 1 2
975 171 799 
976 799 172 
1 183 1 2
977 172 800 
978 800 173 
1 184 1 2
979 173 801 
980 801 174 
1 185 1 2
981 174 802 
982 802 175 
1 186 1 2
983 175 803 
984 803 176 
1 187 1 2
985 176 804 
986 804 177 
1 188 1 2
987 177 805 
988 805 178 
1 189 1 2
989 178 806 
990 806 179 
1 190 1 2
991 179 807 
992 807 180 
1 191 1 2
993 180 808 
994 808 181 
1 192 1 2
995 181 809 
996 809 182 
1 193 1 2
997 182 810 
998 810 183 
1 194 1 2
999 183 811 
1000 811 184 
1 195 1 2
1001 184 812 
1002 812 185 
1 196 1 2
1003 185 813 
1004 813 186 
1 197 1 2
1005 186 814 
1006 814 187 
1 198 1 2
1007 187 815 
1008 815 188 
1 199 1 2
1009 188 816 
1010 816 189 
1 200 1 2
1011 189 817 
1012 817 190 
1 201 1 2
1013 190 818 
1014 818 191 
1 202 1 2
1015 191 819 
1016 819 192 
1 203 1 2
1017 192 820 
1018 820 193 
1 204 1 2
1019 193 821 
1020 821 194 
1 205 1 2
1021 194 822 
1022 822 195 
1 206 1 2
1023 195 823 
1024 823 196 
1 207 1 2
1025 196 824 
1026 824 197 
1 208 1 2
1027 197 825 
1028 825 198 
1 209 1 2
1029 198 826 
1030 826 199 
1 210 1 2
1031 199 827 
1032 827 200 
1 211 1 2
1033 200 828 
1034 828 201 
1 212 1 2
1035 201 829 
1036 829 50 
2 1 2 2047
1037 1516 1525 1113 
1038 954 1242 1101 
1039 889 1335 1053 
1040 1183 1592 212 
1041 934 1639 1420 
1042 934 1420 1200 
1043 845 1249 1052 
1044 914 1143 1064 
1045 1206 1478 1380 
1046 832 1419 1110 
1047 1052 1306 845 
1048 1068 1401 1156 
1049 1018 1219 896 
1050 892 1288 1041 
1051 896 1212 1086 
1052 386 1136 385 
1053 1207 1473 320 
1054 911 1190 1092 
1055 1086 1559 920 
1056 278 1182 34 
1057 896 1219 1024 
1058 920 1481 1018 
1059 900 1677 1100 
1060 845 1297 1115 
1061 1101 1242 870 
1062 878 1246 1171 
1063 849 1426 1049 
1064 1068 1520 923 
1065 1098 1667 1175 
1066 918 1165 1118 
1067 942 1477 1374 
1068 1044 1231 949 
1069 245 1383 1257 
1070 1088 1233 885 
1071 66 1399 1221 
1072 1092 1169 911 
1073 886 1292 1104 
1074 1041 1431 892 
1075 1171 1246 991 
1076 1135 1170 934 
1077 1100 1677 1157 
1078 353 1102 352 
1079 949 1282 1044 
1080 866 1631 1048 
1081 995 1478 1206 
1082 1048 1290 866 
1083 1013 1484 941 
1084 1018 1411 920 
1085 1005 1379 1132 
1086 920 1559 1096 
1087 973 1561 1330 
1088 1156 1520 1068 
1089 375 1326 1090 
1090 1286 1455 956 
1091 1055 1216 954 
1092 1108 1185 850 
1093 1373 1419 832 
1094 1113 1525 1026 
1095 1102 1178 352 
1096 1158 1561 973 
1097 923 1287 1068 
1098 1153 1576 233 
1099 1156 1401 978 
1100 1038 1455 1286 
1101 1100 1157 956 
1102 1060 1674 952 
1103 1069 1587 893 
1104 242 1128 241 
1105 859 1520 1156 
1106 1132 1379 840 
1107 10 1240 253 
1108 34 1082 277 
1109 997 1233 1088 
1110 994 1204 891 
1111 954 1311 1055 
1112 311 1105 62 
1113 1118 1165 228 
1114 1110 1645 832 
1115 202 1456 1136 
1116 1175 1667 869 
1117 871 1499 1365 
1118 229 1118 228 
1119 1129 1698 1023 
1120 996 1325 1141 
1121 924 1186 1078 
1122 1374 1477 1037 
1123 1049 1317 849 
1124 1287 1360 894 
1125 893 1261 1069 
1126 1142 1238 976 
1127 899 1698 1129 
1128 1031 1327 1285 
1129 1087 1360 1287 
1130 234 1153 233 
1131 1141 1325 885 
1132 855 1525 1516 
1133 973 1330 1154 
1134 1125 1553 836 
1135 1162 1602 358 
1136 1119 1190 911 
1137 1053 1380 889 
1138 203 1456 202 
1139 865 1254 1110 
1140 905 1170 1091 
1141 871 1239 1179 
1142 1099 1205 916 
1143 931 1209 1078 
1144 213 1183 212 
1145 1297 1445 953 
1146 1140 1551 849 
1147 1066 1551 1140 
1148 836 1553 1036 
1149 1281 1311 853 
1150 1070 1592 1183 
1151 323 1324 1058 
1152 1055 1311 1281 
1153 1078 1209 924 
1154 1136 1355 385 
1155 1330 1524 1154 
1156 1026 1225 1113 
1157 317 1399 66 
1158 935 1425 847 
1159 952 1309 1060 
1160 270 1106 26 
1161 1084 1407 901 
1162 1323 1506 1050 
1163 337 1224 336 
1164 921 1140 1114 
1165 1285 1327 977 
1166 1084 1369 970 
1167 1078 1193 931 
1168 901 1369 1084 
1169 1241 1499 871 
1170 1064 1605 914 
1171 959 1333 1092 
1172 48 1072 291 
1173 867 1238 1142 
1174 1259 1363 238 
1175 337 1663 1224 
1176 1364 1670 1047 
1177 1127 1670 1364 
1178 979 1375 1097 
1179 1091 1528 905 
1180 957 1519 1316 
1181 1148 1589 1541 
1182 1245 1524 1077 
1183 220 1449 1200 
1184 359 1162 358 
1185 880 1484 1013 
1186 833 1648 1433 
1187 1297 1507 1115 
1188 1176 1196 921 
1189 1058 1454 323 
1190 242 1375 1128 
1191 215 1137 214 
1192 857 1506 1323 
1193 951 1268 1174 
1194 69 1195 329 
1195 1101 1244 853 
1196 349 1184 348 
1197 321 1207 320 
1198 976 1238 1160 
1199 1179 1239 965 
1200 1160 1238 946 
1201 341 1158 340 
1202 918 1573 1165 
1203 843 1595 1123 
1204 1148 1541 887 
1205 1085 1526 992 
1206 1014 1473 1207 
1207 1184 1664 348 
1208 32 1230 275 
1209 868 1284 1206 
1210 1123 1595 1054 
1211 1057 1494 1164 
1212 1089 1303 940 
1213 1164 1494 882 
1214 880 1168 1120 
1215 1222 1269 919 
1216 847 968 935 
1217 881 1537 1107 
1218 1095 1269 863 
1219 998 1269 1222 
1220 1174 1587 1069 
1221 856 1524 1245 
1222 893 1562 1261 
1223 66 1221 316 
1224 840 1389 1132 
1225 885 1361 1088 
1226 1096 1402 972 
1227 1142 1644 1060 
1228 999 1296 1202 
1229 902 1224 1109 
1230 1196 1344 921 
1231 1092 1190 959 
1232 1180 1292 886 
1233 1614 1639 905 
1234 884 1366 917 
1235 361 1159 360 
1236 1175 1464 1098 
1237 238 1363 237 
1238 1120 1384 844 
1239 1362 1377 1163 
1240 905 1639 1170 
1241 967 1380 1053 
1242 850 1293 917 
1243 21 1117 264 
1244 1112 1386 206 
1245 1053 1300 967 
1246 1206 1284 995 
1247 844 1665 1120 
1248 992 1408 1085 
1249 13 1320 256 
1250 376 1326 375 
1251 1163 1377 926 
1252 849 1317 1140 
1253 1088 1361 960 
1254 1135 1514 1170 
1255 1107 1236 861 
1256 885 1233 1141 
1257 836 1319 1125 
1258 1195 1481 920 
1259 300 1223 51 
1260 888 1503 915 
1261 907 1632 1177 
1262 1626 1632 907 
1263 1130 1188 854 
1264 1212 1373 1086 
1265 980 1384 1120 
1266 953 1275 1085 
1267 244 1383 245 
1268 894 1401 1068 
1269 1068 1287 894 
1270 1040 1576 1153 
1271 1202 1296 860 
1272 946 1301 1134 
1273 897 1604 1181 
1274 1010 1436 1150 
1275 1261 1562 1081 
1276 303 1223 54 
1277 282 1247 38 
1278 1123 1316 843 
1279 1129 1337 835 
1280 853 1311 1101 
1281 970 1312 1084 
1282 350 1161 73 
1283 1000 1195 920 
1284 917 1030 884 
1285 924 1396 1177 
1286 926 1337 1129 
1287 1181 1496 897 
1288 269 1116 25 
1289 937 1416 984 
1290 961 1523 1291 
1291 1085 1323 953 
1292 1088 1462 997 
1293 967 1485 1090 
1294 960 1580 1088 
1295 1291 1523 1067 
1296 1189 1316 1019 
1297 1090 1262 967 
1298 966 1646 906 
1299 341 1657 1158 
1300 952 1197 1166 
1301 220 1200 219 
1302 972 1488 1096 
1303 891 1436 994 
1304 215 1304 1137 
1305 1120 1688 980 
1306 830 1211 1111 
1307 997 1684 1233 
1308 978 1401 1162 
1309 1089 1562 1303 
1310 920 1354 1000 
1311 1060 1309 1142 
1312 339 1173 338 
1313 1150 1436 891 
1314 1086 1411 896 
1315 971 1707 1083 
1316 843 1316 1189 
1317 1166 1197 929 
1318 920 1411 1086 
1319 1105 1308 913 
1320 1064 1602 1162 
1321 1104 1471 886 
1322 956 1351 1100 
1323 1003 1555 1172 
1324 1177 1396 1033 
1325 1137 1239 966 
1326 1113 1225 881 
1327 1389 1493 1132 
1328 996 1465 1115 
1329 1083 1363 971 
1330 1277 1648 833 
1331 1107 1511 881 
1332 1157 1286 956 
1333 964 1237 1117 
1334 1079 1442 837 
1335 847 1425 1111 
1336 863 1236 1107 
1337 1107 1537 863 
1338 907 1644 1142 
1339 1305 1402 1057 
1340 928 1376 1279 
1341 229 1248 1118 
1342 1202 1694 1119 
1343 958 1272 1213 
1344 1160 1456 204 
1345 1129 1479 899 
1346 940 1278 1089 
1347 1413 1528 1179 
1348 965 1239 1137 
1349 862 1017 904 
1350 984 1609 936 
1351 1115 1465 845 
1352 352 1178 351 
1353 941 1253 1013 
1354 965 1304 1080 
1355 1213 1272 990 
1356 837 1704 1079 
1357 1101 1555 1244 
1358 384 1355 1134 
1359 863 1611 1095 
1360 1100 1351 851 
1361 916 1258 981 
1362 972 1402 1305 
1363 1216 1313 954 
1364 885 1438 1361 
1365 1420 1487 218 
1366 1268 1492 1174 
1367 1303 1562 893 
1368 1244 1555 1003 
1369 860 1694 1202 
1370 1353 1486 993 
1371 915 1503 848 
1372 1070 1637 1255 
1373 1172 1571 1003 
1374 923 1520 1130 
1375 928 1279 1155 
1376 1154 1477 942 
1377 895 1376 1124 
1378 1504 1571 1087 
1379 1096 1354 920 
1380 1401 1538 1162 
1381 1020 1302 1295 
1382 39 1629 282 
1383 1317 1708 1140 
1384 1104 1292 835 
1385 1135 1509 854 
1386 851 1388 1100 
1387 870 1555 1101 
1388 916 1619 1099 
1389 883 1600 1569 
1390 1047 1648 1364 
1391 1159 1395 360 
1392 1302 1522 369 
1393 1316 1519 1019 
1394 868 1262 1231 
1395 1101 1311 954 
1396 1097 1467 979 
1397 1216 1532 1313 
1398 1117 1392 964 
1399 1192 1646 966 
1400 997 1274 1245 
1401 386 1693 1136 
1402 1184 1407 1084 
1403 952 1674 1235 
1404 830 1425 1387 
1405 1128 1375 979 
1406 1319 1474 1094 
1407 1295 1302 975 
1408 1127 1335 889 
1409 859 1188 1130 
1410 836 1474 1319 
1411 1100 1318 900 
1412 938 1530 1126 
1413 204 1456 203 
1414 353 1343 1102 
1415 912 1405 1125 
1416 993 1486 1218 
1417 961 1497 1126 
1418 357 1143 356 
1419 1114 1708 1334 
1420 294 1072 50 
1421 1077 1533 1245 
1422 1025 1509 1135 
1423 309 1265 60 
1424 1118 1248 947 
1425 919 1703 1152 
1426 1166 1566 1550 
1427 1245 1274 856 
1428 372 1139 371 
1429 1140 1701 1066 
1430 228 1165 227 
1431 919 1269 1095 
1432 839 1518 1492 
1433 933 1308 1105 
1434 1090 1485 375 
1435 941 1283 982 
1436 1125 1260 912 
1437 1186 1632 1056 
1438 51 944 299 
1439 1024 1615 896 
1440 979 1724 1128 
1441 1114 1575 921 
1442 1071 1577 900 
1443 1136 1693 202 
1444 1007 1445 1297 
1445 1161 1250 969 
1446 209 1186 208 
1447 370 1302 369 
1448 1420 1639 1063 
1449 900 1612 1071 
1450 1361 1438 1046 
1451 846 1617 1211 
1452 1188 1518 839 
1453 962 1250 1161 
1454 865 1530 1254 
1455 1238 1301 946 
1456 1181 1604 1050 
1457 1225 1537 881 
1458 936 1203 984 
1459 1125 1405 848 
1460 1224 1663 1109 
1461 1200 1449 1041 
1462 1079 1704 974 
1463 1110 1419 865 
1464 68 1196 326 
1465 1379 1480 853 
1466 291 1072 47 
1467 835 1443 1104 
1468 1149 1327 870 
1469 896 1411 1018 
1470 1152 1703 1093 
1471 1084 1664 1184 
1472 1053 1335 1139 
1473 206 1472 1112 
1474 1111 1425 830 
1475 917 1293 1074 
1476 929 1566 1166 
1477 861 1416 1107 
1478 232 1205 231 
1479 1024 1348 945 
1480 870 1242 1149 
1481 943 1346 944 
1482 1032 1385 887 
1483 1048 1328 1151 
1484 867 1309 1166 
1485 1103 1417 933 
1486 1118 1545 918 
1487 1211 1617 1111 
1488 1009 1496 1181 
1489 881 1535 1113 
1490 887 1377 1032 
1491 1352 1428 1043 
1492 1205 1719 231 
1493 262 1138 18 
1494 1125 1319 1260 
1495 1096 1559 1402 
1496 1157 1595 1286 
1497 1128 1267 960 
1498 1126 1251 938 
1499 1378 1464 981 
1500 906 1637 966 
1501 1257 1383 985 
1502 1218 1307 993 
1503 898 1585 1102 
1504 1323 1495 857 
1505 1260 1721 1470 
1506 977 1327 1149 
1507 931 1371 1209 
1508 864 1583 930 
1509 872 1453 1396 
1510 1080 1413 965 
1511 297 1146 296 
1512 1098 1464 1378 
1513 948 1611 1148 
1514 1252 1369 992 
1515 1149 1242 1016 
1516 909 1191 1076 
1517 1085 1495 1323 
1518 895 1561 1376 
1519 948 1655 1611 
1520 1054 1640 1123 
1521 295 927 294 
1522 361 1278 1159 
1523 1443 1525 855 
1524 1147 1212 896 
1525 954 1313 1242 
1526 850 1366 1108 
1527 1063 1487 1420 
1528 333 1217 332 
1529 1541 1589 1026 
1530 1105 1289 62 
1531 873 1500 1145 
1532 953 1445 1275 
1533 1128 1299 241 
1534 1003 1571 1504 
1535 1433 1648 1047 
1536 858 1721 1260 
1537 1137 1304 965 
1538 1457 1583 864 
1539 1255 1706 1070 
1540 1049 1426 1280 
1541 1479 1590 899 
1542 1026 1589 1225 
1543 1375 1671 1097 
1544 963 1307 1218 
1545 1166 1309 952 
1546 974 1398 1079 
1547 1227 1486 1021 
1548 339 1393 1173 
1549 889 1670 1127 
1550 944 1346 299 
1551 1124 1709 895 
1552 1095 1703 919 
1553 1103 1698 1417 
1554 945 1615 1024 
1555 344 1155 343 
1556 1569 1600 922 
1557 1115 1560 996 
1558 385 1355 384 
1559 955 1017 862 
1560 1145 1500 1006 
1561 1242 1313 1016 
1562 1416 1609 984 
1563 1102 1450 898 
1564 206 1386 205 
1565 276 1430 32 
1566 1167 1273 972 
1567 924 1632 1186 
1568 1205 1679 916 
1569 1257 1671 2 
1570 1109 1374 902 
1571 1142 1309 867 
1572 1141 1233 932 
1573 1128 1724 1267 
1574 917 1366 850 
1575 1192 1239 871 
1576 209 1653 1186 
1577 1007 1306 1124 
1578 1124 1572 1007 
1579 1120 1484 880 
1580 1021 1489 1227 
1581 299 1346 298 
1582 961 1381 1246 
1583 934 1288 1135 
1584 1109 1322 942 
1585 902 1623 1224 
1586 1179 1528 1012 
1587 311 1298 1105 
1588 947 1545 1118 
1589 1145 1295 873 
1590 1369 1521 992 
1591 1334 1630 1114 
1592 1158 1657 1045 
1593 1417 1698 899 
1594 854 1509 1130 
1595 1333 1668 1092 
1596 1108 1397 1185 
1597 1264 1387 935 
1598 1127 1364 873 
1599 855 1628 1443 
1600 247 1291 3 
1601 842 1408 1151 
1602 861 1428 1352 
1603 1262 1565 1231 
1604 847 1346 943 
1605 983 1373 1212 
1606 942 1374 1109 
1607 254 1133 10 
1608 1126 1530 1342 
1609 960 1299 1128 
1610 1199 1282 949 
1611 1228 1672 226 
1612 911 1567 1119 
1613 226 1672 225 
1614 245 1257 2 
1615 307 1122 58 
1616 915 1029 888 
1617 1023 1513 1129 
1618 858 1554 1180 
1619 1255 1637 906 
1620 1151 1408 992 
1621 58 1194 306 
1622 1126 1517 1251 
1623 932 1249 1141 
1624 868 1394 1197 
1625 1161 1391 73 
1626 988 1535 881 
1627 1134 1355 946 
1628 1027 1490 950 
1629 1342 1381 961 
1630 1209 1371 872 
1631 853 1480 1281 
1632 1099 1719 1205 
1633 1111 1685 847 
1634 848 1553 1125 
1635 326 1176 325 
1636 1231 1394 868 
1637 1221 1608 316 
1638 873 1564 1127 
1639 882 1549 1164 
1640 1015 1384 1210 
1641 1402 1559 832 
1642 1180 1554 1039 
1643 1195 1468 329 
1644 1156 1270 859 
1645 1328 1586 1378 
1646 1245 1533 932 
1647 887 1385 1148 
1648 211 1193 210 
1649 966 1415 1137 
1650 945 1388 1147 
1651 12 1618 255 
1652 1172 1327 1031 
1653 1549 1607 1164 
1654 221 1660 1201 
1655 1134 1301 1011 
1656 830 1387 876 
1657 277 1430 33 
1658 11 1618 254 
1659 355 1498 1285 
1660 1227 1489 918 
1661 1033 1276 1177 
1662 1123 1692 1316 
1663 904 1529 862 
1664 1092 1622 1169 
1665 1291 1497 961 
1666 62 1289 310 
1667 879 927 295 
1668 1263 1519 957 
1669 933 1298 1103 
1670 964 1715 1471 
1671 1150 1281 910 
1672 841 1315 1313 
1673 888 955 862 
1674 1019 1578 1189 
1675 905 1528 1413 
1676 1328 1378 842 
1677 1036 1690 836 
1678 1353 1510 841 
1679 1164 1305 1057 
1680 1112 1475 1386 
1681 1386 1475 976 
1682 883 1569 1210 
1683 1136 1456 946 
1684 1334 1708 831 
1685 970 1403 1215 
1686 982 1340 941 
1687 856 1531 1477 
1688 1578 1606 1189 
1689 1275 1526 1085 
1690 1313 1315 1016 
1691 362 1278 361 
1692 1593 1697 1008 
1693 981 1464 916 
1694 230 1248 229 
1695 382 1198 381 
1696 1130 1621 923 
1697 966 1239 1192 
1698 1307 1631 866 
1699 946 1355 1136 
1700 950 1435 1027 
1701 1126 1342 961 
1702 314 1163 65 
1703 984 1229 937 
1704 863 1269 1236 
1705 1038 1286 1189 
1706 1148 1385 948 
1707 1167 1305 852 
1708 1129 1513 926 
1709 862 1658 888 
1710 921 1701 1140 
1711 1172 1555 870 
1712 1274 1531 856 
1713 1440 1556 985 
1714 222 1660 221 
1715 1160 1603 976 
1716 63 1298 311 
1717 1020 1295 1145 
1718 324 1324 323 
1719 1236 1269 998 
1720 1186 1653 1078 
1721 845 1306 1297 
1722 1204 1656 891 
1723 355 1285 354 
1724 869 1486 1227 
1725 881 1558 988 
1726 985 1556 1331 
1727 963 1667 1586 
1728 831 1708 1317 
1729 1297 1306 1007 
1730 1141 1465 996 
1731 1065 1525 1443 
1732 966 1637 1183 
1733 323 1454 322 
1734 326 1196 1176 
1735 1006 1567 1145 
1736 1155 1279 343 
1737 1159 1278 940 
1738 1020 1633 1522 
1739 1175 1619 916 
1740 1137 1415 214 
1741 1380 1478 889 
1742 972 1305 1167 
1743 1149 1450 977 
1744 1261 1356 1069 
1745 964 1471 1237 
1746 1343 1450 1102 
1747 1132 1505 1005 
1748 1134 1582 384 
1749 1390 1442 1079 
1750 1279 1376 1045 
1751 835 1479 1129 
1752 1097 1671 1257 
1753 1087 1571 1360 
1754 977 1450 1343 
1755 1206 1262 868 
1756 1130 1520 859 
1757 1248 1619 947 
1758 946 1456 1160 
1759 980 1442 1390 
1760 940 1270 1156 
1761 1443 1628 1104 
1762 1056 1563 1186 
1763 1050 1506 1181 
1764 1147 1615 945 
1765 952 1284 1197 
1766 852 1305 1164 
1767 1270 1303 1028 
1768 1376 1561 1045 
1769 1155 1444 1002 
1770 1039 1292 1180 
1771 1048 1631 1328 
1772 876 1359 1061 
1773 909 1280 1191 
1774 879 1358 864 
1775 357 1602 1143 
1776 978 1395 1159 
1777 1337 1443 835 
1778 1139 1335 975 
1779 1249 1533 1052 
1780 1292 1479 835 
1781 1012 1268 1241 
1782 1412 1539 938 
1783 936 1609 1352 
1784 1489 1512 1073 
1785 266 1187 22 
1786 1099 1619 1248 
1787 864 986 879 
1788 1150 1547 1010 
1789 47 1636 290 
1790 1119 1367 1202 
1791 925 1535 1214 
1792 1207 1294 1014 
1793 1091 1514 1502 
1794 1065 1443 1337 
1795 1173 1322 338 
1796 1396 1453 1033 
1797 949 1326 1199 
1798 932 1533 1249 
1799 1165 1423 227 
1800 1522 1633 1169 
1801 950 1482 1470 
1802 346 1215 345 
1803 1201 1431 1041 
1804 1151 1328 842 
1805 956 1455 1171 
1806 1215 1403 1002 
1807 223 1332 222 
1808 1197 1284 868 
1809 349 1391 1184 
1810 941 1665 1283 
1811 854 1514 1135 
1812 1039 1479 1292 
1813 1143 1602 1064 
1814 1183 1415 966 
1815 1185 1317 1049 
1816 1376 1572 1124 
1817 1020 1522 1302 
1818 841 1510 1315 
1819 1015 1542 1384 
1820 928 1572 1376 
1821 1143 1498 356 
1822 1152 1579 919 
1823 1241 1268 951 
1824 939 1549 1418 
1825 1002 1584 1155 
1826 967 1262 1206 
1827 910 1547 1150 
1828 1291 1691 3 
1829 1146 1358 296 
1830 1127 1564 1335 
1831 1001 1476 1406 
1832 1189 1286 843 
1833 1484 1665 941 
1834 870 1327 1172 
1835 1142 1475 907 
1836 305 1223 56 
1837 1108 1542 1397 
1838 1097 1469 1467 
1839 1008 1344 1196 
1840 837 1442 1168 
1841 1004 1536 1176 
1842 989 1387 1264 
1843 272 1610 28 
1844 280 1649 36 
1845 225 1400 224 
1846 338 1322 72 
1847 1191 1280 852 
1848 913 1289 1105 
1849 273 1610 29 
1850 218 1487 217 
1851 1032 1377 1362 
1852 333 1711 1217 
1853 359 1395 1162 
1854 1174 1700 951 
1855 851 1643 1147 
1856 1161 1370 962 
1857 1214 1535 988 
1858 976 1475 1142 
1859 331 1219 70 
1860 914 1571 1172 
1861 896 1615 1147 
1862 1290 1407 969 
1863 28 1647 271 
1864 1147 1388 851 
1865 840 1379 1244 
1866 1365 1499 999 
1867 1235 1284 952 
1868 1611 1655 1095 
1869 1135 1548 1025 
1870 372 1654 1139 
1871 1467 1469 903 
1872 1158 1393 340 
1873 994 1423 1165 
1874 975 1452 1139 
1875 343 1279 342 
1876 834 1611 863 
1877 1397 1542 1015 
1878 1140 1708 1114 
1879 1102 1585 1178 
1880 332 1348 71 
1881 1014 1579 1152 
1882 1318 1612 900 
1883 1288 1705 1041 
1884 27 1232 270 
1885 848 1405 915 
1886 1575 1630 1004 
1887 1117 1237 925 
1888 1173 1393 973 
1889 213 1415 1183 
1890 910 1662 1075 
1891 297 1598 1146 
1892 1285 1498 1031 
1893 1011 1582 1134 
1894 1191 1699 1076 
1895 1387 1425 935 
1896 1244 1379 853 
1897 55 1223 303 
1898 1236 1428 861 
1899 1204 1489 1073 
1900 350 1370 1161 
1901 974 1704 1294 
1902 1218 1667 963 
1903 1255 1371 931 
1904 1190 1356 959 
1905 1076 1208 909 
1906 886 1435 1180 
1907 234 1372 1153 
1908 876 1696 1359 
1909 971 1363 1259 
1910 279 1650 35 
1911 983 1419 1373 
1912 923 1389 1287 
1913 1177 1644 907 
1914 1027 1435 886 
1915 1471 1628 1237 
1916 1152 1473 1014 
1917 1152 1682 319 
1918 1286 1595 843 
1919 1263 1274 997 
1920 382 1424 1198 
1921 831 1317 1185 
1922 1171 1351 956 
1923 931 1706 1255 
1924 30 1722 273 
1925 876 1061 830 
1926 1170 1514 1091 
1927 1176 1536 325 
1928 930 1121 864 
1929 1062 1483 1329 
1930 1156 1680 940 
1931 1093 1682 1152 
1932 1199 1666 1282 
1933 1169 1622 368 
1934 962 1370 1178 
1935 1145 1567 911 
1936 211 1592 1193 
1937 1073 1656 1204 
1938 1502 1514 854 
1939 840 1504 1389 
1940 1310 1707 971 
1941 1119 1567 1367 
1942 260 1203 16 
1943 236 1347 235 
1944 1055 1281 1150 
1945 1318 1388 945 
1946 942 1702 1154 
1947 945 1348 1217 
1948 1139 1452 371 
1949 1367 1567 1006 
1950 921 1575 1176 
1951 880 1652 1168 
1952 1383 1440 985 
1953 1164 1607 852 
1954 1176 1575 1004 
1955 976 1603 1386 
1956 856 1477 1154 
1957 1329 1483 838 
1958 891 1718 1150 
1959 982 1283 884 
1960 1251 1412 938 
1961 1172 1597 914 
1962 1300 1485 967 
1963 1067 1440 1383 
1964 20 1214 263 
1965 974 1294 1207 
1966 73 1391 349 
1967 836 1690 1308 
1968 344 1444 1155 
1969 1154 1524 856 
1970 1202 1367 838 
1971 354 1343 353 
1972 877 1697 1593 
1973 1365 1483 1062 
1974 1193 1653 210 
1975 940 1680 1159 
1976 1287 1389 1087 
1977 35 1182 278 
1978 1153 1613 1040 
1979 1357 1387 989 
1980 953 1507 1297 
1981 1075 1547 910 
1982 1031 1597 1172 
1983 1550 1566 1011 
1984 1069 1700 1174 
1985 957 1274 1263 
1986 241 1299 240 
1987 1178 1585 962 
1988 1389 1504 1087 
1989 995 1284 1235 
1990 1162 1395 978 
1991 1406 1476 990 
1992 1356 1723 1069 
1993 1192 1365 1062 
1994 328 1220 327 
1995 926 1543 1337 
1996 971 1325 1310 
1997 1001 1371 1255 
1998 965 1413 1179 
1999 838 1483 1202 
2000 939 1418 1256 
2001 999 1483 1365 
2002 969 1391 1161 
2003 1016 1588 1149 
2004 916 1464 1175 
2005 1215 1312 970 
2006 1186 1563 208 
2007 281 1649 37 
2008 1151 1720 1048 
2009 908 1534 1181 
2010 1154 1702 973 
2011 204 1603 1160 
2012 1078 1653 1193 
2013 1180 1721 858 
2014 1221 1399 948 
2015 864 1358 1146 
2016 1178 1370 351 
2017 866 1290 1250 
2018 1185 1710 850 
2019 873 1364 1213 
2020 942 1322 1173 
2021 1377 1543 926 
2022 261 1229 17 
2023 1119 1694 1190 
2024 368 1522 1169 
2025 1329 1501 1062 
2026 1272 1453 872 
2027 1310 1325 996 
2028 31 1722 274 
2029 871 1365 1192 
2030 979 1467 1226 
2031 992 1521 1151 
2032 1188 1502 854 
2033 1114 1630 1575 
2034 330 1481 69 
2035 1167 1551 1273 
2036 867 1301 1238 
2037 914 1597 1143 
2038 1181 1534 1009 
2039 872 1396 1209 
2040 973 1393 1158 
2041 1285 1343 354 
2042 1013 1717 880 
2043 1042 1617 1457 
2044 295 1358 879 
2045 1290 1591 1407 
2046 1225 1589 834 
2047 68 1515 1196 
2048 1250 1290 969 
2049 321 1434 1207 
2050 852 1426 1167 
2051 1167 1426 849 
2052 890 1704 837 
2053 1166 1550 867 
2054 962 1414 1250 
2055 1005 1480 1379 
2056 1063 1639 1614 
2057 839 1502 1188 
2058 1304 1624 1080 
2059 1330 1561 895 
2060 1471 1715 886 
2061 1224 1623 1022 
2062 1171 1455 878 
2063 913 1357 989 
2064 1168 1686 837 
2065 1202 1483 999 
2066 1314 1422 1005 
2067 939 1607 1549 
2068 69 1481 1195 
2069 1159 1680 978 
2070 930 1583 1082 
2071 1508 1542 1108 
2072 216 1304 215 
2073 877 1593 1354 
2074 1179 1712 871 
2075 364 1557 1404 
2076 978 1680 1156 
2077 61 1264 309 
2078 1187 1715 964 
2079 1197 1394 929 
2080 360 1395 359 
2081 1586 1667 1098 
2082 1008 1697 1344 
2083 1080 1614 1413 
2084 911 1633 1145 
2085 1501 1646 1062 
2086 1074 1293 1208 
2087 1213 1364 958 
2088 1271 1378 981 
2089 1226 1519 874 
2090 882 1539 1035 
2091 989 1289 913 
2092 1035 1549 882 
2093 1354 1593 1000 
2094 852 1607 1191 
2095 1177 1632 924 
2096 1170 1639 934 
2097 1056 1632 1626 
2098 850 1710 1293 
2099 225 1672 1400 
2100 916 1679 1258 
2101 875 1403 1252 
2102 1082 1583 904 
2103 1200 1420 219 
2104 1212 1643 983 
2105 1061 1627 830 
2106 319 1473 1152 
2107 248 1251 4 
2108 1021 1512 1489 
2109 346 1312 1215 
2110 1028 1518 1270 
2111 259 1243 15 
2112 1217 1348 332 
2113 1050 1507 1323 
2114 1312 1664 1084 
2115 1044 1394 1231 
2116 1208 1293 909 
2117 207 1472 206 
2118 949 1565 1326 
2119 1153 1372 1009 
2120 1470 1482 1116 
2121 1326 1565 1090 
2122 250 1256 6 
2123 1143 1597 1498 
2124 374 1300 373 
2125 937 1558 1511 
2126 1009 1534 1153 
2127 1181 1506 908 
2128 1249 1465 1141 
2129 296 1358 295 
2130 1165 1573 994 
2131 1019 1519 1226 
2132 319 1682 318 
2133 864 1121 986 
2134 1049 1710 1185 
2135 1155 1584 928 
2136 371 1452 370 
2137 1145 1633 1020 
2138 1323 1507 953 
2139 1270 1518 859 
2140 1185 1397 831 
2141 1168 1688 1120 
2142 849 1551 1167 
2143 214 1415 213 
2144 1592 1706 1193 
2145 1209 1396 924 
2146 1210 1384 980 
2147 876 1387 1357 
2148 1334 1397 1015 
2149 981 1382 1271 
2150 973 1702 1173 
2151 232 1576 1205 
2152 1332 1660 222 
2153 1267 1580 960 
2154 1258 1382 981 
2155 869 1635 1175 
2156 1147 1643 1212 
2157 1105 1298 933 
2158 1042 1457 1146 
2159 1206 1380 967 
2160 844 1542 1508 
2161 1422 1480 1005 
2162 1293 1710 1642 
2163 238 1675 1259 
2164 340 1393 339 
2165 347 1312 346 
2166 991 1544 1171 
2167 1325 1438 885 
2168 998 1428 1236 
2169 1492 1518 1028 
2170 1201 1449 221 
2171 865 1419 1336 
2172 1021 1486 1353 
2173 1149 1588 1450 
2174 980 1390 1210 
2175 915 1405 1106 
2176 940 1303 1270 
2177 1260 1319 858 
2178 380 1669 379 
2179 268 1266 24 
2180 839 1492 1268 
2181 830 1627 1211 
2182 1034 1427 1414 
2183 1173 1702 942 
2184 67 1434 321 
2185 1303 1587 1028 
2186 1321 1414 962 
2187 239 1675 238 
2188 831 1397 1334 
2189 1053 1654 1300 
2190 1271 1382 857 
2191 366 1333 365 
2192 1336 1341 991 
2193 969 1407 1184 
2194 258 1253 14 
2195 1169 1633 911 
2196 1045 1561 1158 
2197 381 1441 380 
2198 958 1453 1272 
2199 1162 1538 1064 
2200 1146 1457 864 
2201 1330 1581 1077 
2202 1184 1391 969 
2203 235 1372 234 
2204 1211 1529 846 
2205 1183 1637 1070 
2206 240 1447 239 
2207 1413 1614 905 
2208 987 1431 1201 
2209 1382 1506 857 
2210 257 1340 13 
2211 236 1689 1347 
2212 370 1452 1302 
2213 895 1581 1330 
2214 1138 1558 937 
2215 983 1341 1336 
2216 1273 1488 972 
2217 1261 1683 959 
2218 364 1404 363 
2219 898 1463 1321 
2220 1043 1428 1350 
2221 1321 1463 1034 
2222 1246 1523 961 
2223 903 1606 1578 
2224 384 1582 383 
2225 1276 1644 1177 
2226 1316 1692 957 
2227 1052 1709 1306 
2228 368 1622 367 
2229 1215 1444 345 
2230 1174 1492 1028 
2231 226 1423 1228 
2232 1277 1453 958 
2233 379 1669 1282 
2234 1404 1557 1081 
2235 970 1369 1252 
2236 875 1445 1234 
2237 1139 1654 1053 
2238 1205 1576 1040 
2239 1234 1445 1007 
2240 1094 1554 1319 
2241 1106 1368 26 
2242 1266 1482 950 
2243 922 1630 1334 
2244 935 1265 1264 
2245 1207 1434 974 
2246 959 1356 1261 
2247 994 1436 1228 
2248 375 1485 374 
2249 886 1715 1027 
2250 1340 1461 941 
2251 1039 1590 1479 
2252 1364 1648 958 
2253 1198 1441 381 
2254 862 1529 1211 
2255 1271 1495 842 
2256 65 1339 313 
2257 1081 1683 1261 
2258 950 1490 1266 
2259 923 1493 1389 
2260 874 1724 1226 
2261 1217 1711 1071 
2262 1319 1554 858 
2263 994 1573 1204 
2264 219 1420 218 
2265 1189 1606 1038 
2266 1246 1381 991 
2267 243 1375 242 
2268 1012 1712 1179 
2269 1210 1390 883 
2270 1033 1713 1276 
2271 1328 1631 963 
2272 1228 1436 1010 
2273 833 1433 1235 
2274 270 1232 1106 
2275 1035 1539 1412 
2276 1028 1587 1174 
2277 1295 1564 873 
2278 1017 1230 32 
2279 275 1230 31 
2280 1034 1414 1321 
2281 1623 1640 1054 
2282 974 1434 1059 
2283 335 1345 334 
2284 926 1513 1163 
2285 918 1489 1204 
2286 1329 1476 1001 
2287 1424 1566 1198 
2288 908 1382 1258 
2289 1193 1706 931 
2290 848 1503 1359 
2291 351 1370 350 
2292 832 1559 1373 
2293 230 1719 1248 
2294 962 1585 1321 
2295 918 1545 1227 
2296 1062 1646 1192 
2297 917 1133 1030 
2298 1418 1549 1035 
2299 1037 1692 1594 
2300 1373 1559 1086 
2301 1306 1709 1124 
2302 216 1624 1304 
2303 977 1343 1285 
2304 1359 1503 1061 
2305 1237 1516 925 
2306 1040 1613 1258 
2307 306 1194 57 
2308 4 1517 246 
2309 908 1506 1382 
2310 842 1378 1271 
2311 1448 1623 1054 
2312 1077 1524 1330 
2313 1252 1403 970 
2314 1228 1423 994 
2315 1457 1617 846 
2316 1066 1697 1273 
2317 1041 1449 1201 
2318 1150 1718 1055 
2319 1002 1444 1215 
2320 1201 1660 987 
2321 1467 1578 1226 
2322 929 1634 1198 
2323 1250 1414 866 
2324 1272 1406 990 
2325 1012 1568 1268 
2326 227 1423 226 
2327 1221 1385 1032 
2328 202 1693 1 
2329 369 1522 368 
2330 1315 1463 1016 
2331 855 1516 1237 
2332 253 1240 9 
2333 1258 1613 908 
2334 1307 1427 993 
2335 1204 1573 918 
2336 872 1406 1272 
2337 38 1247 281 
2338 1059 1540 1398 
2339 1117 1466 264 
2340 1248 1719 1099 
2341 1347 1496 1009 
2342 1200 1705 934 
2343 1347 1372 235 
2344 985 1469 1257 
2345 1335 1564 975 
2346 1 1693 386 
2347 1260 1470 912 
2348 1263 1462 874 
2349 1224 1552 336 
2350 1414 1427 866 
2351 1400 1547 1075 
2352 1267 1724 874 
2353 834 1537 1225 
2354 13 1340 1320 
2355 1000 1468 1195 
2356 1235 1433 995 
2357 1032 1608 1221 
2358 59 1439 307 
2359 1211 1627 862 
2360 1273 1697 877 
2361 1218 1486 869 
2362 838 1367 1349 
2363 983 1643 1341 
2364 1227 1545 947 
2365 997 1462 1263 
2366 57 1194 305 
2367 21 1392 1117 
2368 1257 1469 1097 
2369 993 1510 1353 
2370 1288 1548 1135 
2371 1276 1674 1060 
2372 1067 1691 1291 
2373 1273 1551 1066 
2374 1198 1566 929 
2375 1213 1500 873 
2376 866 1427 1307 
2377 1324 1409 1058 
2378 909 1642 1280 
2379 1190 1694 1356 
2380 1163 1339 65 
2381 221 1449 220 
2382 1100 1388 1318 
2383 1010 1547 1400 
2384 833 1674 1276 
2385 1336 1381 865 
2386 1350 1661 837 
2387 919 1579 1222 
2388 1073 1532 1216 
2389 865 1381 1342 
2390 1259 1438 971 
2391 1041 1705 1200 
2392 1083 1496 1347 
2393 938 1539 1254 
2394 1268 1568 839 
2395 1244 1504 840 
2396 991 1381 1336 
2397 1498 1597 1031 
2398 1433 1478 995 
2399 1033 1453 1277 
2400 1314 1431 987 
2401 1475 1626 907 
2402 878 1523 1246 
2403 1047 1478 1433 
2404 1055 1718 1216 
2405 1398 1540 883 
2406 914 1605 1360 
2407 948 1385 1221 
2408 1046 1438 1259 
2409 383 1424 382 
2410 845 1465 1249 
2411 1210 1569 1015 
2412 1300 1654 373 
2413 315 1362 314 
2414 320 1473 319 
2415 336 1552 335 
2416 1007 1572 1234 
2417 269 1368 1116 
2418 1280 1426 852 
2419 1231 1565 949 
2420 1349 1367 1006 
2421 1283 1508 884 
2422 1331 1469 985 
2423 366 1668 1333 
2424 1106 1232 915 
2425 1255 1501 1001 
2426 1254 1530 938 
2427 857 1495 1271 
2428 1254 1539 882 
2429 1233 1684 932 
2430 987 1422 1314 
2431 32 1430 1017 
2432 1226 1724 979 
2433 1371 1406 872 
2434 1279 1657 342 
2435 990 1678 1213 
2436 859 1518 1188 
2437 947 1635 1227 
2438 1280 1642 1049 
2439 1333 1557 365 
2440 1326 1681 1199 
2441 1275 1445 875 
2442 1112 1626 1475 
2443 243 1671 1375 
2444 1040 1679 1205 
2445 1001 1406 1371 
2446 844 1508 1283 
2447 1146 1598 1042 
2448 1214 1466 925 
2449 1010 1672 1228 
2450 1294 1596 1014 
2451 1116 1482 25 
2452 1222 1661 998 
2453 1234 1572 928 
2454 869 1667 1218 
2455 1003 1504 1244 
2456 1217 1612 945 
2457 893 1587 1303 
2458 1434 1620 1059 
2459 1252 1526 875 
2460 837 1661 890 
2461 1594 1692 1123 
2462 1347 1689 1083 
2463 1442 1688 1168 
2464 1004 1630 1409 
2465 1006 1678 1349 
2466 951 1499 1241 
2467 838 1476 1329 
2468 1079 1398 1390 
2469 1299 1447 240 
2470 882 1494 1254 
2471 842 1495 1408 
2472 1216 1656 1073 
2473 932 1684 1245 
2474 1302 1452 975 
2475 884 1030 982 
2476 892 1431 1314 
2477 1076 1601 1208 
2478 1059 1398 974 
2479 1109 1663 1322 
2480 44 1338 287 
2481 1234 1641 875 
2482 1450 1588 898 
2483 999 1499 1296 
2484 1349 1476 838 
2485 1589 1611 834 
2486 345 1444 344 
2487 906 1501 1255 
2488 1226 1578 1019 
2489 1148 1611 1589 
2490 871 1712 1241 
2491 877 1488 1273 
2492 3 1691 244 
2493 874 1519 1263 
2494 1254 1494 1110 
2495 1281 1480 910 
2496 314 1362 1163 
2497 347 1664 1312 
2498 1422 1662 910 
2499 1222 1596 890 
2500 1241 1712 1012 
2501 1258 1679 1040 
2502 1243 1451 936 
2503 1507 1604 1115 
2504 1235 1674 833 
2505 928 1584 1234 
2506 1477 1531 1037 
2507 1004 1409 1324 
2508 992 1526 1252 
2509 1043 1458 1352 
2510 912 1470 1116 
2511 1336 1419 983 
2512 356 1498 355 
2513 1417 1590 1094 
2514 1045 1657 1279 
2515 1265 1439 60 
2516 1001 1501 1329 
2517 875 1526 1275 
2518 1106 1405 912 
2519 1296 1499 951 
2520 1163 1513 1339 
2521 912 1368 1106 
2522 1435 1721 1180 
2523 1345 1577 1071 
2524 936 1717 1243 
2525 1470 1721 950 
2526 1516 1535 925 
2527 874 1580 1267 
2528 1505 1659 892 
2529 899 1590 1417 
2530 205 1603 204 
2531 1050 1604 1507 
2532 971 1438 1325 
2533 890 1661 1222 
2534 1113 1535 1516 
2535 34 1182 1082 
2536 1308 1474 836 
2537 851 1544 1341 
2538 1366 1508 1108 
2539 933 1474 1308 
2540 237 1689 236 
2541 925 1466 1117 
2542 1351 1544 851 
2543 246 1497 247 
2544 957 1531 1274 
2545 304 1223 55 
2546 989 1491 1289 
2547 960 1673 1299 
2548 1196 1515 1008 
2549 1301 1550 1011 
2550 987 1660 1332 
2551 996 1560 1310 
2552 1350 1428 998 
2553 1116 1368 912 
2554 325 1536 324 
2555 1512 1532 1073 
2556 1278 1676 1089 
2557 1070 1706 1592 
2558 892 1659 1548 
2559 1356 1694 860 
2560 1354 1488 877 
2561 945 1612 1318 
2562 298 1598 297 
2563 1005 1505 1314 
2564 903 1469 1331 
2565 208 1563 207 
2566 1245 1684 997 
2567 1237 1628 855 
2568 362 1676 1278 
2569 1011 1566 1424 
2570 1034 1463 1315 
2571 875 1641 1403 
2572 1314 1505 892 
2573 1227 1635 869 
2574 233 1576 232 
2575 1090 1565 1262 
2576 1015 1569 1334 
2577 1096 1488 1354 
2578 1009 1372 1347 
2579 247 1497 1291 
2580 890 1596 1294 
2581 1264 1265 309 
2582 1133 1240 10 
2583 1346 1598 298 
2584 1619 1635 947 
2585 322 1620 67 
2586 1352 1458 936 
2587 846 1583 1457 
2588 1175 1635 1619 
2589 365 1557 364 
2590 26 1368 269 
2591 212 1592 211 
2592 2 1671 243 
2593 1251 1517 4 
2594 1138 1460 18 
2595 1334 1569 922 
2596 265 1392 21 
2597 1384 1542 844 
2598 1447 1675 239 
2599 990 1476 1349 
2600 262 1410 1138 
2601 5 1412 248 
2602 894 1538 1401 
2603 1409 1600 1058 
2604 939 1699 1607 
2605 1390 1398 883 
2606 1399 1655 948 
2607 910 1480 1422 
2608 1607 1699 1191 
2609 217 1624 216 
2610 374 1485 1300 
2611 1324 1536 1004 
2612 936 1451 1203 
2613 1500 1678 1006 
2614 223 1638 1332 
2615 841 1532 1512 
2616 64 1429 312 
2617 6 1418 249 
2618 1219 1625 70 
2619 1277 1713 1033 
2620 1022 1552 1224 
2621 331 1546 1219 
2622 867 1550 1301 
2623 1282 1669 1044 
2624 224 1638 223 
2625 378 1651 74 
2626 1528 1568 1012 
2627 256 1320 12 
2628 310 1491 61 
2629 1332 1638 1075 
2630 1315 1510 1034 
2631 1082 1430 277 
2632 210 1653 209 
2633 1313 1532 841 
2634 7 1421 250 
2635 1094 1474 1417 
2636 892 1548 1288 
2637 1071 1612 1217 
2638 324 1536 1324 
2639 1093 1655 1399 
2640 934 1705 1288 
2641 358 1602 357 
2642 318 1714 317 
2643 1502 1568 1091 
2644 1463 1588 1016 
2645 19 1410 262 
2646 1157 1677 1595 
2647 1294 1704 890 
2648 379 1666 378 
2649 1048 1591 1290 
2650 860 1723 1356 
2651 328 1468 1220 
2652 1091 1568 1528 
2653 1310 1560 897 
2654 231 1719 230 
2655 904 1583 1529 
2656 1595 1677 1054 
2657 56 1223 304 
2658 1044 1634 1394 
2659 901 1521 1369 
2660 1441 1669 380 
2661 1066 1701 1344 
2662 833 1713 1277 
2663 943 1122 847 
2664 1424 1582 1011 
2665 1259 1675 1046 
2666 1299 1673 1447 
2667 1030 1320 982 
2668 1322 1663 72 
2669 1417 1474 933 
2670 888 1144 955 
2671 861 1609 1416 
2672 378 1666 1651 
2673 847 1122 968 
2674 329 1468 328 
2675 1060 1644 1276 
2676 988 1558 1410 
2677 1339 1513 1023 
2678 1344 1701 921 
2679 373 1654 372 
2680 941 1461 1253 
2681 9 1695 252 
2682 839 1568 1502 
2683 1337 1543 1065 
2684 367 1668 366 
2685 363 1676 362 
2686 1282 1666 379 
2687 74 1651 377 
2688 878 1556 1440 
2689 1071 1711 1345 
2690 1454 1540 1059 
2691 1276 1713 833 
2692 903 1578 1467 
2693 1341 1544 991 
2694 1331 1606 903 
2695 1057 1645 1494 
2696 1494 1645 1110 
2697 377 1681 376 
2698 1345 1711 334 
2699 287 1338 43 
2700 1023 1698 1429 
2701 975 1564 1295 
2702 884 1508 1366 
2703 922 1600 1409 
2704 841 1512 1353 
2705 1321 1585 898 
2706 1293 1642 909 
2707 1171 1544 1351 
2708 17 1437 260 
2709 1529 1583 846 
2710 963 1586 1328 
2711 1342 1530 865 
2712 1022 1577 1345 
2713 1511 1558 881 
2714 1651 1666 1199 
2715 1037 1594 1374 
2716 1359 1553 848 
2717 246 1517 1497 
2718 1331 1556 1038 
2719 958 1648 1277 
2720 61 1491 1264 
2721 906 1646 1501 
2722 1256 1699 939 
2723 1427 1510 993 
2724 348 1664 347 
2725 1440 1523 878 
2726 1283 1665 844 
2727 342 1657 341 
2728 1374 1594 902 
2729 1038 1606 1331 
2730 937 1511 1416 
2731 244 1691 1383 
2732 1034 1510 1427 
2733 1296 1723 860 
2734 998 1661 1350 
2735 1289 1491 310 
2736 1058 1540 1454 
2737 1357 1690 1036 
2738 951 1700 1296 
2739 1332 1662 987 
2740 1220 1515 327 
2741 1651 1681 377 
2742 254 1618 1133 
2743 288 1636 44 
2744 1333 1683 1557 
2745 1065 1543 1541 
2746 1363 1689 237 
2747 1353 1512 1021 
2748 963 1631 1307 
2749 1036 1553 1359 
2750 1025 1659 1493 
2751 22 1432 265 
2752 1421 1699 1256 
2753 1075 1662 1332 
2754 1348 1546 71 
2755 16 1451 259 
2756 847 1685 1346 
2757 18 1460 261 
2758 327 1515 68 
2759 14 1461 257 
2760 1416 1511 1107 
2761 1472 1626 1112 
2762 915 1131 1029 
2763 1056 1626 1472 
2764 1402 1645 1057 
2765 23 1459 266 
2766 1089 1676 1404 
2767 263 1446 19 
2768 1408 1495 1085 
2769 1404 1676 363 
2770 1386 1603 205 
2771 1308 1690 913 
2772 1497 1517 1126 
2773 913 1690 1357 
2774 264 1466 20 
2775 897 1707 1310 
2776 832 1645 1402 
2777 1199 1681 1651 
2778 1298 1574 1103 
2779 1000 1593 1220 
2780 1493 1621 1025 
2781 880 1717 1458 
2782 63 1574 1298 
2783 1541 1543 887 
2784 1487 1614 1080 
2785 1220 1468 1000 
2786 1531 1692 1037 
2787 71 1546 331 
2788 1360 1571 914 
2789 283 1629 39 
2790 1394 1634 929 
2791 1378 1586 1098 
2792 1067 1523 1440 
2793 863 1537 834 
2794 72 1663 337 
2795 1400 1638 224 
2796 1081 1562 1404 
2797 1352 1609 861 
2798 1360 1605 894 
2799 1349 1678 990 
2800 1198 1634 1441 
2801 25 1482 268 
2802 43 1338 286 
2803 1065 1541 1525 
2804 312 1574 63 
2805 1350 1686 1043 
2806 1493 1659 1132 
2807 60 1439 308 
2808 1063 1614 1487 
2809 1344 1697 1066 
2810 207 1563 1472 
2811 887 1543 1377 
2812 1082 1182 930 
2813 334 1711 333 
2814 1346 1685 1042 
2815 1187 1432 22 
2816 1229 1460 937 
2817 1525 1541 1026 
2818 1341 1643 851 
2819 42 1338 285 
2820 1462 1580 874 
2821 1094 1590 1554 
2822 1075 1638 1400 
2823 1554 1590 1039 
2824 837 1686 1350 
2825 286 1338 42 
2826 15 1527 258 
2827 335 1552 1345 
2828 67 1620 1434 
2829 24 1490 267 
2830 1036 1696 1357 
2831 1404 1562 1089 
2832 1472 1563 1056 
2833 959 1683 1333 
2834 266 1459 1187 
2835 248 1412 1251 
2836 1220 1593 1008 
2837 1042 1598 1346 
2838 376 1681 1326 
2839 1046 1673 1361 
2840 1339 1616 313 
2841 290 1636 46 
2842 1038 1556 1455 
2843 1400 1672 1010 
2844 1362 1608 1032 
2845 1455 1556 878 
2846 1429 1616 1023 
2847 1540 1600 883 
2848 900 1577 1448 
2849 1120 1665 1484 
2850 1579 1596 1222 
2851 285 1629 41 
2852 316 1608 315 
2853 1256 1418 6 
2854 902 1640 1623 
2855 1407 1591 901 
2856 70 1625 330 
2857 1025 1621 1509 
2858 260 1437 1203 
2859 313 1616 64 
2860 1357 1696 876 
2861 1043 1652 1458 
2862 1409 1630 922 
2863 28 1610 1131 
2864 250 1421 1256 
2865 1046 1675 1447 
2866 315 1608 1362 
2867 1014 1596 1579 
2868 383 1582 1424 
2869 1083 1689 1363 
2870 980 1688 1442 
2871 937 1460 1138 
2872 1533 1581 1052 
2873 1203 1451 16 
2874 1208 1687 1074 
2875 1088 1580 1462 
2876 1264 1491 989 
2877 1361 1673 960 
2878 898 1588 1463 
2879 1017 1082 904 
2880 1077 1581 1533 
2881 1104 1628 1471 
2882 1214 1446 263 
2883 249 1599 5 
2884 1448 1577 1022 
2885 1029 1144 888 
2886 1359 1696 1036 
2887 1410 1558 1138 
2888 1229 1437 17 
2889 267 1570 23 
2890 1454 1620 322 
2891 1144 1610 273 
2892 1018 1625 1219 
2893 987 1662 1422 
2894 20 1466 1214 
2895 8 1601 251 
2896 1403 1641 1002 
2897 261 1460 1229 
2898 1399 1714 1093 
2899 33 1430 276 
2900 1023 1616 1339 
2901 1054 1677 1448 
2902 1044 1669 1441 
2903 1642 1710 1049 
2904 1059 1620 1454 
2905 1429 1698 1103 
2906 1448 1677 900 
2907 1219 1546 1024 
2908 1017 1430 1082 
2909 1243 1527 15 
2910 1022 1623 1448 
2911 1008 1515 1220 
2912 259 1451 1243 
2913 1115 1604 1560 
2914 1345 1552 1022 
2915 1487 1624 217 
2916 1243 1717 1013 
2917 1383 1691 1067 
2918 1253 1461 14 
2919 923 1621 1493 
2920 1447 1673 1046 
2921 1024 1546 1348 
2922 317 1714 1399 
2923 64 1616 1429 
2924 888 1658 1503 
2925 1534 1613 1153 
2926 258 1527 1253 
2927 1058 1600 1540 
2928 1441 1634 1044 
2929 1043 1686 1652 
2930 1320 1618 12 
2931 1047 1670 1478 
2932 1458 1652 880 
2933 1083 1707 1496 
2934 1048 1720 1591 
2935 252 1687 8 
2936 950 1721 1435 
2937 35 1650 1182 
2938 268 1482 1266 
2939 1496 1707 897 
2940 1429 1574 312 
2941 1392 1432 964 
2942 1074 1240 917 
2943 1560 1604 897 
2944 1123 1640 1594 
2945 251 1716 7 
2946 895 1709 1581 
2947 1503 1658 1061 
2948 894 1605 1538 
2949 955 1230 1017 
2950 1266 1490 24 
2951 1458 1717 936 
2952 1584 1641 1234 
2953 308 1439 59 
2954 1478 1670 889 
2955 908 1613 1534 
2956 1042 1685 1617 
2957 1002 1641 1584 
2958 1216 1718 1656 
2959 1652 1686 1168 
2960 1080 1624 1487 
2961 1538 1605 1064 
2962 1213 1678 1500 
2963 1076 1699 1421 
2964 1410 1446 988 
2965 1230 1722 31 
2966 957 1692 1531 
2967 1548 1659 1025 
2968 1509 1621 1130 
2969 51 1223 944 
2970 1594 1640 902 
2971 1132 1659 1505 
2972 901 1720 1521 
2973 1051 1247 282 
2974 1521 1720 1151 
2975 1700 1723 1296 
2976 5 1599 1412 
2977 330 1625 1481 
2978 1627 1658 862 
2979 1581 1709 1052 
2980 1027 1715 1459 
2981 1412 1599 1035 
2982 27 1647 1232 
2983 1418 1599 249 
2984 1131 1647 28 
2985 1655 1703 1095 
2986 968 1265 935 
2987 1092 1668 1622 
2988 1557 1683 1081 
2989 1617 1685 1111 
2990 1622 1668 367 
2991 1093 1703 1655 
2992 1591 1720 901 
2993 1035 1599 1418 
2994 1093 1714 1682 
2995 964 1432 1187 
2996 1247 1649 281 
2997 265 1432 1392 
2998 1061 1658 1627 
2999 7 1716 1421 
3000 19 1446 1410 
3001 1656 1718 891 
3002 1103 1574 1429 
3003 1076 1716 1601 
3004 1682 1714 318 
3005 1203 1437 984 
3006 257 1461 1340 
3007 255 1618 11 
3008 273 1722 1144 
3009 29 1610 272 
3010 1069 1723 1700 
3011 1481 1625 1018 
3012 282 1629 1051 
3013 915 1232 1131 
3014 40 1629 283 
3015 1649 1650 36 
3016 988 1446 1214 
3017 41 1629 284 
3018 37 1649 280 
3019 36 1650 279 
3020 984 1437 1229 
3021 271 1647 27 
3022 1027 1570 1490 
3023 45 1636 288 
3024 46 1636 289 
3025 986 1247 879 
3026 1320 1340 982 
3027 23 1570 1459 
3028 1459 1570 1027 
3029 1013 1527 1243 
3030 1421 1716 1076 
3031 8 1687 1601 
3032 1253 1527 1013 
3033 1490 1570 267 
3034 1601 1716 251 
3035 1459 1715 1187 
3036 1240 1695 9 
3037 917 1240 1133 
3038 1232 1647 1131 
3039 1182 1650 930 
3040 1122 1194 58 
3041 274 1722 30 
3042 930 1650 1121 
3043 879 1247 1051 
3044 252 1695 1687 
3045 284 1629 40 
3046 1687 1695 1074 
3047 968 1439 1265 
3048 289 1636 45 
3049 307 1439 1122 
3050 955 1722 1230 
3051 1144 1722 955 
3052 1030 1618 1320 
3053 1133 1618 1030 
3054 927 1072 294 
3055 1601 1687 1208 
3056 1072 1636 47 
3057 1194 1223 305 
3058 1029 1610 1144 
3059 1121 1649 986 
3060 986 1649 1247 
3061 1131 1610 1029 
3062 879 1051 927 
3063 1074 1695 1240 
3064 944 1223 943 
3065 1121 1650 1649 
3066 44 1636 1338 
3067 1338 1629 285 
3068 1122 1439 968 
3069 1051 1338 927 
3070 943 1223 1194 
3071 943 1194 1122 
3072 927 1636 1072 
3073 1051 1629 1338 
3074 1338 1636 927 
3075 293 1072 49 
3076 50 1072 293 
3077 292 1072 48 
3078 49 1072 292 
3079 52 1223 300 
3080 301 1223 52 
3081 53 1223 301 
3082 302 1223 53 
3083 54 1223 302 
2 2 2 1929
3084 1742 2274 1972 
3085 1947 2340 1747 
3086 483 2126 1999 
3087 1739 2072 1957 
3088 2207 2378 1798 
3089 1947 2368 1878 
3090 1934 2173 1814 
3091 2014 2131 1859 
3092 2089 2474 1975 
3093 1975 2474 1800 
3094 1798 1988 1984 
3095 2023 2280 1882 
3096 2130 2245 1737 
3097 1988 2583 1984 
3098 1761 2131 2014 
3099 1918 2356 1968 
3100 1805 2056 2022 
3101 1954 2151 521 
3102 1747 2179 1947 
3103 2023 2426 2280 
3104 1778 2325 1945 
3105 1923 2148 1841 
3106 1841 2229 1923 
3107 391 1958 1905 
3108 1798 2378 2036 
3109 1924 2245 2130 
3110 1976 2096 1841 
3111 2026 2053 1796 
3112 1773 2261 2011 
3113 2011 2261 1895 
3114 392 1958 391 
3115 1945 2325 1808 
3116 2006 2059 1795 
3117 1817 2085 2081 
3118 1984 2079 1762 
3119 1946 2127 1816 
3120 2011 2370 1773 
3121 395 2174 394 
3122 1833 2053 2026 
3123 394 2174 80 
3124 1769 2342 1906 
3125 1971 2063 1807 
3126 1858 2546 1985 
3127 2180 2462 1787 
3128 1918 2496 2356 
3129 412 1974 411 
3130 1867 2299 1964 
3131 2370 2519 1773 
3132 1906 2160 1769 
3133 1756 2322 1943 
3134 1813 2034 400 
3135 1985 2032 1858 
3136 1793 2240 2014 
3137 1884 2272 2191 
3138 1814 2139 1934 
3139 2081 2085 1864 
3140 2006 2264 500 
3141 2183 2212 1759 
3142 1966 2462 2180 
3143 1742 2344 2274 
3144 1909 2304 2075 
3145 2022 2056 1834 
3146 1751 2063 1971 
3147 1808 2115 1945 
3148 2010 2074 1794 
3149 1943 2141 1756 
3150 1828 2074 2010 
3151 2014 2240 1892 
3152 1821 2078 1993 
3153 1964 2299 1776 
3154 1788 2488 1941 
3155 2017 2032 1857 
3156 1853 2059 2006 
3157 2016 2156 1893 
3158 431 1965 432 
3159 1993 2078 1820 
3160 1801 2111 1939 
3161 482 2126 483 
3162 2072 2316 1957 
3163 1796 2064 2005 
3164 1942 2238 1782 
3165 2138 2415 1937 
3166 1796 2236 2064 
3167 2155 2286 1890 
3168 1807 2295 1971 
3169 1871 2092 1972 
3170 1781 2103 2062 
3171 1790 2140 1996 
3172 1887 2333 1980 
3173 1945 2314 1778 
3174 1975 2244 1760 
3175 525 492 51 
3176 1941 2208 1788 
3177 1733 2195 1986 
3178 1960 2507 1752 
3179 1740 2058 1757 
3180 2307 2331 1748 
3181 1986 2265 1858 
3182 2003 2514 2442 
3183 1797 2083 2002 
3184 500 2264 501 
3185 1797 2287 1972 
3186 2091 2174 395 
3187 1964 2297 1867 
3188 1984 2583 2079 
3189 2002 2083 1828 
3190 1816 2152 1946 
3191 389 2204 2187 
3192 389 2187 388 
3193 1748 2331 2067 
3194 1962 2079 1894 
3195 2062 2103 1863 
3196 1782 2420 1942 
3197 540 2164 2018 
3198 1736 2300 2008 
3199 1956 2109 1839 
3200 1762 2079 1962 
3201 1899 2108 1955 
3202 1992 2454 448 
3203 421 1993 422 
3204 2003 2442 1752 
3205 1972 2287 1871 
3206 2058 2133 1757 
3207 540 2018 539 
3208 2075 2304 1775 
3209 2087 2548 2394 
3210 2055 2071 1734 
3211 1838 2071 2055 
3212 2079 2583 1822 
3213 1785 2297 1964 
3214 1880 2283 1989 
3215 1908 2196 2118 
3216 448 2454 449 
3217 2179 2368 1947 
3218 2055 2384 1938 
3219 1876 2316 2072 
3220 408 2076 88 
3221 1878 2588 1947 
3222 1987 2117 1744 
3223 1760 2089 1975 
3224 2008 2300 1902 
3225 1950 2182 1852 
3226 2001 2056 1805 
3227 452 2268 2218 
3228 441 2461 2355 
3229 2118 2196 1735 
3230 1898 2312 2031 
3231 1734 2384 2055 
3232 2067 2155 1890 
3233 502 2264 2047 
3234 1752 2507 2003 
3235 1960 2300 1736 
3236 2333 2524 1980 
3237 1736 2150 1960 
3238 466 2267 1976 
3239 462 1998 463 
3240 1923 2229 1783 
3241 1733 1986 1858 
3242 1882 2210 2023 
3243 1981 2470 2211 
3244 2193 2211 1888 
3245 2070 2238 1856 
3246 1810 2548 2087 
3247 1954 2396 1786 
3248 2070 2328 2238 
3249 2442 2514 1933 
3250 1786 2303 1954 
3251 388 1889 76 
3252 1952 2569 1731 
3253 1963 2350 2288 
3254 2156 2331 1893 
3255 2136 2475 496 
3256 2023 2210 1786 
3257 1957 2293 1739 
3258 2059 2228 1795 
3259 2211 2470 1804 
3260 1949 2440 2216 
3261 1823 2096 1976 
3262 2031 2312 1772 
3263 1857 2032 1791 
3264 1763 2090 2024 
3265 2066 2262 1826 
3266 1973 2539 1729 
3267 2174 2409 80 
3268 1805 2355 1979 
3269 443 2355 2022 
3270 521 2427 1954 
3271 431 2115 1965 
3272 1987 2093 1852 
3273 1983 2113 1758 
3274 1912 2500 1792 
3275 473 2020 474 
3276 1889 2024 543 
3277 1891 2212 2183 
3278 2107 2434 2379 
3279 400 2142 1813 
3280 1731 2324 1952 
3281 1937 2408 2138 
3282 1996 2140 1755 
3283 1754 2056 2001 
3284 1973 2224 1739 
3285 2018 2164 1819 
3286 1805 2556 2001 
3287 1839 2213 1956 
3288 2444 2510 1970 
3289 1756 2436 2365 
3290 464 2061 465 
3291 2355 2461 1979 
3292 83 2142 400 
3293 1738 2473 2004 
3294 1776 2395 1964 
3295 442 2355 443 
3296 2107 2379 1785 
3297 1860 2132 2069 
3298 1827 2166 2072 
3299 2216 2537 1949 
3300 453 2043 454 
3301 1826 2262 2162 
3302 1852 2348 1950 
3303 1837 2065 2037 
3304 501 2264 502 
3305 2029 2179 1747 
3306 1869 2469 2412 
3307 1734 2269 1966 
3308 1955 2492 1899 
3309 2019 2295 1807 
3310 1966 2384 1734 
3311 2046 2131 1831 
3312 1845 2510 2444 
3313 1851 2113 1983 
3314 1787 2536 1957 
3315 1983 2258 1851 
3316 2066 2128 1845 
3317 2022 2355 1805 
3318 1754 2086 2026 
3319 2473 2533 2004 
3320 1729 2158 1973 
3321 1787 2316 2180 
3322 2288 2350 1806 
3323 1869 2412 1978 
3324 2072 2166 1876 
3325 1747 2125 1988 
3326 1874 2117 2031 
3327 1799 2431 2027 
3328 2037 2065 1836 
3329 495 2136 496 
3330 1999 2126 1803 
3331 1965 2127 432 
3332 2012 2077 1802 
3333 1995 2275 425 
3334 1859 2131 2046 
3335 2220 2565 1851 
3336 1857 2469 1961 
3337 1755 2128 2066 
3338 392 2153 1958 
3339 1996 2066 1826 
3340 1967 2276 1760 
3341 2064 2236 1883 
3342 1998 2137 1812 
3343 1860 2206 2132 
3344 2017 2557 2032 
3345 518 2184 2060 
3346 1964 2487 1785 
3347 1841 2353 1976 
3348 1999 2565 2220 
3349 1999 2526 483 
3350 1828 2551 2002 
3351 1974 2171 411 
3352 2265 2546 1858 
3353 393 2153 392 
3354 1979 2134 1805 
3355 2177 2246 1940 
3356 2076 2398 88 
3357 2232 2252 1761 
3358 523 2048 524 
3359 1848 2129 2060 
3360 1993 2138 422 
3361 1750 2219 1959 
3362 419 2052 420 
3363 1762 2109 2081 
3364 2431 2522 2027 
3365 1813 1912 1743 
3366 1813 2414 1912 
3367 1791 2469 1857 
3368 1983 2337 2258 
3369 1862 2246 2177 
3370 1972 2274 1797 
3371 1783 2257 1923 
3372 1957 2316 1787 
3373 1971 2230 1751 
3374 2118 2272 1884 
3375 1877 2273 2019 
3376 2062 2419 1781 
3377 2060 2129 1849 
3378 2043 2399 454 
3379 402 2414 1813 
3380 518 2060 519 
3381 1894 2535 1962 
3382 2026 2086 1833 
3383 2283 2563 1989 
3384 2191 2272 1855 
3385 1968 2473 1918 
3386 82 2554 2213 
3387 521 2151 522 
3388 412 2199 1974 
3389 2059 2247 2228 
3390 1800 2375 1975 
3391 497 2039 498 
3392 99 2009 536 
3393 102 1889 543 
3394 1863 2112 2062 
3395 2031 2117 1802 
3396 2019 2150 1877 
3397 441 2355 442 
3398 2019 2273 1768 
3399 1834 2154 2005 
3400 1820 2415 2138 
3401 1802 2117 1987 
3402 2419 2471 1781 
3403 1833 2128 2053 
3404 538 1961 537 
3405 98 2594 535 
3406 2051 2193 1888 
3407 1760 2244 1967 
3408 1871 2190 2092 
3409 2119 2463 429 
3410 1816 2127 1965 
3411 1962 2456 1762 
3412 2396 2427 1849 
3413 2029 2139 1814 
3414 1976 2353 466 
3415 1912 2158 1743 
3416 2001 2112 1754 
3417 1972 2280 1742 
3418 2075 2406 1909 
3419 1752 2446 1960 
3420 1975 2380 2244 
3421 1976 2267 1823 
3422 2044 2096 1823 
3423 1959 2253 1750 
3424 1961 2469 1869 
3425 2035 2121 1752 
3426 1739 2293 1973 
3427 1869 2256 1961 
3428 2034 2360 1817 
3429 1830 2181 1973 
3430 2112 2548 1810 
3431 82 2213 398 
3432 87 1994 404 
3433 2092 2190 1730 
3434 2010 2111 1741 
3435 1771 2415 2045 
3436 2010 2551 1828 
3437 419 2476 2052 
3438 2025 2508 1753 
3439 2002 2551 1741 
3440 1953 2475 2136 
3441 2030 2193 1812 
3442 1921 2419 2087 
3443 2001 2548 2112 
3444 1814 2173 2048 
3445 2218 2268 1909 
3446 1973 2293 1830 
3447 2225 2488 1788 
3448 1985 2315 2032 
3449 2080 2352 1758 
3450 2037 2512 1757 
3451 1996 2506 1790 
3452 1753 2508 2015 
3453 2062 2112 1810 
3454 2008 2156 1736 
3455 1792 2260 1739 
3456 2053 2128 1755 
3457 1789 2223 1977 
3458 2071 2206 1860 
3459 428 2119 429 
3460 485 2220 2007 
3461 1953 2439 1745 
3462 1820 2138 1993 
3463 1741 2551 2010 
3464 1857 2263 2018 
3465 1750 2096 2044 
3466 2365 2436 1936 
3467 1977 2237 1789 
3468 1745 2122 1953 
3469 1866 2380 1975 
3470 1835 2234 1997 
3471 1730 2209 2092 
3472 1792 2224 1912 
3473 462 2137 1998 
3474 2030 2132 1749 
3475 1975 2375 1866 
3476 2149 2411 481 
3477 1964 2395 1893 
3478 1970 2202 1891 
3479 480 2149 481 
3480 500 2217 2006 
3481 1818 2156 2008 
3482 1790 2478 1992 
3483 1995 2317 1815 
3484 2061 2267 465 
3485 2083 2492 1955 
3486 1939 2174 1801 
3487 1753 2286 2155 
3488 1749 2206 1981 
3489 1804 2413 2042 
3490 1991 2392 1835 
3491 1797 2492 2083 
3492 1891 2339 1970 
3493 1725 2090 1763 
3494 2102 2106 1830 
3495 2092 2209 1882 
3496 1739 2224 1792 
3497 2069 2404 1777 
3498 1817 2360 2085 
3499 426 2168 427 
3500 1981 2211 1749 
3501 2205 2221 1931 
3502 2005 2154 1796 
3503 1961 2256 537 
3504 469 2073 470 
3505 1762 2418 1984 
3506 2018 2479 1857 
3507 1998 2254 1847 
3508 2039 2122 1832 
3509 1993 2169 1821 
3510 506 2082 507 
3511 2020 2176 474 
3512 1992 2478 1928 
3513 1856 2221 2205 
3514 2096 2253 1841 
3515 1749 2211 2193 
3516 1965 2458 1816 
3517 1765 2172 1731 
3518 1863 2577 2112 
3519 1844 2106 2102 
3520 1988 2386 1747 
3521 2195 2385 1986 
3522 2060 2184 1848 
3523 2404 2437 1777 
3524 1755 2066 1996 
3525 1812 2193 2051 
3526 1826 2553 1996 
3527 2093 2356 1780 
3528 2125 2583 1988 
3529 2181 2539 1973 
3530 1961 2263 1857 
3531 1917 2356 2093 
3532 448 2243 1992 
3533 2039 2104 498 
3534 1771 2550 2415 
3535 2159 2424 1886 
3536 1980 2379 1887 
3537 1759 2212 2038 
3538 2113 2163 1758 
3539 1901 2382 2228 
3540 2086 2167 1833 
3541 1969 2424 2159 
3542 425 2275 426 
3543 1967 2590 2276 
3544 93 1963 527 
3545 457 2392 1991 
3546 2248 2352 2080 
3547 421 2169 1993 
3548 2234 2276 1997 
3549 1914 2203 2025 
3550 543 2024 101 
3551 1908 2377 2361 
3552 1870 2448 2028 
3553 1822 2583 2125 
3554 1991 2345 457 
3555 1813 2142 402 
3556 1812 2571 2030 
3557 1812 2254 1998 
3558 1910 2399 2043 
3559 1984 2207 1798 
3560 1946 2312 2226 
3561 1757 2512 1740 
3562 1903 2252 2232 
3563 2028 2443 1839 
3564 2258 2337 1781 
3565 1815 2317 2015 
3566 2298 2485 493 
3567 1874 2372 2033 
3568 1833 2167 2095 
3569 1795 2264 2006 
3570 1736 2156 2016 
3571 2087 2419 1810 
3572 2101 2125 1879 
3573 1808 2121 2035 
3574 1938 2290 2055 
3575 1731 2346 1765 
3576 1758 2352 1983 
3577 2065 2322 1756 
3578 1933 2425 2152 
3579 1801 2174 2091 
3580 2031 2452 1898 
3581 1904 2133 2058 
3582 2115 2458 1965 
3583 1808 2458 2115 
3584 2145 2170 1900 
3585 2021 2569 1952 
3586 1987 2381 1802 
3587 2008 2397 1818 
3588 1826 2162 2054 
3589 1905 1958 1765 
3590 1998 2215 463 
3591 473 2283 2020 
3592 414 2041 415 
3593 2367 2496 2201 
3594 1744 2313 1987 
3595 2095 2128 1833 
3596 2094 2363 1919 
3597 2042 2413 2330 
3598 1799 2558 2013 
3599 1785 2377 2107 
3600 2014 2310 1793 
3601 1971 2545 2230 
3602 1990 2178 1745 
3603 1746 2347 1900 
3604 1843 2569 2021 
3605 2054 2147 1826 
3606 2397 2453 2155 
3607 2030 2568 2132 
3608 2216 2440 1842 
3609 1788 2440 2265 
3610 2226 2312 1898 
3611 2152 2559 1933 
3612 1908 2361 2196 
3613 2013 2219 1750 
3614 523 2341 2048 
3615 1852 2580 2012 
3616 1737 2245 2000 
3617 498 2104 499 
3618 2027 2558 1799 
3619 2052 2326 1821 
3620 1880 2157 2020 
3621 2052 2476 1925 
3622 1989 2323 1880 
3623 1945 2463 2119 
3624 2271 2457 1866 
3625 1743 2034 1813 
3626 1980 2185 1867 
3627 2015 2586 1753 
3628 2363 2531 1919 
3629 459 2084 460 
3630 404 1994 86 
3631 1867 2297 1980 
3632 417 2054 418 
3633 1786 2396 2023 
3634 2106 2302 1830 
3635 2208 2440 1788 
3636 430 2115 431 
3637 1896 2367 2201 
3638 1863 2167 2086 
3639 2014 2270 1761 
3640 535 1916 97 
3641 2055 2290 1903 
3642 487 2087 488 
3643 1764 2170 2145 
3644 2000 2329 1737 
3645 1803 2163 2113 
3646 465 2267 466 
3647 1847 2215 1998 
3648 1817 2165 2034 
3649 2122 2178 1832 
3650 2058 2363 1824 
3651 2021 2237 1843 
3652 2394 2548 1948 
3653 2085 2360 1729 
3654 2146 2197 1843 
3655 451 2268 452 
3656 407 2088 406 
3657 1832 2104 2039 
3658 1831 2374 2160 
3659 1997 2235 1835 
3660 515 2100 516 
3661 1835 2235 1991 
3662 2514 2572 1850 
3663 2111 2416 1939 
3664 2069 2132 1809 
3665 1885 2197 2146 
3666 1852 2381 1987 
3667 1796 2154 2026 
3668 2252 2374 1831 
3669 1832 2178 2143 
3670 2161 2299 1867 
3671 2230 2545 1784 
3672 1800 2406 2075 
3673 2132 2568 1809 
3674 1859 2310 2014 
3675 1892 2270 2014 
3676 1954 2427 2396 
3677 1753 2453 2025 
3678 1902 2188 2008 
3679 1950 2367 2255 
3680 2084 2568 1944 
3681 1864 2418 2081 
3682 2078 2183 1759 
3683 1900 2347 2040 
3684 2153 2416 1794 
3685 1831 2349 2046 
3686 450 2454 2401 
3687 2222 2456 1962 
3688 2102 2536 1787 
3689 1822 2125 2101 
3690 426 2275 2168 
3691 77 2593 389 
3692 1845 2128 2095 
3693 1942 2420 2184 
3694 1893 2307 1964 
3695 2042 2503 1932 
3696 2033 2540 1737 
3697 2082 2504 507 
3698 1930 2299 2161 
3699 1849 2427 2239 
3700 1969 2457 2271 
3701 2136 2288 1806 
3702 1824 2363 2094 
3703 2003 2572 2514 
3704 2101 2209 1730 
3705 2276 2590 1854 
3706 2083 2175 1828 
3707 509 2135 2120 
3708 2109 2516 2081 
3709 2000 2515 1744 
3710 1854 2449 1997 
3711 2092 2280 1972 
3712 1823 2267 2061 
3713 2471 2529 2007 
3714 1997 2276 1854 
3715 2048 2173 524 
3716 1818 2397 2155 
3717 2082 2208 1941 
3718 1921 2529 2471 
3719 2020 2157 1840 
3720 1814 2179 2029 
3721 2007 2529 485 
3722 2036 2159 1798 
3723 511 2105 512 
3724 2311 2448 1870 
3725 531 2547 96 
3726 1770 2537 2216 
3727 2004 2503 1738 
3728 1974 2310 2171 
3729 1868 2306 2045 
3730 1827 2421 2088 
3731 396 2091 395 
3732 1794 2416 2010 
3733 425 2388 1995 
3734 1928 2454 1992 
3735 1824 2542 2105 
3736 1738 2503 2042 
3737 1744 2515 2027 
3738 1815 2275 1995 
3739 402 2142 85 
3740 95 2477 530 
3741 1939 2416 2153 
3742 2005 2358 1834 
3743 1893 2395 2016 
3744 1785 2487 2377 
3745 1819 2479 2018 
3746 1879 2209 2101 
3747 1798 2289 1988 
3748 2002 2287 1797 
3749 2071 2505 2206 
3750 2158 2224 1973 
3751 2026 2459 1754 
3752 1816 2458 2035 
3753 1821 2326 2110 
3754 1836 2223 2068 
3755 2114 2163 1803 
3756 1763 2024 1889 
3757 2076 2349 1831 
3758 1804 2407 2211 
3759 1992 2402 1790 
3760 2032 2315 1791 
3761 2087 2417 1921 
3762 1953 2122 2039 
3763 1830 2302 2181 
3764 1849 2426 2023 
3765 1741 2484 2002 
3766 2120 2135 1846 
3767 1823 2186 2044 
3768 1840 2176 2020 
3769 2158 2596 1743 
3770 464 2215 2061 
3771 417 2147 2054 
3772 2100 2238 1942 
3773 1761 2252 2131 
3774 1757 2318 2291 
3775 2201 2240 1793 
3776 2076 2160 1906 
3777 2105 2542 2198 
3778 1862 2405 2047 
3779 2025 2453 1914 
3780 1803 2565 1999 
3781 537 2256 99 
3782 2228 2382 1907 
3783 1749 2193 2030 
3784 1918 2240 2201 
3785 2106 2144 1726 
3786 2045 2306 1771 
3787 2044 2294 1750 
3788 2110 2326 1774 
3789 432 2127 433 
3790 1835 2392 2124 
3791 1750 2294 2013 
3792 1880 2259 2157 
3793 2220 2526 1999 
3794 1809 2568 2084 
3795 2007 2220 1851 
3796 2360 2596 1729 
3797 2177 2438 504 
3798 1868 2233 2123 
3799 2020 2283 1880 
3800 499 2217 500 
3801 2117 2338 1744 
3802 2132 2206 1749 
3803 1760 2276 2234 
3804 1844 2144 2106 
3805 1768 2295 2019 
3806 449 2454 450 
3807 2074 2172 1794 
3808 2171 2310 1859 
3809 1731 2569 2197 
3810 2034 2552 400 
3811 1818 2331 2156 
3812 2017 2479 1819 
3813 1836 2512 2037 
3814 2163 2191 1758 
3815 1861 2527 2203 
3816 509 2120 510 
3817 1818 2155 2067 
3818 2051 2308 1766 
3819 2203 2527 2025 
3820 2255 2367 1896 
3821 1821 2183 2078 
3822 2213 2554 1956 
3823 1884 2191 2163 
3824 2013 2359 1799 
3825 503 2177 504 
3826 388 2187 1889 
3827 2056 2459 1834 
3828 2274 2344 1899 
3829 1839 2443 2213 
3830 506 2194 2082 
3831 2054 2162 1925 
3832 1949 2546 2265 
3833 1831 2160 2076 
3834 2207 2418 1864 
3835 1737 2329 2033 
3836 1850 2192 2033 
3837 2388 2550 1995 
3838 2118 2534 1908 
3839 2047 2264 1795 
3840 2187 2204 1885 
3841 453 2218 2043 
3842 2033 2242 1850 
3843 1851 2258 2007 
3844 1906 2398 2076 
3845 2291 2318 1951 
3846 2137 2571 1812 
3847 1941 2504 2082 
3848 2105 2389 1904 
3849 1872 2266 2108 
3850 1974 2334 2310 
3851 1839 2222 2028 
3852 2028 2519 1870 
3853 461 2137 462 
3854 2310 2334 1793 
3855 2166 2342 1769 
3856 455 2124 456 
3857 1875 2294 2044 
3858 1787 2462 2362 
3859 1884 2163 2114 
3860 1857 2479 2017 
3861 2033 2372 2242 
3862 1920 2411 2149 
3863 2068 2512 1836 
3864 2148 2353 1841 
3865 1962 2535 2222 
3866 2070 2205 1767 
3867 1811 2560 2212 
3868 2212 2560 2038 
3869 484 2220 485 
3870 2024 2090 1825 
3871 1829 2515 2245 
3872 2108 2266 1955 
3873 1850 2572 2063 
3874 2050 2421 1827 
3875 2015 2508 1815 
3876 1888 2308 2051 
3877 1958 2172 1765 
3878 2425 2514 1850 
3879 2124 2399 1910 
3880 2072 2260 1827 
3881 2184 2420 1848 
3882 495 2288 2136 
3883 2242 2425 1850 
3884 2095 2510 1845 
3885 2012 2381 1852 
3886 1944 2482 2084 
3887 1937 2550 2388 
3888 2091 2370 1801 
3889 2073 2231 470 
3890 1895 2357 2011 
3891 2243 2402 1992 
3892 2048 2341 1878 
3893 2235 2449 1777 
3894 1828 2324 2074 
3895 1731 2172 2074 
3896 508 2135 509 
3897 1997 2449 2235 
3898 2182 2580 1852 
3899 2157 2259 1768 
3900 1784 2241 2230 
3901 1825 2277 2098 
3902 2053 2236 1796 
3903 2100 2530 516 
3904 2126 2498 1803 
3905 1757 2291 2037 
3906 2326 2589 1774 
3907 2281 2400 1783 
3908 1811 2202 2099 
3909 1856 2205 2070 
3910 1747 2386 2029 
3911 476 2161 477 
3912 1886 2285 2029 
3913 1882 2280 2092 
3914 2245 2515 2000 
3915 2104 2217 499 
3916 2111 2430 1741 
3917 2280 2426 1742 
3918 469 2422 2073 
3919 1839 2456 2222 
3920 2279 2534 2118 
3921 1958 2153 1794 
3922 1891 2183 2110 
3923 534 2351 533 
3924 1820 2249 2045 
3925 2101 2451 1822 
3926 2038 2233 1759 
3927 2478 2506 2041 
3928 2110 2183 1821 
3929 2057 2413 1804 
3930 1802 2381 2012 
3931 1910 2433 2124 
3932 1838 2232 2057 
3933 2033 2329 1874 
3934 2230 2241 1922 
3935 1883 2402 2243 
3936 1939 2409 2174 
3937 1771 2393 2317 
3938 1913 1990 1745 
3939 2134 2556 1805 
3940 2317 2393 2015 
3941 1758 2191 2080 
3942 1744 2338 2000 
3943 2029 2386 1886 
3944 1756 2365 2065 
3945 467 2148 468 
3946 2050 2260 1792 
3947 1968 2533 2473 
3948 1787 2362 2102 
3949 1766 2584 2051 
3950 2067 2361 1748 
3951 2414 2500 1912 
3952 1752 2442 2035 
3953 391 2502 79 
3954 2018 2263 539 
3955 2095 2167 1732 
3956 2006 2217 1853 
3957 1864 2378 2207 
3958 2023 2396 1849 
3959 2031 2372 1874 
3960 1991 2437 2345 
3961 2094 2292 1824 
3962 1751 2192 2063 
3963 1834 2459 2154 
3964 2046 2561 1859 
3965 542 2098 100 
3966 2029 2285 2139 
3967 2057 2470 1838 
3968 1915 2305 2200 
3969 1772 2372 2031 
3970 2080 2191 1855 
3971 1946 2483 2127 
3972 2027 2522 1744 
3973 2043 2474 1910 
3974 1915 2435 2305 
3975 2359 2497 2004 
3976 1821 2169 2052 
3977 2082 2194 1842 
3978 1952 2587 2021 
3979 2238 2328 1782 
3980 1853 2104 1832 
3981 2063 2192 1850 
3982 497 2475 2039 
3983 1932 2489 2042 
3984 1942 2530 2100 
3985 1767 2292 2094 
3986 524 2173 92 
3987 2037 2291 1837 
3988 1827 2260 2050 
3989 409 2561 2046 
3990 2141 2277 1756 
3991 1983 2352 2337 
3992 2337 2352 1873 
3993 1800 2474 2043 
3994 1861 2314 2119 
3995 2074 2324 1731 
3996 2084 2482 460 
3997 2038 2560 1855 
3998 463 2215 464 
3999 2035 2458 1808 
4000 1915 2544 2410 
4001 1794 2172 1958 
4002 2190 2227 1895 
4003 2022 2309 443 
4004 422 2138 423 
4005 2041 2517 1928 
4006 1871 2227 2190 
4007 1842 2208 2082 
4008 1936 2436 2090 
4009 1763 2486 1725 
4010 1817 2516 2165 
4011 1737 2540 2130 
4012 1819 2595 2017 
4013 2047 2405 502 
4014 2081 2516 1817 
4015 1928 2478 2041 
4016 2358 2480 445 
4017 1940 2438 2177 
4018 2075 2271 1866 
4019 1855 2491 2038 
4020 2110 2339 1891 
4021 2345 2437 1927 
4022 1876 2371 2180 
4023 2061 2215 1847 
4024 2088 2342 1827 
4025 2057 2232 1761 
4026 2041 2506 1929 
4027 2143 2354 1832 
4028 1923 2422 2148 
4029 405 2282 87 
4030 1890 2361 2067 
4031 1774 2339 2110 
4032 2165 2516 1956 
4033 1832 2354 1853 
4034 1745 1982 1913 
4035 459 2373 2084 
4036 2116 2420 1782 
4037 487 2417 2087 
4038 2180 2371 1938 
4039 1775 2271 2075 
4040 2097 2364 1840 
4041 2098 2277 1897 
4042 2269 2590 1966 
4043 2115 2463 1945 
4044 2012 2532 2077 
4045 2190 2376 1730 
4046 1904 2467 2105 
4047 2410 2544 2021 
4048 494 2288 495 
4049 2046 2349 409 
4050 2064 2578 446 
4051 2055 2591 1838 
4052 2105 2198 512 
4053 1849 2239 2060 
4054 1875 2497 2359 
4055 2470 2505 1838 
4056 1870 2519 2370 
4057 1762 2456 2109 
4058 2192 2540 2033 
4059 1802 2452 2031 
4060 1759 2249 2078 
4061 1862 2321 1907 
4062 1845 2262 2066 
4063 1987 2313 2093 
4064 1897 2277 2141 
4065 1767 2305 2070 
4066 1784 2538 2241 
4067 1860 2582 2049 
4068 1743 2360 2034 
4069 450 2401 90 
4070 1730 2376 2336 
4071 2051 2254 1812 
4072 505 2194 506 
4073 1899 2490 2108 
4074 1893 2331 2307 
4075 2049 2449 1854 
4076 1954 2303 2151 
4077 2323 2538 1784 
4078 1854 2269 2049 
4079 2060 2239 519 
4080 1834 2309 2022 
4081 2078 2249 1820 
4082 2016 2495 1736 
4083 416 2147 417 
4084 90 2401 413 
4085 2063 2572 1807 
4086 492 2298 493 
4087 2049 2327 1860 
4088 2073 2422 1923 
4089 97 2441 534 
4090 490 2567 2134 
4091 538 2263 1961 
4092 1807 2465 2019 
4093 477 2185 478 
4094 544 1889 102 
4095 1907 2523 1862 
4096 2070 2305 1872 
4097 1739 2260 2072 
4098 1761 2270 2057 
4099 2184 2530 1942 
4100 1900 2460 1746 
4101 2189 2382 1911 
4102 436 2390 2077 
4103 511 2389 2105 
4104 2045 2562 1868 
4105 2042 2330 1738 
4106 2043 2406 1800 
4107 1760 2234 2089 
4108 2233 2491 2123 
4109 2403 2493 1725 
4110 1883 2236 2140 
4111 476 2391 2161 
4112 474 2176 475 
4113 2145 2351 534 
4114 1873 2248 2099 
4115 2129 2564 1742 
4116 1950 2518 2182 
4117 1779 2279 2114 
4118 2228 2321 1795 
4119 2099 2335 1873 
4120 1792 2500 1994 
4121 2047 2321 1862 
4122 2004 2533 2359 
4123 512 2198 513 
4124 411 2171 410 
4125 2052 2169 420 
4126 2083 2513 2175 
4127 2177 2405 1862 
4128 1907 2321 2228 
4129 2035 2559 1816 
4130 1856 2238 2100 
4131 2161 2185 477 
4132 2041 2521 415 
4133 2097 2284 1776 
4134 1923 2257 2073 
4135 2005 2480 2358 
4136 489 2567 490 
4137 2114 2279 1884 
4138 2044 2509 1875 
4139 1917 2522 2431 
4140 1948 2556 2134 
4141 1811 2248 2080 
4142 2093 2348 1852 
4143 2125 2340 1879 
4144 2054 2476 418 
4145 2039 2475 1953 
4146 1750 2253 2096 
4147 1925 2326 2052 
4148 414 2517 2041 
4149 1768 2581 2157 
4150 2048 2368 1814 
4151 2113 2565 1803 
4152 2223 2464 2068 
4153 1746 2247 2059 
4154 2121 2446 1752 
4155 420 2169 421 
4156 2129 2426 1849 
4157 2069 2582 1860 
4158 2058 2467 1904 
4159 517 2184 518 
4160 2090 2436 1825 
4161 2045 2415 1820 
4162 2040 2347 1881 
4163 2231 2538 1989 
4164 2175 2324 1828 
4165 2362 2462 1967 
4166 1837 2322 2065 
4167 1865 2538 2231 
4168 2336 2451 2101 
4169 2042 2407 1804 
4170 2412 2469 1791 
4171 1732 2335 2099 
4172 2040 2351 1900 
4173 1853 2354 2059 
4174 438 2182 439 
4175 1878 2368 2048 
4176 1754 2577 2086 
4177 2250 2306 1868 
4178 2071 2327 1734 
4179 470 2231 471 
4180 2032 2557 1858 
4181 2303 2588 1878 
4182 2222 2535 1773 
4183 1881 2332 2040 
4184 1741 2430 2357 
4185 2085 2278 1864 
4186 2144 2380 1866 
4187 1926 2306 2250 
4188 1853 2217 2104 
4189 2286 2296 1890 
4190 2284 2495 2016 
4191 1755 2528 2053 
4192 2240 2387 1892 
4193 1855 2560 2080 
4194 1919 2383 2200 
4195 2219 2558 1829 
4196 1877 2495 2284 
4197 2061 2525 1823 
4198 1905 2502 391 
4199 2203 2314 1861 
4200 1766 2509 2186 
4201 455 2399 2124 
4202 452 2218 453 
4203 2136 2439 1953 
4204 1922 2400 2281 
4205 1729 2278 2085 
4206 1810 2419 2062 
4207 1959 2450 2432 
4208 89 2199 412 
4209 2013 2558 2219 
4210 1960 2446 2300 
4211 2290 2371 1769 
4212 1841 2253 2229 
4213 2089 2433 1910 
4214 1903 2591 2055 
4215 2231 2563 471 
4216 1904 2389 2120 
4217 1809 2404 2069 
4218 541 2164 540 
4219 1892 2387 2330 
4220 2359 2533 1799 
4221 2273 2581 1768 
4222 1804 2470 2057 
4223 2090 2493 1936 
4224 1877 2284 2097 
4225 446 2480 2064 
4226 2244 2380 1844 
4227 2121 2520 1902 
4228 2093 2313 1917 
4229 461 2482 2137 
4230 1872 2328 2070 
4231 2382 2447 1911 
4232 2532 2580 437 
4233 2010 2416 2111 
4234 1811 2212 2202 
4235 2148 2422 468 
4236 1883 2578 2064 
4237 1860 2327 2071 
4238 2065 2365 1836 
4239 1824 2467 2058 
4240 2099 2248 1811 
4241 1795 2321 2047 
4242 2180 2316 1876 
4243 1859 2561 2171 
4244 2229 2253 1959 
4245 2120 2389 510 
4246 488 2394 489 
4247 2123 2272 1735 
4248 1874 2338 2117 
4249 408 2349 2076 
4250 1728 2382 1901 
4251 2100 2549 1856 
4252 2097 2273 1877 
4253 1792 2282 2050 
4254 1740 2363 2058 
4255 1866 2375 2075 
4256 1847 2525 2061 
4257 2075 2375 1800 
4258 1777 2582 2069 
4259 2119 2320 1861 
4260 2077 2532 436 
4261 2086 2577 1863 
4262 2289 2386 1988 
4263 2124 2433 1835 
4264 1884 2279 2118 
4265 1926 2296 2286 
4266 405 2421 2282 
4267 2161 2391 1930 
4268 2108 2328 1872 
4269 2154 2459 2026 
4270 2064 2480 2005 
4271 1735 2272 2118 
4272 1912 2224 2158 
4273 466 2353 467 
4274 1985 2428 2315 
4275 2146 2403 1725 
4276 456 2392 457 
4277 1867 2185 2161 
4278 2301 2509 1766 
4279 2525 2584 2186 
4280 430 2463 2115 
4281 99 2256 2009 
4282 2205 2292 1767 
4283 1727 2435 2410 
4284 2152 2425 1772 
4285 1920 2498 2126 
4286 2150 2495 1877 
4287 1855 2272 2123 
4288 1955 2513 2083 
4289 1914 2397 2188 
4290 1742 2564 2344 
4291 1838 2505 2071 
4292 1944 2571 2137 
4293 2188 2397 2008 
4294 2315 2428 1911 
4295 2202 2212 1891 
4296 1775 2304 2139 
4297 2139 2304 1934 
4298 457 2345 458 
4299 2067 2331 1818 
4300 1745 2439 1982 
4301 1782 2328 2108 
4302 2266 2435 1727 
4303 2277 2436 1756 
4304 1735 2250 2123 
4305 2131 2252 1831 
4306 1925 2476 2054 
4307 2209 2210 1882 
4308 1914 2453 2397 
4309 1754 2459 2056 
4310 1759 2562 2249 
4311 1929 2521 2041 
4312 2268 2304 1909 
4313 1865 2231 2073 
4314 1781 2337 2103 
4315 2059 2354 1746 
4316 2233 2562 1759 
4317 434 2226 435 
4318 2147 2553 1826 
4319 2133 2318 1757 
4320 2080 2560 1811 
4321 2307 2487 1964 
4322 1726 2302 2106 
4323 2081 2418 1762 
4324 1914 2576 2203 
4325 1989 2563 2231 
4326 407 2398 2088 
4327 1902 2446 2121 
4328 2149 2319 1920 
4329 1977 2493 2403 
4330 444 2358 445 
4331 1934 2304 2268 
4332 1898 2452 2077 
4333 1879 2210 2209 
4334 100 2343 541 
4335 1780 2348 2093 
4336 1919 2464 2383 
4337 2137 2482 1944 
4338 2079 2451 1894 
4339 2112 2577 1754 
4340 1730 2336 2101 
4341 2176 2391 475 
4342 2077 2452 1802 
4343 2123 2250 1868 
4344 2293 2536 1830 
4345 2343 2541 2164 
4346 446 2578 447 
4347 2255 2518 1950 
4348 2229 2432 1783 
4349 435 2390 436 
4350 1981 2505 2470 
4351 1776 2364 2097 
4352 1963 2214 527 
4353 2087 2394 488 
4354 539 2263 538 
4355 1938 2371 2290 
4356 1922 2281 2130 
4357 514 2549 515 
4358 424 2388 425 
4359 410 2561 409 
4360 485 2529 486 
4361 2135 2504 1941 
4362 1822 2451 2079 
4363 2270 2413 2057 
4364 2175 2513 1727 
4365 2077 2390 1898 
4366 2094 2574 1767 
4367 2185 2524 478 
4368 1959 2432 2229 
4369 2021 2544 2237 
4370 519 2239 520 
4371 397 2448 81 
4372 2152 2312 1946 
4373 2119 2314 1945 
4374 2103 2466 1863 
4375 1910 2474 2089 
4376 520 2427 521 
4377 1846 2318 2133 
4378 508 2504 2135 
4379 2401 2454 1928 
4380 2051 2584 2254 
4381 1779 2434 2107 
4382 2102 2362 1844 
4383 89 2255 2199 
4384 1927 2437 2404 
4385 2127 2483 433 
4386 2151 2341 522 
4387 2138 2408 423 
4388 2073 2257 1865 
4389 447 2243 448 
4390 2370 2430 1801 
4391 1816 2559 2152 
4392 1789 2464 2223 
4393 2084 2579 1809 
4394 1873 2335 2103 
4395 2011 2430 2370 
4396 1725 2486 2146 
4397 1899 2344 2116 
4398 2103 2337 1873 
4399 76 1889 387 
4400 1815 2527 2168 
4401 522 2341 523 
4402 1732 2510 2095 
4403 406 2421 405 
4404 1747 2340 2125 
4405 1986 2555 2265 
4406 437 2580 438 
4407 517 2530 2184 
4408 1863 2466 2167 
4409 440 2255 89 
4410 2265 2555 1788 
4411 2199 2334 1974 
4412 1766 2308 2301 
4413 1866 2457 2144 
4414 1830 2536 2102 
4415 2146 2486 1885 
4416 1840 2581 2097 
4417 2099 2468 1732 
4418 1733 2481 2195 
4419 1770 2523 2189 
4420 482 2411 2126 
4421 428 2320 2119 
4422 2139 2285 1775 
4423 1940 2246 2216 
4424 1951 2385 2291 
4425 2361 2377 1748 
4426 2291 2385 1837 
4427 1851 2565 2113 
4428 2130 2540 1751 
4429 2162 2262 1774 
4430 1929 2553 2147 
4431 2130 2281 1924 
4432 2301 2308 1932 
4433 541 2343 2164 
4434 2195 2481 1943 
4435 1803 2498 2114 
4436 2143 2347 1746 
4437 2107 2377 1908 
4438 491 2461 91 
4439 2107 2534 1779 
4440 480 2333 2149 
4441 2141 2595 1819 
4442 1854 2590 2269 
4443 2147 2521 1929 
4444 532 2332 531 
4445 2186 2584 1766 
4446 472 2283 473 
4447 1919 2574 2094 
4448 2221 2549 514 
4449 515 2549 2100 
4450 1780 2496 2367 
4451 2219 2450 1959 
4452 1772 2312 2152 
4453 86 2500 403 
4454 409 2349 408 
4455 91 2461 441 
4456 1906 2342 2088 
4457 2356 2496 1780 
4458 1808 2325 2121 
4459 2199 2255 1896 
4460 2216 2246 1770 
4461 2105 2467 1824 
4462 1881 2178 1990 
4463 2182 2518 439 
4464 2168 2527 1861 
4465 2109 2456 1839 
4466 1790 2506 2478 
4467 101 2251 542 
4468 2151 2303 1878 
4469 1886 2289 2159 
4470 2168 2275 1815 
4471 2432 2450 1924 
4472 2108 2490 1782 
4473 2088 2421 406 
4474 1990 2332 1881 
4475 479 2333 480 
4476 2024 2251 101 
4477 1801 2430 2111 
4478 2230 2575 1751 
4479 1943 2595 2141 
4480 1871 2484 2227 
4481 1846 2585 2120 
4482 2246 2523 1770 
4483 416 2521 2147 
4484 1921 2471 2419 
4485 2116 2490 1899 
4486 2204 2346 1885 
4487 2012 2580 2532 
4488 2173 2494 92 
4489 2123 2491 1855 
4490 1769 2371 2166 
4491 1782 2490 2116 
4492 2245 2450 1829 
4493 2160 2374 1769 
4494 2364 2543 1840 
4495 1900 2351 2145 
4496 443 2309 444 
4497 1745 2178 2122 
4498 493 2485 494 
4499 1783 2400 2257 
4500 467 2353 2148 
4501 505 2438 2194 
4502 2198 2499 513 
4503 2222 2519 2028 
4504 2098 2343 100 
4505 2176 2543 2391 
4506 2143 2178 1881 
4507 2181 2302 1935 
4508 1887 2319 2149 
4509 1934 2494 2173 
4510 1956 2516 2109 
4511 2294 2359 2013 
4512 2124 2392 456 
4513 1837 2385 2195 
4514 2019 2465 2150 
4515 2159 2289 1798 
4516 1890 2296 2196 
4517 2429 2493 1977 
4518 1870 2370 2091 
4519 1764 2145 1916 
4520 1908 2534 2107 
4521 399 2554 82 
4522 502 2405 503 
4523 1878 2341 2151 
4524 2145 2441 1916 
4525 1793 2334 2201 
4526 1819 2541 2141 
4527 436 2532 437 
4528 1848 2420 2116 
4529 1765 2346 2204 
4530 2120 2585 1904 
4531 481 2411 482 
4532 427 2320 428 
4533 2394 2567 489 
4534 2282 2421 2050 
4535 1843 2403 2146 
4536 2149 2333 1887 
4537 2016 2395 2284 
4538 2134 2511 490 
4539 2201 2334 1896 
4540 2287 2484 1871 
4541 434 2483 2226 
4542 2196 2296 1735 
4543 1827 2342 2166 
4544 2165 2554 399 
4545 2114 2501 1779 
4546 1885 2486 2187 
4547 2202 2468 2099 
4548 1856 2549 2221 
4549 1980 2524 2185 
4550 1746 2460 2247 
4551 1952 2324 2175 
4552 2140 2402 1883 
4553 2206 2505 1981 
4554 2116 2564 1848 
4555 2305 2435 1872 
4556 1844 2380 2144 
4557 1984 2418 2207 
4558 1861 2320 2168 
4559 2226 2483 1946 
4560 2130 2575 1922 
4561 1990 2547 2332 
4562 398 2443 397 
4563 1742 2426 2129 
4564 2225 2318 1846 
4565 1941 2488 2135 
4566 1957 2536 2293 
4567 2200 2305 1767 
4568 2135 2488 1846 
4569 2210 2445 1786 
4570 458 2373 459 
4571 1943 2322 2195 
4572 1895 2376 2190 
4573 2373 2579 2084 
4574 1931 2292 2205 
4575 2088 2398 1906 
4576 396 2311 2091 
4577 1924 2450 2245 
4578 1881 2347 2143 
4579 472 2563 2283 
4580 1736 2495 2150 
4581 2234 2433 2089 
4582 1931 2499 2198 
4583 94 2366 529 
4584 2243 2578 1883 
4585 1728 2472 2447 
4586 1746 2354 2143 
4587 440 2518 2255 
4588 2126 2411 1920 
4589 1995 2550 2317 
4590 2292 2542 1824 
4591 2195 2322 1837 
4592 1778 2314 2203 
4593 513 2499 514 
4594 1919 2531 2464 
4595 2223 2429 1977 
4596 2325 2520 2121 
4597 2278 2378 1864 
4598 1979 2511 2134 
4599 2464 2531 2068 
4600 1727 2587 2175 
4601 1847 2584 2525 
4602 2438 2592 2194 
4603 1775 2424 2271 
4604 2167 2466 1732 
4605 2211 2407 1888 
4606 1880 2323 2259 
4607 2166 2371 1876 
4608 1806 2439 2136 
4609 1904 2585 2133 
4610 1897 2541 2343 
4611 2175 2587 1952 
4612 1930 2364 2299 
4613 2159 2455 1969 
4614 2036 2455 2159 
4615 2133 2585 1846 
4616 542 2251 2098 
4617 1917 2431 2356 
4618 510 2389 511 
4619 1848 2564 2129 
4620 1873 2352 2248 
4621 475 2391 476 
4622 2180 2384 1966 
4623 2285 2424 1775 
4624 2356 2431 1968 
4625 1951 2318 2225 
4626 1935 2378 2278 
4627 2144 2457 1726 
4628 454 2399 455 
4629 2227 2357 1895 
4630 2164 2541 1819 
4631 1896 2334 2199 
4632 2218 2406 2043 
4633 1935 2566 2378 
4634 2250 2296 1926 
4635 1814 2368 2179 
4636 1889 2187 1763 
4637 1751 2575 2130 
4638 1790 2402 2140 
4639 2378 2566 2036 
4640 1902 2520 2188 
4641 1735 2296 2250 
4642 2286 2586 1926 
4643 486 2417 487 
4644 2235 2437 1991 
4645 2261 2535 1894 
4646 2269 2327 2049 
4647 1734 2327 2269 
4648 2140 2528 1755 
4649 2379 2434 1887 
4650 468 2422 469 
4651 1982 2423 1913 
4652 2155 2453 1753 
4653 2299 2364 1776 
4654 1994 2282 1792 
4655 1907 2382 2189 
4656 1788 2555 2225 
4657 1885 2346 2197 
4658 2141 2541 1897 
4659 2236 2528 2140 
4660 2150 2465 1960 
4661 504 2438 505 
4662 423 2408 424 
4663 1938 2384 2180 
4664 1901 2170 1728 
4665 2258 2471 2007 
4666 1978 2570 1869 
4667 479 2524 2333 
4668 84 2142 401 
4669 496 2475 497 
4670 1903 2374 2252 
4671 503 2405 2177 
4672 2447 2472 1978 
4673 2225 2555 1951 
4674 2157 2581 1840 
4675 2197 2346 1731 
4676 2134 2567 1948 
4677 81 2311 396 
4678 1741 2357 2227 
4679 2196 2361 1890 
4680 92 2494 451 
4681 2098 2251 1825 
4682 1936 2493 2429 
4683 413 2517 414 
4684 2170 2460 1900 
4685 2213 2443 398 
4686 1769 2374 2290 
4687 2259 2545 1768 
4688 1865 2400 2241 
4689 2237 2403 1843 
4690 2257 2400 1865 
4691 2261 2376 1895 
4692 393 2409 2153 
4693 460 2482 461 
4694 2170 2472 1728 
4695 2237 2544 1789 
4696 1901 2460 2170 
4697 1774 2589 2162 
4698 2265 2440 1949 
4699 507 2504 508 
4700 1768 2545 2295 
4701 400 2552 399 
4702 2259 2323 1784 
4703 2228 2247 1901 
4704 490 2511 491 
4705 2000 2338 2329 
4706 2200 2383 1915 
4707 2168 2320 427 
4708 478 2524 479 
4709 527 2214 526 
4710 1926 2586 2393 
4711 483 2526 484 
4712 2329 2338 1874 
4713 445 2480 446 
4714 88 2398 407 
4715 516 2530 517 
4716 1844 2362 2244 
4717 1911 2447 2412 
4718 484 2526 2220 
4719 1729 2596 2158 
4720 429 2463 430 
4721 433 2483 434 
4722 2330 2413 1892 
4723 2339 2444 1970 
4724 2189 2428 1770 
4725 532 2573 2332 
4726 418 2476 419 
4727 471 2563 472 
4728 2332 2547 531 
4729 399 2552 2165 
4730 514 2499 2221 
4731 2336 2376 1894 
4732 2412 2447 1978 
4733 2244 2362 1967 
4734 1823 2525 2186 
4735 1858 2557 1733 
4736 439 2518 440 
4737 525 2298 492 
4738 1764 2472 2170 
4739 389 2593 2204 
4740 2295 2545 1971 
4741 1727 2513 2266 
4742 1970 2468 2202 
4743 1956 2554 2165 
4744 2297 2379 1980 
4745 415 2521 416 
4746 2266 2513 1955 
4747 2415 2550 1937 
4748 1825 2251 2024 
4749 2242 2372 1772 
4750 2188 2520 1778 
4751 1933 2514 2425 
4752 1862 2523 2246 
4753 81 2448 2311 
4754 87 2282 1994 
4755 2383 2544 1915 
4756 1926 2393 2306 
4757 1911 2428 2189 
4758 2319 2501 1920 
4759 2165 2552 2034 
4760 2226 2390 435 
4761 1897 2343 2098 
4762 2068 2531 2512 
4763 2512 2531 1740 
4764 2186 2509 2044 
4765 1977 2403 2237 
4766 1918 2387 2240 
4767 1909 2406 2218 
4768 93 2350 1963 
4769 1935 2539 2181 
4770 1838 2591 2232 
4771 1879 2445 2210 
4772 1899 2492 2274 
4773 1836 2429 2223 
4774 2171 2561 410 
4775 2309 2358 444 
4776 1842 2440 2208 
4777 2227 2484 1741 
4778 1894 2376 2261 
4779 2340 2445 1879 
4780 1732 2466 2335 
4781 2319 2434 1779 
4782 1898 2390 2226 
4783 1875 2359 2294 
4784 2306 2393 1771 
4785 1780 2367 2348 
4786 2345 2373 458 
4787 2348 2367 1950 
4788 533 2573 532 
4789 2189 2523 1907 
4790 2330 2387 1738 
4791 2449 2582 1777 
4792 1834 2358 2309 
4793 2162 2589 1925 
4794 2241 2400 1922 
4795 2188 2576 1914 
4796 1765 2204 1905 
4797 1835 2433 2234 
4798 2201 2496 1918 
4799 1947 2445 2340 
4800 2049 2582 2449 
4801 494 2485 2288 
4802 2445 2588 1786 
4803 2335 2466 2103 
4804 1783 2432 2281 
4805 2284 2395 1776 
4806 2290 2374 1903 
4807 403 2414 402 
4808 526 2298 525 
4809 1951 2555 2385 
4810 1840 2543 2176 
4811 2009 2594 536 
4812 2038 2491 2233 
4813 2197 2569 1843 
4814 2216 2592 1940 
4815 2198 2542 1931 
4816 2385 2555 1986 
4817 2036 2566 2455 
4818 2232 2591 1903 
4819 1940 2592 2438 
4820 2391 2543 1930 
4821 2187 2486 1763 
4822 1778 2576 2188 
4823 80 2409 393 
4824 2455 2566 1726 
4825 1772 2425 2242 
4826 1927 2373 2345 
4827 1842 2592 2216 
4828 2417 2529 1921 
4829 1777 2437 2235 
4830 438 2580 2182 
4831 1886 2386 2289 
4832 1829 2450 2219 
4833 2200 2574 1919 
4834 1767 2574 2200 
4835 1886 2424 2285 
4836 1751 2540 2192 
4837 2221 2499 1931 
4838 1785 2379 2297 
4839 1892 2413 2270 
4840 528 2350 93 
4841 2410 2435 1915 
4842 2239 2427 520 
4843 2377 2487 1748 
4844 2009 2256 1869 
4845 2350 2369 1806 
4846 2271 2424 1969 
4847 2442 2559 2035 
4848 1845 2444 2262 
4849 2053 2528 2236 
4850 1846 2488 2225 
4851 2097 2581 2273 
4852 1773 2519 2222 
4853 2281 2432 1924 
4854 2203 2576 1778 
4855 2383 2464 1789 
4856 2194 2592 1842 
4857 1872 2435 2266 
4858 1911 2412 2315 
4859 1918 2473 2387 
4860 2443 2448 397 
4861 1930 2543 2364 
4862 2021 2587 2410 
4863 2028 2448 2443 
4864 2249 2562 2045 
4865 1744 2522 2313 
4866 534 2441 2145 
4867 451 2494 2268 
4868 2262 2444 1774 
4869 1825 2436 2277 
4870 1779 2534 2279 
4871 1922 2575 2230 
4872 2247 2460 1901 
4873 2241 2538 1865 
4874 2300 2446 1902 
4875 1725 2493 2090 
4876 1887 2434 2319 
4877 2091 2311 1870 
4878 2357 2430 2011 
4879 1728 2447 2382 
4880 1781 2471 2258 
4881 2365 2429 1836 
4882 2315 2412 1791 
4883 2274 2492 1797 
4884 2153 2409 1939 
4885 2002 2484 2287 
4886 2254 2584 1847 
4887 1868 2562 2233 
4888 1743 2596 2360 
4889 2301 2497 1875 
4890 1985 2537 2428 
4891 2268 2494 1934 
4892 447 2578 2243 
4893 2428 2537 1770 
4894 1773 2535 2261 
4895 424 2408 2388 
4896 1740 2531 2363 
4897 1778 2520 2325 
4898 1894 2451 2336 
4899 1809 2579 2404 
4900 2308 2489 1932 
4901 1936 2429 2365 
4902 1888 2489 2308 
4903 2302 2566 1935 
4904 2388 2408 1937 
4905 2204 2593 1905 
4906 529 2369 528 
4907 1829 2558 2515 
4908 2462 2590 1967 
4909 1748 2487 2307 
4910 1784 2545 2259 
4911 1932 2497 2301 
4912 1916 2009 1764 
4913 1729 2539 2278 
4914 2515 2558 2027 
4915 2332 2573 2040 
4916 1996 2553 2506 
4917 2009 2570 1764 
4918 1733 2557 2481 
4919 1774 2444 2339 
4920 1875 2509 2301 
4921 1726 2457 2455 
4922 1948 2567 2394 
4923 2278 2539 1935 
4924 2455 2457 1969 
4925 2481 2557 2017 
4926 2344 2564 2116 
4927 2313 2522 1917 
4928 1726 2566 2302 
4929 2317 2550 1771 
4930 2407 2489 1888 
4931 1779 2501 2319 
4932 2017 2595 2481 
4933 2506 2553 1929 
4934 1963 2485 2214 
4935 1927 2579 2373 
4936 2401 2517 413 
4937 2042 2489 2407 
4938 1931 2542 2292 
4939 2502 2593 77 
4940 1989 2538 2323 
4941 491 2511 2461 
4942 2387 2473 1738 
4943 1786 2588 2303 
4944 1869 2570 2009 
4945 1753 2586 2286 
4946 2461 2511 1979 
4947 2472 2570 1978 
4948 2568 2571 1944 
4949 2497 2503 2004 
4950 2288 2485 1963 
4951 530 2477 2423 
4952 1932 2503 2497 
4953 2030 2571 2568 
4954 1807 2572 2507 
4955 528 2369 2350 
4956 1764 2570 2472 
4957 1806 2369 1982 
4958 535 2594 1916 
4959 1799 2533 2431 
4960 2507 2572 2003 
4961 2548 2556 1948 
4962 1925 2589 2326 
4963 1789 2544 2383 
4964 2468 2510 1732 
4965 1928 2517 2401 
4966 2465 2507 1960 
4967 1807 2507 2465 
4968 2393 2586 2015 
4969 486 2529 2417 
4970 2431 2533 1968 
4971 536 2594 98 
4972 1916 2441 97 
4973 2001 2556 2548 
4974 530 2423 94 
4975 2537 2546 1949 
4976 2498 2501 2114 
4977 1947 2588 2445 
4978 1920 2501 2498 
4979 2366 2423 1982 
4980 1985 2546 2537 
4981 2351 2573 533 
4982 403 2500 2414 
4983 1970 2510 2468 
4984 1982 2439 1806 
4985 2410 2587 1727 
4986 1933 2559 2442 
4987 2404 2579 1927 
4988 2025 2527 2508 
4989 2508 2527 1815 
4990 2214 2298 526 
4991 2481 2595 1943 
4992 1966 2590 2462 
4993 1994 2500 86 
4994 1913 2477 1990 
4995 1982 2369 2366 
4996 2040 2573 2351 
4997 2366 2369 529 
4998 96 2547 2477 
4999 96 2477 95 
5000 1905 2593 2502 
5001 78 2502 77 
5002 85 2142 84 
5003 2477 2547 1990 
5004 390 2502 78 
5005 94 2423 2366 
5006 1916 2594 2009 
5007 401 2142 83 
5008 2423 2477 1913 
5009 79 2502 390 
5010 387 1889 75 
5011 75 1889 544 
5012 2214 2485 2298 
2 3 2 1918
5013 2601 3030 2615 
5014 2843 3148 2614 
5015 2619 3212 2819 
5016 2870 2998 483 
5017 2828 2942 2612 
5018 2669 3250 3079 
5019 2749 3240 2819 
5020 2686 3047 2804 
5021 2730 3003 2885 
5022 2846 3346 2959 
5023 2671 3346 2846 
5024 2854 2858 2669 
5025 2754 3155 2893 
5026 2609 3117 3002 
5027 2885 3003 2633 
5028 2854 3453 2858 
5029 2839 3228 2790 
5030 2892 2927 2677 
5031 521 3022 2825 
5032 2819 3052 2619 
5033 3155 3298 2893 
5034 2816 3197 2649 
5035 2713 3019 2794 
5036 2611 2929 2822 
5037 2615 3232 2601 
5038 2794 3099 2713 
5039 2777 2829 624 
5040 2906 3250 2669 
5041 3002 3117 2795 
5042 2629 3106 2811 
5043 2713 2965 2847 
5044 2667 2924 2896 
5045 2882 3135 2644 
5046 2766 3135 2882 
5047 624 2829 623 
5048 2680 3197 2816 
5049 2666 2930 2877 
5050 2950 2955 2689 
5051 2634 2948 2854 
5052 2688 2999 2817 
5053 2644 3242 2882 
5054 621 3048 620 
5055 2896 2924 2706 
5056 125 3048 621 
5057 2778 3214 2640 
5058 2679 2934 2842 
5059 2855 3416 2729 
5060 2658 3335 3053 
5061 3228 3366 2790 
5062 604 2845 603 
5063 2835 3171 2738 
5064 2644 3387 3242 
5065 2640 3032 2778 
5066 615 2904 2685 
5067 2729 2902 2855 
5068 2885 3112 2664 
5069 2811 3125 2629 
5070 3064 3146 2756 
5071 3028 3287 2751 
5072 2804 3011 2686 
5073 2735 2955 2950 
5074 2814 3340 2628 
5075 2697 3196 3094 
5076 500 3138 2877 
5077 2631 3084 3057 
5078 3053 3335 2837 
5079 3148 3216 2614 
5080 2944 3177 2782 
5081 2707 2927 2892 
5082 2842 2934 2623 
5083 2816 2986 2680 
5084 2628 3013 2814 
5085 2822 2971 2611 
5086 2762 3112 2885 
5087 2597 3038 2856 
5088 2863 2947 2693 
5089 2751 3287 3140 
5090 2611 2971 2818 
5091 2647 3171 2835 
5092 2728 2902 2888 
5093 2877 2930 2724 
5094 2763 3027 2887 
5095 583 2836 584 
5096 2692 2947 2863 
5097 2809 2982 2673 
5098 483 2998 482 
5099 2828 3189 2942 
5100 2822 3436 2638 
5101 2894 3038 2597 
5102 2876 2935 2667 
5103 2653 3110 2813 
5104 2806 3285 3010 
5105 2935 3108 2667 
5106 2760 3161 3026 
5107 2842 3168 2679 
5108 2843 2961 2742 
5109 2933 2975 2652 
5110 2866 3012 2660 
5111 2881 2966 2700 
5112 2850 3205 2758 
5113 2649 3186 2816 
5114 2632 3116 2846 
5115 2659 3080 2812 
5116 2624 3376 2831 
5117 2620 3203 3179 
5118 3313 3382 2874 
5119 2873 2952 2668 
5120 501 3138 500 
5121 2843 3162 2668 
5122 620 3048 2960 
5123 2738 3170 2835 
5124 2665 2966 2881 
5125 2812 3320 2659 
5126 2948 3453 2854 
5127 2700 2952 2873 
5128 2817 3023 2688 
5129 2937 3203 2620 
5130 2765 2948 2833 
5131 2734 2975 2933 
5132 2813 3292 2653 
5133 2889 3036 549 
5134 2879 3172 2608 
5135 2974 3140 3102 
5136 2711 2980 2827 
5137 2971 3399 2818 
5138 2833 2948 2634 
5139 2826 2979 2770 
5140 567 3327 2862 
5141 593 2863 594 
5142 2624 3313 2874 
5143 2742 3162 2843 
5144 550 2889 549 
5145 2729 3152 2869 
5146 2646 3177 2944 
5147 3264 3418 2957 
5148 2606 2941 2926 
5149 2926 2941 2710 
5150 2694 3453 2948 
5151 2835 3170 2656 
5152 2859 3158 2752 
5153 2989 3069 2781 
5154 566 3327 567 
5155 2819 3240 3052 
5156 2942 3189 2747 
5157 2808 3256 2926 
5158 117 2945 607 
5159 2819 3456 2749 
5160 2616 2988 2857 
5161 2846 2959 2632 
5162 2775 3172 2879 
5163 2723 3056 2823 
5164 2677 2927 2872 
5165 3090 3142 452 
5166 3227 3334 574 
5167 2607 3069 2989 
5168 2901 3184 2769 
5169 2926 3256 2606 
5170 2760 3026 2937 
5171 2916 3138 502 
5172 2874 3376 2624 
5173 2638 3322 2822 
5174 2608 3172 2831 
5175 2850 3393 3205 
5176 2831 3021 2608 
5177 2847 3141 466 
5178 463 2868 462 
5179 2654 3099 2794 
5180 2893 3082 2754 
5181 3004 3028 2661 
5182 3083 3342 2851 
5183 2759 3083 3066 
5184 2727 3110 2940 
5185 2957 3418 2682 
5186 2780 3028 3004 
5187 2657 3267 2825 
5188 3110 3200 2940 
5189 2803 3382 3313 
5190 2825 3176 2657 
5191 3163 3221 2834 
5192 2763 3203 3027 
5193 496 3347 3008 
5194 2657 3082 2893 
5195 2612 3166 2828 
5196 2666 3098 2930 
5197 2676 3342 3083 
5198 3088 3311 2821 
5199 2847 2965 2695 
5200 2643 3184 2901 
5201 2662 2902 2728 
5202 2698 3136 2936 
5203 2601 3410 2844 
5204 125 3280 3048 
5205 2697 3433 3038 
5206 546 2894 2774 
5207 2849 3227 2677 
5208 2892 3227 572 
5209 2825 3299 521 
5210 2836 2986 584 
5211 2723 2963 2857 
5212 2630 2984 2853 
5213 2663 3369 2785 
5214 474 2891 473 
5215 3057 3084 2761 
5216 3251 3306 2978 
5217 2685 3014 615 
5218 3010 3279 2806 
5219 2627 3012 2866 
5220 2872 2927 2626 
5221 2612 3095 2844 
5222 2691 3036 2889 
5223 2872 3424 2677 
5224 2814 3353 3072 
5225 2827 3085 2711 
5226 2629 2991 2929 
5227 2841 3379 3315 
5228 465 2932 464 
5229 2849 3334 3227 
5230 615 3014 122 
5231 2697 3038 2939 
5232 2875 3345 2610 
5233 2835 3266 2647 
5234 572 3227 573 
5235 2656 3251 2978 
5236 2938 3005 2731 
5237 2942 3039 2699 
5238 2821 3408 3088 
5239 454 2912 453 
5240 3034 3136 2698 
5241 2751 3140 2974 
5242 2823 3219 2723 
5243 502 3138 501 
5244 2619 3052 2899 
5245 3282 3341 2740 
5246 2837 3143 2606 
5247 2770 3363 2826 
5248 2729 3416 3152 
5249 2611 2954 2929 
5250 2679 3168 2890 
5251 2606 3256 2837 
5252 2704 3003 2915 
5253 3315 3379 2716 
5254 2853 2984 2722 
5255 2828 3407 2658 
5256 2722 3132 2853 
5257 2716 3000 2936 
5258 2677 3227 2892 
5259 2896 2956 2626 
5260 2875 3404 3345 
5261 2844 3030 2601 
5262 3053 3189 2658 
5263 2678 3221 3163 
5264 2848 3282 2740 
5265 2747 3039 2942 
5266 2858 2997 2619 
5267 2901 2988 2745 
5268 2897 3303 2670 
5269 496 3008 495 
5270 2939 3196 2697 
5271 2701 3187 3004 
5272 2675 2998 2870 
5273 583 2999 2836 
5274 2674 2946 2883 
5275 590 3149 2865 
5276 2915 3003 2730 
5277 2722 3435 3092 
5278 2743 3046 2962 
5279 2832 3341 2728 
5280 2936 3000 2627 
5281 2729 2869 2605 
5282 2829 3024 623 
5283 2698 2936 2866 
5284 2632 3150 2838 
5285 2755 3108 2935 
5286 2684 3009 2868 
5287 3005 3078 2731 
5288 2902 3425 2888 
5289 2931 3058 518 
5290 2656 3358 2835 
5291 2847 3225 2713 
5292 3092 3435 2870 
5293 3067 3436 2822 
5294 2818 3094 2611 
5295 483 3395 2870 
5296 2873 3420 2700 
5297 604 3045 2845 
5298 623 3024 622 
5299 2677 3006 2849 
5300 2810 3118 3050 
5301 117 3269 2945 
5302 2633 3124 3103 
5303 524 2917 523 
5304 2931 3001 2719 
5305 593 3010 2863 
5306 2830 3091 2622 
5307 595 2922 596 
5308 2950 2980 2634 
5309 2897 3391 3303 
5310 2615 2785 2685 
5311 2785 3284 2685 
5312 2701 3399 2971 
5313 2728 3341 2662 
5314 3132 3209 2853 
5315 3050 3118 2733 
5316 2668 3148 2843 
5317 2794 3130 2654 
5318 2658 3189 2828 
5319 2623 3100 2842 
5320 2756 3146 2989 
5321 2890 3147 2748 
5322 2652 3291 2933 
5323 2720 3001 2931 
5324 454 3270 2912 
5325 2685 3284 613 
5326 519 2931 518 
5327 2743 3139 3046 
5328 2833 3406 2765 
5329 2706 2956 2896 
5330 2859 3432 3158 
5331 2726 3146 3064 
5332 2790 3345 2839 
5333 3085 3423 123 
5334 522 3022 521 
5335 2845 3074 603 
5336 3098 3119 2930 
5337 2846 3247 2671 
5338 498 2908 497 
5339 2923 2966 2603 
5340 553 2880 107 
5341 3094 3196 2773 
5342 2933 2983 2734 
5343 2674 2988 2901 
5344 2748 3021 2890 
5345 573 3227 574 
5346 2639 3147 2890 
5347 2876 3025 2707 
5348 3010 3285 2692 
5349 2857 2988 2674 
5350 2652 3343 3291 
5351 2924 3000 2706 
5352 552 2832 551 
5353 554 3461 108 
5354 2759 3066 2921 
5355 2838 3116 2632 
5356 2961 3063 2742 
5357 586 3336 2990 
5358 2836 2999 2688 
5359 2634 3329 2833 
5360 2720 3299 3267 
5361 2686 3011 2899 
5362 466 3225 2847 
5363 2615 3030 2785 
5364 3038 3433 2856 
5365 3046 3187 2701 
5366 3072 3340 2814 
5367 2626 2983 2872 
5368 2614 3155 2843 
5369 2782 3277 2944 
5370 2831 3317 2624 
5371 2929 2954 2629 
5372 2695 3141 2847 
5373 3116 3252 2846 
5374 2695 2965 2913 
5375 2622 3126 2830 
5376 129 3430 627 
5377 2740 3341 2832 
5378 2624 2992 2905 
5379 2844 3166 2612 
5380 2832 3129 2740 
5381 2689 3232 2904 
5382 2844 3054 2703 
5383 3094 3265 2611 
5384 2682 3418 2983 
5385 617 3085 123 
5386 611 2864 118 
5387 2602 3063 2961 
5388 2613 2982 2881 
5389 2914 3285 2642 
5390 2700 3420 2881 
5391 2922 3348 596 
5392 2625 3377 2895 
5393 2613 3420 2873 
5394 3008 3347 2824 
5395 2684 3066 2900 
5396 2957 3291 2792 
5397 2983 3418 2872 
5398 2917 3047 2686 
5399 2782 3142 3090 
5400 2703 3166 2844 
5401 2902 3188 2855 
5402 2630 3223 2949 
5403 546 2774 104 
5404 2660 3375 2866 
5405 2886 3377 2625 
5406 2682 2983 2933 
5407 2991 3361 2929 
5408 2608 3027 2879 
5409 2612 3134 2663 
5410 2627 3000 2924 
5411 2731 3078 2941 
5412 586 2990 587 
5413 2878 3092 485 
5414 2617 3310 2824 
5415 2863 3010 2692 
5416 2881 3420 2613 
5417 2889 3137 2728 
5418 2913 2965 2622 
5419 2824 2993 2617 
5420 2846 3252 2737 
5421 2867 3105 2708 
5422 2961 3081 2602 
5423 2785 3095 2663 
5424 2700 2966 2923 
5425 2868 3009 462 
5426 2621 3005 2900 
5427 2737 3247 2846 
5428 481 3281 3020 
5429 2763 3266 2835 
5430 2761 3076 2841 
5431 481 3020 480 
5432 2877 3089 500 
5433 2879 3027 2690 
5434 2862 3350 2660 
5435 2687 3190 2865 
5436 465 3141 2932 
5437 2826 3363 2952 
5438 2673 3048 2809 
5439 3026 3161 2625 
5440 2851 3078 2621 
5441 2911 3283 2676 
5442 2708 3262 2861 
5443 2952 3363 2668 
5444 2841 3211 2761 
5445 2703 2977 2973 
5446 2754 3081 2961 
5447 2663 3095 2612 
5448 2648 3275 2938 
5449 2955 3232 2689 
5450 588 3041 589 
5451 3271 3399 2661 
5452 512 2918 511 
5453 2621 3083 2851 
5454 2667 3025 2876 
5455 470 2943 469 
5456 552 3129 2832 
5457 2854 3290 2634 
5458 2603 3042 2636 
5459 2728 3351 2889 
5460 2718 3127 2868 
5461 2705 2993 2908 
5462 2693 3043 2863 
5463 507 2951 506 
5464 474 3049 2891 
5465 2799 3350 2862 
5466 2713 3126 2965 
5467 3066 3083 2621 
5468 2688 3331 2836 
5469 2701 3322 2962 
5470 2983 3447 2734 
5471 2973 2977 2715 
5472 2619 3257 2858 
5473 2719 3058 2931 
5474 2648 3308 3275 
5475 2866 2936 2627 
5476 2921 3066 2684 
5477 2866 3422 2698 
5478 2971 3322 2701 
5479 2651 3228 2963 
5480 2858 3453 2997 
5481 2844 3410 3054 
5482 2728 3137 2832 
5483 2963 3228 2789 
5484 2862 3115 567 
5485 498 2976 2908 
5486 3285 3419 2642 
5487 2757 3296 3031 
5488 2869 3072 2605 
5489 2758 3251 2850 
5490 2907 3084 2631 
5491 2630 3035 2984 
5492 3098 3255 2772 
5493 2706 3040 2956 
5494 3031 3296 2840 
5495 589 3149 590 
5496 3150 3458 2838 
5497 562 2834 113 
5498 2861 3262 457 
5499 2949 3223 3120 
5500 2863 3043 594 
5501 2867 3150 3105 
5502 2895 3077 2787 
5503 105 2894 546 
5504 3235 3249 2781 
5505 2898 3319 2741 
5506 2997 3453 2694 
5507 457 3217 2861 
5508 613 3014 2685 
5509 2900 3441 2684 
5510 2868 3127 2684 
5511 2912 3270 2783 
5512 2669 3079 2854 
5513 3096 3184 2817 
5514 3103 3124 2776 
5515 2711 3314 2898 
5516 2652 3209 3132 
5517 2886 3190 2687 
5518 2903 3244 2745 
5519 2964 3040 2706 
5520 2877 3138 2666 
5521 2887 3027 2608 
5522 2682 3291 2957 
5523 2750 2997 2972 
5524 493 3357 3174 
5525 2905 2992 2680 
5526 2629 3125 2991 
5527 2926 3165 2808 
5528 2853 3223 2630 
5529 3023 3297 2803 
5530 2960 3048 2673 
5531 2769 3325 2901 
5532 2836 3331 2986 
5533 2986 3331 2680 
5534 2771 3044 3017 
5535 2674 3254 2857 
5536 2690 3268 2879 
5537 2925 3034 2698 
5538 2636 2829 2777 
5539 463 3087 2868 
5540 2891 3158 473 
5541 600 2910 601 
5542 3075 3366 3239 
5543 2857 3185 2616 
5544 2706 3000 2964 
5545 3202 3283 2911 
5546 2661 3399 3004 
5547 2884 3426 2670 
5548 3072 3353 2605 
5549 2978 3249 2656 
5550 2617 3051 2860 
5551 2664 3182 2885 
5552 3100 3415 2842 
5553 2628 3340 3073 
5554 2771 3218 2618 
5555 2698 3018 2925 
5556 3026 3326 3268 
5557 3005 3439 2900 
5558 2714 3311 3088 
5559 2636 3140 2603 
5560 2769 3184 3096 
5561 2803 3427 3023 
5562 3069 3235 2781 
5563 2622 3091 2884 
5564 2917 3213 523 
5565 2883 3450 2723 
5566 2871 3117 2609 
5567 499 2976 498 
5568 2670 3426 2897 
5569 2693 3198 2922 
5570 2891 3029 2752 
5571 2796 3348 2922 
5572 2752 3195 2859 
5573 2990 3336 2816 
5574 2737 3330 3145 
5575 2685 2904 2615 
5576 2738 3059 2850 
5577 2625 3455 2886 
5578 3152 3311 2659 
5579 460 2953 459 
5580 119 2864 611 
5581 2850 3170 2738 
5582 597 2925 598 
5583 2893 3267 2657 
5584 2703 3175 2977 
5585 2659 3311 3080 
5586 584 2986 585 
5587 3075 3239 2767 
5588 2956 3040 2734 
5589 2633 3144 2885 
5590 109 2788 554 
5591 2776 3165 2926 
5592 488 2957 487 
5593 3017 3044 2635 
5594 2609 3201 2871 
5595 2984 3035 2675 
5596 466 3141 465 
5597 2868 3087 2718 
5598 2705 3051 2993 
5599 2904 3037 2689 
5600 2820 3418 3264 
5601 2601 3232 2955 
5602 452 3142 451 
5603 2908 2976 2705 
5604 609 2958 608 
5605 3032 3246 2704 
5606 2708 3107 2867 
5607 516 2970 515 
5608 2861 3107 2708 
5609 2721 3443 3382 
5610 2809 3288 2982 
5611 2681 3005 2938 
5612 2857 3254 2723 
5613 2896 3025 2667 
5614 2704 3246 3124 
5615 3015 3051 2705 
5616 2738 3171 3033 
5617 2655 3415 3100 
5618 2944 3277 2671 
5619 2885 3182 2730 
5620 2681 3439 3005 
5621 2885 3144 2762 
5622 2895 3326 2625 
5623 3267 3299 2825 
5624 2879 3061 2775 
5625 3128 3239 2823 
5626 2815 3439 2953 
5627 2950 3290 2735 
5628 2631 3057 2947 
5629 2665 3288 3024 
5630 2915 3220 2704 
5631 2909 3218 2771 
5632 3273 3327 565 
5633 2833 3329 3093 
5634 2658 3407 2973 
5635 2972 2997 2694 
5636 3041 3149 589 
5637 2964 3000 2716 
5638 3058 3292 2813 
5639 2835 3179 2763 
5640 2802 3372 2911 
5641 2609 3412 2903 
5642 507 3373 2951 
5643 3033 3171 2801 
5644 3111 3299 2720 
5645 3145 3330 2840 
5646 2678 3163 3008 
5647 3382 3443 2874 
5648 2602 3081 2972 
5649 2725 3458 3150 
5650 2950 3384 2980 
5651 2616 3383 2871 
5652 2867 3321 2725 
5653 2932 3141 2695 
5654 2843 3155 2961 
5655 2878 3398 3343 
5656 2725 3150 2867 
5657 524 3047 2917 
5658 3026 3268 2690 
5659 2812 3080 2951 
5660 3343 3398 2792 
5661 2712 3029 2891 
5662 2899 3052 2686 
5663 485 3398 2878 
5664 2669 3031 2906 
5665 110 3417 558 
5666 2741 3319 3183 
5667 2610 3372 2875 
5668 3088 3408 2641 
5669 3045 3182 2845 
5670 2914 3178 2739 
5671 2638 3055 2940 
5672 2958 3293 2699 
5673 620 2960 619 
5674 2881 3288 2665 
5675 2865 3259 590 
5676 2862 3327 2799 
5677 2911 3372 2610 
5678 2897 3383 2616 
5679 2865 3149 2687 
5680 120 3014 613 
5681 559 3349 111 
5682 3024 3288 2809 
5683 2707 3230 2876 
5684 2887 3266 2763 
5685 3249 3358 2656 
5686 2954 3106 2629 
5687 2889 3351 2691 
5688 2972 3081 2750 
5689 2858 3164 2669 
5690 2668 3162 2873 
5691 3078 3374 2941 
5692 2844 3095 3030 
5693 2626 3332 2896 
5694 2996 3055 2764 
5695 2905 3331 2688 
5696 2981 3198 2693 
5697 2939 3151 2628 
5698 2675 3035 2985 
5699 2704 3220 2945 
5700 2856 3193 2597 
5701 3083 3278 2676 
5702 2908 2993 2824 
5703 2660 3274 2862 
5704 2662 3188 2902 
5705 2792 3289 2957 
5706 3054 3175 2703 
5707 2893 3298 2720 
5708 2873 3356 2613 
5709 2913 3060 2695 
5710 2891 3049 2712 
5711 2932 3087 464 
5712 2925 3018 598 
5713 2940 3055 2727 
5714 2813 3110 2970 
5715 3003 3124 2633 
5716 3102 3140 2636 
5717 2664 3112 3075 
5718 2778 3032 2945 
5719 2916 3276 2733 
5720 2787 3326 2895 
5721 2870 3435 2675 
5722 107 3129 552 
5723 2900 3066 2621 
5724 2779 3255 3098 
5725 3075 3112 2790 
5726 2598 3016 2977 
5727 2642 3178 2914 
5728 3125 3286 2991 
5729 2622 3167 2913 
5730 2774 3430 129 
5731 2645 3198 2981 
5732 2774 2894 2597 
5733 3152 3416 2821 
5734 582 2999 583 
5735 2995 3262 2708 
5736 2727 3055 2996 
5737 2884 3167 2622 
5738 3029 3133 2752 
5739 2870 3395 3092 
5740 2659 3320 3070 
5741 2953 3439 2681 
5742 2722 3092 2878 
5743 3071 3286 2717 
5744 504 3309 3050 
5745 2994 3104 2739 
5746 2752 3158 2891 
5747 500 3089 499 
5748 2616 3210 2988 
5749 2621 3078 3005 
5750 3105 3150 2632 
5751 2966 3042 2603 
5752 2977 3016 2715 
5753 2890 3168 2639 
5754 565 3327 566 
5755 2730 3182 3045 
5756 615 3421 2904 
5757 3027 3203 2690 
5758 2691 3351 2888 
5759 2611 3265 2954 
5760 2630 3064 3035 
5761 3077 3396 2732 
5762 2937 3026 2690 
5763 2939 3038 2696 
5764 2637 3180 2921 
5765 2895 3396 3077 
5766 2696 3151 2939 
5767 2767 3239 3128 
5768 2947 3057 2693 
5769 2827 3423 3085 
5770 3035 3064 2756 
5771 626 3102 128 
5772 2670 3231 2884 
5773 504 3050 503 
5774 2707 3332 2927 
5775 2770 3216 3148 
5776 3085 3314 2711 
5777 2951 3068 506 
5778 2796 3034 2925 
5779 2945 3032 2704 
5780 2735 3290 3079 
5781 2903 3201 2609 
5782 2903 3065 2721 
5783 2865 3419 3259 
5784 2781 3405 2989 
5785 2666 3138 2916 
5786 2672 3361 2991 
5787 2912 3090 453 
5788 2721 3114 2903 
5789 2878 3132 2722 
5790 2945 3269 2778 
5791 2684 3441 3009 
5792 2951 3373 2812 
5793 2979 3139 2743 
5794 3182 3206 2845 
5795 2898 3093 2711 
5796 2603 3287 2923 
5797 2822 3322 2971 
5798 2741 3387 2898 
5799 462 3009 461 
5800 2664 3206 3182 
5801 2923 3287 2780 
5802 2640 3214 3039 
5803 456 2995 455 
5804 2913 3167 2746 
5805 3236 3335 2658 
5806 2985 3035 2756 
5807 2665 3042 2966 
5808 2888 3351 2728 
5809 2918 3300 511 
5810 3114 3244 2903 
5811 3020 3281 2791 
5812 2713 3225 3019 
5813 3093 3406 2833 
5814 3084 3428 2683 
5815 2907 3428 3084 
5816 485 3092 484 
5817 3117 3383 2702 
5818 2636 3042 2829 
5819 2826 3139 2979 
5820 2934 3443 2721 
5821 2699 3293 2920 
5822 627 2974 626 
5823 2687 3377 2886 
5824 2921 3180 2759 
5825 3007 3071 2717 
5826 2721 3382 3297 
5827 2783 3270 2995 
5828 2699 3134 2942 
5829 2719 3292 3058 
5830 2721 3297 3114 
5831 2716 3379 2964 
5832 3008 3163 495 
5833 2723 3254 2883 
5834 2953 3354 2815 
5835 3259 3419 2806 
5836 2673 3242 2960 
5837 470 3101 2943 
5838 2882 3229 2766 
5839 2862 3274 3115 
5840 2749 3213 2917 
5841 2648 3321 3107 
5842 2962 3046 2701 
5843 3107 3321 2867 
5844 2723 3450 3056 
5845 2639 3133 3029 
5846 3100 3113 2655 
5847 2968 3151 2696 
5848 2667 3108 2924 
5849 516 3400 2970 
5850 2675 3368 2998 
5851 2645 3457 3198 
5852 2654 3272 3156 
5853 2969 3076 2683 
5854 2899 3257 2619 
5855 477 3033 476 
5856 2899 3160 2757 
5857 2961 3155 2754 
5858 2871 3383 3117 
5859 499 3089 2976 
5860 509 3007 508 
5861 2614 3298 3155 
5862 2613 3302 2982 
5863 2943 3294 469 
5864 3093 3329 2711 
5865 2989 3405 3154 
5866 2665 3024 2829 
5867 2981 3057 2761 
5868 556 3222 555 
5869 2914 3121 2692 
5870 2696 3038 2894 
5871 2694 3324 2972 
5872 2631 3104 2907 
5873 2910 3375 3350 
5874 2693 3057 2981 
5875 2676 3283 2928 
5876 2883 3254 2674 
5877 2928 3103 2710 
5878 2995 3305 2783 
5879 2745 3201 2903 
5880 2793 3113 3100 
5881 3115 3274 2755 
5882 3048 3280 2809 
5883 3190 3263 2642 
5884 2617 2860 2786 
5885 2677 3424 3006 
5886 2886 3263 3190 
5887 2949 3064 2630 
5888 2871 3210 2616 
5889 2757 3257 2899 
5890 468 3019 467 
5891 2663 3134 2920 
5892 3345 3404 2839 
5893 2973 3236 2658 
5894 2921 3454 2637 
5895 2620 3235 2937 
5896 2785 3369 3284 
5897 2905 3313 2624 
5898 126 3371 624 
5899 550 3137 2889 
5900 2604 3040 2964 
5901 2724 3089 2877 
5902 3079 3250 2735 
5903 2720 3267 2893 
5904 2923 3131 2700 
5905 2745 3244 2901 
5906 3217 3308 2861 
5907 2934 3065 2623 
5908 3025 3332 2707 
5909 2730 3429 2915 
5910 106 2968 547 
5911 3011 3160 2899 
5912 2710 3342 2928 
5913 2901 3244 2643 
5914 2726 3064 2949 
5915 2999 3355 2817 
5916 2616 3391 2897 
5917 2783 3346 2912 
5918 2875 3367 3231 
5919 2922 3043 2693 
5920 2714 3068 2951 
5921 512 3109 2918 
5922 2653 3200 3110 
5923 2705 2976 2724 
5924 2721 3065 2934 
5925 2908 3347 497 
5926 2911 3359 2802 
5927 2970 3400 2813 
5928 92 3047 524 
5929 2920 3134 2699 
5930 2915 3429 606 
5931 2628 3151 3013 
5932 3209 3223 2853 
5933 2744 3223 3209 
5934 2912 3346 2671 
5935 2990 3186 2732 
5936 460 3354 2953 
5937 2726 3428 2907 
5938 464 3087 463 
5939 2680 3331 2905 
5940 2766 3097 3063 
5941 572 3181 2892 
5942 592 3010 593 
5943 2799 3385 2910 
5944 3063 3097 2742 
5945 2951 3080 2714 
5946 3037 3384 2689 
5947 3002 3412 2609 
5948 2888 3462 2691 
5949 502 3276 2916 
5950 2689 3384 2950 
5951 2910 3350 2799 
5952 570 3352 3230 
5953 3050 3309 2810 
5954 2737 3145 2944 
5955 2907 3362 2726 
5956 2761 3211 2981 
5957 2798 3308 3217 
5958 2829 3042 2665 
5959 3053 3243 2747 
5960 3046 3139 2599 
5961 2718 3087 2932 
5962 2699 3214 2958 
5963 2633 3103 2928 
5964 2800 3375 2910 
5965 2807 3286 3071 
5966 2705 3226 3015 
5967 3019 3294 2794 
5968 118 3157 610 
5969 2937 3235 2760 
5970 2981 3211 2645 
5971 2827 3384 3037 
5972 2724 3226 2705 
5973 2786 2852 2617 
5974 2653 3292 2987 
5975 2953 3245 459 
5976 2957 3289 487 
5977 2808 3243 3053 
5978 2944 3145 2646 
5979 2712 3237 2967 
5980 2768 3151 2968 
5981 2837 3458 3143 
5982 2816 3336 2986 
5983 2946 3401 2883 
5984 2602 3248 3063 
5985 606 3220 2915 
5986 495 3163 494 
5987 569 3448 2935 
5988 2710 3459 2926 
5989 2931 3111 2720 
5990 3231 3367 2746 
5991 2710 3374 3342 
5992 3242 3387 2741 
5993 2869 3411 3403 
5994 2980 3329 2634 
5995 2903 3412 3065 
5996 2901 3325 2674 
5997 2947 3121 2631 
5998 2936 3136 2716 
5999 2779 3194 2733 
6000 2963 3185 2857 
6001 3013 3151 2768 
6002 2700 3131 2952 
6003 3113 3409 2655 
6004 2919 3452 2731 
6005 2904 3232 2615 
6006 3208 3248 2602 
6007 115 3273 565 
6008 2684 3127 2921 
6009 506 3068 505 
6010 2979 3360 2770 
6011 3179 3203 2763 
6012 2725 3321 2919 
6013 3022 3176 2825 
6014 2655 3409 3195 
6015 2919 3143 2725 
6016 519 3111 2931 
6017 2974 3193 2751 
6018 2892 3181 2707 
6019 2692 3121 2947 
6020 2608 3365 2887 
6021 598 3018 599 
6022 602 3273 115 
6023 2679 3443 2934 
6024 2731 3199 2919 
6025 2794 3294 2943 
6026 555 3312 109 
6027 2832 3137 551 
6028 3006 3438 490 
6029 2890 3337 2679 
6030 478 3059 477 
6031 493 3174 492 
6032 2942 3134 2612 
6033 2733 3392 2779 
6034 2928 3144 2633 
6035 2813 3400 3058 
6036 2784 3255 3062 
6037 2618 3333 2771 
6038 2996 3388 514 
6039 2946 3260 579 
6040 2739 3431 2914 
6041 2610 3202 2911 
6042 2671 3277 2912 
6043 2959 3105 2632 
6044 2994 3362 3104 
6045 3012 3108 2755 
6046 3033 3261 476 
6047 475 3049 474 
6048 3070 3125 2811 
6049 555 3222 3017 
6050 2969 3120 2744 
6051 2614 3434 3001 
6052 3056 3386 2823 
6053 2985 3154 2650 
6054 2666 3194 3098 
6055 2744 3207 2969 
6056 2864 3369 2663 
6057 2733 3194 2916 
6058 3231 3404 2875 
6059 605 3045 604 
6060 595 3043 2922 
6061 510 3071 509 
6062 2733 3276 3050 
6063 3098 3194 2779 
6064 2688 3427 2905 
6065 2970 3110 2727 
6066 477 3059 3033 
6067 600 3390 2910 
6068 2647 3159 2967 
6069 2943 3130 2794 
6070 3230 3352 2876 
6071 490 3438 489 
6072 2918 3402 3300 
6073 2756 3154 2985 
6074 2746 3378 2913 
6075 3303 3391 2789 
6076 3006 3424 2820 
6077 2949 3120 2683 
6078 2723 3219 2963 
6079 2750 3212 2997 
6080 3140 3287 2603 
6081 597 3348 2925 
6082 2824 3347 2908 
6083 2965 3126 2622 
6084 2922 3198 2796 
6085 2910 3385 601 
6086 3029 3451 2639 
6087 514 3388 513 
6088 2686 3240 2917 
6089 2675 3435 2984 
6090 2940 3444 2638 
6091 513 3109 512 
6092 2930 3119 2618 
6093 509 3071 3007 
6094 2624 3317 2992 
6095 594 3043 595 
6096 2720 3298 3001 
6097 2731 3452 2938 
6098 518 3058 517 
6099 2692 3285 2914 
6100 2859 3409 3101 
6101 2753 3218 2909 
6102 2838 3335 3236 
6103 3101 3409 2736 
6104 2972 3324 3208 
6105 2662 3341 3282 
6106 2676 3278 2911 
6107 2969 3207 2604 
6108 2771 3222 2909 
6109 2930 3226 2724 
6110 576 3056 577 
6111 2917 3240 2749 
6112 2956 3447 2626 
6113 2739 3178 3122 
6114 2606 3199 2941 
6115 471 3101 470 
6116 2749 3456 3176 
6117 2729 3425 2902 
6118 2644 3406 3093 
6119 2909 3204 2753 
6120 3229 3302 2613 
6121 2735 3153 2955 
6122 2737 3252 3016 
6123 3122 3178 2797 
6124 2976 3089 2724 
6125 2628 3196 2939 
6126 2760 3169 3161 
6127 2887 3365 3159 
6128 2924 3397 2627 
6129 2762 3258 3112 
6130 2949 3428 2726 
6131 2702 3426 3091 
6132 3159 3365 2748 
6133 2780 3307 2923 
6134 2695 3394 2932 
6135 624 3371 2777 
6136 2732 3186 3077 
6137 3060 3378 2637 
6138 2995 3270 455 
6139 453 3090 452 
6140 2824 3310 3008 
6141 3156 3272 2793 
6142 2955 3153 2601 
6143 2933 3291 2682 
6144 3304 3323 2830 
6145 603 3074 116 
6146 3091 3426 2884 
6147 3172 3317 2831 
6148 2640 3243 3165 
6149 3099 3126 2713 
6150 2783 3305 2959 
6151 2926 3459 2776 
6152 471 3432 3101 
6153 2938 3275 2681 
6154 549 3036 548 
6155 3202 3258 2762 
6156 2812 3373 3007 
6157 2670 3404 3231 
6158 2639 3451 3147 
6159 2928 3342 2676 
6160 2967 3159 2748 
6161 2935 3352 569 
6162 2715 3252 3116 
6163 2775 3389 2992 
6164 2789 3185 2963 
6165 3009 3354 461 
6166 2818 3399 3271 
6167 2940 3200 2743 
6168 2784 3318 3255 
6169 578 3450 3401 
6170 2982 3288 2881 
6171 3076 3084 2683 
6172 468 3294 3019 
6173 510 3300 3071 
6174 2929 3361 2822 
6175 2935 3448 2755 
6176 2941 3199 2731 
6177 2683 3120 2969 
6178 2916 3194 2666 
6179 2747 3189 3053 
6180 3045 3429 2730 
6181 2727 3234 2970 
6182 2830 3126 3099 
6183 2807 3402 2991 
6184 489 3264 488 
6185 2607 3146 2994 
6186 2988 3210 2745 
6187 2945 3220 607 
6188 2772 3255 2600 
6189 2748 3147 2967 
6190 2920 3157 2663 
6191 3403 3411 2811 
6192 2944 3247 2737 
6193 2932 3394 2718 
6194 2671 3247 2944 
6195 2938 3452 2648 
6196 2732 3192 2990 
6197 579 3401 2946 
6198 2734 3447 2956 
6199 2743 3444 2940 
6200 2858 3257 3164 
6201 2708 3305 2995 
6202 2989 3154 2756 
6203 3161 3169 2797 
6204 3157 3293 610 
6205 2801 3261 3033 
6206 2743 3200 2979 
6207 2896 3332 3025 
6208 2876 3352 2935 
6209 2989 3146 2607 
6210 2991 3402 2672 
6211 3030 3095 2785 
6212 467 3225 466 
6213 3188 3301 2855 
6214 514 3234 2996 
6215 457 3262 456 
6216 3033 3059 2738 
6217 2637 3378 3173 
6218 3060 3454 3394 
6219 2986 3336 585 
6220 2880 3129 107 
6221 3007 3373 508 
6222 2643 3297 3023 
6223 3004 3187 2780 
6224 2998 3368 2791 
6225 2748 3365 3021 
6226 2994 3146 2726 
6227 2952 3381 2826 
6228 3061 3268 2787 
6229 3216 3434 2614 
6230 2954 3253 3106 
6231 2941 3374 2710 
6232 3009 3441 2815 
6233 2879 3268 3061 
6234 2784 3301 3188 
6235 2761 3084 3076 
6236 3011 3177 2646 
6237 2804 3177 3011 
6238 458 3217 457 
6239 2690 3203 2937 
6240 2852 3310 2617 
6241 2979 3200 2653 
6242 2994 3122 2607 
6243 3071 3300 2807 
6244 2704 3124 3003 
6245 2925 3348 2796 
6246 2754 3082 3081 
6247 3268 3326 2787 
6248 2927 3332 2626 
6249 3121 3431 2631 
6250 2910 3390 2800 
6251 2782 3177 3142 
6252 2943 3101 2736 
6253 2975 3209 2652 
6254 2618 3226 2930 
6255 2631 3431 3104 
6256 580 3096 581 
6257 2698 3422 3018 
6258 2683 3428 2949 
6259 2835 3358 3179 
6260 2977 3175 2598 
6261 2634 3290 2950 
6262 3077 3446 2787 
6263 3101 3432 2859 
6264 2958 3269 608 
6265 2992 3317 2775 
6266 2791 3191 3020 
6267 570 3230 571 
6268 3142 3177 2804 
6269 2946 3325 2769 
6270 3081 3082 2750 
6271 548 3215 106 
6272 2963 3219 2651 
6273 2815 3354 3009 
6274 2765 3324 2948 
6275 104 2774 545 
6276 2626 3447 2983 
6277 2972 3208 2602 
6278 475 3261 3049 
6279 2674 3325 2946 
6280 2739 3122 2994 
6281 2962 3444 2743 
6282 2709 3340 3072 
6283 2703 3407 3166 
6284 3036 3413 3215 
6285 568 3448 569 
6286 2823 3386 3128 
6287 2974 3430 3193 
6288 2654 3304 3099 
6289 562 3086 2834 
6290 579 3260 580 
6291 3342 3374 2851 
6292 2967 3237 2647 
6293 488 3264 2957 
6294 551 3137 550 
6295 3165 3243 2808 
6296 515 3234 514 
6297 3002 3156 2793 
6298 2996 3234 2727 
6299 590 3259 591 
6300 606 3429 605 
6301 486 3398 485 
6302 2948 3324 2694 
6303 2928 3283 3144 
6304 2769 3260 2946 
6305 478 3393 3059 
6306 3099 3304 2830 
6307 520 3111 519 
6308 124 3319 618 
6309 2817 3184 3023 
6310 2816 3186 2990 
6311 2869 3403 3072 
6312 2734 3338 2975 
6313 2959 3346 2783 
6314 3007 3320 2812 
6315 521 3299 520 
6316 2799 3327 3273 
6317 3127 3454 2921 
6318 2978 3306 2650 
6319 2715 3236 2973 
6320 3074 3128 116 
6321 3275 3308 2798 
6322 582 3355 2999 
6323 522 3213 3022 
6324 592 3279 3010 
6325 2736 3130 2943 
6326 567 3115 568 
6327 2673 3302 3242 
6328 3023 3427 2688 
6329 2681 3449 2953 
6330 2975 3207 2744 
6331 3242 3302 2882 
6332 2987 3216 2770 
6333 2744 3209 2975 
6334 3041 3396 2687 
6335 2672 3402 3233 
6336 2970 3234 515 
6337 523 3213 522 
6338 2964 3379 2604 
6339 610 3293 609 
6340 2773 3253 2954 
6341 2997 3212 2619 
6342 3233 3402 2918 
6343 577 3450 578 
6344 3058 3400 517 
6345 3040 3338 2734 
6346 116 3128 575 
6347 3094 3271 2697 
6348 2818 3271 3094 
6349 2845 3206 3074 
6350 3173 3180 2637 
6351 3016 3330 2737 
6352 2973 3407 2703 
6353 2967 3451 2712 
6354 2604 3339 2969 
6355 2822 3361 3067 
6356 2998 3281 482 
6357 3062 3392 2641 
6358 3067 3361 2672 
6359 2990 3192 587 
6360 2646 3160 3011 
6361 2954 3265 2773 
6362 3088 3118 2810 
6363 2620 3249 3235 
6364 2984 3435 2722 
6365 2623 3412 3002 
6366 3152 3411 2869 
6367 2645 3136 3034 
6368 3018 3422 2800 
6369 2795 3156 3002 
6370 2802 3180 3173 
6371 3036 3215 548 
6372 2985 3368 2675 
6373 2618 3218 3015 
6374 2659 3411 3152 
6375 2781 3249 2978 
6376 91 3334 491 
6377 2650 3405 2978 
6378 3020 3205 480 
6379 2974 3102 626 
6380 2691 3462 3013 
6381 3143 3458 2725 
6382 2800 3390 3018 
6383 558 3204 557 
6384 2637 3454 3060 
6385 473 3158 472 
6386 3239 3366 2651 
6387 2830 3323 3091 
6388 3023 3184 2643 
6389 612 3369 119 
6390 607 3220 606 
6391 574 3334 91 
6392 2958 3214 2778 
6393 2651 3366 3228 
6394 2992 3197 2680 
6395 2767 3128 3074 
6396 3224 3433 2661 
6397 2641 3118 3088 
6398 2860 3051 2753 
6399 576 3386 3056 
6400 2732 3396 3041 
6401 2711 3329 2980 
6402 3350 3375 2660 
6403 547 3123 105 
6404 3031 3164 2757 
6405 2749 3176 3022 
6406 2687 3149 3041 
6407 2717 3125 3070 
6408 2795 3323 3304 
6409 2653 3360 2979 
6410 609 3293 2958 
6411 2753 3204 2860 
6412 480 3205 479 
6413 105 3123 2894 
6414 2982 3302 2673 
6415 2717 3320 3007 
6416 2623 3445 3100 
6417 3013 3462 2814 
6418 3097 3356 2742 
6419 2764 3388 2996 
6420 3018 3390 599 
6421 3291 3343 2792 
6422 2770 3360 2987 
6423 2641 3392 3118 
6424 3401 3450 2883 
6425 92 3364 3047 
6426 2726 3362 2994 
6427 3039 3243 2640 
6428 2987 3360 2653 
6429 2702 3323 3117 
6430 2640 3246 3032 
6431 2991 3286 2807 
6432 2712 3414 3237 
6433 3017 3222 2771 
6434 571 3181 572 
6435 2993 3051 2617 
6436 494 3357 493 
6437 3130 3272 2654 
6438 3019 3225 467 
6439 3300 3402 2807 
6440 3068 3309 505 
6441 2898 3387 3093 
6442 106 3215 2968 
6443 3261 3414 3049 
6444 2753 3051 3015 
6445 2805 3175 3054 
6446 3020 3191 2758 
6447 3047 3364 2804 
6448 2980 3384 2827 
6449 2884 3231 3167 
6450 456 3262 2995 
6451 3021 3337 2890 
6452 2669 3164 3031 
6453 3069 3169 2760 
6454 2960 3242 2741 
6455 2788 3017 2635 
6456 2978 3405 2781 
6457 123 3423 616 
6458 503 3276 502 
6459 3028 3224 2661 
6460 3022 3213 2749 
6461 2788 3312 3017 
6462 3075 3206 2664 
6463 3013 3413 2691 
6464 578 3401 579 
6465 2987 3292 2719 
6466 2599 3187 3046 
6467 482 3281 481 
6468 587 3192 588 
6469 489 3438 3264 
6470 2920 3293 3157 
6471 2758 3205 3020 
6472 3159 3266 2887 
6473 490 3380 3006 
6474 2767 3206 3075 
6475 2742 3356 3162 
6476 3096 3355 581 
6477 2607 3169 3069 
6478 2773 3196 3073 
6479 3039 3214 2699 
6480 2650 3370 2985 
6481 616 3423 3037 
6482 2969 3339 3076 
6483 3059 3393 2850 
6484 3119 3333 2618 
6485 2755 3274 3012 
6486 2851 3374 3078 
6487 2719 3434 2987 
6488 3016 3252 2715 
6489 3079 3290 2854 
6490 3041 3192 2732 
6491 2817 3355 3096 
6492 2793 3445 3002 
6493 3204 3417 2860 
6494 618 3314 617 
6495 3001 3298 2614 
6496 3166 3407 2828 
6497 2657 3316 3082 
6498 628 2774 129 
6499 2709 3253 3073 
6500 459 3245 458 
6501 2751 3224 3028 
6502 3063 3248 2766 
6503 2856 3433 3224 
6504 2953 3449 3245 
6505 2778 3269 2958 
6506 2960 3183 619 
6507 3117 3323 2795 
6508 3015 3218 2753 
6509 3158 3432 472 
6510 3021 3365 2608 
6511 2959 3305 3105 
6512 560 3238 112 
6513 2755 3448 3115 
6514 3318 3344 2600 
6515 3015 3226 2618 
6516 3128 3386 575 
6517 2791 3281 2998 
6518 3190 3419 2865 
6519 3073 3253 2773 
6520 3073 3196 2628 
6521 3077 3186 2649 
6522 2992 3389 3197 
6523 2735 3250 3153 
6524 3006 3380 2849 
6525 3004 3399 2701 
6526 3394 3454 2718 
6527 3068 3460 3309 
6528 3145 3296 2646 
6529 2604 3338 3040 
6530 2759 3278 3083 
6531 3133 3195 2752 
6532 2747 3243 3039 
6533 3008 3310 2678 
6534 3215 3413 2768 
6535 3171 3237 2801 
6536 2840 3328 3031 
6537 3031 3328 2906 
6538 2968 3123 547 
6539 3228 3303 2789 
6540 3193 3430 2597 
6541 3001 3434 2719 
6542 3120 3223 2744 
6543 476 3261 475 
6544 2837 3256 3053 
6545 2646 3296 3160 
6546 2839 3303 3228 
6547 3106 3253 2709 
6548 3153 3250 2805 
6549 2598 3330 3016 
6550 455 3270 454 
6551 2766 3229 3097 
6552 2691 3413 3036 
6553 3074 3206 2767 
6554 2912 3277 3090 
6555 3250 3437 2805 
6556 2797 3169 3122 
6557 3052 3240 2686 
6558 3070 3411 2659 
6559 2780 3287 3028 
6560 3002 3445 2623 
6561 3012 3274 2660 
6562 2906 3437 3250 
6563 3061 3389 2775 
6564 3122 3169 2607 
6565 2797 3455 3161 
6566 487 3289 486 
6567 2861 3308 3107 
6568 2765 3406 3135 
6569 2919 3199 3143 
6570 3143 3199 2606 
6571 2627 3397 3012 
6572 2758 3306 3251 
6573 469 3294 468 
6574 2811 3411 3070 
6575 2625 3326 3026 
6576 2786 3295 2852 
6577 2647 3237 3171 
6578 2663 3157 2864 
6579 3062 3255 2779 
6580 2768 3413 3013 
6581 3012 3397 3108 
6582 2831 3337 3021 
6583 3322 3444 2962 
6584 511 3300 510 
6585 505 3309 504 
6586 591 3279 592 
6587 3053 3256 2808 
6588 2638 3444 3322 
6589 2672 3233 3067 
6590 2600 3044 2772 
6591 2878 3343 3132 
6592 2740 3440 2848 
6593 3205 3393 479 
6594 614 3014 121 
6595 497 3347 496 
6596 3124 3246 2776 
6597 627 3430 2974 
6598 3050 3276 503 
6599 3067 3233 2764 
6600 2848 3344 3318 
6601 2712 3451 3029 
6602 2820 3438 3006 
6603 513 3388 3109 
6604 619 3183 124 
6605 3097 3229 2613 
6606 2760 3235 3069 
6607 451 3364 92 
6608 2696 3123 2968 
6609 601 3385 602 
6610 2771 3333 3044 
6611 617 3314 3085 
6612 3165 3246 2640 
6613 2639 3415 3133 
6614 3113 3272 2736 
6615 2736 3272 3130 
6616 2766 3248 3135 
6617 3024 3280 622 
6618 2717 3286 3125 
6619 461 3354 460 
6620 3055 3436 2764 
6621 2600 3344 3044 
6622 3044 3333 2772 
6623 3034 3457 2645 
6624 508 3373 507 
6625 2764 3233 3109 
6626 3168 3415 2639 
6627 616 3421 615 
6628 2655 3195 3133 
6629 2772 3119 3098 
6630 491 3380 490 
6631 3201 3210 2871 
6632 563 3086 562 
6633 588 3192 3041 
6634 479 3393 478 
6635 3263 3455 2797 
6636 484 3395 483 
6637 2745 3210 3201 
6638 569 3352 570 
6639 608 3269 117 
6640 517 3400 516 
6641 3116 3236 2715 
6642 3282 3318 2784 
6643 3092 3395 484 
6644 585 3336 586 
6645 581 3355 582 
6646 2762 3283 3202 
6647 2841 3315 3211 
6648 2641 3301 3062 
6649 3204 3442 557 
6650 596 3348 597 
6651 558 3417 3204 
6652 472 3432 471 
6653 3037 3421 616 
6654 3109 3233 2918 
6655 2765 3248 3208 
6656 2848 3318 3282 
6657 3106 3403 2811 
6658 2838 3236 3116 
6659 3060 3394 2695 
6660 2605 3425 2729 
6661 2764 3436 3067 
6662 575 3386 576 
6663 3044 3344 2635 
6664 2842 3415 3168 
6665 3139 3381 2599 
6666 3076 3339 2841 
6667 2709 3403 3106 
6668 3037 3423 2827 
6669 2850 3251 3170 
6670 2821 3311 3152 
6671 492 3174 564 
6672 599 3390 600 
6673 2826 3381 3139 
6674 2806 3419 3285 
6675 2894 3123 2696 
6676 2643 3244 3114 
6677 2649 3389 3061 
6678 2856 3224 3193 
6679 3118 3392 2733 
6680 3297 3382 2803 
6681 3183 3319 124 
6682 2864 3157 118 
6683 3109 3388 2764 
6684 3178 3263 2797 
6685 3073 3340 2709 
6686 3062 3301 2784 
6687 2773 3265 3094 
6688 2791 3370 3191 
6689 3131 3307 2599 
6690 2904 3421 3037 
6691 580 3260 3096 
6692 3193 3224 2751 
6693 2968 3215 2768 
6694 2913 3378 3060 
6695 3102 3371 128 
6696 2638 3436 3055 
6697 3112 3258 2790 
6698 3070 3320 2717 
6699 3090 3277 2782 
6700 2834 3221 113 
6701 3054 3410 2805 
6702 3103 3459 2710 
6703 3082 3316 2750 
6704 3148 3363 2770 
6705 605 3429 3045 
6706 571 3230 3181 
6707 3080 3311 2714 
6708 2613 3356 3097 
6709 3135 3248 2765 
6710 2750 3316 3212 
6711 3207 3338 2604 
6712 2650 3306 3191 
6713 3096 3260 2769 
6714 3167 3231 2746 
6715 2642 3263 3178 
6716 3219 3239 2651 
6717 458 3245 3217 
6718 2823 3239 3219 
6719 557 3442 556 
6720 2599 3381 3131 
6721 2779 3392 3062 
6722 2610 3258 3202 
6723 2648 3452 3321 
6724 3181 3230 2707 
6725 2796 3457 3034 
6726 2793 3272 3113 
6727 2787 3446 3061 
6728 3105 3305 2708 
6729 2790 3366 3075 
6730 3212 3316 2819 
6731 3321 3452 2919 
6732 2657 3456 3316 
6733 3163 3357 494 
6734 2975 3338 3207 
6735 3156 3304 2654 
6736 2647 3266 3159 
6737 2776 3246 3165 
6738 613 3284 612 
6739 3049 3414 2712 
6740 3131 3381 2952 
6741 564 3174 563 
6742 553 3461 2880 
6743 3104 3362 2907 
6744 2810 3460 3088 
6745 3328 3437 2906 
6746 2776 3459 3103 
6747 3309 3460 2810 
6748 2801 3414 3261 
6749 3061 3446 2649 
6750 622 3280 125 
6751 2598 3437 3328 
6752 3114 3297 2643 
6753 3217 3245 2798 
6754 3088 3460 2714 
6755 2792 3398 3289 
6756 3107 3308 2648 
6757 3056 3450 577 
6758 3164 3257 2757 
6759 3091 3323 2702 
6760 3160 3296 2757 
6761 3065 3412 2623 
6762 3072 3403 2709 
6763 2599 3307 3187 
6764 3170 3251 2656 
6765 2923 3307 3131 
6766 3144 3283 2762 
6767 113 3221 561 
6768 520 3299 3111 
6769 2620 3358 3249 
6770 2740 3129 2880 
6771 2678 3241 3221 
6772 2840 3296 3145 
6773 2905 3427 3313 
6774 3136 3315 2716 
6775 3108 3397 2924 
6776 3147 3451 2967 
6777 3093 3387 2644 
6778 2795 3304 3156 
6779 2649 3446 3077 
6780 2714 3460 3068 
6781 3188 3282 2784 
6782 3258 3345 2790 
6783 618 3319 3314 
6784 3237 3414 2801 
6785 3314 3319 2898 
6786 2914 3431 3121 
6787 3185 3391 2616 
6788 3017 3312 555 
6789 3142 3364 451 
6790 2645 3315 3136 
6791 3154 3405 2650 
6792 2772 3333 3119 
6793 3100 3445 2793 
6794 2736 3409 3113 
6795 2775 3317 3172 
6796 3191 3306 2758 
6797 2741 3183 2960 
6798 2882 3302 3229 
6799 3255 3318 2600 
6800 3132 3343 2652 
6801 2662 3282 3188 
6802 2668 3363 3148 
6803 2809 3280 3024 
6804 3162 3356 2873 
6805 2718 3454 3127 
6806 3104 3431 2739 
6807 2746 3367 3173 
6808 3301 3408 2855 
6809 2804 3364 3142 
6810 3115 3448 568 
6811 2641 3408 3301 
6812 3135 3406 2644 
6813 3259 3279 591 
6814 3197 3389 2649 
6815 3208 3324 2765 
6816 3275 3449 2681 
6817 3187 3307 2780 
6818 2802 3359 3180 
6819 2777 3102 2636 
6820 3180 3359 2759 
6821 2805 3437 3175 
6822 2806 3279 3259 
6823 561 3241 560 
6824 3383 3426 2702 
6825 2838 3458 3335 
6826 3179 3358 2620 
6827 3133 3415 2655 
6828 3173 3367 2802 
6829 2635 2880 2788 
6830 3153 3410 2601 
6831 2897 3426 3383 
6832 2909 3442 3204 
6833 3375 3422 2866 
6834 2635 3440 2880 
6835 3353 3425 2605 
6836 3211 3315 2645 
6837 3173 3378 2746 
6838 3328 3330 2598 
6839 3264 3438 2820 
6840 2805 3410 3153 
6841 2661 3433 3271 
6842 2840 3330 3328 
6843 2888 3425 3353 
6844 2987 3434 3216 
6845 2789 3391 3185 
6846 3175 3437 2598 
6847 2642 3419 3190 
6848 2759 3359 3278 
6849 3191 3370 2650 
6850 3353 3462 2888 
6851 2800 3422 3375 
6852 3245 3449 2798 
6853 3086 3357 2834 
6854 602 3385 3273 
6855 3278 3359 2911 
6856 3195 3409 2859 
6857 3334 3380 491 
6858 2610 3345 3258 
6859 3176 3456 2657 
6860 2880 3440 2740 
6861 3161 3455 2625 
6862 2849 3380 3334 
6863 2848 3440 3344 
6864 2815 3441 3439 
6865 2875 3372 3367 
6866 2834 3357 3163 
6867 3367 3372 2802 
6868 3295 3349 559 
6869 3439 3441 2900 
6870 3376 3443 2679 
6871 3221 3241 561 
6872 3344 3440 2635 
6873 2852 3241 2678 
6874 2788 3461 554 
6875 3303 3404 2670 
6876 2874 3443 3376 
6877 2820 3424 3418 
6878 3198 3457 2796 
6879 2604 3379 3339 
6880 3273 3385 2799 
6881 2831 3376 3337 
6882 3337 3376 2679 
6883 2886 3455 3263 
6884 3289 3398 486 
6885 2839 3404 3303 
6886 108 3461 553 
6887 109 3312 2788 
6888 3418 3424 2872 
6889 112 3295 559 
6890 2821 3416 3408 
6891 2985 3370 3368 
6892 3271 3433 2697 
6893 3316 3456 2819 
6894 3368 3370 2791 
6895 2852 3295 3238 
6896 3408 3416 2855 
6897 556 3442 3222 
6898 3284 3369 612 
6899 3339 3379 2841 
6900 2678 3310 2852 
6901 3313 3427 2803 
6902 2798 3449 3275 
6903 3377 3396 2895 
6904 2687 3396 3377 
6905 563 3174 3086 
6906 2814 3462 3353 
6907 3335 3458 2837 
6908 119 3369 2864 
6909 2860 3349 2786 
6910 3238 3241 2852 
6911 2597 3430 2774 
6912 3222 3442 2909 
6913 560 3241 3238 
6914 2777 3371 3102 
6915 3349 3417 110 
6916 111 3349 110 
6917 128 3371 127 
6918 121 3014 120 
6919 2860 3417 3349 
6920 127 3371 625 
6921 3238 3295 112 
6922 2880 3461 2788 
6923 122 3014 614 
6924 2786 3349 3295 
6925 625 3371 126 
6926 114 51 564 
6927 564 51 492 
6928 545 2774 103 
6929 103 2774 628 
6930 3174 3357 3086 
2 4 2 647
6931 651 3556 652 
6932 385 3555 386 
6933 3488 3557 3550 
6934 3550 3557 3463 
6935 3544 3553 3484 
6936 3467 3553 3544 
6937 3545 3655 3480 
6938 3515 3655 3545 
6939 3485 3579 3533 
6940 3469 3681 3534 
6941 3556 3654 652 
6942 385 3653 3555 
6943 3491 3609 3540 
6944 3532 3571 3484 
6945 3609 3615 3475 
6946 3522 3615 3609 
6947 3610 3614 3523 
6948 3476 3614 3610 
6949 3480 3655 3567 
6950 3567 3655 3524 
6951 3466 3680 3554 
6952 3543 3579 3485 
6953 3581 3680 3466 
6954 3549 3634 3468 
6955 3505 3617 3527 
6956 3528 3616 3504 
6957 3527 3636 3505 
6958 3504 3635 3528 
6959 3524 3655 3557 
6960 3488 3582 3543 
6961 3543 3582 3472 
6962 3484 3591 3532 
6963 3533 3592 3485 
6964 3549 3690 3634 
6965 3546 3710 3518 
6966 3539 3621 3476 
6967 3499 3621 3539 
6968 3486 3599 3534 
6969 3534 3599 3469 
6970 3568 3642 3503 
6971 3557 3655 3515 
6972 3468 3598 3540 
6973 3540 3598 3491 
6974 3478 3651 3530 
6975 3529 3652 3479 
6976 3572 3681 3469 
6977 3569 3605 3513 
6978 3478 3605 3569 
6979 3597 3710 3546 
6980 3562 3702 565 
6981 450 3701 3563 
6982 566 3562 565 
6983 450 3563 449 
6984 3481 3690 3549 
6985 3534 3602 3486 
6986 3508 3702 3562 
6987 3563 3701 3507 
6988 3530 3638 3478 
6989 3479 3639 3529 
6990 3472 3579 3543 
6991 3589 3665 3525 
6992 3526 3666 3590 
6993 3568 3678 3642 
6994 3557 3645 3463 
6995 3515 3645 3557 
6996 3548 3633 3481 
6997 3489 3665 3589 
6998 3590 3666 3490 
6999 3544 3580 3487 
7000 3543 3581 3488 
7001 3540 3693 3500 
7002 3467 3637 3541 
7003 3520 3711 3537 
7004 3538 3712 3521 
7005 3487 3597 3544 
7006 3544 3597 3467 
7007 3650 3729 573 
7008 3632 3690 3481 
7009 3476 3610 3539 
7010 3539 3610 3492 
7011 574 3650 573 
7012 3489 3589 3555 
7013 3556 3590 3490 
7014 91 3646 574 
7015 3492 3674 3539 
7016 655 3552 656 
7017 381 3551 382 
7018 3557 3692 3524 
7019 3466 3692 3581 
7020 3466 3709 3692 
7021 3662 3696 3528 
7022 3527 3695 3663 
7023 3511 3583 3558 
7024 3558 3583 3489 
7025 3490 3584 3559 
7026 3559 3584 3512 
7027 3541 3718 3478 
7028 3479 3719 3542 
7029 3537 3673 3520 
7030 3521 3672 3538 
7031 3646 3650 574 
7032 653 3654 3559 
7033 3558 3653 384 
7034 3472 3580 3571 
7035 3657 3676 3560 
7036 3561 3675 3658 
7037 3472 3582 3580 
7038 3545 3679 3515 
7039 3589 3748 3555 
7040 3556 3749 3590 
7041 3548 3620 3464 
7042 3500 3620 3548 
7043 3465 3622 3547 
7044 3547 3622 3499 
7045 3641 3642 3477 
7046 3531 3642 3641 
7047 659 3643 131 
7048 74 3644 378 
7049 3484 3688 3544 
7050 3550 3582 3488 
7051 3594 3638 3530 
7052 3529 3639 3593 
7053 3547 3720 3465 
7054 3495 3638 3594 
7055 3593 3639 3496 
7056 3570 3652 3510 
7057 3478 3638 3541 
7058 3496 3639 3542 
7059 3542 3639 3479 
7060 3540 3667 3468 
7061 3464 3677 3548 
7062 3482 3657 3560 
7063 3561 3658 3483 
7064 3553 3740 3484 
7065 3488 3692 3557 
7066 3467 3597 3546 
7067 3625 3632 3518 
7068 3582 3723 3580 
7069 3574 3610 3523 
7070 3492 3610 3574 
7071 3522 3609 3573 
7072 3573 3609 3491 
7073 3609 3693 3540 
7074 3480 3618 3545 
7075 3503 3705 3568 
7076 3539 3640 3499 
7077 3541 3684 3467 
7078 3542 3685 3496 
7079 3500 3667 3540 
7080 3564 3645 3486 
7081 3550 3613 3487 
7082 3470 3665 3583 
7083 3584 3666 3471 
7084 3570 3694 3652 
7085 3547 3618 3480 
7086 3499 3618 3547 
7087 3570 3629 3474 
7088 3510 3629 3570 
7089 3485 3680 3543 
7090 3600 3665 3470 
7091 3471 3666 3601 
7092 3501 3632 3625 
7093 652 3654 653 
7094 384 3653 385 
7095 3568 3705 3598 
7096 635 3573 636 
7097 643 3574 644 
7098 3513 3696 3662 
7099 3663 3695 3514 
7100 3492 3698 3565 
7101 3566 3697 3491 
7102 3555 3734 386 
7103 651 3735 3556 
7104 3518 3708 3546 
7105 3480 3656 3547 
7106 3471 3630 3560 
7107 3560 3630 3505 
7108 3504 3631 3561 
7109 3561 3631 3470 
7110 645 3575 646 
7111 633 3576 634 
7112 3638 3684 3541 
7113 3500 3693 3619 
7114 3475 3728 3672 
7115 3673 3727 3476 
7116 3495 3684 3638 
7117 3463 3613 3550 
7118 3615 3728 3475 
7119 3476 3727 3614 
7120 3491 3697 3573 
7121 3574 3698 3492 
7122 3481 3691 3548 
7123 3549 3691 3481 
7124 3500 3691 3549 
7125 3548 3691 3500 
7126 3513 3662 3569 
7127 3483 3635 3561 
7128 3561 3635 3504 
7129 3505 3636 3560 
7130 3560 3636 3482 
7131 655 3623 3552 
7132 3551 3624 382 
7133 3546 3637 3467 
7134 3572 3674 3492 
7135 3548 3677 3633 
7136 3537 3711 3630 
7137 3631 3712 3538 
7138 3549 3667 3500 
7139 3568 3598 3468 
7140 3507 3604 3588 
7141 3587 3603 3508 
7142 3555 3653 3489 
7143 3490 3654 3556 
7144 3493 3753 3728 
7145 3727 3752 3494 
7146 381 3626 3551 
7147 3552 3627 656 
7148 568 3585 567 
7149 448 3586 447 
7150 3468 3667 3549 
7151 648 3590 649 
7152 630 3589 631 
7153 3489 3653 3558 
7154 3559 3654 3490 
7155 3512 3676 3657 
7156 3658 3675 3511 
7157 3600 3753 3493 
7158 3494 3752 3601 
7159 633 3611 3576 
7160 3575 3612 646 
7161 3576 3615 3522 
7162 3493 3615 3576 
7163 3523 3614 3575 
7164 3575 3614 3494 
7165 3606 3677 3464 
7166 3498 3720 3656 
7167 3467 3684 3553 
7168 3607 3720 3498 
7169 3478 3718 3605 
7170 3608 3719 3479 
7171 635 3703 3573 
7172 3574 3704 644 
7173 565 3702 115 
7174 90 3701 450 
7175 3564 3625 3463 
7176 3501 3625 3564 
7177 3645 3679 3486 
7178 3689 3725 3506 
7179 3487 3723 3550 
7180 3594 3659 3495 
7181 3496 3660 3593 
7182 3599 3679 3545 
7183 645 3704 3575 
7184 3576 3703 634 
7185 3567 3656 3480 
7186 3577 3635 3483 
7187 3528 3635 3577 
7188 3578 3636 3527 
7189 3482 3636 3578 
7190 3605 3606 3513 
7191 3497 3606 3605 
7192 3607 3608 3514 
7193 3498 3608 3607 
7194 3633 3708 3481 
7195 3546 3708 3633 
7196 3528 3696 3616 
7197 3617 3695 3527 
7198 3509 3628 3562 
7199 3563 3629 3510 
7200 3484 3740 3591 
7201 3592 3742 3485 
7202 3659 3741 3495 
7203 3496 3743 3660 
7204 3499 3640 3618 
7205 3576 3611 3493 
7206 3494 3612 3575 
7207 648 3700 3590 
7208 3589 3699 631 
7209 3554 3685 3466 
7210 3551 3671 3483 
7211 3482 3670 3552 
7212 3530 3651 3585 
7213 3586 3652 3529 
7214 3507 3738 3563 
7215 3562 3737 3508 
7216 3646 3689 3506 
7217 3474 3629 3588 
7218 3587 3628 3473 
7219 384 3687 3558 
7220 3559 3686 653 
7221 3569 3651 3478 
7222 3509 3651 3569 
7223 570 3594 569 
7224 446 3593 445 
7225 3483 3658 3551 
7226 3552 3657 3482 
7227 640 3595 641 
7228 638 3596 639 
7229 3516 3603 3587 
7230 3588 3604 3517 
7231 3580 3688 3571 
7232 3573 3703 3522 
7233 3523 3704 3574 
7234 3662 3717 3569 
7235 3532 3729 3650 
7236 3575 3704 3523 
7237 3522 3703 3576 
7238 3591 3740 3535 
7239 3536 3742 3592 
7240 642 3682 3565 
7241 3566 3683 637 
7242 632 3611 633 
7243 646 3612 647 
7244 3558 3687 3511 
7245 3512 3686 3559 
7246 3565 3682 3502 
7247 3503 3683 3566 
7248 566 3648 3562 
7249 3563 3647 449 
7250 3637 3718 3541 
7251 3565 3739 3492 
7252 3463 3645 3564 
7253 3562 3648 3509 
7254 3510 3647 3563 
7255 568 3732 3585 
7256 3586 3731 447 
7257 3567 3649 3498 
7258 3564 3733 3501 
7259 3565 3698 642 
7260 637 3697 3566 
7261 3596 3642 3531 
7262 3531 3641 3595 
7263 3649 3685 3542 
7264 3466 3685 3649 
7265 3613 3625 3518 
7266 3595 3641 3502 
7267 3503 3642 3596 
7268 3502 3739 3565 
7269 3590 3700 3526 
7270 3525 3699 3589 
7271 3468 3751 3568 
7272 3560 3676 3471 
7273 3470 3675 3561 
7274 3534 3724 3602 
7275 3472 3661 3579 
7276 3491 3705 3566 
7277 3599 3750 3469 
7278 3545 3750 3599 
7279 3569 3717 3509 
7280 3474 3663 3570 
7281 3570 3663 3514 
7282 3483 3671 3577 
7283 3577 3671 3516 
7284 3517 3670 3578 
7285 3578 3670 3482 
7286 3486 3664 3564 
7287 3602 3724 3477 
7288 380 3626 381 
7289 656 3627 657 
7290 3640 3750 3618 
7291 3572 3739 3502 
7292 3641 3681 3502 
7293 3498 3656 3567 
7294 3585 3732 3530 
7295 3529 3731 3586 
7296 3652 3694 3479 
7297 3685 3743 3496 
7298 3566 3705 3503 
7299 3585 3648 567 
7300 448 3647 3586 
7301 3509 3648 3585 
7302 3586 3647 3510 
7303 3543 3680 3581 
7304 3514 3694 3570 
7305 3492 3739 3572 
7306 3616 3669 3504 
7307 3505 3668 3617 
7308 3621 3622 3520 
7309 3499 3622 3621 
7310 3521 3620 3619 
7311 3619 3620 3500 
7312 654 3623 655 
7313 382 3624 383 
7314 3571 3661 3472 
7315 3641 3724 3681 
7316 3463 3625 3613 
7317 3524 3709 3567 
7318 571 3706 3659 
7319 3660 3707 444 
7320 3519 3678 3568 
7321 3568 3751 3519 
7322 3699 3746 3611 
7323 3612 3747 3700 
7324 3571 3688 3484 
7325 3502 3682 3595 
7326 3596 3683 3503 
7327 3507 3721 3604 
7328 3603 3722 3508 
7329 3477 3678 3602 
7330 3602 3678 3519 
7331 3469 3674 3572 
7332 658 3716 3604 
7333 3603 3715 379 
7334 3502 3681 3572 
7335 640 3736 3595 
7336 3596 3736 639 
7337 657 3716 658 
7338 379 3715 380 
7339 3595 3736 3531 
7340 3531 3736 3596 
7341 3532 3726 3571 
7342 3550 3723 3582 
7343 3525 3746 3699 
7344 3700 3747 3526 
7345 3594 3732 569 
7346 446 3731 3593 
7347 3554 3743 3685 
7348 571 3659 570 
7349 445 3660 444 
7350 3530 3732 3594 
7351 3593 3731 3529 
7352 3585 3651 3509 
7353 3510 3652 3586 
7354 3642 3678 3477 
7355 572 3729 3591 
7356 3592 3730 443 
7357 3551 3658 3624 
7358 3623 3657 3552 
7359 3577 3745 3528 
7360 3527 3744 3578 
7361 641 3682 642 
7362 637 3683 638 
7363 3734 3748 629 
7364 650 3749 3735 
7365 3573 3697 636 
7366 643 3698 3574 
7367 3521 3669 3620 
7368 3620 3669 3464 
7369 3465 3668 3622 
7370 3622 3668 3520 
7371 653 3686 654 
7372 383 3687 384 
7373 3583 3665 3489 
7374 3490 3666 3584 
7375 3633 3637 3546 
7376 3497 3637 3633 
7377 3613 3710 3487 
7378 3525 3665 3600 
7379 3601 3666 3526 
7380 3619 3672 3521 
7381 3475 3672 3619 
7382 3621 3673 3476 
7383 3520 3673 3621 
7384 3583 3675 3470 
7385 3471 3676 3584 
7386 3602 3664 3486 
7387 3519 3664 3602 
7388 3598 3705 3491 
7389 3516 3713 3577 
7390 3578 3714 3517 
7391 3579 3725 3533 
7392 442 3689 441 
7393 3535 3741 3659 
7394 3660 3743 3536 
7395 642 3698 643 
7396 636 3697 637 
7397 3475 3693 3609 
7398 3659 3706 3535 
7399 3536 3707 3660 
7400 573 3729 572 
7401 443 3730 442 
7402 441 3646 91 
7403 3624 3658 3511 
7404 3512 3657 3623 
7405 567 3648 566 
7406 449 3647 448 
7407 3511 3675 3583 
7408 3584 3676 3512 
7409 3544 3688 3580 
7410 3509 3717 3628 
7411 3728 3753 3538 
7412 3537 3752 3727 
7413 570 3659 3594 
7414 3593 3660 445 
7415 629 3748 630 
7416 649 3749 650 
7417 632 3699 3611 
7418 3612 3700 647 
7419 3581 3692 3488 
7420 3669 3712 3504 
7421 3505 3711 3668 
7422 3580 3723 3487 
7423 3511 3687 3624 
7424 3623 3686 3512 
7425 3608 3694 3514 
7426 3464 3696 3606 
7427 3607 3695 3465 
7428 3506 3650 3646 
7429 3533 3725 3689 
7430 3587 3713 3516 
7431 3517 3714 3588 
7432 3497 3718 3637 
7433 3508 3737 3587 
7434 3588 3738 3507 
7435 3616 3696 3464 
7436 3465 3695 3617 
7437 3473 3713 3587 
7438 3588 3714 3474 
7439 3626 3671 3551 
7440 3552 3670 3627 
7441 1 3734 629 
7442 650 3735 130 
7443 386 3734 1 
7444 130 3735 651 
7445 3595 3682 641 
7446 638 3683 3596 
7447 3629 3738 3588 
7448 3587 3737 3628 
7449 3591 3706 572 
7450 443 3707 3592 
7451 3486 3679 3599 
7452 3630 3752 3537 
7453 3471 3752 3630 
7454 3538 3753 3631 
7455 3631 3753 3470 
7456 3664 3733 3564 
7457 630 3748 3589 
7458 3590 3749 649 
7459 3661 3725 3579 
7460 3618 3750 3545 
7461 3555 3748 3734 
7462 3735 3749 3556 
7463 3497 3677 3606 
7464 3535 3706 3591 
7465 3592 3707 3536 
7466 3487 3710 3597 
7467 3591 3729 3532 
7468 3533 3730 3592 
7469 3617 3668 3465 
7470 3464 3669 3616 
7471 442 3730 3689 
7472 3633 3677 3497 
7473 3692 3709 3524 
7474 3516 3715 3603 
7475 3604 3716 3517 
7476 3601 3747 3494 
7477 3526 3747 3601 
7478 3600 3746 3525 
7479 3493 3746 3600 
7480 3567 3709 3649 
7481 3649 3709 3466 
7482 3515 3679 3645 
7483 3518 3710 3613 
7484 3470 3753 3600 
7485 3601 3752 3471 
7486 3516 3671 3626 
7487 3627 3670 3517 
7488 3479 3694 3608 
7489 3606 3696 3513 
7490 3514 3695 3607 
7491 379 3722 3603 
7492 3604 3721 658 
7493 3473 3717 3662 
7494 380 3715 3626 
7495 3627 3716 657 
7496 572 3706 571 
7497 444 3707 443 
7498 3605 3718 3497 
7499 3498 3719 3608 
7500 3465 3720 3607 
7501 654 3686 3623 
7502 3624 3687 383 
7503 378 3722 379 
7504 658 3721 659 
7505 3634 3690 3501 
7506 631 3699 632 
7507 647 3700 648 
7508 3626 3715 3516 
7509 3517 3716 3627 
7510 634 3703 635 
7511 644 3704 645 
7512 3539 3674 3640 
7513 3640 3674 3469 
7514 3619 3693 3475 
7515 3537 3727 3673 
7516 3672 3728 3538 
7517 3614 3727 3494 
7518 3493 3728 3615 
7519 3611 3746 3493 
7520 3494 3747 3612 
7521 639 3736 640 
7522 3501 3690 3632 
7523 3680 3742 3554 
7524 3485 3742 3680 
7525 569 3732 568 
7526 447 3731 446 
7527 3650 3726 3532 
7528 3506 3726 3650 
7529 3649 3719 3498 
7530 3656 3720 3547 
7531 3632 3708 3518 
7532 3630 3711 3505 
7533 3504 3712 3631 
7534 3481 3708 3632 
7535 3495 3741 3684 
7536 3684 3741 3553 
7537 3506 3725 3661 
7538 3628 3717 3473 
7539 3634 3733 3519 
7540 3519 3751 3634 
7541 3542 3719 3649 
7542 441 3689 3646 
7543 3628 3737 3562 
7544 3563 3738 3629 
7545 3501 3733 3634 
7546 3643 3701 90 
7547 115 3702 3644 
7548 3634 3751 3468 
7549 3477 3724 3641 
7550 3689 3730 3533 
7551 3643 3721 3507 
7552 3508 3722 3644 
7553 3469 3750 3640 
7554 3571 3726 3661 
7555 3519 3733 3664 
7556 3507 3701 3643 
7557 3644 3702 3508 
7558 3668 3711 3520 
7559 3521 3712 3669 
7560 3681 3724 3534 
7561 3713 3745 3577 
7562 3473 3745 3713 
7563 3714 3744 3474 
7564 3578 3744 3714 
7565 3661 3726 3506 
7566 3528 3745 3662 
7567 3662 3745 3473 
7568 3474 3744 3663 
7569 3663 3744 3527 
7570 659 3721 3643 
7571 3644 3722 378 
7572 3740 3741 3535 
7573 3553 3741 3740 
7574 3742 3743 3554 
7575 3536 3743 3742 
7576 115 3644 74 
7577 131 3643 90 
2 5 2 292
7578 543 3795 102 
7579 694 695 82 
7580 143 96 95 
7581 98 676 536 
7582 693 694 398 
7583 404 700 87 
7584 542 682 101 
7585 145 3791 673 
7586 402 3796 403 
7587 101 683 543 
7588 536 146 99 
7589 85 3790 402 
7590 100 3797 542 
7591 143 3799 671 
7592 687 3793 148 
7593 671 3799 530 
7594 683 3795 543 
7595 542 3797 682 
7596 534 3794 674 
7597 708 3789 411 
7598 406 3792 702 
7599 403 3796 699 
7600 89 3784 153 
7601 153 3755 89 
7602 737 3756 440 
7603 736 3757 439 
7604 735 3758 438 
7605 734 3759 437 
7606 413 3782 710 
7607 710 3754 413 
7608 414 3781 711 
7609 415 3780 712 
7610 416 3779 713 
7611 417 3778 714 
7612 418 3777 715 
7613 733 3760 436 
7614 419 3776 716 
7615 420 3775 717 
7616 421 3774 718 
7617 732 3761 435 
7618 422 3773 719 
7619 423 3772 720 
7620 731 3762 434 
7621 424 3771 721 
7622 425 3770 722 
7623 730 3763 433 
7624 426 3769 723 
7625 729 3764 432 
7626 427 3768 724 
7627 728 3765 431 
7628 428 3767 725 
7629 727 3766 430 
7630 429 3766 726 
7631 726 3767 429 
7632 430 3765 727 
7633 725 3768 428 
7634 431 3764 728 
7635 724 3769 427 
7636 432 3763 729 
7637 723 3770 426 
7638 722 3771 425 
7639 433 3762 730 
7640 721 3772 424 
7641 720 3773 423 
7642 434 3761 731 
7643 719 3774 422 
7644 718 3775 421 
7645 717 3776 420 
7646 435 3760 732 
7647 716 3777 419 
7648 715 3778 418 
7649 714 3779 417 
7650 713 3780 416 
7651 712 3781 415 
7652 90 3754 131 
7653 711 3782 414 
7654 436 3759 733 
7655 437 3758 734 
7656 438 3757 735 
7657 439 3756 736 
7658 440 3755 737 
7659 539 3788 679 
7660 540 3787 680 
7661 541 3786 681 
7662 100 3785 147 
7663 405 3783 701 
7664 709 3784 412 
7665 700 3783 87 
7666 681 3785 541 
7667 680 3786 540 
7668 679 3787 539 
7669 678 3788 538 
7670 412 3789 709 
7671 673 3791 532 
7672 148 3793 79 
7673 701 3792 405 
7674 402 3790 698 
7675 533 3791 145 
7676 698 3796 402 
7677 102 3795 684 
7678 391 3793 687 
7679 145 3794 533 
7680 147 3797 100 
7681 95 3799 143 
7682 401 3798 84 
7683 3790 3798 152 
7684 530 3799 95 
7685 85 3798 3790 
7686 84 3798 85 
7687 83 3798 401 
7688 133 51 661 
7689 133 662 51 
7690 134 51 662 
7691 134 663 51 
7692 51 663 135 
7693 135 664 51 
7694 136 525 51 
7695 136 51 664 
7696 661 51 660 
7697 79 3793 391 
7698 398 694 82 
7699 82 695 399 
7700 87 3783 405 
7701 412 3784 89 
7702 89 3755 440 
7703 413 3754 90 
7704 672 531 96 
7705 534 675 97 
7706 541 3785 100 
7707 682 683 101 
7708 131 3754 710 
7709 660 132 661 
7710 665 525 136 
7711 137 525 665 
7712 674 3794 145 
7713 147 3785 681 
7714 682 3797 147 
7715 698 3790 152 
7716 153 3784 709 
7717 737 3755 153 
7718 397 693 398 
7719 405 3792 406 
7720 411 3789 412 
7721 414 3782 413 
7722 415 3781 414 
7723 416 3780 415 
7724 417 3779 416 
7725 418 3778 417 
7726 419 3777 418 
7727 420 3776 419 
7728 421 3775 420 
7729 422 3774 421 
7730 423 3773 422 
7731 424 3772 423 
7732 425 3771 424 
7733 426 3770 425 
7734 427 3769 426 
7735 428 3768 427 
7736 429 3767 428 
7737 430 3766 429 
7738 431 3765 430 
7739 432 3764 431 
7740 433 3763 432 
7741 434 3762 433 
7742 435 3761 434 
7743 436 3760 435 
7744 437 3759 436 
7745 438 3758 437 
7746 439 3757 438 
7747 440 3756 439 
7748 526 525 668 
7749 532 3791 533 
7750 533 3794 534 
7751 538 3788 539 
7752 539 3787 540 
7753 540 3786 541 
7754 679 3788 678 
7755 680 3787 679 
7756 681 3786 680 
7757 684 3795 683 
7758 699 3796 698 
7759 701 3783 700 
7760 702 3792 701 
7761 709 3789 708 
7762 710 3782 711 
7763 711 3781 712 
7764 712 3780 713 
7765 713 3779 714 
7766 714 3778 715 
7767 715 3777 716 
7768 716 3776 717 
7769 717 3775 718 
7770 718 3774 719 
7771 719 3773 720 
7772 720 3772 721 
7773 721 3771 722 
7774 722 3770 723 
7775 723 3769 724 
7776 724 3768 725 
7777 725 3767 726 
7778 726 3766 727 
7779 727 3765 728 
7780 728 3764 729 
7781 729 3763 730 
7782 730 3762 731 
7783 731 3761 732 
7784 732 3760 733 
7785 733 3759 734 
7786 734 3758 735 
7787 735 3757 736 
7788 736 3756 737 
7789 75 684 387 
7790 75 544 684 
7791 387 684 76 
7792 684 388 76 
7793 77 148 78 
7794 77 686 148 
7795 389 686 77 
7796 78 148 390 
7797 390 148 79 
7798 393 149 80 
7799 690 80 149 
7800 690 394 80 
7801 396 151 81 
7802 151 692 81 
7803 81 692 397 
7804 400 3798 83 
7805 403 699 86 
7806 86 700 404 
7807 86 699 700 
7808 703 88 407 
7809 88 704 408 
7810 704 88 703 
7811 527 141 93 
7812 670 93 141 
7813 528 93 670 
7814 529 671 94 
7815 671 530 94 
7816 672 96 143 
7817 97 675 535 
7818 535 676 98 
7819 146 537 99 
7820 102 684 544 
7821 666 525 137 
7822 666 138 525 
7823 667 525 138 
7824 667 139 525 
7825 668 525 139 
7826 668 140 526 
7827 669 526 140 
7828 669 141 527 
7829 528 142 529 
7830 670 142 528 
7831 529 142 671 
7832 532 531 144 
7833 672 144 531 
7834 673 532 144 
7835 536 676 146 
7836 677 537 146 
7837 393 689 149 
7838 150 395 394 
7839 690 150 394 
7840 150 691 395 
7841 396 691 151 
7842 152 3798 697 
7843 389 388 685 
7844 685 388 684 
7845 389 685 686 
7846 391 688 392 
7847 391 687 688 
7848 392 689 393 
7849 392 688 689 
7850 691 396 395 
7851 692 693 397 
7852 696 400 399 
7853 695 696 399 
7854 697 400 696 
7855 697 3798 400 
7856 702 407 406 
7857 702 703 407 
7858 408 705 409 
7859 704 705 408 
7860 409 706 410 
7861 705 706 409 
7862 410 707 411 
7863 706 707 410 
7864 707 708 411 
7865 527 526 669 
7866 534 674 675 
7867 535 675 676 
7868 677 538 537 
7869 678 538 677 
2 6 2 295
7870 104 3841 546 
7871 123 335 334 
7872 111 110 63 
7873 316 108 553 
7874 617 334 333 
7875 118 340 611 
7876 105 322 547 
7877 313 3837 65 
7878 612 3842 613 
7879 546 323 105 
7880 553 107 66 
7881 613 3836 120 
7882 547 3843 106 
7883 311 3846 63 
7884 68 3839 327 
7885 559 3846 311 
7886 57 3844 306 
7887 546 3841 323 
7888 322 3843 547 
7889 314 3840 555 
7890 604 3835 348 
7891 564 3844 57 
7892 342 3838 609 
7893 339 3842 612 
7894 73 3830 116 
7895 116 3801 73 
7896 575 3802 350 
7897 576 3803 351 
7898 577 3804 352 
7899 578 3805 353 
7900 377 3828 602 
7901 602 3800 377 
7902 376 3827 601 
7903 375 3826 600 
7904 374 3825 599 
7905 373 3824 598 
7906 372 3823 597 
7907 579 3806 354 
7908 371 3822 596 
7909 370 3821 595 
7910 369 3820 594 
7911 580 3807 355 
7912 368 3819 593 
7913 367 3818 592 
7914 581 3808 356 
7915 366 3817 591 
7916 365 3816 590 
7917 582 3809 357 
7918 364 3815 589 
7919 583 3810 358 
7920 363 3814 588 
7921 584 3811 359 
7922 362 3813 587 
7923 585 3812 360 
7924 361 3812 586 
7925 586 3813 361 
7926 360 3811 585 
7927 587 3814 362 
7928 359 3810 584 
7929 588 3815 363 
7930 358 3809 583 
7931 589 3816 364 
7932 590 3817 365 
7933 357 3808 582 
7934 591 3818 366 
7935 592 3819 367 
7936 356 3807 581 
7937 593 3820 368 
7938 594 3821 369 
7939 595 3822 370 
7940 355 3806 580 
7941 596 3823 371 
7942 597 3824 372 
7943 598 3825 373 
7944 599 3826 374 
7945 600 3827 375 
7946 74 3800 115 
7947 601 3828 376 
7948 354 3805 579 
7949 353 3804 578 
7950 352 3803 577 
7951 351 3802 576 
7952 350 3801 575 
7953 319 3834 550 
7954 320 3833 549 
7955 321 3832 548 
7956 67 3831 106 
7957 341 3829 610 
7958 603 3830 349 
7959 118 3829 340 
7960 548 3831 321 
7961 549 3832 320 
7962 550 3833 319 
7963 59 3844 564 
7964 551 3834 318 
7965 349 3835 603 
7966 557 3837 313 
7967 126 3839 68 
7968 610 3838 341 
7969 338 3836 613 
7970 65 3837 556 
7971 613 3842 338 
7972 324 3841 104 
7973 307 3844 59 
7974 327 3839 624 
7975 556 3840 65 
7976 106 3843 67 
7977 63 3846 111 
7978 52 114 301 
7979 121 3845 614 
7980 72 3845 3836 
7981 306 3844 58 
7982 111 3846 559 
7983 3836 3845 120 
7984 120 3845 121 
7985 58 3844 307 
7986 614 3845 122 
7987 300 114 52 
7988 51 114 300 
7989 301 114 53 
7990 114 302 53 
7991 114 54 302 
7992 303 54 114 
7993 55 303 114 
7994 55 114 304 
7995 304 114 56 
7996 114 305 56 
7997 564 57 305 
7998 65 3840 314 
7999 321 3831 67 
8000 67 3843 322 
8001 72 3836 338 
8002 349 3830 73 
8003 73 3801 350 
8004 377 3800 74 
8005 105 323 322 
8006 106 3831 548 
8007 555 109 315 
8008 312 110 558 
8009 564 305 114 
8010 115 3800 602 
8011 575 3801 116 
8012 116 3830 603 
8013 610 3829 118 
8014 123 334 617 
8015 616 335 123 
8016 624 3839 126 
8017 564 563 308 
8018 318 3834 319 
8019 319 3833 320 
8020 320 3832 321 
8021 323 3841 324 
8022 617 333 618 
8023 338 3842 339 
8024 340 3829 341 
8025 341 3838 342 
8026 348 3835 349 
8027 350 3802 351 
8028 351 3803 352 
8029 352 3804 353 
8030 353 3805 354 
8031 354 3806 355 
8032 355 3807 356 
8033 356 3808 357 
8034 357 3809 358 
8035 358 3810 359 
8036 359 3811 360 
8037 360 3812 361 
8038 361 3813 362 
8039 362 3814 363 
8040 363 3815 364 
8041 364 3816 365 
8042 365 3817 366 
8043 366 3818 367 
8044 367 3819 368 
8045 368 3820 369 
8046 369 3821 370 
8047 370 3822 371 
8048 371 3823 372 
8049 372 3824 373 
8050 373 3825 374 
8051 374 3826 375 
8052 375 3827 376 
8053 376 3828 377 
8054 548 3832 549 
8055 549 3833 550 
8056 550 3834 551 
8057 555 3840 556 
8058 556 3837 557 
8059 576 3802 575 
8060 577 3803 576 
8061 578 3804 577 
8062 579 3805 578 
8063 580 3806 579 
8064 581 3807 580 
8065 582 3808 581 
8066 583 3809 582 
8067 584 3810 583 
8068 585 3811 584 
8069 586 3812 585 
8070 587 3813 586 
8071 588 3814 587 
8072 589 3815 588 
8073 590 3816 589 
8074 591 3817 590 
8075 592 3818 591 
8076 593 3819 592 
8077 594 3820 593 
8078 595 3821 594 
8079 596 3822 595 
8080 597 3823 596 
8081 598 3824 597 
8082 599 3825 598 
8083 600 3826 599 
8084 601 3827 600 
8085 602 3828 601 
8086 603 3835 604 
8087 609 3838 610 
8088 564 308 59 
8089 563 60 308 
8090 309 60 563 
8091 61 113 310 
8092 562 113 61 
8093 562 61 309 
8094 561 62 310 
8095 311 62 560 
8096 560 62 561 
8097 63 110 312 
8098 558 64 312 
8099 313 64 557 
8100 557 64 558 
8101 552 66 107 
8102 553 66 316 
8103 552 317 66 
8104 68 625 126 
8105 68 128 127 
8106 127 625 68 
8107 326 128 68 
8108 69 125 330 
8109 69 622 125 
8110 329 622 69 
8111 621 70 330 
8112 70 620 331 
8113 620 70 621 
8114 71 124 332 
8115 71 619 124 
8116 331 619 71 
8117 337 3845 72 
8118 545 103 324 
8119 628 324 103 
8120 545 324 104 
8121 554 108 316 
8122 554 315 109 
8123 311 112 559 
8124 560 112 311 
8125 310 113 561 
8126 343 117 344 
8127 608 117 343 
8128 607 344 117 
8129 119 340 339 
8130 119 339 612 
8131 611 340 119 
8132 122 3845 615 
8133 124 618 332 
8134 125 621 330 
8135 626 128 326 
8136 627 324 129 
8137 628 129 324 
8138 562 309 563 
8139 315 314 555 
8140 316 315 554 
8141 551 318 317 
8142 551 317 552 
8143 627 325 324 
8144 326 325 626 
8145 626 325 627 
8146 327 624 328 
8147 623 329 328 
8148 328 624 623 
8149 622 329 623 
8150 620 619 331 
8151 618 333 332 
8152 616 336 335 
8153 336 615 337 
8154 336 616 615 
8155 615 3845 337 
8156 608 343 342 
8157 608 342 609 
8158 607 345 344 
8159 346 345 606 
8160 606 345 607 
8161 346 605 347 
8162 606 605 346 
8163 604 348 347 
8164 347 605 604 
2 7 2 4819
8165 3979 4919 4612 
8166 3915 4927 4799 
8167 4799 4927 4297 
8168 4909 5335 4160 
8169 4414 4746 4016 
8170 5174 5472 4398 
8171 4108 4908 4396 
8172 4622 5467 5461 
8173 3907 5939 4404 
8174 4466 4677 4107 
8175 4622 5461 3865 
8176 4613 4709 3935 
8177 4285 4594 4030 
8178 3939 4721 4463 
8179 4228 5140 4493 
8180 4493 5140 3998 
8181 4133 4994 4397 
8182 4404 5624 4611 
8183 4416 4758 4103 
8184 5358 5561 4810 
8185 4611 5624 4001 
8186 4184 5080 4731 
8187 4731 5080 4323 
8188 4214 4839 4480 
8189 4708 5365 4922 
8190 5453 5526 4432 
8191 217 4573 218 
8192 4007 5560 4521 
8193 4980 5253 748 
8194 4138 5366 4457 
8195 4122 5005 4391 
8196 4521 5560 4349 
8197 4281 4840 4597 
8198 4745 5421 3946 
8199 4082 4878 4864 
8200 4685 4955 4354 
8201 4391 5057 4122 
8202 219 4575 220 
8203 4397 5348 3917 
8204 4396 5274 4108 
8205 4427 5343 641 
8206 4544 4974 4275 
8207 4276 4837 4463 
8208 4064 5691 4484 
8209 3935 5163 4613 
8210 4515 4757 3922 
8211 4247 4757 4515 
8212 4511 5768 4098 
8213 4098 5768 4510 
8214 3968 5401 4600 
8215 5270 5757 4013 
8216 4398 5125 4842 
8217 4842 5125 3848 
8218 4919 5286 4612 
8219 4404 5295 3907 
8220 4090 4856 4682 
8221 4016 4785 4414 
8222 4708 4922 4165 
8223 808 4747 180 
8224 4397 4998 4133 
8225 3917 4998 4397 
8226 4280 5526 5453 
8227 3955 4955 4685 
8228 4090 5414 5240 
8229 4396 5303 4132 
8230 4132 4997 4396 
8231 805 4452 177 
8232 4516 5013 631 
8233 4739 5530 4321 
8234 4302 5290 4591 
8235 4591 5290 3984 
8236 4191 4953 4722 
8237 4250 5040 4697 
8238 5114 5924 4049 
8239 4698 4856 4090 
8240 748 5253 749 
8241 4573 4936 4068 
8242 4751 5378 5167 
8243 4577 4666 4050 
8244 4057 5324 4763 
8245 4763 5324 4416 
8246 3914 5504 4608 
8247 4440 4989 4157 
8248 3981 4989 4440 
8249 4472 5438 3960 
8250 4284 5438 4472 
8251 4224 5122 4535 
8252 3852 4722 4464 
8253 4157 4988 4441 
8254 4157 5024 4440 
8255 4343 5133 4528 
8256 4528 5133 4220 
8257 4066 4838 4575 
8258 4433 5873 4113 
8259 4361 5533 4586 
8260 4586 5533 3944 
8261 3973 5934 4496 
8262 4495 5933 3974 
8263 3997 5551 3891 
8264 4545 4862 4152 
8265 154 4631 738 
8266 243 4632 2 
8267 4410 5790 4552 
8268 4552 5790 4020 
8269 4535 5122 3959 
8270 4608 5504 5439 
8271 4095 5916 5711 
8272 4465 5571 3906 
8273 4491 4703 3943 
8274 4148 4849 4525 
8275 4030 5173 4285 
8276 5401 5815 4600 
8277 4103 5410 4416 
8278 4321 5185 4739 
8279 4079 6054 4624 
8280 3968 5517 4498 
8281 4178 4943 4562 
8282 4562 4943 3892 
8283 4422 4806 3929 
8284 4195 4888 4863 
8285 4480 4839 4106 
8286 4624 6054 4551 
8287 3891 5250 3997 
8288 3906 5571 4476 
8289 4513 5397 4289 
8290 3964 5397 4513 
8291 4872 6054 4079 
8292 4013 5710 5270 
8293 3900 4960 4616 
8294 5240 5338 4090 
8295 4791 4983 4216 
8296 4087 4663 4570 
8297 4791 5339 4983 
8298 5420 5660 4673 
8299 4408 4901 4173 
8300 4440 4954 4122 
8301 641 4972 4427 
8302 224 4843 225 
8303 4571 5779 4091 
8304 4092 5780 4572 
8305 4091 5779 4691 
8306 4690 5780 4092 
8307 4595 6054 4872 
8308 3864 5668 4475 
8309 4173 4921 4408 
8310 4367 5235 4482 
8311 4404 5939 5141 
8312 4953 5823 4722 
8313 4187 4841 4516 
8314 4141 4822 4701 
8315 4613 5163 4951 
8316 3946 5434 4745 
8317 4697 5040 4094 
8318 4593 4655 4162 
8319 3939 4750 4493 
8320 4493 4750 4228 
8321 3919 4949 4492 
8322 4190 5111 4552 
8323 4810 5561 4101 
8324 4082 4864 4498 
8325 3928 4788 4524 
8326 3992 5178 4639 
8327 4639 5178 4287 
8328 3973 4651 4319 
8329 4318 4650 3974 
8330 4674 5916 4095 
8331 4451 5037 4047 
8332 3925 4974 4544 
8333 4475 4892 3864 
8334 5526 5586 4848 
8335 4064 5956 5691 
8336 3929 4865 4422 
8337 4685 4913 4208 
8338 4053 4913 4685 
8339 4537 4702 4232 
8340 4621 4756 3875 
8341 4512 4865 3929 
8342 4261 5059 4577 
8343 3883 5841 5389 
8344 204 5166 4627 
8345 5073 5265 4274 
8346 4085 5395 4587 
8347 4280 5586 5526 
8348 4070 5028 4687 
8349 4687 5028 4253 
8350 4106 4830 4480 
8351 4130 4735 4572 
8352 4572 4735 4092 
8353 4571 4734 4131 
8354 4091 4734 4571 
8355 4813 5035 4184 
8356 4328 5035 4813 
8357 4250 5312 4488 
8358 4488 5312 4021 
8359 3905 5827 5528 
8360 4619 5402 3969 
8361 4620 5020 4206 
8362 224 5005 4843 
8363 4047 5391 4451 
8364 4353 5529 4169 
8365 4821 5262 3857 
8366 5867 5880 4057 
8367 4533 4796 4037 
8368 4118 4834 4490 
8369 4049 5353 5114 
8370 4573 5062 218 
8371 4490 5758 4095 
8372 3863 5702 4630 
8373 4630 5702 4417 
8374 4057 5880 4636 
8375 4079 5616 4872 
8376 4052 4720 3920 
8377 4099 5478 5387 
8378 3930 4684 4595 
8379 4199 4752 4585 
8380 4585 4752 3927 
8381 762 5334 4561 
8382 4699 5166 202 
8383 4552 4748 4190 
8384 4682 5414 4090 
8385 4496 5934 4688 
8386 4689 5933 4495 
8387 4187 4868 4841 
8388 3900 5290 4960 
8389 219 5062 4575 
8390 4727 5262 5220 
8391 4608 6072 3914 
8392 4620 5485 5020 
8393 206 4558 207 
8394 4090 5338 4680 
8395 4346 5748 5296 
8396 3859 5022 4870 
8397 4600 5517 3968 
8398 4099 4738 4723 
8399 4723 4738 4173 
8400 4387 5262 4821 
8401 4388 5617 4950 
8402 4475 5602 4892 
8403 3864 5767 5668 
8404 4285 5201 4594 
8405 3912 5931 5649 
8406 4623 5086 3861 
8407 4596 4961 3942 
8408 3892 5225 4456 
8409 4074 5321 4880 
8410 4484 5872 4064 
8411 4632 5085 4134 
8412 4777 5671 4469 
8413 4474 6011 5856 
8414 3904 4917 4527 
8415 3996 5457 4902 
8416 4864 4878 4222 
8417 4602 4854 3894 
8418 3996 4902 4633 
8419 4423 5053 4011 
8420 4011 5332 4423 
8421 5298 6097 4863 
8422 4516 4841 4125 
8423 4346 5111 5104 
8424 4851 5269 4012 
8425 4424 5269 4851 
8426 3883 5389 4658 
8427 4723 5478 4099 
8428 777 4599 778 
8429 4085 5830 5395 
8430 4240 5656 4453 
8431 4454 4915 4110 
8432 5668 5767 4522 
8433 4217 5213 4543 
8434 4642 4671 3982 
8435 4189 4671 4642 
8436 4892 5602 4127 
8437 4703 6011 4474 
8438 4648 5847 4486 
8439 3854 5847 4648 
8440 4825 5305 3988 
8441 4422 5150 5142 
8442 5063 5169 3972 
8443 4089 4717 4576 
8444 4610 5052 4229 
8445 3986 4733 4628 
8446 4093 4825 4456 
8447 4180 5344 3934 
8448 4705 5827 3905 
8449 4113 5226 4433 
8450 4789 5931 3912 
8451 4061 5472 5174 
8452 5142 5150 4178 
8453 3857 5262 4727 
8454 3903 5671 4777 
8455 4551 6102 4624 
8456 4751 5167 4078 
8457 3853 5309 4761 
8458 4619 5884 5402 
8459 3884 5815 4688 
8460 4688 5815 4496 
8461 3981 5420 4673 
8462 4575 4838 220 
8463 4964 5065 4284 
8464 4926 5607 3953 
8465 4631 5633 738 
8466 243 5634 4632 
8467 4173 4901 4737 
8468 4524 5751 3928 
8469 202 5166 203 
8470 3853 5423 5309 
8471 4555 5802 4126 
8472 4126 5802 4554 
8473 4387 5305 4825 
8474 3945 4873 4483 
8475 750 5253 4521 
8476 4147 5131 4491 
8477 4209 4617 4039 
8478 827 3882 199 
8479 47 3882 291 
8480 648 5082 4506 
8481 4656 5395 4347 
8482 3886 5395 4656 
8483 3918 4794 4547 
8484 4547 4794 4117 
8485 5389 5790 4410 
8486 4529 4744 3938 
8487 4824 5047 4302 
8488 4616 4960 4177 
8489 4870 5022 4306 
8490 4169 4987 4353 
8491 5365 5452 4578 
8492 281 5267 38 
8493 4842 5174 4398 
8494 4427 4972 4167 
8495 4499 4889 4124 
8496 4004 4889 4499 
8497 4415 6025 5441 
8498 4526 4959 3929 
8499 4164 4959 4526 
8500 4446 5577 5504 
8501 4786 5056 3940 
8502 4309 5056 4786 
8503 4701 4822 4170 
8504 4619 5257 4430 
8505 4094 4820 4697 
8506 4567 5832 4038 
8507 4038 5832 4566 
8508 4167 5107 4427 
8509 3953 5607 5010 
8510 4649 6038 4046 
8511 3974 5591 4495 
8512 4496 5592 3973 
8513 4649 6075 6038 
8514 3993 5364 4801 
8515 5008 5334 760 
8516 4517 5266 4053 
8517 4243 5266 4517 
8518 4659 5065 4097 
8519 4586 5854 4361 
8520 4576 6010 3931 
8521 3949 5228 4969 
8522 3948 5298 4863 
8523 4545 5600 4862 
8524 4158 4698 4680 
8525 4453 5298 4240 
8526 4721 5381 4463 
8527 4463 5381 4276 
8528 4536 5581 4199 
8529 4136 5354 4876 
8530 4880 5321 4383 
8531 4420 5177 4991 
8532 4901 5728 4737 
8533 3991 5093 4702 
8534 4523 5769 3921 
8535 4456 5328 3892 
8536 4719 4957 4192 
8537 4805 5290 3900 
8538 3924 4809 4501 
8539 4945 5366 4138 
8540 4004 5409 4465 
8541 4328 5421 4745 
8542 4098 4829 4511 
8543 4097 5065 4696 
8544 4654 5498 4369 
8545 4613 5852 4709 
8546 4072 4411 3922 
8547 4161 5169 4844 
8548 4220 5188 4528 
8549 5758 5958 4095 
8550 4487 5911 4653 
8551 4653 5911 3855 
8552 3870 5047 4824 
8553 5169 5473 4844 
8554 4719 5538 4957 
8555 203 5166 204 
8556 4095 4809 4490 
8557 4482 6080 4367 
8558 4529 6079 5762 
8559 4432 5526 4788 
8560 4991 5177 4187 
8561 226 4804 227 
8562 4849 5599 4525 
8563 189 4470 816 
8564 3889 4857 4626 
8565 4626 4857 4176 
8566 5159 5497 4603 
8567 4122 5057 4440 
8568 4785 5928 5750 
8569 4597 5460 4281 
8570 3998 5088 4493 
8571 4539 6074 4116 
8572 4877 6025 4415 
8573 4441 4971 4157 
8574 4492 5924 5114 
8575 4796 5881 4037 
8576 3905 5126 4570 
8577 4020 4941 4538 
8578 4021 4817 4488 
8579 4529 5762 4744 
8580 4576 5084 4089 
8581 5498 5590 4369 
8582 3911 4928 4525 
8583 4525 4928 4148 
8584 4974 5612 4275 
8585 3974 5075 4318 
8586 4112 5981 4534 
8587 3917 5806 4803 
8588 4802 5807 3916 
8589 4956 5016 4188 
8590 3922 4411 4221 
8591 231 4707 232 
8592 4008 4946 4472 
8593 3934 4982 4180 
8594 3886 5570 4587 
8595 4587 5570 4334 
8596 3855 5930 4653 
8597 3985 5039 5004 
8598 5025 5241 4170 
8599 3910 5239 4447 
8600 4243 5021 4710 
8601 4710 5021 4059 
8602 3922 4757 4596 
8603 4596 4757 3866 
8604 4785 5750 4414 
8605 4208 4913 4471 
8606 5037 5086 4623 
8607 4068 4951 4573 
8608 4573 4951 4179 
8609 4604 5183 4138 
8610 4479 5409 4004 
8611 4661 5985 3966 
8612 4493 5096 3939 
8613 4440 5057 3981 
8614 4152 4932 4545 
8615 4545 4932 3910 
8616 4663 4926 3953 
8617 4500 4818 3965 
8618 4447 5325 3910 
8619 3911 5304 4448 
8620 3966 5985 5430 
8621 4476 4946 4008 
8622 4658 5383 4441 
8623 4884 4947 3953 
8624 5024 5926 4440 
8625 4502 4814 4265 
8626 226 5519 4804 
8627 3931 6010 4641 
8628 3921 5769 4579 
8629 4213 5294 4500 
8630 4077 5381 4721 
8631 4107 5083 4466 
8632 4680 4698 4090 
8633 4257 5452 5365 
8634 4907 5348 4397 
8635 4689 5884 3885 
8636 4495 5884 4689 
8637 4123 4821 4503 
8638 4950 5617 4029 
8639 4159 5319 5034 
8640 4008 4885 4476 
8641 4134 5085 4887 
8642 4904 5016 4956 
8643 3852 5061 4510 
8644 4030 5541 4656 
8645 4479 4964 4105 
8646 4653 5930 5744 
8647 4898 5354 4136 
8648 4202 4808 4014 
8649 5709 6037 4008 
8650 4834 5758 4490 
8651 4884 5602 4947 
8652 4524 5881 4796 
8653 3875 6041 4621 
8654 3872 5224 4609 
8655 3865 5461 4537 
8656 4314 5660 5420 
8657 4448 5076 3911 
8658 4155 4806 4746 
8659 4048 5209 4473 
8660 5288 5952 4408 
8661 4921 5288 4408 
8662 4008 6037 4885 
8663 3920 4188 4052 
8664 4731 4813 4184 
8665 3878 4813 4731 
8666 4602 5830 4085 
8667 4267 5335 4909 
8668 5580 5701 4835 
8669 4456 5225 4093 
8670 4105 5409 4479 
8671 5389 5841 4508 
8672 4441 6021 4658 
8673 4170 5241 4701 
8674 4477 5867 4207 
8675 781 5146 4783 
8676 4782 5147 244 
8677 4498 5529 3968 
8678 4511 4829 3918 
8679 4854 5854 4586 
8680 4657 4767 4142 
8681 3983 4767 4657 
8682 4118 5580 4835 
8683 4628 4733 4133 
8684 4121 4796 4533 
8685 156 4924 783 
8686 246 4925 4 
8687 4110 5209 4454 
8688 4100 5003 4379 
8689 4654 5300 4097 
8690 4640 5498 4097 
8691 4374 5640 5388 
8692 5207 5885 4088 
8693 4080 5962 4684 
8694 4886 5748 4346 
8695 4520 4811 4042 
8696 5022 5596 4229 
8697 5310 5442 4828 
8698 3919 5848 4949 
8699 4002 5283 4598 
8700 4539 4800 4155 
8701 5678 5690 4554 
8702 3920 4956 4188 
8703 4690 5442 4254 
8704 4491 5493 4147 
8705 4598 5175 4002 
8706 3918 4829 4794 
8707 4794 4829 4213 
8708 4995 5270 4356 
8709 4255 5450 4691 
8710 4498 5517 4082 
8711 4616 5326 3900 
8712 5104 5111 4190 
8713 5004 5039 4344 
8714 4727 4846 3857 
8715 4189 4846 4727 
8716 4059 5021 4593 
8717 4908 5303 4396 
8718 4556 4912 3919 
8719 4149 5966 4540 
8720 4457 5284 4138 
8721 4568 5064 4096 
8722 4969 5228 4368 
8723 631 5013 630 
8724 4837 5826 4463 
8725 4599 5697 778 
8726 5464 5749 4392 
8727 4305 4777 4776 
8728 4776 4777 4084 
8729 4971 5383 3991 
8730 269 4559 26 
8731 4097 5498 4654 
8732 4196 5009 4797 
8733 3873 5365 4578 
8734 4947 5668 4088 
8735 4273 5383 4658 
8736 4281 5601 4840 
8737 781 4783 780 
8738 245 4782 244 
8739 4106 4839 4683 
8740 4279 5793 4761 
8741 4253 5463 4599 
8742 3949 5758 4834 
8743 4251 5557 4729 
8744 4113 5873 4743 
8745 5482 5644 4112 
8746 4463 5826 3939 
8747 5793 5886 4761 
8748 5382 5398 4540 
8749 4196 5399 5009 
8750 3893 4823 4542 
8751 4542 4823 4119 
8752 793 4615 165 
8753 761 5334 762 
8754 4441 5383 4971 
8755 4450 5897 5106 
8756 4333 5690 5678 
8757 4458 5067 3950 
8758 3950 5070 4458 
8759 5300 5721 4097 
8760 4591 4824 4302 
8761 3925 6102 4974 
8762 4945 5674 230 
8763 4831 5464 4392 
8764 3948 5310 4828 
8765 5504 5577 4295 
8766 4505 5176 3994 
8767 4087 4756 4621 
8768 4936 5762 4068 
8769 4162 4934 4593 
8770 4593 4934 4059 
8771 4109 5348 4907 
8772 4464 5203 3852 
8773 4816 5835 4076 
8774 4275 5611 4733 
8775 4741 5371 4114 
8776 4205 4836 4527 
8777 4071 4781 4637 
8778 4554 6094 4126 
8779 4508 5790 5389 
8780 4232 5277 4537 
8781 4537 5277 4038 
8782 4026 5159 4603 
8783 4561 5012 762 
8784 5125 5952 3848 
8785 3982 4791 4766 
8786 4766 4791 4185 
8787 4193 4855 4749 
8788 4749 4855 3970 
8789 5587 5727 3913 
8790 4684 5962 4595 
8791 4472 5256 4008 
8792 4599 5172 4253 
8793 3994 5107 4505 
8794 4528 5838 4343 
8795 5257 5925 4430 
8796 3976 5303 4908 
8797 5711 5916 4455 
8798 4863 4888 3948 
8799 4688 4850 3884 
8800 4428 5866 5416 
8801 4265 5481 4502 
8802 4691 5147 4255 
8803 4254 5146 4690 
8804 5332 5557 4251 
8805 4034 4845 4536 
8806 4906 5541 4030 
8807 4043 5929 4588 
8808 4627 4762 4203 
8809 4125 4762 4627 
8810 4544 5331 3925 
8811 4245 5331 4544 
8812 4336 5169 5063 
8813 4587 5803 4085 
8814 4192 4978 4676 
8815 4179 5062 4573 
8816 4768 4922 4222 
8817 4165 4922 4768 
8818 4114 4973 4504 
8819 4664 5033 4304 
8820 4599 5851 4394 
8821 4042 5851 4599 
8822 4733 5611 5101 
8823 4536 5171 4034 
8824 4582 5958 5758 
8825 4770 4944 4162 
8826 3876 5065 4964 
8827 5111 5568 4552 
8828 4723 4737 3909 
8829 4173 4737 4723 
8830 4478 5019 3921 
8831 3913 5727 4875 
8832 4534 4852 3862 
8833 4465 5144 4004 
8834 3906 5361 4465 
8835 4702 5093 4232 
8836 3960 5753 4472 
8837 4852 5904 5594 
8838 4510 5768 5219 
8839 3929 5629 4526 
8840 33 4507 277 
8841 4570 5885 5207 
8842 4472 5412 4284 
8843 4575 5062 4179 
8844 4649 5207 4088 
8845 4124 4914 4704 
8846 4504 5196 4114 
8847 4257 4801 4589 
8848 4405 5377 4927 
8849 4038 5641 4537 
8850 4581 4879 4128 
8851 4032 4879 4581 
8852 4203 5497 5159 
8853 4384 5212 5086 
8854 4533 5865 4121 
8855 4210 5888 4617 
8856 217 4936 4573 
8857 3959 4996 4535 
8858 4535 4996 4159 
8859 5106 5897 4009 
8860 4597 6071 5460 
8861 4116 6074 4726 
8862 4772 4887 4194 
8863 4773 4888 4195 
8864 760 5334 761 
8865 4114 5371 4817 
8866 4410 5906 5389 
8867 5059 5556 4577 
8868 4471 5132 4208 
8869 4554 5802 5678 
8870 4475 5668 4947 
8871 4207 5367 4477 
8872 4676 5981 4112 
8873 4473 5145 4048 
8874 5552 6078 5089 
8875 3892 5385 5225 
8876 4566 5695 5689 
8877 4510 4920 3852 
8878 4492 5114 3919 
8879 3984 5794 4591 
8880 4109 4859 4715 
8881 4714 4858 4108 
8882 4160 4992 4564 
8883 5155 5620 3956 
8884 4566 5689 4038 
8885 4730 4778 4150 
8886 4164 4778 4730 
8887 3956 5620 4896 
8888 4566 4942 3895 
8889 4894 5830 4602 
8890 4730 5375 4164 
8891 4803 5806 4449 
8892 4450 5807 4802 
8893 4418 5552 5089 
8894 4841 4868 3941 
8895 3967 4792 4285 
8896 4130 5436 4318 
8897 4319 5435 4131 
8898 4476 5183 3906 
8899 3922 5194 4515 
8900 4306 5293 4638 
8901 4555 4911 3895 
8902 4126 4911 4555 
8903 4034 4986 4564 
8904 4564 4986 4160 
8905 4020 5790 4941 
8906 4534 5261 4112 
8907 4042 6017 4506 
8908 4467 5353 4953 
8909 4953 5353 4049 
8910 4684 5605 4252 
8911 4707 5256 4225 
8912 4430 5976 4619 
8913 4668 4934 4293 
8914 635 4728 634 
8915 16 4594 260 
8916 4530 4896 4143 
8917 4504 4967 4015 
8918 4547 4881 3918 
8919 4801 5364 4334 
8920 4526 5357 4015 
8921 5293 5974 4638 
8922 4499 5015 3923 
8923 4553 5424 3914 
8924 4265 5424 4553 
8925 4121 5958 4582 
8926 4749 4789 4193 
8927 4571 4925 246 
8928 783 4924 4572 
8929 4503 4966 4123 
8930 4323 5080 4868 
8931 4868 5080 3941 
8932 3921 5879 4478 
8933 3988 5276 4825 
8934 4480 5038 4214 
8935 4825 5276 4456 
8936 4004 6002 4479 
8937 5476 5938 3854 
8938 768 6071 4915 
8939 3923 5432 4499 
8940 4274 5265 4872 
8941 3852 5203 5061 
8942 4610 5649 5052 
8943 5689 5695 4326 
8944 4902 5457 4362 
8945 4504 4973 3877 
8946 4634 5929 4043 
8947 4503 5994 4168 
8948 4611 5295 4404 
8949 4184 5035 4603 
8950 4603 5035 4026 
8951 3921 5019 4523 
8952 3898 5530 4739 
8953 4927 5377 4116 
8954 4677 5045 4107 
8955 3970 5322 4749 
8956 4485 5835 4816 
8957 3943 5493 4491 
8958 641 5343 640 
8959 4726 5845 4485 
8960 3867 5845 4726 
8961 4053 5699 4517 
8962 4096 5708 4568 
8963 4527 4917 4086 
8964 4808 5384 4014 
8965 3929 4959 4512 
8966 3894 4854 4586 
8967 4234 5314 4561 
8968 4561 5314 4021 
8969 4112 5644 4719 
8970 4367 5728 5235 
8971 3862 5594 4577 
8972 4152 5411 4890 
8973 4318 5075 4130 
8974 4017 5481 4553 
8975 4108 5274 4583 
8976 4488 5040 4250 
8977 4333 5678 5002 
8978 4483 6004 3945 
8979 4543 5777 4217 
8980 4027 5116 4547 
8981 4964 5382 3876 
8982 4479 5382 4964 
8983 4329 5633 4631 
8984 4632 5634 4330 
8985 3895 5695 4566 
8986 3892 5328 4562 
8987 4663 5662 4926 
8988 4051 5359 4630 
8989 4425 5757 5270 
8990 4181 5794 4407 
8991 5115 5411 4152 
8992 4597 4840 4110 
8993 4558 4899 207 
8994 5188 5911 4528 
8995 4461 5545 5234 
8996 759 5008 760 
8997 4117 5128 4547 
8998 4124 5015 4499 
8999 4582 5733 4121 
9000 4119 5116 4542 
9001 4852 5594 3862 
9002 4745 5035 4328 
9003 4026 5035 4745 
9004 3872 5652 4502 
9005 643 4790 642 
9006 4109 5978 4859 
9007 4858 5977 4108 
9008 4170 5826 4837 
9009 4096 5064 4647 
9010 4136 4876 4653 
9011 4019 4993 4540 
9012 4540 4993 4149 
9013 4564 4992 3895 
9014 4516 5496 4187 
9015 4845 5581 4536 
9016 4565 5679 5346 
9017 4147 4793 4695 
9018 4695 4793 4067 
9019 4127 4912 4556 
9020 256 5149 13 
9021 5002 5678 4519 
9022 5346 5679 4043 
9023 4952 5250 4041 
9024 4246 5398 5382 
9025 4168 5048 4503 
9026 4709 5852 4103 
9027 4186 5176 4505 
9028 4351 5599 4849 
9029 5086 5212 3861 
9030 4349 5561 5358 
9031 4490 5165 4118 
9032 4501 5538 3924 
9033 3999 4900 4700 
9034 4700 4900 4294 
9035 206 4930 4558 
9036 3895 4911 4564 
9037 4544 5870 4245 
9038 4505 5097 3933 
9039 4167 5097 4505 
9040 4684 5979 5605 
9041 4862 5600 4350 
9042 5167 5378 4236 
9043 4568 6064 3877 
9044 4042 5463 4520 
9045 4639 5033 3992 
9046 4861 4968 4375 
9047 4229 5596 5001 
9048 4015 4967 4526 
9049 4696 5966 4149 
9050 4562 5775 4016 
9051 4014 5121 4202 
9052 4125 4841 4762 
9053 3957 6013 4238 
9054 4066 5660 4838 
9055 4288 4760 4759 
9056 4759 4760 4083 
9057 4164 5375 4959 
9058 5081 5640 4374 
9059 5034 5319 4339 
9060 4941 5790 4508 
9061 5532 5855 4337 
9062 3901 5714 4864 
9063 4526 4967 4164 
9064 4907 5085 4330 
9065 3975 5085 4907 
9066 4247 5326 4616 
9067 162 5218 789 
9068 4337 5855 4939 
9069 4553 5481 4265 
9070 4064 5270 4995 
9071 4500 5091 4213 
9072 4595 4872 3930 
9073 3895 4942 4555 
9074 4851 5161 4424 
9075 3965 5399 4500 
9076 4143 5508 4530 
9077 4988 5090 3883 
9078 4371 5090 4988 
9079 4803 5318 3917 
9080 3916 5317 4802 
9081 275 5026 32 
9082 5213 5992 4543 
9083 4505 5107 4167 
9084 4453 6097 5298 
9085 276 5026 33 
9086 4602 5405 4854 
9087 4864 5714 4498 
9088 3968 5529 4353 
9089 814 5018 186 
9090 4499 5200 4004 
9091 263 4617 20 
9092 4139 5653 5600 
9093 4123 5305 4821 
9094 4086 4780 4678 
9095 4697 4820 765 
9096 4014 5676 5547 
9097 815 5017 187 
9098 4617 5499 4210 
9099 816 5017 188 
9100 4125 5013 4516 
9101 4132 5039 4629 
9102 4055 4816 4670 
9103 4922 5365 3873 
9104 4537 5461 4702 
9105 5359 5922 4630 
9106 4118 4835 4834 
9107 4834 4835 4215 
9108 4502 5224 3872 
9109 4702 5494 3991 
9110 5095 5202 4209 
9111 4535 5034 4007 
9112 4159 5034 4535 
9113 5678 5802 4036 
9114 4510 5061 4098 
9115 4491 5131 4716 
9116 4379 5050 4100 
9117 4198 5352 5232 
9118 4015 5196 4504 
9119 3877 5236 4504 
9120 5179 5696 3888 
9121 759 5603 5008 
9122 4096 5731 4712 
9123 4138 5183 4885 
9124 4408 5952 5125 
9125 4525 5304 3911 
9126 4589 4906 3957 
9127 4067 4793 4694 
9128 4183 5347 4541 
9129 5219 5768 4035 
9130 4982 5676 4014 
9131 4552 5568 4410 
9132 4103 5852 5410 
9133 277 5031 34 
9134 5763 5822 4464 
9135 3933 5189 4505 
9136 4505 5189 4186 
9137 4861 5305 4123 
9138 238 5112 4532 
9139 4531 5113 743 
9140 4039 5095 4209 
9141 4097 6031 4640 
9142 4506 5522 648 
9143 4527 5468 3904 
9144 3944 5202 5095 
9145 4844 5011 4161 
9146 4851 5653 4139 
9147 5088 6104 4493 
9148 4590 5046 4055 
9149 4915 6071 4597 
9150 4319 5216 3973 
9151 4517 5021 4243 
9152 4542 4978 3893 
9153 3970 5831 5322 
9154 5348 5806 3917 
9155 4728 5957 634 
9156 4019 5398 4550 
9157 4550 5398 4246 
9158 4515 5194 4073 
9159 4575 5055 4066 
9160 4179 5055 4575 
9161 3918 5238 4511 
9162 173 4625 800 
9163 5161 5944 4424 
9164 4239 5250 4952 
9165 4431 5674 4945 
9166 4877 5577 4446 
9167 4596 5583 4961 
9168 3992 5033 4664 
9169 4869 5494 4300 
9170 3932 5551 4263 
9171 3902 5670 4652 
9172 4652 5670 4363 
9173 4553 5370 4017 
9174 4720 5182 3874 
9175 4860 5000 4272 
9176 4195 5459 4605 
9177 4556 5171 4127 
9178 4535 5368 4224 
9179 4678 5223 4205 
9180 4550 5432 3923 
9181 4614 4869 4063 
9182 4316 5297 5221 
9183 3894 4894 4602 
9184 4104 5309 4641 
9185 4641 5309 4264 
9186 3910 5325 4545 
9187 4770 5618 4944 
9188 764 4697 765 
9189 4135 5054 4631 
9190 4126 6094 4752 
9191 3901 5667 4060 
9192 4434 5494 4869 
9193 4760 5181 3959 
9194 4288 5181 4760 
9195 4750 4822 4141 
9196 4073 5356 4515 
9197 4506 5851 4042 
9198 4707 5379 232 
9199 4513 5819 3964 
9200 4028 5264 4163 
9201 4515 5326 4247 
9202 3914 5508 4553 
9203 4713 5644 4390 
9204 3924 5644 4713 
9205 4556 4986 4034 
9206 4521 5368 4007 
9207 4289 5129 4513 
9208 4014 5384 4400 
9209 4432 5974 5293 
9210 4708 4871 3993 
9211 4165 4871 4708 
9212 4464 5822 5203 
9213 4537 6051 3865 
9214 4713 5165 3924 
9215 782 4690 155 
9216 3 4691 247 
9217 3938 5410 4529 
9218 749 5253 750 
9219 4094 4799 4798 
9220 4798 4799 4297 
9221 4128 5408 4581 
9222 4415 5404 4877 
9223 4877 5404 4056 
9224 4143 5370 4553 
9225 3905 5528 5126 
9226 4790 4972 642 
9227 4110 4915 4597 
9228 4605 5817 4195 
9229 4237 5985 4661 
9230 5224 5661 4609 
9231 4674 5958 4121 
9232 4588 5029 3925 
9233 3972 5268 5063 
9234 5033 5405 4304 
9235 4209 5524 4617 
9236 4175 5623 4941 
9237 4941 5623 4538 
9238 4924 5436 4130 
9239 4131 5435 4925 
9240 4553 5508 4143 
9241 4670 5415 3896 
9242 4307 5415 4670 
9243 631 5496 4516 
9244 4863 5066 4195 
9245 4296 5066 4863 
9246 4007 5368 4535 
9247 4055 4958 4590 
9248 4527 5376 4205 
9249 4670 4816 4307 
9250 4148 5286 4919 
9251 3899 6082 4518 
9252 4566 5832 4942 
9253 4155 5120 4539 
9254 4540 5398 4019 
9255 4521 5291 750 
9256 4246 5432 4550 
9257 4630 5922 3863 
9258 4603 5080 4184 
9259 3941 5080 4603 
9260 4767 5195 4290 
9261 3983 5195 4767 
9262 4518 5170 3899 
9263 5234 5545 3849 
9264 4866 4867 4219 
9265 4129 4867 4866 
9266 213 5483 4541 
9267 4088 6075 4649 
9268 4070 6011 4716 
9269 4716 6011 4491 
9270 4349 5291 4521 
9271 4641 6010 4104 
9272 4974 6102 4551 
9273 4121 5865 4674 
9274 4154 4811 4736 
9275 6038 6075 4522 
9276 5264 5843 3897 
9277 4589 5570 3886 
9278 5232 5352 4438 
9279 4047 5406 4563 
9280 4116 5377 4539 
9281 4781 5227 3871 
9282 4309 5227 4781 
9283 4707 5709 5256 
9284 3904 5419 4917 
9285 3986 5355 4733 
9286 4934 6003 4293 
9287 4180 4982 4400 
9288 4968 5781 4375 
9289 4094 5428 4820 
9290 4193 5713 4742 
9291 4692 5586 4280 
9292 4712 5731 5419 
9293 4405 5963 4800 
9294 4290 5243 4767 
9295 4631 5054 4329 
9296 4248 5302 4633 
9297 4584 5806 5348 
9298 3931 5134 4567 
9299 4845 5516 4126 
9300 4739 5185 4370 
9301 4284 5065 4659 
9302 4541 5347 213 
9303 4086 5376 4527 
9304 4629 4997 4132 
9305 4720 6067 5182 
9306 4216 4948 4791 
9307 4791 4948 4185 
9308 5043 5669 4340 
9309 4626 5023 4044 
9310 4176 5023 4626 
9311 3999 5495 4900 
9312 4638 5965 4081 
9313 4942 5832 4146 
9314 4085 5803 5032 
9315 4063 5816 4614 
9316 4083 5281 4759 
9317 3865 4914 4622 
9318 4581 5390 4032 
9319 5416 5866 4006 
9320 4737 5535 3909 
9321 4367 5535 4737 
9322 5315 5672 4557 
9323 4354 5699 4685 
9324 4214 5434 4839 
9325 4577 5594 4666 
9326 220 4838 221 
9327 4275 5355 4544 
9328 4688 5869 4850 
9329 4550 5500 4019 
9330 4037 5718 4533 
9331 4199 5946 4536 
9332 740 4714 741 
9333 240 4715 241 
9334 4029 5104 4607 
9335 740 4858 4714 
9336 4715 4859 241 
9337 4683 4839 3946 
9338 3862 5261 4534 
9339 4577 5556 3862 
9340 4996 5060 4159 
9341 4769 5624 4403 
9342 4001 5624 4769 
9343 743 5850 4531 
9344 4532 5849 238 
9345 4563 5043 4047 
9346 5003 5495 3999 
9347 229 4945 230 
9348 4874 5626 4338 
9349 4238 5433 3957 
9350 3957 5452 4589 
9351 4589 5452 4257 
9352 4093 5647 4873 
9353 4873 5647 4483 
9354 4703 6062 4217 
9355 4622 5631 4233 
9356 4182 4926 4621 
9357 4126 5516 4911 
9358 4940 5665 4146 
9359 4146 5665 4942 
9360 4235 5330 4549 
9361 4670 4958 4055 
9362 4660 5809 4365 
9363 3919 5531 4556 
9364 5769 6063 4156 
9365 4467 5626 4874 
9366 5281 6099 4759 
9367 4469 5280 4777 
9368 4633 4902 4248 
9369 4262 5380 4628 
9370 4628 5380 3986 
9371 5067 5680 4102 
9372 4593 6073 4655 
9373 4213 4795 4794 
9374 4794 4795 4117 
9375 4217 5777 4644 
9376 4133 5101 4606 
9377 5343 5782 640 
9378 4538 5214 4020 
9379 4569 5938 5476 
9380 3904 5893 4712 
9381 4712 5893 4439 
9382 4606 5137 4194 
9383 3879 5137 4606 
9384 4682 4856 4196 
9385 3854 6027 5476 
9386 4160 5335 4938 
9387 4547 5128 4027 
9388 3927 6001 4585 
9389 4801 5536 3993 
9390 5577 5862 4518 
9391 4365 5816 4660 
9392 4950 5647 4388 
9393 638 5782 4740 
9394 4599 5463 4042 
9395 4577 5520 4261 
9396 4050 5520 4577 
9397 38 4601 282 
9398 4672 5392 4287 
9399 3870 5392 4672 
9400 4115 4789 4749 
9401 4520 5463 5028 
9402 4541 5175 4183 
9403 5028 5463 4253 
9404 4788 5680 4524 
9405 4018 5341 4616 
9406 4616 5341 4247 
9407 4985 5025 3887 
9408 640 5782 639 
9409 235 4724 236 
9410 745 4725 746 
9411 4938 5108 4326 
9412 3971 5108 4938 
9413 5522 6017 4154 
9414 5104 5811 4607 
9415 4814 5792 4000 
9416 3923 5154 4550 
9417 4624 5311 4079 
9418 4474 6062 4703 
9419 4549 5999 4235 
9420 3877 5064 4568 
9421 4518 5896 5577 
9422 4394 5697 4599 
9423 4016 5142 4562 
9424 4562 5142 4178 
9425 3897 5798 5264 
9426 3868 5049 4694 
9427 4617 5888 4039 
9428 39 5206 283 
9429 4010 5995 5917 
9430 5918 5996 4009 
9431 4631 5307 4135 
9432 4134 5308 4632 
9433 5691 5956 4486 
9434 4026 5162 4558 
9435 4219 5265 5073 
9436 3951 4856 4698 
9437 4190 5811 5104 
9438 4020 5245 4552 
9439 768 4915 769 
9440 4583 5506 4108 
9441 5084 5613 4089 
9442 4003 5696 5179 
9443 4034 5171 4556 
9444 4564 5516 4034 
9445 4756 5060 3875 
9446 4025 5728 4901 
9447 5240 5414 4313 
9448 159 4669 786 
9449 3983 5672 5315 
9450 4453 5656 4890 
9451 4629 5039 3985 
9452 4857 5837 4560 
9453 3889 5837 4857 
9454 4685 5699 4053 
9455 4645 4913 4053 
9456 3924 5165 4809 
9457 4579 5462 3921 
9458 4046 6022 4649 
9459 4742 5713 4898 
9460 796 4662 168 
9461 4881 5238 3918 
9462 3980 5566 4890 
9463 4890 5566 4453 
9464 3931 5084 4576 
9465 4567 5734 3931 
9466 4887 5139 4194 
9467 819 5230 191 
9468 3942 5636 4596 
9469 4313 5060 4996 
9470 3952 4965 4701 
9471 4085 5663 4602 
9472 4510 5219 4920 
9473 4639 4970 4111 
9474 4494 5669 5043 
9475 3873 5204 4646 
9476 4646 5204 3958 
9477 4021 5312 4561 
9478 4477 5880 5867 
9479 4561 5334 4234 
9480 649 5082 648 
9481 4286 5214 4709 
9482 4558 5159 4026 
9483 795 4667 167 
9484 4540 5966 5382 
9485 4693 5223 755 
9486 3891 5551 4765 
9487 4878 5691 4486 
9488 4082 5691 4878 
9489 4570 5126 4087 
9490 4606 4994 4133 
9491 4138 5284 4604 
9492 4806 5513 4746 
9493 5061 5203 4332 
9494 4985 5985 4237 
9495 4678 5824 5223 
9496 4407 5794 3984 
9497 4406 5941 5454 
9498 4055 5859 4816 
9499 777 5172 4599 
9500 4596 5636 3922 
9501 3857 5994 4821 
9502 4406 5454 5068 
9503 4512 5614 4865 
9504 4844 5540 5011 
9505 4419 5922 5359 
9506 4060 5458 3901 
9507 5225 5385 4388 
9508 5058 5444 4166 
9509 4712 4979 4096 
9510 5917 5995 4532 
9511 4531 5996 5918 
9512 639 5782 638 
9513 246 5779 4571 
9514 4572 5780 783 
9515 4382 5051 3999 
9516 4871 5387 4317 
9517 3999 5051 4379 
9518 4038 5277 4567 
9519 4129 5130 4867 
9520 4679 5163 3935 
9521 4300 5494 4702 
9522 4290 5394 5243 
9523 4988 6021 4441 
9524 3944 5095 4586 
9525 4570 5207 3905 
9526 4158 4962 4698 
9527 4136 5155 4742 
9528 4882 5522 4154 
9529 4666 5791 4050 
9530 5045 5271 4107 
9531 3866 5583 4596 
9532 4598 5283 4207 
9533 4832 5948 4421 
9534 4549 5984 5765 
9535 3991 5494 4971 
9536 4800 5377 4405 
9537 4121 4905 4796 
9538 5000 5462 4272 
9539 3939 4822 4750 
9540 4875 4995 4356 
9541 4646 5667 3901 
9542 4578 5204 3873 
9543 4773 5054 4135 
9544 4658 6021 3883 
9545 4277 5110 4771 
9546 4771 5110 3890 
9547 4413 5931 4692 
9548 4692 5931 4115 
9549 4787 5197 4303 
9550 4705 4935 4101 
9551 4652 6000 3902 
9552 4500 5294 4818 
9553 4914 5466 4704 
9554 3973 5592 4651 
9555 4650 5591 3974 
9556 4226 5311 4624 
9557 4946 5571 4105 
9558 4476 5571 4946 
9559 3937 4931 4717 
9560 4150 4923 4675 
9561 3932 4263 4163 
9562 4816 5859 4485 
9563 3861 5094 4623 
9564 4207 5867 4763 
9565 4115 4903 4692 
9566 4280 5453 4692 
9567 4832 6103 5948 
9568 4627 5166 4125 
9569 5302 6066 4633 
9570 5346 5908 4565 
9571 4783 5146 4254 
9572 4255 5147 4782 
9573 4587 5395 3886 
9574 4334 5158 4587 
9575 4420 5957 4728 
9576 5261 5482 4112 
9577 4417 5787 4630 
9578 4668 5475 3950 
9579 4293 5475 4668 
9580 4113 5614 5226 
9581 3855 5911 5188 
9582 4302 5047 4960 
9583 4960 5047 4177 
9584 4133 4998 4628 
9585 3906 5809 4660 
9586 4585 5255 4199 
9587 4623 5406 4047 
9588 4609 5259 3872 
9589 4163 5264 3932 
9590 4675 4923 3927 
9591 3886 5541 4589 
9592 4059 4934 4668 
9593 4233 5361 4660 
9594 5426 5607 4182 
9595 4586 5199 3894 
9596 4149 6031 4696 
9597 4762 4841 3941 
9598 4244 4912 4884 
9599 4884 4912 4127 
9600 290 4754 47 
9601 3925 5331 4588 
9602 5410 5852 4529 
9603 4149 6043 6031 
9604 4660 5816 4063 
9605 282 4601 39 
9606 4772 5135 4134 
9607 4588 5346 4043 
9608 3953 4947 4663 
9609 4971 5494 4434 
9610 4857 4975 4176 
9611 4151 5754 5720 
9612 4183 5175 4598 
9613 4128 5929 5408 
9614 5296 5748 3989 
9615 4142 5243 4739 
9616 5640 5643 4626 
9617 4143 5548 5370 
9618 5106 5807 4450 
9619 4449 5806 5105 
9620 4647 5795 4289 
9621 4380 5740 4721 
9622 4721 5740 4077 
9623 4881 5542 5238 
9624 4612 5673 3979 
9625 5135 6084 4134 
9626 4733 5355 4275 
9627 4648 4995 4137 
9628 4035 5871 5219 
9629 5856 6011 4070 
9630 3877 6064 4778 
9631 4826 5297 4316 
9632 4486 5956 4648 
9633 4044 5640 4626 
9634 199 4764 826 
9635 3956 5595 4853 
9636 4743 5205 4178 
9637 3900 5356 4805 
9638 5562 5635 4590 
9639 4821 5994 4503 
9640 4047 5037 4623 
9641 5534 5840 4424 
9642 4305 5300 4777 
9643 4777 5300 3903 
9644 4903 5586 4692 
9645 4815 5754 4151 
9646 3967 5810 4792 
9647 5219 5871 4579 
9648 5543 5907 4437 
9649 4043 5717 4634 
9650 4634 5717 4322 
9651 5233 5965 4638 
9652 4871 6020 5387 
9653 4158 6000 4652 
9654 5528 5827 4445 
9655 4407 5099 4181 
9656 4760 5597 4083 
9657 4653 5955 4487 
9658 4978 5608 4676 
9659 765 4820 766 
9660 3938 5275 4598 
9661 4198 4929 4815 
9662 4815 4929 3888 
9663 4896 5595 3956 
9664 4704 5894 4338 
9665 5105 5898 4449 
9666 4000 5425 4814 
9667 4698 4962 3951 
9668 4606 5101 3879 
9669 4145 5628 5402 
9670 4156 6063 4812 
9671 5453 5970 4692 
9672 4458 5680 5067 
9673 4767 5243 4142 
9674 3945 5020 4636 
9675 4641 5134 3931 
9676 4697 5323 4250 
9677 4684 5638 4080 
9678 4777 5280 4084 
9679 4621 6041 4182 
9680 5408 5929 4634 
9681 4103 5417 4709 
9682 4709 5417 4286 
9683 3955 4921 4738 
9684 4738 4921 4173 
9685 4598 5349 3938 
9686 3972 5169 4860 
9687 4222 4878 4768 
9688 4346 5104 4886 
9689 4229 5739 4610 
9690 4598 5275 4183 
9691 5105 5507 4259 
9692 4584 5507 5105 
9693 4260 5506 5106 
9694 5106 5506 4583 
9695 4207 5349 4598 
9696 4114 5129 4973 
9697 5649 5931 4413 
9698 5594 5904 4378 
9699 5765 5984 4384 
9700 4131 5216 4319 
9701 4194 5139 4606 
9702 4742 4898 4136 
9703 5143 5776 5564 
9704 5143 5564 4324 
9705 4111 5033 4639 
9706 4876 5955 4653 
9707 4616 5124 4018 
9708 4177 5124 4616 
9709 4324 5784 4649 
9710 4294 5643 5640 
9711 4680 6000 4158 
9712 4652 5791 4158 
9713 4643 5982 4186 
9714 4114 5196 4741 
9715 4607 5825 4029 
9716 4627 5316 204 
9717 4131 4925 4571 
9718 4572 4924 4130 
9719 4623 5094 4151 
9720 3962 5635 5562 
9721 4612 6046 5673 
9722 4591 5913 5533 
9723 4607 5811 3869 
9724 4672 5047 3870 
9725 4633 5292 3996 
9726 4846 4847 4168 
9727 4189 4847 4846 
9728 5063 5268 4322 
9729 3927 5690 4675 
9730 4675 5690 4333 
9731 5073 5730 4219 
9732 4049 5823 4953 
9733 4603 5497 3941 
9734 3922 5636 4072 
9735 4624 5474 4226 
9736 4241 5148 4612 
9737 4451 6070 5037 
9738 4657 5672 3983 
9739 4320 5672 4657 
9740 4710 5246 4243 
9741 3881 5246 4710 
9742 5762 6079 4068 
9743 4811 6017 4042 
9744 5724 5759 4611 
9745 3976 5817 4605 
9746 5151 5227 4335 
9747 4016 5775 4785 
9748 4048 5747 5209 
9749 4288 5338 5240 
9750 4626 5643 3889 
9751 4675 5834 4150 
9752 4061 5174 4608 
9753 4379 5003 3999 
9754 4400 5087 4180 
9755 4203 5316 4627 
9756 5533 5913 3944 
9757 4850 5869 4140 
9758 4054 6066 5302 
9759 4701 4965 4141 
9760 3902 5338 4759 
9761 4759 5338 4288 
9762 4158 5791 4666 
9763 4677 5493 3943 
9764 4412 5639 5360 
9765 4134 4887 4772 
9766 4135 4888 4773 
9767 4884 5010 4244 
9768 3953 5010 4884 
9769 4067 6061 4695 
9770 3934 5344 4937 
9771 5362 5563 4218 
9772 4769 5083 4107 
9773 4466 6005 4677 
9774 4883 5039 4132 
9775 4483 5647 4950 
9776 4115 5322 4903 
9777 4892 5171 4536 
9778 4608 5439 4061 
9779 4471 5563 5362 
9780 4756 5319 4159 
9781 4804 5519 4301 
9782 5641 5689 5108 
9783 4893 4965 4227 
9784 4141 4965 4893 
9785 4605 5303 3976 
9786 4325 5641 5108 
9787 5673 6046 4303 
9788 4155 5629 4806 
9789 762 5012 763 
9790 4015 5357 4800 
9791 3869 5287 4607 
9792 3969 6101 4619 
9793 4590 5635 5554 
9794 4249 5416 4643 
9795 4906 6013 3957 
9796 4369 5947 4654 
9797 4664 5464 3992 
9798 4271 5464 4664 
9799 5461 5467 4300 
9800 5388 5640 4044 
9801 4534 5981 5128 
9802 4831 5178 3992 
9803 4290 5178 4831 
9804 4636 5378 3945 
9805 5130 5511 4867 
9806 642 4972 641 
9807 645 4827 644 
9808 4001 5350 4611 
9809 4546 5619 5487 
9810 4612 5286 4241 
9811 739 4858 740 
9812 241 4859 242 
9813 4136 5744 5155 
9814 5009 5426 4182 
9815 5359 5887 4369 
9816 3887 5025 4837 
9817 4662 5444 5058 
9818 4929 5079 3963 
9819 4206 5287 4620 
9820 4425 5693 4850 
9821 4850 5693 3884 
9822 5118 5262 4387 
9823 4733 5101 4133 
9824 4481 5930 5188 
9825 4392 5394 4831 
9826 4664 5973 4271 
9827 4168 5919 5048 
9828 4423 5332 4827 
9829 5048 5919 4661 
9830 4891 5737 4401 
9831 4699 5013 4125 
9832 14 4732 258 
9833 5441 6025 4000 
9834 4817 5129 4114 
9835 4847 5074 4168 
9836 4666 5923 4158 
9837 4696 6031 4097 
9838 4125 5166 4699 
9839 4135 5307 4783 
9840 4782 5308 4134 
9841 4028 5843 5264 
9842 4854 5405 4111 
9843 4802 5317 4261 
9844 4262 5318 4803 
9845 4095 5958 4674 
9846 4237 5025 4985 
9847 5322 5892 4903 
9848 4076 5759 5724 
9849 4621 5662 4087 
9850 3966 5048 4661 
9851 4142 5857 4657 
9852 752 4810 753 
9853 4233 5422 4622 
9854 191 4635 818 
9855 4718 5431 4283 
9856 4006 5431 4718 
9857 4081 5374 4870 
9858 4870 5374 4348 
9859 4330 5085 4632 
9860 4716 5131 3908 
9861 5360 5639 4256 
9862 3848 5006 4842 
9863 4081 5706 4638 
9864 4638 5706 4306 
9865 4390 5644 5482 
9866 4823 5268 4119 
9867 5441 5792 4310 
9868 4119 5268 4826 
9869 6031 6043 4640 
9870 5032 5663 4085 
9871 3856 5396 4976 
9872 4779 4917 4308 
9873 4086 4917 4779 
9874 5370 5548 4481 
9875 4655 5914 4162 
9876 4221 5194 3922 
9877 4151 5406 4623 
9878 4663 5885 4570 
9879 4219 5730 5070 
9880 4160 5531 4909 
9881 4102 5680 4788 
9882 216 4936 217 
9883 4534 5128 4852 
9884 253 5972 10 
9885 3962 5991 4840 
9886 5210 6013 4594 
9887 4301 5619 4804 
9888 5021 5569 4593 
9889 3856 5480 5396 
9890 4644 5789 3943 
9891 3943 5045 4677 
9892 4075 6078 5552 
9893 4973 5129 4289 
9894 4715 5336 4259 
9895 4260 5337 4714 
9896 3997 5250 4239 
9897 4092 5442 4690 
9898 4938 4992 4160 
9899 4460 5609 5056 
9900 3878 5136 4813 
9901 4390 5004 4713 
9902 4700 5969 3999 
9903 4968 5900 4360 
9904 4789 5713 4193 
9905 4669 5628 4145 
9906 4322 5588 4634 
9907 5750 5928 4058 
9908 4630 5477 4051 
9909 4760 5812 5597 
9910 4360 5939 4968 
9911 4340 5391 5043 
9912 5399 5518 4500 
9913 4266 5844 4171 
9914 4628 5318 4262 
9915 4363 5987 4652 
9916 4691 5450 4091 
9917 790 5945 162 
9918 4673 5915 3981 
9919 3985 6091 4629 
9920 3908 5998 4736 
9921 4736 5998 4429 
9922 5056 5609 3940 
9923 4066 5117 4673 
9924 4268 5636 3942 
9925 154 5307 4631 
9926 4632 5308 2 
9927 4734 5076 4131 
9928 3911 5076 4734 
9929 4066 5055 4679 
9930 4874 5353 4467 
9931 4267 5353 4874 
9932 4150 5834 4730 
9933 4137 5773 4648 
9934 210 4830 211 
9935 5554 5635 4297 
9936 4156 5014 4920 
9937 4088 5885 4947 
9938 4310 5792 5160 
9939 4679 5117 4066 
9940 4186 5189 4643 
9941 254 5964 11 
9942 4672 6086 5047 
9943 4140 4999 4850 
9944 255 5964 12 
9945 792 5942 164 
9946 4937 4984 4235 
9947 4041 4984 4937 
9948 5007 5532 4461 
9949 4033 5532 5007 
9950 4258 5853 5247 
9951 4694 5049 4249 
9952 779 5697 5550 
9953 791 4686 163 
9954 4523 6063 5769 
9955 4552 5245 4748 
9956 5032 5803 4435 
9957 5303 6039 4132 
9958 4386 5792 4814 
9959 5356 6032 4805 
9960 5056 5645 4560 
9961 4309 5645 5056 
9962 4892 5946 3864 
9963 4536 5946 4892 
9964 4245 5908 5346 
9965 4986 5531 4160 
9966 4692 5970 4413 
9967 4665 6100 5199 
9968 4171 5164 4266 
9969 4647 5725 4308 
9970 4169 5458 5329 
9971 5182 6067 3961 
9972 4842 5006 4153 
9973 4076 5724 4816 
9974 5047 6086 4177 
9975 809 5512 181 
9976 4168 5994 4846 
9977 4178 5205 4943 
9978 29 4681 273 
9979 4308 5731 4647 
9980 4647 5731 4096 
9981 810 5512 182 
9982 4072 5636 4268 
9983 4186 5982 4718 
9984 3935 5623 4679 
9985 4153 5006 4853 
9986 5063 5717 5679 
9987 4676 5882 4192 
9988 4428 5416 5049 
9989 3859 5937 4862 
9990 5226 5614 4444 
9991 4230 5262 5118 
9992 5402 5884 4495 
9993 3878 5565 4893 
9994 5066 5459 4195 
9995 4800 5963 4015 
9996 4084 5598 4776 
9997 4065 5955 4876 
9998 5234 5857 4461 
9999 4722 5014 4191 
10000 4716 5028 4070 
10001 755 5223 756 
10002 5145 5853 4258 
10003 3958 5667 4646 
10004 4431 6037 5709 
10005 5562 5991 3962 
10006 5233 5974 3928 
10007 4852 5128 4117 
10008 4914 5631 4622 
10009 4969 5732 3949 
10010 4636 5485 4057 
10011 4637 5448 4071 
10012 4830 5971 4480 
10013 4660 5361 3906 
10014 273 5546 30 
10015 5328 5775 4562 
10016 4264 5400 4641 
10017 4468 6099 5281 
10018 4649 6022 4324 
10019 5065 5966 4696 
10020 3876 5966 5065 
10021 274 5546 31 
10022 4653 5744 4136 
10023 3847 4040 3850 
10024 4843 5005 4122 
10025 4646 5455 3873 
10026 4263 5551 3997 
10027 4768 5938 4165 
10028 4801 5570 4589 
10029 4056 5862 5577 
10030 4644 5567 4217 
10031 4094 5040 4799 
10032 4701 5241 3952 
10033 5369 5894 4704 
10034 5487 5619 4301 
10035 4917 5419 4308 
10036 4714 5337 741 
10037 240 5336 4715 
10038 4148 5222 4849 
10039 5197 5673 4303 
10040 4643 5883 4249 
10041 271 5578 28 
10042 4656 5173 4030 
10043 4053 5266 4645 
10044 4287 5392 4639 
10045 4668 5813 4059 
10046 4765 5212 4384 
10047 4547 5116 4881 
10048 272 5578 29 
10049 4175 5117 4679 
10050 3995 5843 4197 
10051 3995 5950 5843 
10052 3951 5407 4795 
10053 3950 5842 4668 
10054 3939 5826 4822 
10055 4491 6011 4703 
10056 764 5323 4697 
10057 4167 4972 4790 
10058 5063 5679 4336 
10059 5357 5629 4155 
10060 4372 5667 3958 
10061 4187 5177 4868 
10062 4189 5935 4671 
10063 4983 5184 3890 
10064 4327 5184 4983 
10065 3982 5715 4642 
10066 3943 5567 4644 
10067 745 5192 4725 
10068 4724 5193 236 
10069 4642 5525 4189 
10070 5121 5211 4202 
10071 3940 5211 5121 
10072 180 5622 807 
10073 4671 6057 3982 
10074 5199 6100 3894 
10075 4809 5711 4501 
10076 4102 5526 4848 
10077 3851 5198 4755 
10078 4793 6005 4466 
10079 4147 6005 4793 
10080 4742 5069 4193 
10081 3956 5069 4742 
10082 5188 5930 3855 
10083 4496 5815 5401 
10084 4002 5737 4891 
10085 10 4706 254 
10086 4097 5721 4659 
10087 5864 5915 4673 
10088 4726 5046 4116 
10089 235 5041 4724 
10090 4725 5042 746 
10091 5382 5966 3876 
10092 5010 5321 4244 
10093 4383 5321 5010 
10094 4285 5173 3967 
10095 291 3882 48 
10096 200 3882 827 
10097 4159 5060 4756 
10098 4881 5116 4119 
10099 5219 5769 4156 
10100 4941 5090 4175 
10101 4400 4982 4014 
10102 4347 5684 4656 
10103 4826 5268 3972 
10104 4753 5248 4337 
10105 4657 5234 4320 
10106 4690 5146 155 
10107 3 5147 4691 
10108 3901 5685 4646 
10109 3926 5878 4954 
10110 4954 5878 4546 
10111 3990 5970 5453 
10112 3850 4024 3847 
10113 4196 5518 5399 
10114 4112 5882 4676 
10115 4224 5253 4980 
10116 202 5961 4699 
10117 4695 5131 4147 
10118 4638 5974 5233 
10119 5221 5297 4272 
10120 5577 5896 4295 
10121 4648 6027 3854 
10122 4687 5856 4070 
10123 4196 6088 4682 
10124 4214 5162 4745 
10125 4745 5162 4026 
10126 4392 5818 5394 
10127 5029 6102 3925 
10128 4435 5803 5158 
10129 265 4774 22 
10130 4289 5397 4647 
10131 4865 5150 4422 
10132 5439 5504 4295 
10133 4293 4944 4897 
10134 4897 4944 3860 
10135 4862 5937 5115 
10136 3916 5274 4997 
10137 4997 5274 4396 
10138 4298 5122 4980 
10139 4980 5122 4224 
10140 4981 5123 4299 
10141 4225 5123 4981 
10142 3978 5484 4753 
10143 647 4882 646 
10144 3885 5161 4689 
10145 5938 6020 4165 
10146 5746 6085 4637 
10147 5214 5953 4709 
10148 755 5716 4693 
10149 4095 5711 4809 
10150 4819 5381 4077 
10151 5003 5609 4460 
10152 4100 5609 5003 
10153 4074 5822 5763 
10154 207 4899 208 
10155 4919 5222 4148 
10156 4059 5813 4710 
10157 4335 5227 4786 
10158 4052 6067 4720 
10159 4315 6085 5746 
10160 4658 5613 4273 
10161 5253 5368 4521 
10162 4224 5368 5253 
10163 5220 5262 4230 
10164 3930 5979 4684 
10165 4371 5915 5864 
10166 4736 5053 4154 
10167 4614 5816 5109 
10168 4687 5863 775 
10169 4087 5662 4663 
10170 4068 6079 4951 
10171 4951 6079 4613 
10172 4287 5315 4672 
10173 5387 5478 4317 
10174 4750 5217 4228 
10175 4141 5217 4750 
10176 222 5153 223 
10177 4717 6044 3937 
10178 5234 5572 4320 
10179 4656 5541 3886 
10180 3871 5227 5151 
10181 4693 5327 4205 
10182 4362 5909 4902 
10183 4857 6034 4975 
10184 4746 5120 4155 
10185 4434 5024 4971 
10186 4971 5024 4157 
10187 4743 5150 4113 
10188 4359 5385 4943 
10189 4943 5385 3892 
10190 5109 5816 4365 
10191 3939 5096 4721 
10192 4728 5766 4174 
10193 775 5386 4687 
10194 4253 5863 4687 
10195 4031 5619 5109 
10196 5109 5619 4546 
10197 4057 5485 5324 
10198 5324 5485 4620 
10199 4063 5422 4660 
10200 4660 5422 4233 
10201 4502 5652 4814 
10202 3928 5974 4788 
10203 4788 5974 4432 
10204 4661 5919 4237 
10205 4557 6086 5315 
10206 4659 5438 4284 
10207 4424 5840 5269 
10208 4709 5953 3935 
10209 4352 5762 4936 
10210 4005 5590 5498 
10211 4376 5936 4693 
10212 5619 5905 4804 
10213 5116 5608 4542 
10214 4027 5608 5116 
10215 5131 5998 3908 
10216 4234 5334 5008 
10217 4259 5507 4715 
10218 4714 5506 4260 
10219 4208 5288 4685 
10220 4685 5288 3955 
10221 4780 5603 758 
10222 4164 5236 4778 
10223 4694 5454 4067 
10224 4249 5454 4694 
10225 4324 5564 4705 
10226 4333 5675 4675 
10227 4673 5660 4066 
10228 4213 5091 4795 
10229 4795 5091 3951 
10230 4833 5148 4241 
10231 3947 5148 4833 
10232 4187 5496 4991 
10233 5168 5810 3967 
10234 4665 5810 5168 
10235 4397 5968 4907 
10236 4624 6102 5029 
10237 5128 5981 4027 
10238 3933 5097 4729 
10239 4726 6074 3867 
10240 4918 5501 4058 
10241 4375 5501 4918 
10242 4304 5447 4664 
10243 4893 5565 5217 
10244 4636 5880 5378 
10245 5627 5909 4362 
10246 4440 5926 4954 
10247 4123 4968 4861 
10248 5264 5798 4548 
10249 4205 5223 4693 
10250 4501 5828 4957 
10251 4957 5828 4032 
10252 4408 5125 4901 
10253 4174 5088 4728 
10254 3919 5114 4909 
10255 4579 5769 5219 
10256 4678 5376 4086 
10257 4819 5575 3994 
10258 4345 5575 4819 
10259 4389 5482 5261 
10260 5055 5163 4679 
10261 4071 5645 4781 
10262 5423 5576 4519 
10263 778 5697 779 
10264 3940 5121 4786 
10265 4437 5907 5102 
10266 4728 6092 4420 
10267 4865 5614 4113 
10268 5416 5982 4643 
10269 4493 6104 5096 
10270 3851 5865 5198 
10271 4797 5009 4182 
10272 4217 5567 4703 
10273 4795 5407 4117 
10274 3896 5492 4670 
10275 4137 4995 4875 
10276 4721 5901 4380 
10277 4312 5157 5008 
10278 5008 5157 4234 
10279 4194 5072 4772 
10280 4772 5072 3947 
10281 3869 5687 4758 
10282 3999 5969 4382 
10283 5209 5747 4454 
10284 4139 5161 4851 
10285 4127 5171 4892 
10286 4162 5914 4770 
10287 4679 5623 4175 
10288 4710 6083 3881 
10289 4069 5925 5257 
10290 4923 6001 3927 
10291 4172 5086 5037 
10292 5138 5143 4046 
10293 4366 5143 5138 
10294 4718 5982 4006 
10295 4523 5019 4993 
10296 3910 6024 4735 
10297 4734 6019 3911 
10298 205 4930 206 
10299 4719 5882 4112 
10300 4118 5165 4713 
10301 4724 5598 4084 
10302 4083 5597 4725 
10303 4683 5785 4106 
10304 4933 5347 4183 
10305 3937 5282 4931 
10306 214 4933 215 
10307 4437 5403 5340 
10308 4727 5935 4189 
10309 4205 5376 4678 
10310 5079 5719 3963 
10311 3976 5054 4773 
10312 4238 6013 5210 
10313 4962 5407 3951 
10314 5471 5481 4017 
10315 4248 5862 5301 
10316 4735 5119 4092 
10317 185 5783 812 
10318 5170 5862 4248 
10319 4812 5014 4156 
10320 4191 5014 4812 
10321 4704 5833 4124 
10322 186 5783 813 
10323 4605 6039 5303 
10324 4225 5379 4707 
10325 4237 5241 5025 
10326 4729 6065 3933 
10327 3946 5738 4683 
10328 4815 5352 4198 
10329 5064 5795 4647 
10330 4670 5492 4958 
10331 4338 5833 4704 
10332 4252 5638 4684 
10333 4835 5077 4215 
10334 3880 5077 4835 
10335 4101 5827 4705 
10336 232 5379 233 
10337 4091 5127 4734 
10338 3905 5784 4705 
10339 4705 5784 4324 
10340 4960 5290 4302 
10341 4838 5660 4314 
10342 3848 5952 5132 
10343 4421 5182 4832 
10344 4748 5245 4286 
10345 4944 5618 3860 
10346 5598 5986 4776 
10347 4718 5659 4186 
10348 4948 5421 4185 
10349 4583 5807 5106 
10350 5105 5806 4584 
10351 4963 4990 4212 
10352 4220 4990 4963 
10353 4102 5912 5067 
10354 231 5674 4707 
10355 4161 5000 4860 
10356 3908 5932 4716 
10357 802 4808 174 
10358 4111 5405 5033 
10359 4825 5118 4387 
10360 4182 6041 4797 
10361 811 5839 183 
10362 5486 5726 4315 
10363 4459 5299 5257 
10364 5257 5299 4069 
10365 812 5839 184 
10366 3914 6072 5508 
10367 5083 5555 4466 
10368 3868 5555 5083 
10369 5158 5902 4435 
10370 645 5975 4827 
10371 4366 5893 5468 
10372 4707 5674 4431 
10373 4853 5006 4218 
10374 5071 5472 4061 
10375 4436 5472 5071 
10376 4659 5721 5666 
10377 233 5379 4981 
10378 3945 6023 4873 
10379 4223 5276 4918 
10380 5378 5880 4236 
10381 3883 6021 4988 
10382 4694 5555 3868 
10383 4462 5781 5295 
10384 4278 5788 5628 
10385 4693 5716 4376 
10386 4089 5906 4717 
10387 4416 5324 4758 
10388 4880 5822 4074 
10389 4276 5381 4819 
10390 4366 5468 4836 
10391 5270 5710 4356 
10392 4837 5025 4170 
10393 5043 5391 4047 
10394 5054 6029 4329 
10395 5023 5160 4044 
10396 4310 5160 5023 
10397 4848 5586 3881 
10398 4178 5150 4743 
10399 4650 5190 4145 
10400 4061 5896 5071 
10401 4742 5155 3956 
10402 3869 5811 4748 
10403 5439 5896 4061 
10404 4866 5070 3950 
10405 4219 5070 4866 
10406 3907 5781 4968 
10407 4192 5882 4719 
10408 4703 5567 3943 
10409 4369 5887 5215 
10410 5605 5979 4395 
10411 4010 5898 5105 
10412 4084 5891 4724 
10413 4725 5890 4083 
10414 4551 5962 4974 
10415 4974 5962 4080 
10416 5254 5715 4227 
10417 4163 4580 4028 
10418 4642 5715 5254 
10419 5666 5721 4305 
10420 4961 5583 4402 
10421 4247 5342 4757 
10422 4757 5342 3866 
10423 4019 5500 4812 
10424 4108 5506 4714 
10425 4715 5507 4109 
10426 3955 5252 4955 
10427 4727 5220 4078 
10428 4325 5369 4704 
10429 4145 5591 4650 
10430 4651 5592 4144 
10431 4933 5698 4352 
10432 4153 5174 4842 
10433 5114 5353 4267 
10434 4315 5726 5180 
10435 4862 5596 3859 
10436 4350 5596 4862 
10437 4191 5154 4953 
10438 4849 5618 4351 
10439 3860 5618 4849 
10440 4257 5365 4708 
10441 4899 5038 208 
10442 5370 5553 4017 
10443 4130 5239 4735 
10444 4828 5119 4240 
10445 4092 5119 4828 
10446 3853 5576 5423 
10447 5126 5528 4339 
10448 4833 5127 4091 
10449 4241 5127 4833 
10450 181 4747 808 
10451 4294 5820 4700 
10452 4695 5998 5131 
10453 4266 4372 3958 
10454 4006 5982 5416 
10455 5144 5361 4233 
10456 4506 6017 5522 
10457 4702 5461 4300 
10458 4192 5764 4978 
10459 4448 5934 5216 
10460 4326 4992 4938 
10461 4740 5251 638 
10462 4585 5654 5255 
10463 4214 5038 4899 
10464 5292 5749 3996 
10465 5029 5929 4128 
10466 4588 5929 5029 
10467 4744 5275 3938 
10468 4032 5390 4957 
10469 4873 5118 4093 
10470 4230 5118 4873 
10471 4431 5709 4707 
10472 4704 5466 4325 
10473 5059 5642 4389 
10474 5445 5632 3980 
10475 5291 5358 751 
10476 4185 5136 4766 
10477 4448 5216 5076 
10478 4594 6013 4030 
10479 4814 5425 4265 
10480 5389 5613 4658 
10481 4089 5613 5389 
10482 4078 5935 4727 
10483 4403 6006 4769 
10484 4729 5393 4251 
10485 3978 5999 5484 
10486 237 5112 238 
10487 743 5113 744 
10488 4840 5601 3962 
10489 4352 5703 4933 
10490 4087 5319 4756 
10491 3993 5536 4708 
10492 4708 5536 4257 
10493 4860 5297 3972 
10494 4272 5297 4860 
10495 4717 5786 4576 
10496 4905 5233 3928 
10497 4296 5077 5066 
10498 5066 5077 3880 
10499 3989 5205 4743 
10500 5074 5919 4168 
10501 3947 5135 4772 
10502 4849 5222 3860 
10503 4735 5239 3910 
10504 4753 6070 5248 
10505 5052 5649 4413 
10506 5136 5584 4813 
10507 4260 5996 5850 
10508 5849 5995 4259 
10509 4810 5505 753 
10510 4389 5556 5059 
10511 5002 5675 4333 
10512 4912 5848 3919 
10513 4063 5467 5422 
10514 5422 5467 4622 
10515 3868 6089 5049 
10516 5742 5844 4578 
10517 4827 5975 4423 
10518 234 5041 235 
10519 746 5042 747 
10520 3885 5944 5161 
10521 3859 5596 5022 
10522 3966 5430 5089 
10523 5089 5430 4418 
10524 4807 5079 4198 
10525 3847 5079 4807 
10526 46 4754 290 
10527 4054 5907 5543 
10528 5255 5654 4023 
10529 4271 5749 5464 
10530 4712 5419 3904 
10531 5329 5363 4169 
10532 4722 5823 4464 
10533 4746 5513 4016 
10534 4254 5442 5310 
10535 4778 5236 3877 
10536 4931 5282 4279 
10537 4292 4976 4975 
10538 4975 4976 4176 
10539 818 5637 190 
10540 4485 5859 4726 
10541 4502 5481 5471 
10542 4739 5243 3898 
10543 4836 5776 4366 
10544 4401 6015 4891 
10545 4157 4989 4988 
10546 4988 4989 4371 
10547 5340 5403 4292 
10548 633 4991 632 
10549 4738 5252 3955 
10550 4609 6033 5259 
10551 4836 5468 4527 
10552 4844 5922 4419 
10553 3863 5922 4844 
10554 4078 5220 4751 
10555 4751 5220 4230 
10556 4439 5655 4712 
10557 4755 5198 4274 
10558 817 5637 189 
10559 130 5550 650 
10560 3888 5696 4961 
10561 3865 5466 4914 
10562 4781 5645 4309 
10563 779 5550 130 
10564 4113 5150 4865 
10565 4344 5039 4883 
10566 4752 5581 4126 
10567 4539 5377 4800 
10568 826 4764 198 
10569 4946 5412 4472 
10570 5276 5328 4456 
10571 4223 5328 5276 
10572 4773 5817 3976 
10573 5014 6030 4920 
10574 4022 5375 4730 
10575 4713 5580 4118 
10576 4787 5137 3879 
10577 4065 5840 5534 
10578 4739 5980 4142 
10579 4370 5980 4739 
10580 4887 5085 3975 
10581 4435 5625 5032 
10582 5032 5625 3858 
10583 4826 5542 4119 
10584 4316 5542 4826 
10585 4283 5539 4718 
10586 4752 6094 3927 
10587 758 5603 759 
10588 782 5780 4690 
10589 4691 5779 247 
10590 4591 5533 4824 
10591 5202 5523 4209 
10592 5198 5865 4533 
10593 5152 5344 4180 
10594 4919 5488 4342 
10595 3979 5488 4919 
10596 278 6095 35 
10597 3874 5683 4720 
10598 4614 5878 5752 
10599 5628 5788 3969 
10600 4720 5796 3920 
10601 279 6096 36 
10602 4201 5179 3963 
10603 3952 5074 4847 
10604 280 6096 37 
10605 4886 5617 4359 
10606 4029 5617 4886 
10607 4650 5657 5190 
10608 4193 5069 4855 
10609 210 5971 4830 
10610 4830 5723 211 
10611 4098 5294 4829 
10612 4775 5176 4186 
10613 4629 5317 4997 
10614 4429 5903 4736 
10615 5211 5249 4202 
10616 4421 5700 5182 
10617 4958 5562 4590 
10618 4943 5205 4359 
10619 4889 5144 4233 
10620 4004 5144 4889 
10621 4041 5250 4984 
10622 3909 5478 4723 
10623 4186 5659 4775 
10624 4827 5285 644 
10625 4649 5784 5207 
10626 4235 5103 4937 
10627 4937 5103 3934 
10628 3848 5362 5006 
10629 3852 6030 4722 
10630 5180 5185 3977 
10631 4370 5185 5180 
10632 4930 5159 4558 
10633 4797 6088 4196 
10634 4447 5239 5075 
10635 4920 5219 4156 
10636 4412 5360 4939 
10637 5057 5420 3981 
10638 4391 5420 5057 
10639 45 5443 289 
10640 4964 5412 4105 
10641 5095 5199 4586 
10642 4039 5199 5095 
10643 825 5451 197 
10644 805 6040 4452 
10645 4817 5736 5129 
10646 5421 5584 4185 
10647 4905 5751 4796 
10648 4759 6099 3902 
10649 5813 6083 4710 
10650 4353 6016 3968 
10651 4758 6068 3869 
10652 3941 5497 4762 
10653 4093 5118 4825 
10654 4765 5984 3891 
10655 4384 5984 4765 
10656 4967 5236 4164 
10657 4719 5644 5538 
10658 5538 5644 3924 
10659 4135 5875 4888 
10660 4809 5165 4490 
10661 635 5766 4728 
10662 3893 5588 4823 
10663 4823 5588 4322 
10664 5489 5828 4455 
10665 245 5308 4782 
10666 4783 5307 780 
10667 4855 6036 4218 
10668 4771 5367 4207 
10669 4469 5372 5280 
10670 5280 5372 4269 
10671 4270 5373 5281 
10672 5281 5373 4468 
10673 4481 5553 5370 
10674 4895 6032 4073 
10675 4251 5285 4827 
10676 4736 5682 3908 
10677 4749 5322 4115 
10678 4820 5428 4281 
10679 5480 5821 4415 
10680 4904 4956 4278 
10681 212 5483 213 
10682 4745 5434 4214 
10683 4546 5487 4954 
10684 4730 5834 4022 
10685 4323 6058 4731 
10686 4927 6076 4405 
10687 4300 5467 4869 
10688 4208 5952 5288 
10689 5390 5764 4192 
10690 161 5016 788 
10691 4452 5152 177 
10692 788 4904 160 
10693 5348 5507 4584 
10694 4109 5507 5348 
10695 3987 5776 4836 
10696 4781 5746 4637 
10697 3975 5139 4887 
10698 4252 5197 4787 
10699 4079 5311 4755 
10700 3979 5605 5488 
10701 4203 5159 4930 
10702 4731 5565 3878 
10703 3912 5713 4789 
10704 4763 5349 4207 
10705 4099 6056 4738 
10706 5880 5954 4236 
10707 3937 5568 5111 
10708 4256 5103 5036 
10709 4122 5487 4843 
10710 4843 5487 4301 
10711 4743 5873 3989 
10712 5235 5728 4025 
10713 4303 6028 4787 
10714 4993 5019 4149 
10715 3985 5642 5059 
10716 3951 5518 4856 
10717 4979 5708 4096 
10718 3935 5953 5623 
10719 4768 5847 3854 
10720 4074 5763 4949 
10721 4949 5763 4492 
10722 4862 5115 4152 
10723 5138 5893 4366 
10724 268 4895 25 
10725 208 5038 209 
10726 4786 5227 4309 
10727 3952 5254 4965 
10728 4198 5232 4807 
10729 4885 5183 4476 
10730 4876 5354 4355 
10731 5155 5744 4399 
10732 5153 5949 223 
10733 4207 5283 4771 
10734 747 5771 748 
10735 233 5770 234 
10736 4991 5957 4420 
10737 4737 5728 4367 
10738 4368 5374 4969 
10739 4969 5374 4081 
10740 4994 5968 4397 
10741 5295 5781 3907 
10742 4820 5460 766 
10743 4144 4977 4651 
10744 4983 5110 4216 
10745 5158 5803 4587 
10746 5008 5603 4312 
10747 4230 6023 4751 
10748 4258 5271 5045 
10749 4077 5910 4819 
10750 4947 5885 4663 
10751 4847 5525 3952 
10752 4958 5492 4311 
10753 5037 6070 4172 
10754 4645 5967 5831 
10755 4503 5048 4966 
10756 4966 5048 3966 
10757 4869 5467 4063 
10758 4766 5593 4227 
10759 4886 5104 4029 
10760 4811 5682 4736 
10761 4281 5460 4820 
10762 4950 6004 4483 
10763 4206 6004 4950 
10764 5177 5502 4868 
10765 4423 5975 4882 
10766 3980 5632 5078 
10767 4182 5607 4926 
10768 4558 5162 4899 
10769 4086 5704 4780 
10770 4604 5809 5183 
10771 5183 5809 3906 
10772 5389 5906 4089 
10773 5046 5859 4055 
10774 4916 5946 4199 
10775 748 5771 4980 
10776 4981 5770 233 
10777 4223 5928 4785 
10778 4780 5704 4312 
10779 3960 5666 4776 
10780 4776 5666 4305 
10781 5387 5476 4099 
10782 4569 5476 5387 
10783 3945 6004 5020 
10784 4198 5079 4929 
10785 4344 5701 5580 
10786 3871 5746 4781 
10787 4205 5327 4836 
10788 5276 5797 4918 
10789 4104 6077 5309 
10790 5309 6077 4761 
10791 4748 5811 4190 
10792 4758 5417 4103 
10793 4060 5667 4372 
10794 4870 5937 3859 
10795 5330 5984 4549 
10796 4454 5756 4915 
10797 4882 5975 646 
10798 4830 6015 5723 
10799 3881 6083 4848 
10800 4614 5752 4869 
10801 4817 5371 4488 
10802 751 5358 752 
10803 4883 5459 3880 
10804 4766 5715 3982 
10805 4402 5754 4961 
10806 4961 5754 3888 
10807 4930 5316 4203 
10808 5148 6046 4612 
10809 4748 5687 3869 
10810 4286 5687 4748 
10811 4832 5182 3961 
10812 218 5062 219 
10813 4357 5732 4969 
10814 4874 5335 4267 
10815 3971 5335 4874 
10816 4793 5555 4694 
10817 5056 5837 4460 
10818 4416 5943 4763 
10819 4790 5393 4167 
10820 4251 5393 4790 
10821 4414 6059 4746 
10822 4843 5519 225 
10823 4337 5858 4753 
10824 4753 5858 3978 
10825 739 5633 4858 
10826 4859 5634 242 
10827 204 5316 205 
10828 5329 5458 4377 
10829 4909 5114 4267 
10830 3890 5367 4771 
10831 4240 5298 4828 
10832 4828 5298 3948 
10833 4802 5279 4450 
10834 4449 5278 4803 
10835 4383 5607 5426 
10836 643 5285 4790 
10837 4183 5698 4933 
10838 4452 5344 5152 
10839 4274 5616 4755 
10840 4755 5616 4079 
10841 4215 5228 4834 
10842 5000 5879 3921 
10843 4858 5633 4329 
10844 4330 5634 4859 
10845 289 4754 46 
10846 3959 5812 4760 
10847 4320 5572 5187 
10848 4860 5169 4161 
10849 5100 5489 4455 
10850 213 5347 214 
10851 4139 5868 5161 
10852 4761 5886 3853 
10853 4861 5797 3988 
10854 4375 5797 4861 
10855 4990 5133 3874 
10856 4935 5801 4101 
10857 4174 5766 5030 
10858 4819 5479 4276 
10859 3994 5479 4819 
10860 4763 5867 4057 
10861 4762 5497 4203 
10862 4941 5841 5090 
10863 4199 5581 4752 
10864 3994 5575 5107 
10865 5107 5575 4427 
10866 4126 5581 4845 
10867 4818 5294 4098 
10868 5208 5380 4417 
10869 3986 5380 5208 
10870 3854 5938 4768 
10871 4050 5279 4802 
10872 4803 5278 4051 
10873 5200 5432 4246 
10874 3988 5305 4861 
10875 5259 6033 4509 
10876 4755 6035 3851 
10877 4260 5850 5337 
10878 5336 5849 4259 
10879 4778 6064 4150 
10880 4933 5703 215 
10881 4834 5228 3949 
10882 198 4764 825 
10883 4073 5449 4895 
10884 4779 5725 3964 
10885 4308 5725 4779 
10886 4276 5479 4775 
10887 5248 6070 4451 
10888 3961 5860 4832 
10889 4019 6063 4993 
10890 4993 6063 4523 
10891 4790 5285 4251 
10892 4761 6077 4279 
10893 4984 5330 4235 
10894 4434 5752 5024 
10895 5024 5752 3926 
10896 4894 5168 4347 
10897 5134 5832 4567 
10898 4146 5832 5134 
10899 3984 5290 4805 
10900 5427 5440 4120 
10901 648 5522 647 
10902 4151 5352 4815 
10903 5022 5333 4306 
10904 4765 5551 3932 
10905 4902 5909 4248 
10906 4590 5554 5046 
10907 5963 6076 4741 
10908 4029 5825 4950 
10909 4212 5700 5661 
10910 5278 5898 4364 
10911 4016 5513 5142 
10912 5142 5513 4422 
10913 3931 5092 5084 
10914 5084 5092 4273 
10915 4423 6048 5053 
10916 5350 5724 4611 
10917 4771 5510 4277 
10918 3959 5181 4996 
10919 4996 5181 4313 
10920 3982 5339 4791 
10921 4354 5727 5587 
10922 5199 5888 4665 
10923 5007 5857 4142 
10924 4589 5541 4906 
10925 4899 5162 4214 
10926 5088 6092 4728 
10927 4518 6082 5071 
10928 4461 5857 5007 
10929 4306 5333 5293 
10930 4322 5268 4823 
10931 3963 4711 4201 
10932 3930 5265 4867 
10933 4297 5635 4798 
10934 4798 5635 3962 
10935 632 5496 631 
10936 783 5780 782 
10937 247 5779 246 
10938 3861 5874 5094 
10939 4840 5991 4110 
10940 5315 6086 4672 
10941 4775 5959 4276 
10942 3932 6009 4765 
10943 4751 6023 5378 
10944 5378 6023 3945 
10945 4200 4268 3942 
10946 4381 5767 4916 
10947 4916 5767 3864 
10948 4872 5265 3930 
10949 4769 5814 4001 
10950 4227 5715 4766 
10951 4633 6066 5292 
10952 4153 5997 5174 
10953 4107 6049 4769 
10954 4560 5837 5056 
10955 4236 5954 5184 
10956 4803 5477 4262 
10957 4051 5477 4803 
10958 4478 6043 5019 
10959 750 5291 751 
10960 4929 5179 3888 
10961 3963 5179 4929 
10962 5077 5078 4215 
10963 4296 5078 5077 
10964 4992 5695 3895 
10965 4433 5886 5793 
10966 4625 5249 5211 
10967 4073 5194 4559 
10968 4705 5564 4935 
10969 5092 5093 4273 
10970 4232 5093 5092 
10971 4800 5357 4155 
10972 4195 5817 4773 
10973 4775 5659 3887 
10974 4816 5724 4307 
10975 4222 5685 4864 
10976 4866 5876 4129 
10977 4776 5986 3960 
10978 4229 5333 5022 
10979 4821 5305 4387 
10980 4898 5713 3912 
10981 3972 5297 4826 
10982 3942 5696 4200 
10983 4891 6015 4106 
10984 4829 5294 4213 
10985 3880 5701 4883 
10986 4883 5701 4344 
10987 4999 5757 4850 
10988 6 4977 250 
10989 4871 5621 3993 
10990 4317 5621 4871 
10991 3890 5110 4983 
10992 4390 5642 5004 
10993 5004 5642 3985 
10994 4466 5555 4793 
10995 4990 5700 4212 
10996 4784 6007 3879 
10997 4218 5563 4855 
10998 4853 6036 3956 
10999 5002 5836 4022 
11000 4444 5836 5002 
11001 5752 5878 3926 
11002 4171 5844 5742 
11003 5082 5851 4506 
11004 4812 5500 4191 
11005 754 5716 755 
11006 4606 5139 4994 
11007 4994 5139 3975 
11008 5304 5599 4140 
11009 4525 5599 5304 
11010 5325 5600 4545 
11011 4139 5600 5325 
11012 3887 5959 4775 
11013 5029 5474 4624 
11014 4284 5412 4964 
11015 4995 5956 4064 
11016 4648 5956 4995 
11017 3879 6007 4787 
11018 5117 5864 4673 
11019 3952 5241 5074 
11020 251 4987 8 
11021 4893 5217 4141 
11022 752 5358 4810 
11023 4983 5339 4327 
11024 4787 6007 4252 
11025 223 5949 224 
11026 3964 5988 4779 
11027 770 5156 771 
11028 4277 5785 5509 
11029 5069 6036 4855 
11030 5167 5184 4327 
11031 4236 5184 5167 
11032 4878 5847 4768 
11033 4905 5733 4357 
11034 4121 5733 4905 
11035 4836 5327 3987 
11036 5052 5333 4229 
11037 4838 5491 221 
11038 3943 5789 5045 
11039 4242 6053 4805 
11040 4805 6053 3984 
11041 4997 5317 3916 
11042 4786 5547 4335 
11043 4212 5661 5224 
11044 3921 5462 5000 
11045 4735 6024 5119 
11046 5744 5930 4399 
11047 4349 5358 5291 
11048 4951 5163 4179 
11049 5182 5700 3874 
11050 5437 5969 4166 
11051 4312 5603 4780 
11052 4051 5887 5359 
11053 4867 5265 4219 
11054 4798 5428 4094 
11055 4788 5526 4102 
11056 4975 6034 4071 
11057 5127 6019 4734 
11058 775 5863 776 
11059 4779 5704 4086 
11060 4314 5491 4838 
11061 758 5799 4780 
11062 3962 5601 4798 
11063 3879 5611 4784 
11064 4784 5612 4080 
11065 4827 5332 4251 
11066 238 5849 239 
11067 742 5850 743 
11068 4252 6007 5638 
11069 4615 5860 3961 
11070 5509 5785 4683 
11071 5111 5282 3937 
11072 4346 5282 5111 
11073 5638 6007 4784 
11074 4405 6076 5963 
11075 4080 5638 4784 
11076 4161 5879 5000 
11077 5243 5394 3898 
11078 4780 5799 4678 
11079 155 5146 781 
11080 244 5147 3 
11081 5306 5678 4036 
11082 4386 5388 5160 
11083 5160 5388 4044 
11084 4875 5772 3913 
11085 4356 5772 4875 
11086 4530 5595 4896 
11087 4220 5133 4990 
11088 5831 5967 4358 
11089 4261 5520 4802 
11090 4802 5520 4050 
11091 4376 5801 4935 
11092 4357 5233 4905 
11093 3873 5455 4922 
11094 4937 5344 4041 
11095 5036 5103 4235 
11096 4956 6050 4459 
11097 3920 6050 4956 
11098 4657 5857 5234 
11099 5011 5879 4161 
11100 4785 5775 4223 
11101 4879 5474 4128 
11102 4879 5489 4226 
11103 225 5519 226 
11104 4774 5523 5202 
11105 4342 5222 4919 
11106 4963 5553 4220 
11107 4256 5244 5103 
11108 5550 5697 4394 
11109 4888 5875 5310 
11110 633 5957 4991 
11111 4115 5931 4789 
11112 776 5172 777 
11113 4963 5471 4017 
11114 236 5193 237 
11115 744 5192 745 
11116 4831 5394 4290 
11117 224 5949 5005 
11118 5130 5488 4395 
11119 4342 5488 5130 
11120 5041 5598 4724 
11121 4725 5597 5042 
11122 4519 5678 5306 
11123 2 5308 245 
11124 780 5307 154 
11125 48 3882 292 
11126 828 3882 200 
11127 4654 5947 5300 
11128 5300 5947 3903 
11129 4134 6084 4782 
11130 4257 5536 4801 
11131 4358 5892 5322 
11132 4977 6016 5313 
11133 4062 5902 5158 
11134 4120 5440 4667 
11135 4819 5910 4345 
11136 5600 5653 4350 
11137 4034 5516 4845 
11138 4422 5513 4806 
11139 5345 6006 4403 
11140 5096 5901 4721 
11141 5019 6043 4149 
11142 4003 5179 4201 
11143 4769 6006 5083 
11144 4392 5749 5292 
11145 4419 5540 4844 
11146 4804 5677 227 
11147 5345 6089 6006 
11148 638 5251 637 
11149 4918 5928 4223 
11150 5720 5754 4402 
11151 4334 5570 4801 
11152 5755 6052 4442 
11153 4810 5801 5505 
11154 4199 5255 4916 
11155 4893 5593 3878 
11156 4782 6084 4255 
11157 5125 5686 4901 
11158 4602 5663 5405 
11159 5405 5663 4304 
11160 4828 5442 4092 
11161 4888 5310 3948 
11162 5200 6002 4004 
11163 4457 5677 4804 
11164 774 5386 775 
11165 4254 5875 4783 
11166 5484 5999 4549 
11167 4221 5237 5194 
11168 4913 5648 4471 
11169 4850 5757 4425 
11170 4171 5433 4732 
11171 5015 5626 3923 
11172 4091 5450 4833 
11173 4805 6032 4242 
11174 4144 6016 4977 
11175 4189 5525 4847 
11176 4807 6047 3847 
11177 4758 5687 5417 
11178 4741 6076 5371 
11179 5371 6076 3915 
11180 4569 6020 5938 
11181 4561 5312 5012 
11182 4010 5917 5372 
11183 5373 5918 4009 
11184 3992 5464 4831 
11185 3849 5572 5234 
11186 4839 5434 3946 
11187 4890 5411 3980 
11188 5252 5960 4955 
11189 772 5213 773 
11190 13 5164 257 
11191 4314 5420 5153 
11192 5153 5420 4391 
11193 4282 6067 4052 
11194 4939 5360 3978 
11195 636 5766 635 
11196 5407 5904 4117 
11197 4796 5751 4524 
11198 4873 6023 4230 
11199 4480 5971 5038 
11200 5091 5518 3951 
11201 4639 5392 4970 
11202 4970 5392 3870 
11203 4812 6063 4019 
11204 4223 5775 5328 
11205 5698 5762 4352 
11206 4744 5762 5698 
11207 5038 5971 209 
11208 4940 5306 4036 
11209 4926 5662 4621 
11210 4799 5805 3915 
11211 4806 5629 3929 
11212 4889 5631 4124 
11213 4880 5426 3965 
11214 4383 5426 4880 
11215 4662 5058 4120 
11216 4956 5788 4278 
11217 637 5899 636 
11218 4813 5584 4328 
11219 4241 5286 4928 
11220 4449 5898 5278 
11221 4154 6017 4811 
11222 763 5323 764 
11223 3965 5741 4880 
11224 4880 5741 4332 
11225 4824 5533 4361 
11226 4335 5244 5151 
11227 4140 5599 4999 
11228 4999 5599 4351 
11229 4171 5446 5164 
11230 4890 5656 4152 
11231 4341 6083 5813 
11232 4783 5875 4135 
11233 216 5703 4936 
11234 3955 5288 4921 
11235 229 5366 4945 
11236 4844 5473 3863 
11237 4804 5905 4457 
11238 4928 5286 4148 
11239 5293 5453 4432 
11240 3990 5453 5293 
11241 4504 5236 4967 
11242 4936 5703 4352 
11243 4520 5682 4811 
11244 5197 5605 3979 
11245 4138 6037 4945 
11246 4945 6037 4431 
11247 4292 5403 4976 
11248 4976 5403 3856 
11249 5216 5934 3973 
11250 4277 5510 4891 
11251 4891 5510 4002 
11252 3902 6000 5338 
11253 5338 6000 4680 
11254 5050 5470 4100 
11255 5226 5576 3853 
11256 4444 5576 5226 
11257 4814 5652 4386 
11258 3912 5354 4898 
11259 4500 5518 5091 
11260 4041 5344 4452 
11261 5094 5874 4438 
11262 5040 5805 4799 
11263 4949 5321 4074 
11264 5299 5796 4343 
11265 4022 5675 5002 
11266 3915 6076 4927 
11267 4965 5254 4227 
11268 4559 5449 4073 
11269 3909 5535 5263 
11270 5263 5535 4442 
11271 4137 5727 4955 
11272 4955 5727 4354 
11273 4301 5519 4843 
11274 5194 5237 4559 
11275 4124 5631 4914 
11276 4080 5612 4974 
11277 4264 5306 4940 
11278 4947 5602 4475 
11279 4864 5685 3901 
11280 4150 5705 4923 
11281 228 5366 229 
11282 205 5316 4930 
11283 4005 6042 5011 
11284 5011 6042 4478 
11285 4355 5840 4876 
11286 4876 5840 4065 
11287 4179 5163 5055 
11288 5058 5606 4120 
11289 4101 5801 4810 
11290 4017 5553 4963 
11291 4098 5920 4818 
11292 5402 5628 3969 
11293 644 5285 643 
11294 4021 5736 4817 
11295 3888 5754 4815 
11296 4818 5741 3965 
11297 4856 5518 4196 
11298 5618 5940 4351 
11299 4770 5940 5618 
11300 4957 5538 4501 
11301 5508 6072 4530 
11302 4977 5658 4651 
11303 4361 5993 4824 
11304 4824 5993 3870 
11305 3950 5475 4866 
11306 5547 5676 4335 
11307 4200 5696 4003 
11308 4837 5959 3887 
11309 5174 5997 4608 
11310 5154 5861 4953 
11311 3916 5807 5274 
11312 5274 5807 4583 
11313 4984 5250 3891 
11314 4291 5719 4024 
11315 4336 5473 5169 
11316 4332 5822 4880 
11317 183 4910 810 
11318 4123 5900 4968 
11319 4927 5554 4297 
11320 4116 5554 4927 
11321 4938 5335 3971 
11322 4855 5563 3970 
11323 4152 5656 4932 
11324 4242 6032 4895 
11325 5009 5399 3965 
11326 4923 5705 4331 
11327 4244 5321 4949 
11328 4645 5648 4913 
11329 4835 5701 3880 
11330 4868 5502 4323 
11331 4998 5318 4628 
11332 3917 5318 4998 
11333 4822 5826 4170 
11334 770 5756 5156 
11335 4867 5511 3930 
11336 797 5044 169 
11337 4385 5302 5301 
11338 5301 5302 4248 
11339 4859 5978 4330 
11340 4329 5977 4858 
11341 3957 5742 5452 
11342 4248 5909 5170 
11343 4853 5595 4153 
11344 4226 5474 4879 
11345 4240 6024 4932 
11346 5371 5805 4488 
11347 5030 5766 636 
11348 5012 5323 763 
11349 214 5347 4933 
11350 4928 6019 4241 
11351 4625 5211 4100 
11352 4559 5237 26 
11353 5141 5604 4404 
11354 4075 5604 5141 
11355 3896 5415 5247 
11356 5247 5415 4393 
11357 4106 6015 4830 
11358 4909 5531 3919 
11359 269 5449 4559 
11360 4437 5585 5543 
11361 4331 5708 4979 
11362 4833 6018 3947 
11363 4452 4952 4041 
11364 4509 5743 5259 
11365 5259 5743 4374 
11366 4032 5489 4879 
11367 5309 5423 4264 
11368 283 5206 40 
11369 5004 5580 4713 
11370 4235 5999 5036 
11371 4276 5959 4837 
11372 4975 5448 4292 
11373 4071 5448 4975 
11374 4012 5653 4851 
11375 4216 5738 4948 
11376 636 5899 5030 
11377 5205 5748 4359 
11378 5156 5756 4454 
11379 4146 5400 4940 
11380 4940 5400 4264 
11381 172 5050 799 
11382 4471 5362 5132 
11383 3928 5751 4905 
11384 171 5051 798 
11385 3847 6047 4040 
11386 4306 5706 4870 
11387 4870 5706 4081 
11388 5484 6070 4753 
11389 4172 6070 5484 
11390 3863 6081 5702 
11391 4970 5854 4111 
11392 4578 5844 5204 
11393 4318 5559 4650 
11394 4651 5558 4319 
11395 5102 5403 4437 
11396 4538 5953 5214 
11397 5287 6068 4620 
11398 5001 5653 4012 
11399 4350 5653 5001 
11400 4548 5874 5212 
11401 5212 5874 3861 
11402 4282 4615 3961 
11403 4726 5859 5046 
11404 4348 5937 4870 
11405 4171 5742 5433 
11406 5161 5868 4689 
11407 5126 5319 4087 
11408 4244 5848 4912 
11409 4846 5994 3857 
11410 239 5336 240 
11411 741 5337 742 
11412 4338 5626 5015 
11413 16 5210 4594 
11414 3971 5369 5108 
11415 5108 5369 4325 
11416 4119 5542 4881 
11417 5292 6066 4574 
11418 4594 5201 260 
11419 5299 6050 5796 
11420 5256 5709 4008 
11421 5452 5742 4578 
11422 4218 6036 4853 
11423 192 5230 819 
11424 4370 5726 5007 
11425 5007 5726 4033 
11426 5292 5818 4392 
11427 4574 5818 5292 
11428 4915 5756 769 
11429 4848 5912 4102 
11430 5075 5239 4130 
11431 5123 5753 3960 
11432 4900 5495 3889 
11433 5172 5863 4253 
11434 5623 5953 4538 
11435 647 5522 4882 
11436 237 5193 5112 
11437 5113 5192 744 
11438 5408 5764 4581 
11439 5615 5935 4078 
11440 4344 5580 5004 
11441 5101 5611 3879 
11442 4056 5577 4877 
11443 252 5329 9 
11444 4872 5616 4274 
11445 4033 5855 5532 
11446 285 5443 42 
11447 4787 6028 5137 
11448 4560 6034 4857 
11449 5049 6089 4428 
11450 194 5451 821 
11451 3952 5525 5254 
11452 3978 5360 5036 
11453 4117 5904 4852 
11454 5238 5542 4316 
11455 4111 5854 4854 
11456 4398 5951 5686 
11457 3891 5330 4984 
11458 4024 5719 3847 
11459 4959 5375 4512 
11460 5076 5216 4131 
11461 4326 5695 4992 
11462 5181 5240 4313 
11463 4288 5240 5181 
11464 4542 5608 4978 
11465 4863 6097 4296 
11466 5488 5605 4395 
11467 4105 5412 4946 
11468 4882 6048 4423 
11469 4922 5455 4222 
11470 4497 6052 5829 
11471 5156 5992 771 
11472 4239 4426 3997 
11473 5397 5725 4647 
11474 4957 5390 4192 
11475 4128 5474 5029 
11476 5454 5941 4067 
11477 4127 5602 4884 
11478 3993 5621 5364 
11479 5364 5621 4497 
11480 4968 5939 3907 
11481 5314 5736 4021 
11482 4513 5736 5314 
11483 3893 5764 5408 
11484 4212 5471 4963 
11485 4976 5396 4176 
11486 5610 5646 4439 
11487 4911 5516 4564 
11488 4543 5992 5156 
11489 4900 5643 4294 
11490 3889 5643 4900 
11491 4270 5192 5113 
11492 5112 5193 4269 
11493 4338 5894 4874 
11494 5149 5164 13 
11495 4227 5593 4893 
11496 4415 5821 5404 
11497 5424 5425 4446 
11498 4265 5425 5424 
11499 3856 5821 5480 
11500 3996 5749 5273 
11501 3946 5421 4948 
11502 4901 5686 4025 
11503 4036 5665 4940 
11504 3869 6068 5287 
11505 4869 5752 4434 
11506 3956 6036 5069 
11507 4330 5978 4907 
11508 4908 5977 4329 
11509 270 5242 27 
11510 5213 5774 773 
11511 5060 5414 3875 
11512 4313 5414 5060 
11513 4106 5785 4891 
11514 4378 5407 4962 
11515 4012 5739 5001 
11516 4233 5631 4889 
11517 5012 5312 4250 
11518 4018 5669 5341 
11519 5074 5241 4237 
11520 4949 5848 4244 
11521 5401 5592 4496 
11522 4144 5592 5401 
11523 4495 5591 5402 
11524 5402 5591 4145 
11525 4032 5828 5489 
11526 4013 5940 5914 
11527 4935 5936 4376 
11528 3987 5936 4935 
11529 4220 5553 5188 
11530 5341 5669 4494 
11531 4442 6052 5263 
11532 4249 5883 5068 
11533 4896 5620 4143 
11534 4517 5569 5021 
11535 3958 5844 4266 
11536 4304 5663 5032 
11537 772 5992 5213 
11538 4875 5727 4137 
11539 4557 5672 5429 
11540 5429 5672 4320 
11541 5132 5362 3848 
11542 4185 5584 5136 
11543 4290 5195 5178 
11544 5178 5195 4287 
11545 4104 5786 4931 
11546 4931 5786 4717 
11547 4023 5654 4979 
11548 4979 5654 4331 
11549 5723 6015 4401 
11550 3881 5586 4903 
11551 4165 6020 4871 
11552 5124 6086 4557 
11553 4177 6086 5124 
11554 5853 6093 3896 
11555 4693 5936 5327 
11556 4250 5323 5012 
11557 5103 5244 3934 
11558 176 5087 803 
11559 5121 5547 4786 
11560 4429 5941 5456 
11561 4671 5935 5615 
11562 5120 6074 4539 
11563 3867 6074 5120 
11564 5280 5891 4084 
11565 4083 5890 5281 
11566 4258 5989 5145 
11567 5097 5393 4729 
11568 4954 5926 3926 
11569 4981 5379 4225 
11570 4339 5589 5034 
11571 5034 5589 4007 
11572 4532 5995 5849 
11573 5850 5996 4531 
11574 5597 5812 4298 
11575 3858 5447 5032 
11576 5032 5447 4304 
11577 4110 5490 5209 
11578 5209 5490 4473 
11579 4040 4211 3850 
11580 4291 4711 3963 
11581 4399 5620 5155 
11582 4359 5748 4886 
11583 4874 5894 3971 
11584 3963 5719 4291 
11585 5100 5916 3851 
11586 4455 5916 5100 
11587 4446 6025 4877 
11588 4530 5997 5595 
11589 267 5098 24 
11590 266 5099 23 
11591 5914 5940 4770 
11592 4486 5847 4878 
11593 4615 5191 165 
11594 5396 5480 4310 
11595 3964 5819 5157 
11596 4345 5782 5343 
11597 5006 5362 4218 
11598 4897 5876 4293 
11599 4954 5487 4122 
11600 5075 5933 4447 
11601 3974 5933 5075 
11602 5214 5245 4020 
11603 4736 5903 5053 
11604 4497 5829 5364 
11605 5258 5440 4231 
11606 5094 5352 4151 
11607 4935 5564 3987 
11608 766 5460 767 
11609 4011 5557 5332 
11610 4299 5986 5598 
11611 5293 5333 3990 
11612 4176 5396 5023 
11613 3860 5735 4897 
11614 4429 6061 5941 
11615 4158 5923 4962 
11616 4962 5923 4378 
11617 4132 6039 4883 
11618 4166 5444 5044 
11619 4897 6055 4129 
11620 5044 5437 4166 
11621 4891 5785 4277 
11622 4346 5296 5282 
11623 5282 5296 4279 
11624 4885 6037 4138 
11625 4948 5738 3946 
11626 221 5491 222 
11627 4508 5841 4941 
11628 5222 5735 3860 
11629 4197 5843 4514 
11630 3850 4204 4024 
11631 5263 5761 3909 
11632 4226 5489 5100 
11633 159 5186 4669 
11634 4774 5202 4181 
11635 5028 5932 4520 
11636 4279 6077 4931 
11637 180 4747 4426 
11638 4792 5810 4210 
11639 3990 5333 5052 
11640 5301 5404 4385 
11641 4056 5404 5301 
11642 4368 5632 5445 
11643 4669 5190 786 
11644 4641 5400 5134 
11645 179 5320 806 
11646 5151 5244 4256 
11647 4347 5830 4894 
11648 4617 5524 20 
11649 4361 5854 4970 
11650 3915 5805 5371 
11651 753 5505 754 
11652 4494 5712 5342 
11653 5342 5712 3866 
11654 5272 5973 3858 
11655 3991 5383 5093 
11656 5020 5485 4636 
11657 263 5499 4617 
11658 4460 5495 5003 
11659 3989 5873 5793 
11660 5105 5995 4010 
11661 4009 5996 5106 
11662 4716 5932 5028 
11663 5036 5360 4256 
11664 5109 5878 4614 
11665 3995 4470 4040 
11666 4903 5892 3881 
11667 3894 6100 4894 
11668 3989 5793 5296 
11669 4129 5876 4897 
11670 4311 5562 4958 
11671 5232 5950 4807 
11672 5110 5509 4216 
11673 4932 5656 4240 
11674 4052 4686 4282 
11675 4417 5908 5208 
11676 1 5961 202 
11677 5023 5396 4310 
11678 5195 5315 4287 
11679 5192 5890 4725 
11680 4724 5891 5193 
11681 173 5249 4625 
11682 4154 6048 4882 
11683 5652 5688 4386 
11684 4105 5571 5409 
11685 5409 5571 4465 
11686 5394 5818 3898 
11687 4446 5504 5424 
11688 5424 5504 3914 
11689 5948 6103 3954 
11690 3965 5426 5009 
11691 4162 6003 4934 
11692 5138 5610 4439 
11693 4908 6029 3976 
11694 629 5961 1 
11695 5289 5433 4238 
11696 4256 5639 5151 
11697 4942 5665 4555 
11698 5572 5808 4340 
11699 4533 5718 5198 
11700 4340 5808 5391 
11701 4625 5470 800 
11702 3878 5593 5136 
11703 5133 5683 3874 
11704 4329 6029 4908 
11705 4039 5888 5199 
11706 5543 5585 4321 
11707 4120 5606 5427 
11708 4907 5968 3975 
11709 4907 5978 4109 
11710 4108 5977 4908 
11711 4030 6013 4906 
11712 5322 5831 4358 
11713 4955 5960 4137 
11714 5740 5910 4077 
11715 4740 5910 5740 
11716 5175 5737 4002 
11717 4541 5737 5175 
11718 4519 5576 5002 
11719 5266 5967 4645 
11720 4037 5730 5073 
11721 4406 6065 5557 
11722 5557 6065 4729 
11723 5395 5830 4347 
11724 5476 6027 4409 
11725 5100 6035 4226 
11726 4393 5271 5247 
11727 5472 5951 4398 
11728 4286 5245 5214 
11729 4918 5797 4375 
11730 4944 6003 4162 
11731 4991 5496 632 
11732 5345 5552 4428 
11733 4075 5552 5345 
11734 5059 6091 3985 
11735 3909 5761 5478 
11736 3988 5797 5276 
11737 5414 6088 3875 
11738 4682 6088 5414 
11739 5649 6069 3912 
11740 5306 5423 4519 
11741 786 5190 158 
11742 4985 5539 4283 
11743 3887 5539 4985 
11744 4556 5531 4986 
11745 4339 5319 5126 
11746 5750 6060 4489 
11747 787 5186 159 
11748 4237 5919 5074 
11749 3864 5946 4916 
11750 177 5152 804 
11751 4916 6087 4381 
11752 3858 5973 5447 
11753 4058 5928 4918 
11754 5135 6018 4255 
11755 4656 5684 5173 
11756 5173 5684 3967 
11757 4438 5352 5094 
11758 5136 5593 4766 
11759 5049 5416 4249 
11760 4712 5655 4979 
11761 738 5633 739 
11762 242 5634 243 
11763 4382 5969 5437 
11764 5196 5963 4741 
11765 5679 5717 4043 
11766 5341 5342 4247 
11767 4494 5342 5341 
11768 5317 6091 4261 
11769 4629 6091 5317 
11770 5119 6024 4240 
11771 4920 6030 3852 
11772 5460 6071 767 
11773 5475 5876 4866 
11774 234 5770 5041 
11775 5042 5771 747 
11776 5468 5893 3904 
11777 4283 5431 5430 
11778 5430 5431 4418 
11779 4939 5858 4337 
11780 3978 5858 4939 
11781 5092 5734 4232 
11782 3897 5950 5232 
11783 4961 5696 3942 
11784 5702 5908 4417 
11785 5661 5700 4421 
11786 4546 5878 5109 
11787 156 5436 4924 
11788 4925 5435 4 
11789 3981 5915 4989 
11790 4989 5915 4371 
11791 4331 6001 4923 
11792 230 5674 231 
11793 227 5677 228 
11794 3911 6019 4928 
11795 4274 5718 5073 
11796 4939 5855 4412 
11797 4386 5688 5388 
11798 4241 6019 5127 
11799 5221 5871 4035 
11800 757 5799 758 
11801 5569 5587 3913 
11802 4517 5587 5569 
11803 5208 5870 3986 
11804 4973 5795 3877 
11805 5272 5273 4271 
11806 4373 5273 5272 
11807 4413 5970 5052 
11808 5052 5970 3990 
11809 3931 5734 5092 
11810 4931 6077 4104 
11811 3954 5440 5427 
11812 3984 6053 4407 
11813 3966 6098 4966 
11814 5324 6068 4758 
11815 5093 5383 4273 
11816 4932 6024 3910 
11817 4110 5991 5490 
11818 5273 5457 3996 
11819 4373 5457 5273 
11820 4022 5836 5375 
11821 215 5703 216 
11822 5247 5271 4258 
11823 5081 5743 3936 
11824 4374 5743 5081 
11825 4427 5575 5343 
11826 5343 5575 4345 
11827 4172 5765 5086 
11828 5086 5765 4384 
11829 4335 5676 5244 
11830 4191 5500 5154 
11831 5011 5540 4005 
11832 4167 5393 5097 
11833 3862 5556 5261 
11834 5261 5556 4389 
11835 211 5723 212 
11836 260 5201 17 
11837 259 5210 16 
11838 5001 5739 4229 
11839 3983 5315 5195 
11840 5455 5685 4222 
11841 3961 6067 4282 
11842 4667 5258 167 
11843 4662 5260 168 
11844 4979 5655 4023 
11845 5002 5576 4444 
11846 5387 6020 4569 
11847 4459 5788 4956 
11848 3896 6093 5492 
11849 795 5260 4667 
11850 4655 5772 5710 
11851 5710 5772 4356 
11852 187 5018 814 
11853 188 5017 815 
11854 5001 5596 4350 
11855 4488 5805 5040 
11856 4950 5825 4206 
11857 4210 5846 4792 
11858 5284 5729 4604 
11859 4031 5729 5284 
11860 3856 5403 5102 
11861 4293 6003 4944 
11862 4036 5802 5665 
11863 769 5756 770 
11864 4377 5458 4060 
11865 4465 5361 5144 
11866 4980 5771 4298 
11867 4299 5770 4981 
11868 3934 5676 4982 
11869 5594 5923 4666 
11870 4378 5923 5594 
11871 5789 5989 4258 
11872 31 5027 275 
11873 32 5026 276 
11874 5213 6062 5774 
11875 796 5444 4662 
11876 4391 5949 5153 
11877 5058 5895 3936 
11878 4166 5895 5058 
11879 3975 5968 4994 
11880 4953 5861 4467 
11881 5483 5737 4541 
11882 4401 5737 5483 
11883 4563 5712 5043 
11884 4001 5694 5350 
11885 5068 5454 4249 
11886 4557 5429 5124 
11887 5124 5429 4018 
11888 773 5774 774 
11889 4548 6009 5264 
11890 5264 6009 3932 
11891 3880 5459 5066 
11892 5430 5985 4283 
11893 4100 5470 4625 
11894 4348 5411 5115 
11895 5010 5607 4383 
11896 34 5031 278 
11897 5231 5846 4210 
11898 650 5804 649 
11899 228 5677 5366 
11900 5385 5617 4388 
11901 5375 5836 4512 
11902 3874 5700 4990 
11903 5418 5486 4315 
11904 4412 5486 5418 
11905 4345 5910 5782 
11906 5782 5910 4740 
11907 4883 6039 5459 
11908 5366 5677 4457 
11909 262 5231 19 
11910 4277 5509 5110 
11911 5702 6081 4565 
11912 756 5824 757 
11913 5030 5901 4174 
11914 4380 5901 5030 
11915 5134 5400 4146 
11916 5046 5554 4116 
11917 264 5229 21 
11918 4451 5808 5248 
11919 5248 5808 3849 
11920 5232 5798 3897 
11921 4438 5798 5232 
11922 4381 5646 5610 
11923 5548 5930 4481 
11924 4592 5218 162 
11925 5189 5883 4643 
11926 4978 5764 3893 
11927 4289 5795 4973 
11928 5441 5480 4415 
11929 4310 5480 5441 
11930 5537 5768 4511 
11931 4477 5954 5880 
11932 4296 5566 5078 
11933 3986 5870 5355 
11934 4966 5900 4123 
11935 167 5258 794 
11936 4231 6103 5860 
11937 4514 5843 4028 
11938 4369 5590 5359 
11939 5359 5590 4419 
11940 4722 6030 5014 
11941 4323 5502 5140 
11942 5140 5502 3998 
11943 4226 6035 5311 
11944 5211 5609 4100 
11945 4000 5792 5441 
11946 3858 5515 5272 
11947 5272 5515 4373 
11948 5331 5346 4588 
11949 4073 6032 5356 
11950 5860 6103 4832 
11951 4659 5666 5438 
11952 168 5260 795 
11953 3997 4747 4263 
11954 5418 5746 3871 
11955 209 5971 210 
11956 5534 5944 4430 
11957 26 5237 270 
11958 4081 5965 4969 
11959 4969 5965 4357 
11960 771 5992 772 
11961 4365 5729 5109 
11962 5109 5729 4031 
11963 5648 5831 3970 
11964 4645 5831 5648 
11965 5374 5445 4348 
11966 5608 5981 4676 
11967 4027 5981 5608 
11968 4299 5598 5041 
11969 5042 5597 4298 
11970 4014 5547 5121 
11971 634 5957 633 
11972 767 6071 768 
11973 250 5313 7 
11974 801 5249 173 
11975 5340 5585 4437 
11976 5225 5647 4093 
11977 4388 5647 5225 
11978 646 5975 645 
11979 4013 5757 4999 
11980 5122 5812 3959 
11981 5944 5976 4430 
11982 4775 5479 5176 
11983 5198 5718 4274 
11984 4563 5990 5712 
11985 4610 6069 5649 
11986 5747 5777 4543 
11987 4292 5927 5340 
11988 4343 5683 5133 
11989 630 6014 629 
11990 4970 5993 4361 
11991 3870 5993 4970 
11992 4848 6083 5912 
11993 5912 6083 4341 
11994 5564 5776 3987 
11995 3998 5502 5177 
11996 5140 6058 4323 
11997 3936 5606 5058 
11998 3933 5883 5189 
11999 5202 5913 4181 
12000 5217 5565 4228 
12001 5081 5820 4294 
12002 5501 5781 4462 
12003 5224 5471 4212 
12004 258 5289 15 
12005 4273 5613 5084 
12006 4018 5429 5187 
12007 5187 5429 4320 
12008 3960 5986 5123 
12009 5167 5615 4078 
12010 4215 5632 5228 
12011 4328 5584 5421 
12012 5419 5731 4308 
12013 4515 5356 5326 
12014 4385 5821 5102 
12015 5102 5821 3856 
12016 5078 5566 3980 
12017 5712 5990 3866 
12018 4255 6018 5450 
12019 4232 5734 5277 
12020 5096 6104 4174 
12021 5041 5770 4299 
12022 4298 5771 5042 
12023 4738 6056 5252 
12024 4142 5980 5007 
12025 3989 5748 5205 
12026 4038 5689 5641 
12027 3847 5719 5079 
12028 4368 5445 5374 
12029 4225 5753 5123 
12030 4040 6047 3995 
12031 5007 5980 4370 
12032 4395 5511 5130 
12033 4283 5985 4985 
12034 4245 5346 5331 
12035 222 5491 5153 
12036 4035 5768 5537 
12037 5505 5801 4376 
12038 4403 5604 5345 
12039 5345 5604 4075 
12040 5326 5356 3900 
12041 4499 5432 5200 
12042 4470 5017 816 
12043 5448 5927 4292 
12044 5498 6042 4005 
12045 4640 6042 5498 
12046 5595 5997 4153 
12047 5151 5639 3871 
12048 5279 5897 4450 
12049 5154 5500 4550 
12050 4194 6028 5072 
12051 4443 5902 5755 
12052 5153 5491 4314 
12053 5072 6046 3947 
12054 4188 4592 4052 
12055 5665 5802 4555 
12056 5043 5712 4494 
12057 4469 5671 5574 
12058 5573 5670 4468 
12059 4001 5814 5694 
12060 3877 5795 5064 
12061 4351 5940 4999 
12062 4999 5940 4013 
12063 5228 5632 4368 
12064 5221 5537 4316 
12065 5176 5479 3994 
12066 3979 5673 5197 
12067 5238 5537 4511 
12068 5530 5818 4574 
12069 3898 5818 5530 
12070 4255 6084 5135 
12071 5078 5632 4215 
12072 4316 5537 5238 
12073 4275 5612 5611 
12074 5611 5612 4784 
12075 5015 5833 4338 
12076 3899 5909 5627 
12077 5156 5747 4543 
12078 4124 5833 5015 
12079 4294 5640 5081 
12080 774 5774 5386 
12081 3851 6035 5100 
12082 4197 4470 3995 
12083 4305 5721 5300 
12084 4381 6038 5767 
12085 8 5363 252 
12086 4478 5879 5011 
12087 5552 5866 4428 
12088 4732 5289 258 
12089 166 5351 793 
12090 5386 5774 4474 
12091 4003 4507 4200 
12092 3853 5886 5226 
12093 5226 5886 4433 
12094 5061 5920 4098 
12095 4031 5905 5619 
12096 4502 5471 5224 
12097 5950 6047 4807 
12098 3995 6047 5950 
12099 5005 5949 4391 
12100 5509 5738 4216 
12101 5247 5853 3896 
12102 4363 5897 5279 
12103 4322 5717 5063 
12104 5528 5589 4339 
12105 4445 5589 5528 
12106 4033 5726 5486 
12107 38 5267 4601 
12108 33 5026 4507 
12109 14 5446 4732 
12110 4332 5920 5061 
12111 5185 5585 3977 
12112 4201 4507 4003 
12113 5045 5789 4258 
12114 4507 5031 277 
12115 5582 5739 4012 
12116 4264 5423 5306 
12117 5013 6014 630 
12118 5284 5905 4031 
12119 4457 5905 5284 
12120 5089 6098 3966 
12121 4002 5510 5283 
12122 5283 5510 4771 
12123 4169 5363 4987 
12124 3944 5913 5202 
12125 5574 5671 4364 
12126 4363 5670 5573 
12127 4667 5440 5258 
12128 4619 6101 5257 
12129 757 5824 5799 
12130 5664 5745 4442 
12131 3940 5609 5211 
12132 5070 5730 4458 
12133 5073 5718 4037 
12134 3926 5926 5024 
12135 5157 5988 3964 
12136 3865 6051 5466 
12137 186 5018 4514 
12138 5129 5736 4513 
12139 4046 5610 5138 
12140 3923 5861 5154 
12141 5799 5824 4678 
12142 5137 6028 4194 
12143 189 5637 4470 
12144 5188 5553 4481 
12145 5090 5864 4175 
12146 4371 5864 5090 
12147 4 5435 248 
12148 784 5436 156 
12149 4699 6014 5013 
12150 5157 5819 4234 
12151 4406 5557 5456 
12152 5456 5557 4011 
12153 5515 5625 4443 
12154 3858 5625 5515 
12155 5020 6004 4206 
12156 3947 6046 5148 
12157 4568 5708 5705 
12158 5705 5708 4331 
12159 5108 5689 4326 
12160 5287 5825 4607 
12161 4206 5825 5287 
12162 5563 5648 3970 
12163 4471 5648 5563 
12164 5068 6065 4406 
12165 3933 6065 5068 
12166 5215 5671 3903 
12167 4364 5671 5215 
12168 5030 5899 4380 
12169 4362 5457 5413 
12170 5413 5457 4373 
12171 4348 5445 5411 
12172 4245 5870 5208 
12173 4048 5777 5747 
12174 4266 5149 4372 
12175 4007 5589 5560 
12176 5560 5589 4445 
12177 4035 5537 5221 
12178 3967 5684 5168 
12179 5168 5684 4347 
12180 5627 5630 3899 
12181 4482 5630 5627 
12182 3968 6016 5401 
12183 5187 5572 4340 
12184 4746 6059 5120 
12185 4062 6052 5755 
12186 4373 5707 5413 
12187 5256 5753 4225 
12188 4327 5615 5167 
12189 5082 5804 4394 
12190 5254 5525 4642 
12191 4140 5869 5304 
12192 5304 5869 4448 
12193 4321 5585 5185 
12194 5235 5951 4436 
12195 4025 5951 5235 
12196 5053 6048 4154 
12197 3849 5545 5248 
12198 4398 5686 5125 
12199 5120 6059 3867 
12200 3976 6029 5054 
12201 5036 5999 3978 
12202 4389 5642 5482 
12203 4342 5735 5222 
12204 5473 6081 3863 
12205 5067 5842 3950 
12206 175 5384 802 
12207 5248 5545 4337 
12208 3936 5743 5606 
12209 4792 5800 4285 
12210 5180 6085 4315 
12211 5053 5903 4011 
12212 4355 5582 5269 
12213 5269 5582 4012 
12214 4252 5605 5197 
12215 12 5149 256 
12216 5606 5743 4509 
12217 4526 5629 5357 
12218 5895 5969 4700 
12219 257 5446 14 
12220 649 5804 5082 
12221 4447 5868 5325 
12222 5325 5868 4139 
12223 6008 6026 4600 
12224 5411 5445 3980 
12225 4341 5842 5067 
12226 5259 5688 3872 
12227 4374 5688 5259 
12228 4365 5809 5729 
12229 5729 5809 4604 
12230 5349 5943 3938 
12231 4763 5943 5349 
12232 4324 6022 5143 
12233 5067 5912 4341 
12234 4732 5433 5289 
12235 4798 5601 5428 
12236 3936 5820 5081 
12237 5235 5630 4482 
12238 4436 5630 5235 
12239 5515 5707 4373 
12240 169 5444 796 
12241 5270 5872 4425 
12242 4064 5872 5270 
12243 170 5437 797 
12244 4334 5829 5158 
12245 160 5503 787 
12246 5068 5883 3933 
12247 5187 5669 4018 
12248 5813 5842 4341 
12249 4668 5842 5813 
12250 5071 5896 4518 
12251 3977 5585 5340 
12252 5090 5841 3883 
12253 10 5972 4706 
12254 794 5465 166 
12255 4145 5190 4669 
12256 5244 5676 3934 
12257 4340 5669 5187 
12258 4665 5888 5810 
12259 5810 5888 4210 
12260 5275 5698 4183 
12261 4744 5698 5275 
12262 4469 5574 5372 
12263 5373 5573 4468 
12264 5313 6016 4353 
12265 5565 6058 4228 
12266 4166 5969 5895 
12267 4394 5851 5082 
12268 5339 6057 4327 
12269 5732 5758 3949 
12270 4582 5758 5732 
12271 15 5469 259 
12272 5310 5875 4254 
12273 4489 6060 5681 
12274 5089 6078 4360 
12275 4454 5747 5156 
12276 4706 5964 254 
12277 5113 5918 4270 
12278 4531 5918 5113 
12279 5112 5917 4532 
12280 4269 5917 5112 
12281 5 5558 249 
12282 785 5559 157 
12283 5071 6082 4436 
12284 4298 5812 5122 
12285 4174 5901 5096 
12286 5843 5950 3897 
12287 5102 5907 4385 
12288 5535 5664 4442 
12289 25 5449 269 
12290 4419 5590 5540 
12291 5540 5590 4005 
12292 5408 5588 3893 
12293 4634 5588 5408 
12294 3871 5639 5418 
12295 4261 6091 5059 
12296 4366 5776 5143 
12297 5130 6055 4342 
12298 5625 5902 4443 
12299 800 5470 172 
12300 5180 5726 4370 
12301 4487 5925 5921 
12302 4058 6060 5750 
12303 4549 5765 5484 
12304 4367 6080 5664 
12305 4175 5864 5117 
12306 4234 5819 5314 
12307 165 5191 792 
12308 4270 5890 5192 
12309 5193 5891 4269 
12310 5072 6028 4303 
12311 5251 5740 4380 
12312 4740 5740 5251 
12313 5661 5948 4609 
12314 4421 5948 5661 
12315 4278 5628 5186 
12316 5083 6006 3868 
12317 4470 5637 4040 
12318 4620 6068 5324 
12319 4303 6046 5072 
12320 19 5499 263 
12321 4023 6087 5255 
12322 5160 5792 4386 
12323 4009 5897 5573 
12324 4364 5898 5574 
12325 4667 5260 4120 
12326 4343 5838 5299 
12327 3872 5688 5652 
12328 5115 5937 4348 
12329 4120 5260 4662 
12330 5621 5761 4497 
12331 4317 5761 5621 
12332 4009 5573 5373 
12333 5372 5574 4010 
12334 4420 6092 5177 
12335 5177 6092 3998 
12336 812 5783 4580 
12337 4360 6098 5089 
12338 4259 5995 5105 
12339 5106 5996 4260 
12340 4765 6009 5212 
12341 22 5514 266 
12342 20 5524 264 
12343 789 5218 161 
12344 4473 5853 5145 
12345 5158 5829 4062 
12346 21 5523 265 
12347 42 5443 286 
12348 157 5650 784 
12349 248 5651 5 
12350 3875 6088 6041 
12351 6041 6088 4797 
12352 4045 5745 5664 
12353 5868 5933 4689 
12354 4447 5933 5868 
12355 4688 5934 5869 
12356 5869 5934 4448 
12357 174 5527 801 
12358 3998 6092 5088 
12359 17 5549 261 
12360 4439 5893 5138 
12361 4360 6078 5141 
12362 822 5451 194 
12363 4174 6104 5088 
12364 5865 5916 4674 
12365 3851 5916 5865 
12366 24 5521 268 
12367 4231 5860 5351 
12368 3947 6018 5135 
12369 5223 5824 756 
12370 5215 5887 4364 
12371 4426 5622 180 
12372 4295 5896 5439 
12373 4774 5514 22 
12374 5123 5986 4299 
12375 158 5657 785 
12376 249 5658 6 
12377 5829 6052 4062 
12378 5132 5952 4208 
12379 4210 5499 5231 
12380 265 5523 4774 
12381 5534 5692 4065 
12382 4430 5692 5534 
12383 5207 5784 3905 
12384 4262 5787 5380 
12385 5380 5787 4417 
12386 4355 6069 5582 
12387 5582 6069 4610 
12388 41 5206 285 
12389 40 5206 284 
12390 4517 5699 5587 
12391 5141 5939 4360 
12392 4359 5617 5385 
12393 804 5544 176 
12394 4312 5988 5157 
12395 4518 5862 5170 
12396 5406 5720 4563 
12397 4151 5720 5406 
12398 4472 5753 5256 
12399 4045 5722 5413 
12400 4337 5545 5532 
12401 5532 5545 4461 
12402 5229 5524 4209 
12403 5277 5734 4567 
12404 3887 5659 5539 
12405 4209 5523 5229 
12406 776 5863 5172 
12407 4378 5904 5407 
12408 4677 6005 5493 
12409 5493 6005 4147 
12410 3881 5892 5246 
12411 4311 5991 5562 
12412 5428 5601 4281 
12413 4376 5716 5505 
12414 5427 5606 4509 
12415 5203 5822 4332 
12416 5273 5749 4271 
12417 5686 5951 4025 
12418 5170 5909 3899 
12419 5145 5989 4048 
12420 4894 6100 5168 
12421 4327 6057 5615 
12422 5246 5967 4243 
12423 4272 5871 5221 
12424 4497 5761 5263 
12425 5767 6038 4522 
12426 4512 5836 5614 
12427 5614 5836 4444 
12428 5683 5796 4720 
12429 5560 5561 4349 
12430 4445 5561 5560 
12431 821 5230 193 
12432 820 5230 192 
12433 4129 6055 5130 
12434 5204 5844 3958 
12435 5301 5862 4056 
12436 4611 5759 5295 
12437 4509 6033 5427 
12438 5427 6033 3954 
12439 5143 6022 4046 
12440 4600 6026 5517 
12441 4473 6093 5853 
12442 5350 5694 4307 
12443 4460 5837 5495 
12444 5495 5837 3889 
12445 5418 5639 4412 
12446 3913 6073 5569 
12447 5569 6073 4593 
12448 5692 5925 4487 
12449 3912 6069 5354 
12450 4243 5967 5266 
12451 5777 5989 4644 
12452 4048 5989 5777 
12453 5433 5742 3957 
12454 4364 5887 5278 
12455 5458 5714 3901 
12456 4409 5960 5252 
12457 4228 6058 5140 
12458 5295 5759 4462 
12459 5215 5947 4369 
12460 5141 6078 4075 
12461 4731 6058 5565 
12462 5388 5688 4374 
12463 4307 5724 5350 
12464 793 5351 4615 
12465 5646 5655 4439 
12466 4023 5655 5646 
12467 5364 5829 4334 
12468 5279 5987 4363 
12469 5208 5908 4245 
12470 4307 5694 5415 
12471 5415 5694 4393 
12472 5184 5954 3890 
12473 4143 5620 5548 
12474 5548 5620 4399 
12475 5793 5873 4433 
12476 5530 6090 4321 
12477 288 5443 45 
12478 3954 6103 5440 
12479 5440 6103 4231 
12480 4321 6090 5543 
12481 5438 5666 3960 
12482 4904 5503 160 
12483 788 5016 4904 
12484 5417 5687 4286 
12485 802 5384 4808 
12486 5413 5722 4362 
12487 197 5451 824 
12488 4028 4580 4514 
12489 5482 5642 4390 
12490 4015 5963 5196 
12491 5693 5872 4484 
12492 4581 5764 5390 
12493 4443 5707 5515 
12494 5296 5793 4279 
12495 4357 5733 5732 
12496 5732 5733 4582 
12497 5098 6053 4242 
12498 4169 5714 5458 
12499 3903 5947 5215 
12500 37 5267 281 
12501 5610 6038 4381 
12502 5413 5707 4045 
12503 4808 5527 174 
12504 5604 5624 4404 
12505 3964 5725 5397 
12506 4646 5685 5455 
12507 5246 5892 4358 
12508 5269 5840 4355 
12509 5755 5902 4062 
12510 4393 6049 5271 
12511 4054 6090 6066 
12512 4246 6002 5200 
12513 4443 5745 5707 
12514 4024 5267 4291 
12515 4977 5313 250 
12516 5251 5899 637 
12517 5773 6027 4648 
12518 4180 5544 5152 
12519 5168 6100 4665 
12520 5314 5819 4513 
12521 5477 5787 4262 
12522 4630 5787 5477 
12523 4357 5965 5233 
12524 4403 5624 5604 
12525 5257 6101 4459 
12526 5543 6090 4054 
12527 4293 5876 5475 
12528 4380 5899 5251 
12529 5212 6009 4548 
12530 29 5578 4681 
12531 5680 5881 4524 
12532 4458 5881 5680 
12533 5539 5659 4718 
12534 4681 5546 273 
12535 212 5723 5483 
12536 7 5778 251 
12537 5299 5838 4069 
12538 3977 6085 5180 
12539 4367 5664 5535 
12540 4315 5746 5418 
12541 5529 5714 4169 
12542 5278 5887 4051 
12543 5483 5723 4401 
12544 5281 5890 4270 
12545 4269 5891 5280 
12546 5252 6056 4409 
12547 5099 5514 4181 
12548 4358 5967 5246 
12549 4732 5446 4171 
12550 4385 5907 5302 
12551 5478 5761 4317 
12552 4271 5973 5272 
12553 4484 6026 6008 
12554 4507 5026 4200 
12555 5340 5927 3977 
12556 5505 5716 754 
12557 5302 5907 4054 
12558 4217 6062 5213 
12559 4462 5759 5681 
12560 5681 5759 4076 
12561 4514 5018 4197 
12562 239 5849 5336 
12563 5337 5850 742 
12564 4498 5714 5529 
12565 629 6014 5961 
12566 5087 5544 4180 
12567 5707 5745 4045 
12568 5646 6087 4023 
12569 4683 5738 5509 
12570 4987 5363 8 
12571 4479 6002 5382 
12572 5382 6002 4246 
12573 4769 6049 5814 
12574 6 5658 4977 
12575 5391 5808 4451 
12576 5561 5827 4101 
12577 4445 5827 5561 
12578 4137 5960 5773 
12579 4474 5856 5386 
12580 5386 5856 4687 
12581 4268 4681 4072 
12582 5587 5699 4354 
12583 5351 5465 4231 
12584 4006 5866 5431 
12585 5431 5866 4418 
12586 4050 5987 5279 
12587 3849 5808 5572 
12588 4201 5031 4507 
12589 5961 6014 4699 
12590 5355 5870 4544 
12591 4520 5932 5682 
12592 5682 5932 3908 
12593 5484 5765 4172 
12594 4362 5722 5627 
12595 5327 5936 3987 
12596 5711 5828 4501 
12597 4455 5828 5711 
12598 5404 5821 4385 
12599 4011 5903 5456 
12600 5456 5903 4429 
12601 4464 5924 5763 
12602 4318 5650 5559 
12603 5558 5651 4319 
12604 5263 6052 4497 
12605 261 5800 18 
12606 5645 6034 4560 
12607 4071 6034 5645 
12608 4394 5804 5550 
12609 5249 5527 4202 
12610 5255 6087 4916 
12611 5271 6049 4107 
12612 4610 5739 5582 
12613 4565 5908 5702 
12614 3971 5894 5369 
12615 5367 5954 4477 
12616 3890 5954 5367 
12617 5511 5979 3930 
12618 5627 5722 4482 
12619 4375 5781 5501 
12620 4652 5987 5791 
12621 5791 5987 4050 
12622 5462 5871 4272 
12623 181 5512 4747 
12624 4467 5861 5626 
12625 5626 5861 3923 
12626 5425 6025 4446 
12627 4000 6025 5425 
12628 5681 5835 4489 
12629 4076 5835 5681 
12630 3891 5984 5330 
12631 5720 5990 4563 
12632 4402 5990 5720 
12633 5372 5917 4269 
12634 4270 5918 5373 
12635 5694 5814 4393 
12636 284 5206 41 
12637 3938 5943 5410 
12638 5410 5943 4416 
12639 4181 5913 5794 
12640 4013 5914 5710 
12641 4459 6050 5299 
12642 5311 6035 4755 
12643 4580 5783 4514 
12644 5927 6085 3977 
12645 5550 5804 650 
12646 3867 6059 5760 
12647 18 5846 262 
12648 5459 6039 4605 
12649 251 5778 4987 
12650 4895 5449 25 
12651 4022 5834 5675 
12652 5921 5925 4069 
12653 3866 5990 5583 
12654 4285 5800 5549 
12655 4197 5017 4470 
12656 4412 5855 5486 
12657 5486 5855 4033 
12658 6006 6089 3868 
12659 4489 5845 5760 
12660 4619 5976 5884 
12661 5884 5976 3885 
12662 5436 5650 4318 
12663 4319 5651 5435 
12664 5735 6055 4897 
12665 4579 5871 5462 
12666 268 5521 4895 
12667 4231 5465 5258 
12668 275 5027 5026 
12669 5798 5874 4548 
12670 4438 5874 5798 
12671 5998 6061 4429 
12672 4695 6061 5998 
12673 193 5230 820 
12674 798 5889 170 
12675 5741 5920 4332 
12676 799 5877 171 
12677 5017 5018 187 
12678 3982 6057 5339 
12679 5763 5924 4492 
12680 5615 6057 4671 
12681 5745 5755 4442 
12682 4637 5927 5448 
12683 5186 5628 4669 
12684 4489 5760 5750 
12685 5760 5845 3867 
12686 4952 6045 4239 
12687 162 5945 4592 
12688 5456 5941 4406 
12689 3884 6008 5815 
12690 5815 6008 4600 
12691 4443 5755 5745 
12692 5354 6069 4355 
12693 4637 6085 5927 
12694 4428 6089 5345 
12695 4238 5469 5289 
12696 4514 5783 186 
12697 5447 5973 4664 
12698 5401 6016 4144 
12699 4311 6093 5490 
12700 5490 6093 4473 
12701 4418 5866 5552 
12702 5568 6044 4410 
12703 5750 5760 4414 
12704 5501 6060 4058 
12705 4462 6060 5501 
12706 4436 5951 5472 
12707 4407 6053 5098 
12708 4409 6056 5476 
12709 4150 6064 5705 
12710 5705 6064 4568 
12711 4343 5796 5683 
12712 5692 5955 4065 
12713 4487 5955 5692 
12714 286 5443 43 
12715 12 5964 5149 
12716 4045 6080 5722 
12717 5573 5897 4363 
12718 5574 5898 4010 
12719 5450 6018 4833 
12720 4399 5930 5548 
12721 195 5451 822 
12722 4296 6097 5566 
12723 4424 5944 5534 
12724 4104 6010 5786 
12725 5786 6010 4576 
12726 3927 6094 5690 
12727 5690 6094 4554 
12728 4342 6055 5735 
12729 5490 5991 4311 
12730 5668 6075 4088 
12731 4522 6075 5668 
12732 803 5983 175 
12733 4395 5979 5511 
12734 201 4618 828 
12735 292 4618 49 
12736 5675 5834 4675 
12737 5191 5942 792 
12738 4452 6040 4952 
12739 4435 5902 5625 
12740 23 6012 267 
12741 3885 5976 5944 
12742 5466 6051 4325 
12743 5210 5469 4238 
12744 4613 6079 5852 
12745 5852 6079 4529 
12746 4910 5512 810 
12747 5476 6056 4099 
12748 5517 6026 4082 
12749 4425 5872 5693 
12750 178 6040 805 
12751 4336 6081 5473 
12752 5823 5924 4464 
12753 5820 5895 4700 
12754 806 6045 178 
12755 5730 5881 4458 
12756 4037 5881 5730 
12757 5583 5990 4402 
12758 5044 5444 169 
12759 182 5512 809 
12760 4436 6082 5630 
12761 5941 6061 4067 
12762 5704 5988 4312 
12763 797 5437 5044 
12764 5693 6008 3884 
12765 4484 6008 5693 
12766 4430 5925 5692 
12767 5492 6093 4311 
12768 4580 5839 812 
12769 5710 5914 4655 
12770 4181 5514 4774 
12771 5838 5921 4069 
12772 4528 5921 5838 
12773 6066 6090 4574 
12774 5796 6050 3920 
12775 5948 6033 4609 
12776 3954 6033 5948 
12777 4485 5845 5835 
12778 5835 5845 4489 
12779 3937 6044 5568 
12780 4082 6026 5691 
12781 5691 6026 4484 
12782 5566 6097 4453 
12783 183 5839 4910 
12784 4818 5920 5741 
12785 4381 6087 5646 
12786 4585 6001 5654 
12787 5654 6001 4331 
12788 5190 5657 158 
12789 4574 6090 5530 
12790 787 5503 5186 
12791 5186 5503 4278 
12792 30 5546 274 
12793 4046 6038 5610 
12794 5641 6051 4537 
12795 4325 6051 5641 
12796 5722 6080 4482 
12797 4459 6101 5788 
12798 172 5470 5050 
12799 5911 5921 4528 
12800 4487 5921 5911 
12801 4644 5989 5789 
12802 4779 5988 5704 
12803 4410 6044 5906 
12804 5794 5913 4591 
12805 3936 5895 5820 
12806 4426 4747 3997 
12807 190 5637 817 
12808 5679 6081 4336 
12809 4565 6081 5679 
12810 31 5546 5027 
12811 4263 4910 4163 
12812 5773 5960 4409 
12813 5774 6062 4474 
12814 4049 5924 5823 
12815 28 5578 272 
12816 27 5579 271 
12817 5630 6082 3899 
12818 5681 6060 4462 
12819 3902 6099 5670 
12820 5664 6080 4045 
12821 4551 6054 5962 
12822 5962 6054 4595 
12823 807 5622 179 
12824 5670 6099 4468 
12825 171 5877 5051 
12826 4200 5027 4268 
12827 4530 6072 5997 
12828 5997 6072 4608 
12829 5051 5889 798 
12830 791 5942 4686 
12831 5050 5877 799 
12832 4409 6027 5773 
12833 4686 5945 163 
12834 5772 6073 3913 
12835 4655 6073 5772 
12836 5760 6059 4414 
12837 43 5443 287 
12838 5435 5651 248 
12839 784 5650 5436 
12840 266 5514 5099 
12841 823 5451 195 
12842 176 5544 5087 
12843 5814 6049 4393 
12844 259 5469 5210 
12845 5098 5521 24 
12846 5031 6095 278 
12847 6042 6043 4478 
12848 4640 6043 6042 
12849 44 5443 288 
12850 5313 5778 7 
12851 5258 5465 794 
12852 824 5451 196 
12853 4202 5527 4808 
12854 4601 5267 4024 
12855 5788 6101 3969 
12856 5201 5549 17 
12857 5906 6044 4717 
12858 5289 5469 15 
12859 5559 5650 157 
12860 5 5651 5558 
12861 5900 6098 4360 
12862 161 5218 5016 
12863 287 5443 44 
12864 5231 5499 19 
12865 4681 5578 4072 
12866 166 5465 5351 
12867 196 5451 823 
12868 785 5657 5559 
12869 5558 5658 249 
12870 4353 5778 5313 
12871 5087 5983 803 
12872 5152 5544 804 
12873 4966 6098 5900 
12874 5099 6012 23 
12875 267 6012 5098 
12876 264 5524 5229 
12877 271 5579 5578 
12878 5229 5523 21 
12879 5351 5860 4615 
12880 4072 5578 4411 
12881 4242 5521 5098 
12882 801 5527 5249 
12883 252 5363 5329 
12884 4278 5503 4904 
12885 37 6096 5267 
12886 813 5783 185 
12887 262 5846 5231 
12888 4285 5549 5201 
12889 4239 6045 5320 
12890 4060 4706 4377 
12891 5164 5446 257 
12892 4372 4706 4060 
12893 4411 5579 4221 
12894 184 5839 811 
12895 5237 5242 270 
12896 4282 5191 4615 
12897 163 5945 790 
12898 164 5942 791 
12899 11 5964 255 
12900 9 5972 253 
12901 4987 5778 4353 
12902 4239 5622 4426 
12903 170 5889 5437 
12904 4895 5521 4242 
12905 4266 5164 5149 
12906 5549 5800 261 
12907 6095 6096 279 
12908 175 5983 5384 
12909 4592 4686 4052 
12910 5437 5889 4382 
12911 4221 5579 5242 
12912 35 6095 279 
12913 36 6096 280 
12914 5800 5846 18 
12915 47 4754 3882 
12916 3882 4764 199 
12917 5320 5622 4239 
12918 4040 5637 4635 
12919 5329 5972 9 
12920 4221 5242 5237 
12921 5384 5983 4400 
12922 4188 5218 4592 
12923 4382 5889 5051 
12924 5242 5579 27 
12925 5559 5657 4650 
12926 4651 5658 5558 
12927 5051 5877 4379 
12928 5320 6045 806 
12929 4379 5877 5050 
12930 4601 5206 39 
12931 178 6045 6040 
12932 179 5622 5320 
12933 191 5230 4635 
12934 4635 5637 818 
12935 4400 5983 5087 
12936 4407 6012 5099 
12937 5098 6012 4407 
12938 4910 5839 4163 
12939 5149 5964 4372 
12940 4706 5972 4377 
12941 4163 5839 4580 
12942 4372 5964 4706 
12943 4201 6095 5031 
12944 5027 5546 4268 
12945 4711 6095 4201 
12946 4686 5942 4282 
12947 4263 5512 4910 
12948 4792 5846 5800 
12949 4282 5942 5191 
12950 3850 4764 3882 
12951 3882 4754 3850 
12952 4747 5512 4263 
12953 4268 5546 4681 
12954 5016 5218 4188 
12955 4204 4601 4024 
12956 4211 4764 3850 
12957 4592 5945 4686 
12958 3850 4754 4204 
12959 4040 4635 4211 
12960 6040 6045 4952 
12961 289 5443 4754 
12962 4764 5451 825 
12963 5267 6096 4291 
12964 5026 5027 4200 
12965 4197 5018 5017 
12966 4291 6096 4711 
12967 4711 6096 6095 
12968 5578 5579 4411 
12969 4377 5972 5329 
12970 3882 4618 292 
12971 828 4618 3882 
12972 5206 5443 285 
12973 821 5451 5230 
12974 4635 5230 4211 
12975 4204 5206 4601 
12976 4754 5443 4204 
12977 4211 5451 4764 
12978 829 4618 201 
12979 49 4618 293 
12980 4204 5443 5206 
12981 5230 5451 4211 
12982 50 4618 829 
12983 293 4618 50 
2 8 2 2047
12984 6388 6798 6790 
12985 6376 6518 6229 
12986 6328 6610 6164 
12987 769 6867 6458 
12988 6695 6914 6209 
12989 6475 6695 6209 
12990 6339 6418 6189 
12991 6327 6525 6120 
12992 6655 6752 6481 
12993 6385 6693 6107 
12994 6171 6494 6293 
12995 6120 6581 6327 
12996 6431 6675 6342 
12997 6316 6564 6167 
12998 6361 6486 6171 
12999 652 6411 651 
13000 680 6747 6482 
13001 6367 6465 6186 
13002 6195 6834 6361 
13003 6299 6494 6171 
13004 186 6457 814 
13005 6375 6953 6175 
13006 6293 6755 6195 
13007 6390 6572 6120 
13008 6145 6518 6376 
13009 6446 6522 6153 
13010 6324 6701 6124 
13011 6198 6794 6342 
13012 6450 6943 6373 
13013 6393 6440 6193 
13014 6224 6506 6319 
13015 6649 6750 6217 
13016 6160 6508 6363 
13017 6496 6673 146 
13018 6186 6444 6367 
13019 6379 6567 6161 
13020 6167 6706 6316 
13021 6267 6522 6446 
13022 6432 6953 6375 
13023 6209 6445 6410 
13024 735 6377 734 
13025 6319 6557 6224 
13026 6323 6906 6141 
13027 6481 6752 6270 
13028 6141 6566 6323 
13029 6216 6758 6288 
13030 6407 6654 6280 
13031 6195 6685 6293 
13032 6371 6834 6195 
13033 6342 6794 6431 
13034 6365 6602 712 
13035 6606 6836 6248 
13036 6231 6730 6562 
13037 6229 6491 6330 
13038 6107 6693 6648 
13039 6125 6460 6383 
13040 6301 6798 6388 
13041 735 6453 6377 
13042 6342 6563 6198 
13043 6248 6836 6433 
13044 6562 6730 6313 
13045 748 6851 6428 
13046 6253 6675 6431 
13047 6231 6432 6375 
13048 6227 6949 6335 
13049 6168 6862 6343 
13050 740 6403 739 
13051 155 6694 6360 
13052 6431 6794 6134 
13053 6115 6654 6407 
13054 789 6515 162 
13055 813 6356 186 
13056 6363 6508 6272 
13057 6166 6479 6269 
13058 6330 6586 6229 
13059 142 6380 671 
13060 753 6440 6393 
13061 6107 6920 6385 
13062 6411 6731 779 
13063 6144 6943 6450 
13064 6640 6773 6146 
13065 753 6393 752 
13066 6416 6601 6271 
13067 6298 6973 6404 
13068 6352 6461 6199 
13069 6124 6593 6324 
13070 6312 6750 6649 
13071 6169 6635 6563 
13072 6343 6536 6168 
13073 6251 6513 6417 
13074 6404 6973 6174 
13075 6561 6603 6306 
13076 6563 6635 6362 
13077 748 6428 747 
13078 6160 6601 6416 
13079 6429 6606 6248 
13080 6790 6798 6130 
13081 6360 6590 155 
13082 6111 6829 6400 
13083 729 6877 6437 
13084 6186 6465 6394 
13085 6164 6655 6328 
13086 779 6731 778 
13087 6385 6530 6140 
13088 6366 6445 6180 
13089 6454 6514 6146 
13090 6191 6480 6374 
13091 6352 6484 6206 
13092 769 6458 768 
13093 6228 6719 6572 
13094 6124 6825 6415 
13095 6415 6825 6341 
13096 6311 6829 6111 
13097 6128 6586 6556 
13098 6458 6867 6344 
13099 6333 6600 683 
13100 6556 6586 6330 
13101 6429 6797 6606 
13102 6199 6484 6352 
13103 652 6630 6411 
13104 6388 6500 6301 
13105 146 6673 677 
13106 6122 6700 6210 
13107 6335 6584 6227 
13108 178 6381 806 
13109 6176 6681 6358 
13110 6325 6780 6599 
13111 696 6499 697 
13112 6389 6415 6196 
13113 6252 6603 6561 
13114 6206 6468 6352 
13115 6245 6644 6358 
13116 6358 6644 6176 
13117 6146 6773 6516 
13118 6189 6880 6339 
13119 6367 6608 6234 
13120 827 6346 200 
13121 6417 6513 6142 
13122 743 6638 6534 
13123 6499 6938 697 
13124 6322 6945 6639 
13125 6639 6945 6402 
13126 6372 6650 6254 
13127 6180 6801 6366 
13128 6592 6793 6232 
13129 6815 6864 6423 
13130 6350 6797 6521 
13131 6475 6724 761 
13132 729 6437 728 
13133 6390 6781 6572 
13134 6288 6758 6155 
13135 6708 6923 6108 
13136 6196 6471 6451 
13137 683 6729 6333 
13138 6403 6650 739 
13139 767 6412 766 
13140 6599 6780 6132 
13141 6449 6542 6226 
13142 689 6470 149 
13143 6128 6520 6376 
13144 708 6459 709 
13145 680 6482 681 
13146 6435 6513 6251 
13147 6240 6514 6454 
13148 6220 6513 6435 
13149 6440 6848 6193 
13150 6162 6815 6423 
13151 6398 6870 6118 
13152 700 6433 701 
13153 6266 6800 6359 
13154 6482 6747 6289 
13155 708 6939 6459 
13156 811 6505 184 
13157 6481 6559 6143 
13158 6329 6870 6398 
13159 6439 6769 6332 
13160 6215 6578 6364 
13161 6157 6769 6439 
13162 6395 6443 6155 
13163 6194 6545 6497 
13164 6210 6243 6122 
13165 6382 6811 6156 
13166 6138 6545 6370 
13167 6497 6545 6273 
13168 6343 6862 6449 
13169 6521 6797 6131 
13170 6536 6837 6168 
13171 676 6496 146 
13172 6407 6663 6115 
13173 6363 6636 6160 
13174 6247 6676 6371 
13175 6335 6919 6417 
13176 6477 6571 6274 
13177 6384 6499 6177 
13178 6196 6619 6471 
13179 6234 6465 6367 
13180 6161 6567 6455 
13181 6180 6914 6890 
13182 6192 6641 6159 
13183 727 6434 726 
13184 6373 6739 6450 
13185 744 6638 743 
13186 6119 6658 6395 
13187 6438 6652 6637 
13188 6445 6914 6180 
13189 6328 6655 6242 
13190 6192 6568 6125 
13191 800 6392 173 
13192 775 6660 6387 
13193 6242 6575 6328 
13194 6270 6559 6481 
13195 6395 6940 6119 
13196 6359 6682 6266 
13197 792 6596 165 
13198 712 6602 711 
13199 6201 6652 6438 
13200 6415 6593 6124 
13201 6235 6636 6363 
13202 6445 6788 6410 
13203 6136 6511 6382 
13204 51 6498 660 
13205 6416 6508 6160 
13206 6400 6595 6111 
13207 6195 6755 6470 
13208 6190 6777 6163 
13209 6452 6907 6182 
13210 6182 6907 6901 
13211 6129 6463 6405 
13212 6361 6648 6486 
13213 6359 6550 6228 
13214 6395 6658 6255 
13215 6342 6675 6169 
13216 6169 6563 6342 
13217 6135 6571 6477 
13218 6428 6851 6315 
13219 6409 6576 6220 
13220 6456 6879 6172 
13221 6425 6711 6285 
13222 6355 6837 6536 
13223 134 6498 663 
13224 190 6523 818 
13225 6118 6592 6398 
13226 6110 6613 6404 
13227 6376 6586 6128 
13228 6358 6587 6245 
13229 153 6436 737 
13230 6195 6470 6275 
13231 6159 6305 6192 
13232 6452 6670 6199 
13233 6404 6613 6201 
13234 6172 6771 6456 
13235 177 6391 805 
13236 6259 6690 6212 
13237 6228 6599 6359 
13238 6272 6737 6363 
13239 6365 6759 6242 
13240 6294 6592 6464 
13241 6363 6856 6235 
13242 6242 6537 6365 
13243 6181 6921 6241 
13244 6441 6472 6227 
13245 762 6475 761 
13246 6433 6932 701 
13247 6371 6762 6247 
13248 6269 6711 6166 
13249 6412 6579 766 
13250 6255 6964 6395 
13251 6386 6487 6105 
13252 6508 6960 6272 
13253 6437 6675 6253 
13254 6578 6837 6364 
13255 6275 6629 6195 
13256 6417 6584 6335 
13257 698 6448 699 
13258 6166 6711 6425 
13259 6464 6592 6118 
13260 6171 6685 6361 
13261 6357 6984 6246 
13262 6204 6472 6441 
13263 6361 6685 6195 
13264 6188 6583 6380 
13265 6437 6877 6339 
13266 6161 6745 6379 
13267 6375 6626 6231 
13268 6447 6830 6278 
13269 6308 6670 6452 
13270 6241 6514 6412 
13271 6156 6500 6388 
13272 6407 6768 6663 
13273 6390 6740 6271 
13274 6246 6638 6357 
13275 6108 6923 6552 
13276 6156 6785 6382 
13277 6392 6512 6239 
13278 6231 6562 6432 
13279 6112 6716 6353 
13280 6386 6700 6122 
13281 6382 6511 6138 
13282 6138 6811 6382 
13283 6417 6919 6182 
13284 6332 6676 6580 
13285 6554 6651 6203 
13286 6393 6524 752 
13287 6394 6969 6477 
13288 6488 6547 6233 
13289 777 6731 6435 
13290 6174 6753 6404 
13291 6364 6553 6215 
13292 6454 6801 6687 
13293 6412 6514 6240 
13294 6179 6292 6137 
13295 6211 6884 6259 
13296 736 6453 735 
13297 6288 6529 6216 
13298 6120 6740 6390 
13299 781 6694 155 
13300 6354 6579 6240 
13301 6265 6547 6488 
13302 6353 6979 6112 
13303 6520 6830 6376 
13304 6409 6630 653 
13305 6370 6886 6138 
13306 6126 6626 6375 
13307 6256 6533 6191 
13308 6229 6588 6491 
13309 6636 6714 6160 
13310 6580 6676 6247 
13311 763 6761 6695 
13312 6449 6767 6542 
13313 6168 6837 6578 
13314 6278 6830 6520 
13315 6477 6969 6135 
13316 6268 6760 6628 
13317 6123 6777 6190 
13318 6531 6912 6344 
13319 6278 6846 6447 
13320 6405 6794 6198 
13321 6430 6554 6203 
13322 6217 6750 6429 
13323 6399 6651 6170 
13324 6362 6846 6778 
13325 6195 6629 6371 
13326 6437 6812 6675 
13327 6570 6577 6295 
13328 818 6904 191 
13329 6415 6982 6593 
13330 6110 6567 6379 
13331 6375 6662 6126 
13332 6129 6783 6410 
13333 6376 6830 6145 
13334 6844 6875 6158 
13335 6374 6894 6191 
13336 6639 6923 6322 
13337 727 6669 6434 
13338 718 6796 6577 
13339 6506 6537 6143 
13340 6294 6793 6592 
13341 6229 6586 6376 
13342 6254 6742 6372 
13343 6588 6805 6491 
13344 6239 6666 6392 
13345 6241 6921 6467 
13346 6411 6968 651 
13347 6510 6949 6227 
13348 6358 6681 6459 
13349 6521 6549 6272 
13350 6661 6700 6105 
13351 6254 6650 6403 
13352 6369 6748 6595 
13353 6250 6577 6570 
13354 6164 6610 6402 
13355 6405 6463 6134 
13356 6595 6748 6111 
13357 6175 6594 6375 
13358 6401 6803 6213 
13359 778 6731 777 
13360 6377 6618 734 
13361 6400 6679 6187 
13362 6493 6760 6268 
13363 731 6418 730 
13364 6609 6982 6389 
13365 6521 6809 6350 
13366 50 6346 294 
13367 140 6540 669 
13368 6410 6783 6300 
13369 6222 6524 6393 
13370 6427 6978 6194 
13371 6824 6841 6441 
13372 716 6414 715 
13373 6341 6976 6415 
13374 6131 6549 6521 
13375 754 6440 753 
13376 6370 6545 6194 
13377 6767 6792 6114 
13378 6380 6583 6208 
13379 712 6759 6365 
13380 154 6946 6517 
13381 6257 6558 6216 
13382 6187 6535 6400 
13383 299 6219 51 
13384 6331 6907 6461 
13385 6171 6888 6299 
13386 6175 6852 6345 
13387 6403 6998 6254 
13388 6196 6850 6389 
13389 779 6968 6411 
13390 6244 6526 6436 
13391 6572 6719 6282 
13392 773 6461 772 
13393 718 6577 717 
13394 6338 6914 6695 
13395 6345 6887 6175 
13396 6321 6714 6636 
13397 6487 6892 6121 
13398 6114 6792 6463 
13399 6436 6526 6237 
13400 6530 6803 6140 
13401 6220 6576 6513 
13402 6156 6811 6500 
13403 6325 6879 6456 
13404 6259 6478 6211 
13405 6123 6679 6400 
13406 6384 6938 6499 
13407 6316 6724 6475 
13408 6249 6979 6353 
13409 6140 6693 6385 
13410 686 6471 148 
13411 6128 6754 6654 
13412 199 6346 827 
13413 6379 6717 6110 
13414 6401 6827 6236 
13415 6293 6685 6171 
13416 6145 6603 6424 
13417 6368 6978 6427 
13418 6459 6939 6358 
13419 6414 6610 6328 
13420 6387 6746 775 
13421 6105 6700 6386 
13422 6348 6568 6192 
13423 6441 6841 6204 
13424 6382 6690 6136 
13425 750 6480 749 
13426 6221 6623 6299 
13427 6424 6518 6145 
13428 6219 6620 6218 
13429 6426 6604 6323 
13430 6162 6659 6307 
13431 6441 6584 6142 
13432 6208 6691 6378 
13433 6193 6819 6393 
13434 6386 6892 6487 
13435 6456 6771 6284 
13436 6388 6807 6156 
13437 6307 6652 6162 
13438 6318 6703 6627 
13439 750 6994 6480 
13440 170 6413 798 
13441 6535 6595 6400 
13442 6676 6834 6371 
13443 6213 6527 6401 
13444 6235 6543 6403 
13445 6132 6770 6599 
13446 6562 6870 6432 
13447 6256 6739 6653 
13448 6241 6912 6181 
13449 6268 6582 6493 
13450 6377 6860 6173 
13451 6590 6806 6236 
13452 6744 6996 6535 
13453 6424 6603 6252 
13454 6484 6646 6206 
13455 6205 6858 6139 
13456 154 6517 780 
13457 6360 6806 6590 
13458 6670 6728 6147 
13459 6240 6687 6354 
13460 296 6421 297 
13461 6599 6770 6359 
13462 6653 6739 6373 
13463 6266 6644 6528 
13464 6423 6886 6223 
13465 6291 6518 6424 
13466 6651 6836 6170 
13467 6351 6466 6184 
13468 6886 6930 6223 
13469 294 6202 295 
13470 6398 6915 6329 
13471 6434 6553 726 
13472 6171 6486 6422 
13473 6130 6798 6717 
13474 6518 6588 6229 
13475 6695 6761 6338 
13476 6383 6641 6125 
13477 692 6492 693 
13478 6301 6864 6815 
13479 142 6565 6380 
13480 6420 6774 6148 
13481 740 6574 6403 
13482 6778 6846 6278 
13483 6550 6719 6228 
13484 155 6590 782 
13485 6322 6923 6708 
13486 6535 6996 6133 
13487 6240 6579 6412 
13488 6139 6858 6732 
13489 6344 6981 6531 
13490 6555 6701 6324 
13491 6372 6946 6650 
13492 6174 6865 6753 
13493 6500 6864 6301 
13494 6493 6582 6238 
13495 6227 6584 6441 
13496 6296 6760 6502 
13497 6353 6672 6249 
13498 6448 6667 699 
13499 6402 6945 6164 
13500 299 6620 6219 
13501 6170 6983 6399 
13502 6260 6831 6720 
13503 6194 6978 6370 
13504 6691 6973 6378 
13505 6299 6888 6221 
13506 703 6430 704 
13507 6197 6875 6844 
13508 653 6630 652 
13509 6137 6292 6230 
13510 6271 6835 6390 
13511 6281 6774 6420 
13512 6291 6588 6518 
13513 6259 6884 6690 
13514 6173 6725 6377 
13515 776 6660 775 
13516 184 6705 812 
13517 6247 6548 6442 
13518 6461 6907 6199 
13519 6191 6954 6480 
13520 6207 6508 6416 
13521 6177 6649 6384 
13522 6142 6584 6417 
13523 6560 6831 6260 
13524 6543 6998 6403 
13525 6125 6641 6192 
13526 6146 6514 6467 
13527 6461 6928 772 
13528 6399 6581 6282 
13529 6155 6758 6395 
13530 6502 6764 6296 
13531 6282 6847 6399 
13532 298 6620 299 
13533 6410 6564 6209 
13534 6217 6598 6384 
13535 6522 6656 6236 
13536 6499 6898 6177 
13537 6287 6801 6454 
13538 6380 6573 671 
13539 6393 6819 6222 
13540 6266 6795 6644 
13541 6148 6570 6420 
13542 6389 6905 6609 
13543 6320 6932 6433 
13544 6174 6973 6691 
13545 6405 6783 6129 
13546 6367 6942 6608 
13547 6460 6671 6383 
13548 6210 6661 6539 
13549 6148 6639 6402 
13550 6717 6903 6130 
13551 6627 6703 6136 
13552 6506 6840 6537 
13553 6218 6620 6122 
13554 6426 6682 6117 
13555 6486 6648 6258 
13556 6384 6649 6217 
13557 6403 6574 6235 
13558 162 6408 790 
13559 6224 6557 6474 
13560 755 6947 6503 
13561 6394 6842 6186 
13562 6617 6803 6401 
13563 756 6947 755 
13564 6163 6304 6190 
13565 138 6397 667 
13566 6404 6787 6298 
13567 6455 6828 6133 
13568 6181 6912 6531 
13569 6527 6791 6401 
13570 6266 6682 6426 
13571 666 6469 138 
13572 6416 6525 6207 
13573 6472 6668 6143 
13574 153 6665 6436 
13575 6156 6807 6263 
13576 6220 6630 6409 
13577 6225 6765 6302 
13578 6147 6646 6484 
13579 6236 6656 6617 
13580 6556 6754 6128 
13581 6480 6994 6374 
13582 6122 6961 6386 
13583 6400 6829 6123 
13584 685 6451 686 
13585 6143 6668 6506 
13586 676 6883 6496 
13587 6402 6839 6148 
13588 6439 6823 6157 
13589 6485 6658 6290 
13590 6517 6946 6372 
13591 6107 6834 6676 
13592 6314 6828 6455 
13593 689 6743 6470 
13594 6134 6546 6431 
13595 6207 6809 6521 
13596 6653 6861 6604 
13597 6423 6659 6162 
13598 771 6468 770 
13599 6412 6689 6241 
13600 6422 6662 6221 
13601 791 6893 164 
13602 6306 6603 6447 
13603 6439 6882 6823 
13604 6476 6935 760 
13605 6286 6576 6409 
13606 6151 6661 6105 
13607 185 6705 813 
13608 790 6893 163 
13609 6561 6772 732 
13610 6592 6965 6398 
13611 6193 6764 6502 
13612 6452 6551 6308 
13613 6137 6802 6179 
13614 6444 6897 6367 
13615 670 6565 142 
13616 295 6202 6154 
13617 6232 6793 6538 
13618 6378 6573 6208 
13619 6236 6827 6590 
13620 6745 6990 6239 
13621 6185 6556 6425 
13622 6588 6591 6116 
13623 6137 6230 6163 
13624 6464 6853 6294 
13625 6687 6801 6180 
13626 6117 6653 6604 
13627 6111 6967 6311 
13628 6116 6784 6628 
13629 6332 6580 6439 
13630 6660 6749 6387 
13631 6251 6749 6660 
13632 6485 6844 6158 
13633 6490 6677 6245 
13634 6220 6731 6411 
13635 6106 6982 6609 
13636 6359 6800 6550 
13637 6216 6615 6257 
13638 6464 6881 6853 
13639 6291 6591 6588 
13640 6750 6804 6131 
13641 726 6553 725 
13642 6283 6972 6868 
13643 752 6524 751 
13644 6191 6739 6256 
13645 656 6473 655 
13646 6198 6896 6405 
13647 6467 6514 6241 
13648 6141 6906 6582 
13649 6411 6630 6220 
13650 6302 6710 6225 
13651 6236 6617 6401 
13652 145 6438 674 
13653 6212 6504 6259 
13654 6511 6545 6138 
13655 6464 6562 6313 
13656 6223 6659 6423 
13657 6127 6580 6442 
13658 6163 6933 6137 
13659 6201 6787 6404 
13660 6415 6976 6196 
13661 6145 6830 6447 
13662 6131 6804 6549 
13663 760 6935 759 
13664 671 6573 143 
13665 6251 6878 6435 
13666 6420 6570 6295 
13667 683 6600 684 
13668 6273 6545 6511 
13669 6572 6581 6120 
13670 6352 6928 6461 
13671 6166 6931 6479 
13672 733 6561 732 
13673 6502 6760 6144 
13674 6263 6833 6156 
13675 6861 6943 6238 
13676 6593 6982 6106 
13677 6282 6581 6572 
13678 6271 6740 6416 
13679 6717 6798 6340 
13680 6458 6912 6241 
13681 682 6729 683 
13682 703 6554 6430 
13683 6451 6471 686 
13684 6420 6842 6281 
13685 6215 6553 6434 
13686 6796 6908 6295 
13687 6191 6894 6450 
13688 767 6689 6412 
13689 6164 6752 6655 
13690 6442 6580 6247 
13691 6252 6725 6424 
13692 6343 6631 6536 
13693 6512 6745 6239 
13694 6377 6725 6618 
13695 6280 6779 6407 
13696 653 6857 6409 
13697 6353 6716 6664 
13698 6404 6753 6110 
13699 6320 6651 6554 
13700 6635 6846 6362 
13701 6618 6725 6252 
13702 6143 6537 6481 
13703 6134 6794 6405 
13704 6435 6731 6220 
13705 6222 6894 6524 
13706 6664 6716 6255 
13707 6431 6546 6215 
13708 6379 6903 6717 
13709 6461 6838 6331 
13710 6456 6780 6325 
13711 6221 6888 6422 
13712 6472 6559 6227 
13713 6439 6580 6127 
13714 6320 6836 6651 
13715 6303 6578 6546 
13716 6455 6567 6314 
13717 6277 6718 6430 
13718 6604 6906 6323 
13719 6336 6634 6151 
13720 6466 6555 6184 
13721 6139 6633 6154 
13722 6418 6877 730 
13723 6434 6669 6253 
13724 6250 6610 6414 
13725 6110 6717 6613 
13726 6516 6542 6287 
13727 6110 6753 6567 
13728 6213 6813 6686 
13729 6627 6884 6211 
13730 6347 6786 6764 
13731 174 6462 802 
13732 6327 6809 6525 
13733 6524 6894 6374 
13734 6154 6261 6139 
13735 6285 6821 6425 
13736 826 6911 199 
13737 6477 6642 6394 
13738 6489 6807 6200 
13739 6289 6569 6482 
13740 6776 6788 6366 
13741 6613 6717 6340 
13742 698 6598 6448 
13743 6308 6728 6670 
13744 6474 6602 6224 
13745 754 6698 6440 
13746 6525 6809 6207 
13747 6444 6908 6796 
13748 6744 6756 6225 
13749 6316 6706 6476 
13750 6117 6604 6426 
13751 705 6490 706 
13752 6446 6730 6231 
13753 6277 6677 6490 
13754 759 6607 758 
13755 6143 6559 6472 
13756 6459 6665 709 
13757 6558 6940 6216 
13758 6410 6788 6129 
13759 6567 6753 6314 
13760 6339 6877 6418 
13761 6241 6689 6458 
13762 6399 6847 6651 
13763 6324 6593 6460 
13764 6577 6796 6295 
13765 6591 6784 6116 
13766 6651 6847 6203 
13767 6658 6816 6290 
13768 731 6772 6418 
13769 6226 6542 6516 
13770 6194 6854 6427 
13771 6692 6823 6214 
13772 6430 6859 6277 
13773 6481 6537 6242 
13774 6425 6821 6185 
13775 296 6633 6421 
13776 6610 6839 6402 
13777 6680 6751 6276 
13778 6118 6562 6464 
13779 6216 6940 6758 
13780 6447 6603 6145 
13781 6182 6749 6417 
13782 136 6498 665 
13783 6671 6816 6383 
13784 6471 6619 6283 
13785 6443 6716 6112 
13786 6451 6810 6279 
13787 6539 6661 6264 
13788 180 6885 808 
13789 188 6924 816 
13790 757 6674 756 
13791 152 6598 698 
13792 6127 6555 6466 
13793 6380 6565 6188 
13794 181 6885 809 
13795 764 6761 763 
13796 6637 6652 6307 
13797 6492 6986 693 
13798 6422 6918 6126 
13799 6437 6669 728 
13800 6226 6975 6449 
13801 6237 6645 6436 
13802 6263 6807 6489 
13803 6417 6749 6251 
13804 150 6494 691 
13805 6447 6846 6189 
13806 6422 6888 6171 
13807 6244 6681 6566 
13808 807 6922 180 
13809 6126 6662 6422 
13810 6520 6654 6115 
13811 6274 6773 6640 
13812 6227 6559 6510 
13813 6370 6930 6886 
13814 6300 6822 6410 
13815 6414 6929 715 
13816 700 6667 6433 
13817 6440 6698 6269 
13818 6414 6727 6250 
13819 702 6554 703 
13820 6389 6982 6415 
13821 6290 6816 6671 
13822 6138 6886 6109 
13823 6453 6860 6377 
13824 151 6623 692 
13825 6427 6854 6289 
13826 6175 6887 6594 
13827 6316 6980 6564 
13828 806 6507 179 
13829 6190 6679 6123 
13830 6279 6905 6850 
13831 6200 6512 6392 
13832 6248 6667 6448 
13833 6458 6689 768 
13834 6349 6937 6185 
13835 6742 6763 6372 
13836 6421 6873 297 
13837 6306 6772 6561 
13838 6409 6857 6286 
13839 6351 6974 6466 
13840 6210 6700 6661 
13841 6128 6654 6520 
13842 663 6498 135 
13843 6136 6703 6511 
13844 6347 6764 6479 
13845 6436 6645 737 
13846 6569 6979 6249 
13847 6238 6943 6493 
13848 6206 6646 6531 
13849 6234 6631 6465 
13850 6184 6483 6351 
13851 6455 6710 6161 
13852 6428 6647 747 
13853 6634 6971 6151 
13854 6648 6693 6258 
13855 187 6925 815 
13856 6563 6663 6198 
13857 6534 6638 6246 
13858 6182 6919 6452 
13859 6161 6710 6302 
13860 6512 6903 6745 
13861 6289 6747 6427 
13862 679 6957 6427 
13863 6473 6699 655 
13864 6460 6593 6106 
13865 6231 6626 6446 
13866 6118 6870 6562 
13867 6272 6549 6538 
13868 6531 6981 6206 
13869 809 6997 182 
13870 6105 6336 6151 
13871 6366 6788 6445 
13872 685 6810 6451 
13873 6139 6396 6205 
13874 6605 6757 6337 
13875 6215 6955 6431 
13876 6427 6957 6368 
13877 6557 6941 6474 
13878 719 6897 6444 
13879 6178 6763 6742 
13880 6453 6645 6237 
13881 6186 6842 6420 
13882 6468 6867 770 
13883 6479 6931 6347 
13884 6129 6788 6776 
13885 6663 6778 6115 
13886 6246 6984 6585 
13887 6642 6842 6394 
13888 168 6478 796 
13889 6221 6662 6594 
13890 746 6622 745 
13891 6425 6556 6330 
13892 716 6727 6414 
13893 6492 6623 6221 
13894 6281 6842 6642 
13895 6429 6977 6217 
13896 6451 6850 6196 
13897 6443 6927 6155 
13898 6127 6882 6439 
13899 6279 6850 6451 
13900 6660 6878 6251 
13901 6429 6750 6131 
13902 6113 6757 6605 
13903 6425 6993 6166 
13904 6159 6558 6257 
13905 6213 6686 6527 
13906 6189 6872 6447 
13907 6242 6759 6575 
13908 799 6489 172 
13909 6482 6569 6249 
13910 709 6665 153 
13911 6583 6967 6111 
13912 6260 6720 6694 
13913 6430 6718 704 
13914 6113 6642 6477 
13915 734 6618 733 
13916 6868 6972 6152 
13917 6131 6797 6429 
13918 6337 6757 6640 
13919 771 6928 6468 
13920 6434 6955 6215 
13921 6362 6663 6563 
13922 814 6457 187 
13923 6315 6889 6428 
13924 6264 6661 6632 
13925 6185 6821 6349 
13926 6694 6720 6360 
13927 6447 6872 6306 
13928 6572 6781 6228 
13929 6538 6549 6232 
13930 6286 6841 6824 
13931 6449 6975 6343 
13932 741 6574 740 
13933 6237 6860 6453 
13934 6362 6778 6663 
13935 6510 6559 6270 
13936 6253 6669 6437 
13937 6265 6751 6680 
13938 6343 6999 6631 
13939 6337 6640 6467 
13940 687 6495 688 
13941 6613 6818 6201 
13942 6585 6601 6246 
13943 6531 6646 6276 
13944 6454 6687 6240 
13945 6477 6757 6113 
13946 6532 6692 6214 
13947 6640 6757 6274 
13948 6424 6863 6291 
13949 6436 6665 6244 
13950 6450 6739 6191 
13951 6245 6587 6490 
13952 773 6838 6461 
13953 189 6924 817 
13954 6323 6995 6426 
13955 6456 6808 6183 
13956 6435 6878 777 
13957 6248 6977 6429 
13958 6468 6928 6352 
13959 6133 6996 6455 
13960 6223 6673 6496 
13961 6421 6633 6139 
13962 736 6645 6453 
13963 6526 6566 6141 
13964 6125 6985 6460 
13965 6488 6639 6148 
13966 6448 6598 6217 
13967 6201 6818 6652 
13968 169 6504 797 
13969 6465 6969 6394 
13970 6444 6796 719 
13971 6337 6775 6605 
13972 6147 6728 6547 
13973 6271 6601 6585 
13974 810 6997 183 
13975 6467 6640 6146 
13976 6501 6742 6254 
13977 6426 6795 6266 
13978 6129 6776 6463 
13979 6850 6905 6389 
13980 149 6755 690 
13981 6548 6825 6442 
13982 6513 6576 6142 
13983 6418 6872 6189 
13984 6284 6808 6456 
13985 6484 6670 6147 
13986 6433 6667 6248 
13987 733 6618 6561 
13988 6155 6992 6288 
13989 6732 6892 6317 
13990 6154 6633 295 
13991 6681 6866 6566 
13992 6109 6864 6500 
13993 6244 6566 6526 
13994 6471 6789 148 
13995 6482 6709 681 
13996 6442 6701 6127 
13997 6124 6701 6442 
13998 6112 6979 6165 
13999 6142 6824 6441 
14000 6526 6688 6237 
14001 6654 6754 6280 
14002 6517 6763 6260 
14003 6890 6914 6338 
14004 6463 6776 6114 
14005 6354 6899 6579 
14006 6161 6990 6745 
14007 6170 6836 6606 
14008 6153 6730 6446 
14009 6297 6898 6499 
14010 6264 6632 6188 
14011 6112 6962 6443 
14012 6274 6757 6477 
14013 6280 6697 6589 
14014 6823 6882 6214 
14015 6470 6755 149 
14016 6253 6955 6434 
14017 6356 6858 6205 
14018 6383 6816 6782 
14019 766 6579 765 
14020 6629 6868 6152 
14021 6146 6987 6454 
14022 6678 6832 723 
14023 6260 6763 6560 
14024 669 6539 141 
14025 6431 6955 6253 
14026 6239 6990 6462 
14027 6204 6668 6472 
14028 6373 6943 6861 
14029 728 6669 727 
14030 6687 6890 6354 
14031 6420 6908 6186 
14032 6619 6972 6283 
14033 6337 6921 6775 
14034 6256 6653 6544 
14035 6483 6568 6348 
14036 6233 6639 6488 
14037 6149 6793 6501 
14038 6188 6565 6264 
14039 6310 6813 6157 
14040 6275 6868 6629 
14041 6466 6882 6127 
14042 6157 6823 6310 
14043 6199 6907 6452 
14044 6209 6914 6445 
14045 6901 6907 6331 
14046 6568 6985 6125 
14047 6674 6947 756 
14048 6533 6954 6191 
14049 6528 6677 6150 
14050 6179 6858 6356 
14051 6258 6918 6486 
14052 762 6695 6475 
14053 6105 6902 6336 
14054 6427 6747 679 
14055 156 6527 784 
14056 6764 6786 6296 
14057 6490 6587 706 
14058 6546 6792 6303 
14059 167 6519 795 
14060 692 6623 6492 
14061 6599 6781 6325 
14062 6358 6939 6587 
14063 6506 6668 6319 
14064 6184 6568 6483 
14065 775 6746 774 
14066 6602 6840 6224 
14067 6284 6647 6428 
14068 6391 6756 6744 
14069 6365 6840 6602 
14070 6772 6872 6418 
14071 158 6532 786 
14072 714 6575 713 
14073 6785 6833 6212 
14074 6428 6808 6284 
14075 6183 6780 6456 
14076 6416 6740 6525 
14077 295 6633 296 
14078 6269 6848 6440 
14079 6501 6793 6294 
14080 678 6957 679 
14081 6261 6396 6139 
14082 6460 6985 6324 
14083 6203 6859 6430 
14084 717 6727 716 
14085 6228 6781 6599 
14086 6295 6908 6420 
14087 6134 6792 6546 
14088 6106 6671 6460 
14089 6395 6964 6443 
14090 768 6689 767 
14091 6442 6825 6124 
14092 6468 6981 6867 
14093 6199 6670 6484 
14094 6255 6658 6485 
14095 6632 6661 6151 
14096 6544 6657 6256 
14097 6290 6671 6609 
14098 6448 6977 6248 
14099 6480 6851 749 
14100 759 6935 6607 
14101 6256 6657 6533 
14102 6235 6856 6543 
14103 6486 6918 6422 
14104 6450 6910 6144 
14105 6208 6573 6380 
14106 6421 6732 6317 
14107 6242 6655 6481 
14108 6782 6816 6119 
14109 6280 6754 6697 
14110 6917 6985 6568 
14111 699 6667 700 
14112 6446 6817 6267 
14113 6534 6950 743 
14114 6160 6714 6601 
14115 706 6587 707 
14116 6511 6703 6273 
14117 6303 6792 6767 
14118 760 6724 6476 
14119 6628 6760 6296 
14120 6611 6693 6140 
14121 6725 6863 6424 
14122 6485 6664 6255 
14123 6381 6679 6190 
14124 6546 6578 6215 
14125 6133 6595 6535 
14126 658 6944 657 
14127 176 6541 804 
14128 6217 6977 6448 
14129 6542 6767 6114 
14130 6487 6902 6105 
14131 6688 6702 6309 
14132 681 6709 147 
14133 6303 6862 6578 
14134 6237 6688 6597 
14135 6609 6671 6106 
14136 743 6950 742 
14137 6575 6929 6328 
14138 722 6608 721 
14139 6132 6657 6544 
14140 6267 6616 6611 
14141 6459 6681 6244 
14142 166 6529 794 
14143 6186 6908 6444 
14144 6433 6836 6320 
14145 657 6715 656 
14146 6547 6728 6233 
14147 6339 6812 6437 
14148 6350 6855 6606 
14149 6139 6732 6421 
14150 6244 6665 6459 
14151 747 6647 746 
14152 6121 6802 6487 
14153 6344 6912 6458 
14154 742 6721 741 
14155 6180 6890 6687 
14156 6476 6706 6262 
14157 6132 6780 6657 
14158 165 6615 793 
14159 6622 6966 745 
14160 6606 6855 6170 
14161 6577 6727 717 
14162 6212 6833 6413 
14163 6611 6616 6258 
14164 6247 6762 6548 
14165 6234 6959 6536 
14166 724 6678 723 
14167 6597 6738 6173 
14168 6625 6703 6318 
14169 6309 6738 6597 
14170 654 6857 653 
14171 6232 6965 6592 
14172 6853 6881 6178 
14173 6452 6919 6551 
14174 720 6897 719 
14175 6581 6983 6327 
14176 6303 6767 6449 
14177 6503 6698 755 
14178 6233 6728 6552 
14179 705 6718 6490 
14180 6557 6944 658 
14181 6355 6832 6678 
14182 6528 6644 6245 
14183 6509 6719 6150 
14184 6328 6929 6414 
14185 6282 6719 6509 
14186 6315 6851 6480 
14187 6595 6828 6369 
14188 178 6643 6381 
14189 6225 6756 6541 
14190 6609 6905 6197 
14191 6539 6540 6210 
14192 6249 6709 6482 
14193 6536 6631 6234 
14194 6503 6711 6269 
14195 713 6759 712 
14196 6302 6990 6161 
14197 6216 6736 6615 
14198 6753 6865 6314 
14199 6233 6923 6639 
14200 656 6715 6473 
14201 6487 6802 6137 
14202 673 6614 145 
14203 6536 6959 6355 
14204 6117 6770 6544 
14205 6541 6765 6225 
14206 6663 6768 6198 
14207 6501 6998 6149 
14208 6345 6986 6492 
14209 6479 6848 6269 
14210 763 6695 762 
14211 6133 6828 6595 
14212 6313 6881 6464 
14213 6267 6656 6522 
14214 739 6650 738 
14215 6454 6987 6287 
14216 6158 6664 6485 
14217 6522 6806 6153 
14218 6551 6988 6308 
14219 6238 6906 6604 
14220 6285 6711 6503 
14221 6510 6708 6108 
14222 6381 6507 806 
14223 6686 6813 6310 
14224 6449 6862 6303 
14225 6148 6839 6570 
14226 184 6505 6292 
14227 183 6505 811 
14228 6597 6688 6309 
14229 6329 6915 6898 
14230 6334 6709 6249 
14231 694 6621 695 
14232 6438 6787 6201 
14233 6479 6764 6193 
14234 6276 6751 6605 
14235 6473 6841 6699 
14236 6533 6657 6183 
14237 6206 6981 6468 
14238 737 6645 736 
14239 6634 6777 6123 
14240 6648 6834 6107 
14241 6524 6994 751 
14242 6597 6860 6237 
14243 6502 6819 6193 
14244 6467 6921 6337 
14245 6305 6408 6192 
14246 6310 6823 6692 
14247 6869 6965 6312 
14248 6361 6834 6648 
14249 6399 6983 6581 
14250 6579 6899 765 
14251 6561 6618 6252 
14252 6336 6777 6634 
14253 6200 6790 6512 
14254 6533 6889 6315 
14255 137 6469 666 
14256 6544 6653 6117 
14257 783 6791 156 
14258 6329 6898 6723 
14259 6657 6780 6183 
14260 6245 6677 6528 
14261 6269 6698 6503 
14262 6606 6797 6350 
14263 6121 6892 6732 
14264 6548 6972 6341 
14265 6476 6724 6316 
14266 6330 6993 6425 
14267 6490 6718 6277 
14268 6262 6935 6476 
14269 6501 6853 6742 
14270 6473 6909 6204 
14271 6141 6688 6526 
14272 6265 6680 6547 
14273 6542 6843 6287 
14274 755 6698 754 
14275 6307 6659 6496 
14276 130 6968 779 
14277 719 6796 718 
14278 6291 6738 6591 
14279 6512 6790 6130 
14280 161 6515 789 
14281 6183 6889 6533 
14282 6268 6702 6582 
14283 6193 6848 6479 
14284 6547 6680 6147 
14285 817 6523 190 
14286 6672 6814 6334 
14287 800 6741 6392 
14288 6374 6994 6524 
14289 6209 6980 6475 
14290 746 6647 6622 
14291 6284 6771 6622 
14292 6250 6839 6610 
14293 651 6968 130 
14294 6187 6744 6535 
14295 6141 6702 6688 
14296 6372 6763 6517 
14297 6349 6821 6674 
14298 696 6826 6499 
14299 6149 6737 6538 
14300 6149 6998 6543 
14301 6500 6811 6109 
14302 6596 6615 165 
14303 6470 6743 6275 
14304 6270 6708 6510 
14305 6496 6883 6307 
14306 667 6713 139 
14307 6152 6972 6548 
14308 6137 6902 6487 
14309 6144 6760 6493 
14310 6624 6642 6113 
14311 6616 6918 6258 
14312 6222 6819 6502 
14313 665 6469 137 
14314 6538 6737 6272 
14315 6392 6666 173 
14316 6628 6784 6268 
14317 6410 6822 6564 
14318 6335 6949 6551 
14319 6341 6825 6548 
14320 6204 6841 6473 
14321 6148 6774 6488 
14322 6582 6702 6141 
14323 6333 6683 6600 
14324 6555 6917 6184 
14325 6631 6969 6465 
14326 761 6724 760 
14327 145 6614 6438 
14328 6594 6662 6375 
14329 6674 6821 6285 
14330 6551 6949 6108 
14331 6236 6806 6522 
14332 6140 6656 6611 
14333 6112 6936 6625 
14334 6497 6854 6194 
14335 6491 6805 6347 
14336 6246 6714 6534 
14337 6617 6656 6140 
14338 6475 6980 6316 
14339 6530 6813 6213 
14340 6622 6771 6357 
14341 6114 6843 6542 
14342 6115 6778 6520 
14343 6611 6656 6267 
14344 6306 6872 6772 
14345 6270 6752 6708 
14346 6552 6728 6308 
14347 6262 6706 6589 
14348 6182 6901 6749 
14349 6708 6752 6322 
14350 6491 6993 6330 
14351 6158 6814 6672 
14352 6635 6880 6189 
14353 6496 6659 6223 
14354 6534 6714 6321 
14355 655 6699 654 
14356 6525 6740 6120 
14357 6290 6844 6485 
14358 714 6929 6575 
14359 674 6637 675 
14360 679 6747 680 
14361 695 6826 696 
14362 6391 6643 805 
14363 6509 6847 6282 
14364 6127 6701 6555 
14365 6224 6840 6506 
14366 6281 6642 6624 
14367 6159 6782 6558 
14368 6544 6770 6132 
14369 6608 6942 721 
14370 6213 6803 6530 
14371 6190 6507 6381 
14372 6276 6775 6531 
14373 6207 6960 6508 
14374 6157 6813 6530 
14375 6589 6697 6262 
14376 6292 6705 184 
14377 6254 6998 6501 
14378 702 6932 6554 
14379 6147 6680 6646 
14380 6488 6952 6265 
14381 6463 6792 6134 
14382 6502 6910 6222 
14383 6324 6917 6555 
14384 722 6832 6608 
14385 6150 6719 6550 
14386 6474 6956 6602 
14387 6749 6901 6387 
14388 6650 6946 738 
14389 6480 6954 6315 
14390 6646 6680 6276 
14391 6558 6782 6119 
14392 6317 6873 6421 
14393 6200 6741 6489 
14394 6503 6947 6285 
14395 6289 6871 6569 
14396 177 6756 6391 
14397 6273 6936 6497 
14398 6493 6943 6144 
14399 6203 6847 6509 
14400 6520 6778 6278 
14401 6221 6887 6492 
14402 6398 6965 6869 
14403 6578 6862 6168 
14404 6334 6895 6709 
14405 6150 6800 6528 
14406 6165 6936 6112 
14407 6357 6966 6622 
14408 6443 6964 6716 
14409 6683 6905 6279 
14410 6624 6952 6281 
14411 6516 6773 6226 
14412 6605 6751 6113 
14413 741 6721 6574 
14414 6664 6672 6353 
14415 6530 6769 6157 
14416 6521 6960 6207 
14417 6347 6931 6491 
14418 6250 6727 6577 
14419 6257 6305 6159 
14420 6682 6770 6117 
14421 6589 6706 6167 
14422 6249 6672 6334 
14423 6483 6876 6351 
14424 823 6612 196 
14425 6598 6938 6384 
14426 6150 6916 6509 
14427 6173 6863 6725 
14428 6260 6958 6517 
14429 6571 6773 6274 
14430 6113 6751 6624 
14431 6109 6886 6864 
14432 704 6718 705 
14433 6294 6853 6501 
14434 6531 6775 6181 
14435 6864 6886 6423 
14436 6516 6987 6146 
14437 6548 6762 6152 
14438 6538 6793 6149 
14439 6385 6769 6530 
14440 6185 6754 6556 
14441 6438 6637 674 
14442 6587 6939 707 
14443 6185 6937 6697 
14444 6165 6871 6497 
14445 782 6827 783 
14446 6287 6987 6516 
14447 6390 6879 6781 
14448 6315 6954 6533 
14449 6211 6726 6519 
14450 6108 6949 6510 
14451 780 6958 781 
14452 6509 6859 6203 
14453 6312 6804 6750 
14454 6600 6683 6279 
14455 6528 6800 6266 
14456 6627 6733 6318 
14457 6391 6744 6187 
14458 6560 6763 6178 
14459 732 6772 731 
14460 6258 6693 6611 
14461 6369 6865 6691 
14462 6554 6932 6320 
14463 140 6713 6540 
14464 6605 6775 6276 
14465 6550 6800 6150 
14466 6187 6679 6381 
14467 6226 6773 6571 
14468 6178 6881 6560 
14469 6614 6787 6438 
14470 6381 6643 6187 
14471 6345 6852 6621 
14472 6455 6996 6710 
14473 6519 6992 6211 
14474 6225 6996 6744 
14475 6200 6807 6790 
14476 6167 6934 6779 
14477 6543 6856 6149 
14478 6691 6865 6174 
14479 777 6878 776 
14480 6781 6879 6325 
14481 6601 6714 6246 
14482 6497 6936 6165 
14483 6790 6807 6388 
14484 6356 6457 186 
14485 6111 6748 6583 
14486 6383 6782 6641 
14487 6616 6817 6126 
14488 6583 6748 6208 
14489 745 6966 744 
14490 6549 6804 6232 
14491 6392 6741 6200 
14492 6126 6817 6626 
14493 6517 6958 780 
14494 135 6498 664 
14495 6720 6831 6153 
14496 6574 6948 6235 
14497 6565 6766 6264 
14498 6283 6789 6471 
14499 6560 6881 6313 
14500 6286 6824 6576 
14501 6607 6935 6262 
14502 6585 6835 6271 
14503 6153 6806 6720 
14504 6273 6703 6625 
14505 6187 6643 6391 
14506 684 6810 685 
14507 6347 6805 6786 
14508 6364 6951 6553 
14509 6867 6981 6344 
14510 6822 6934 6167 
14511 6135 6969 6631 
14512 6152 6762 6629 
14513 6594 6887 6221 
14514 297 6873 298 
14515 6272 6960 6521 
14516 6589 6779 6280 
14517 774 6838 773 
14518 6130 6903 6512 
14519 6553 6951 725 
14520 6699 6841 6286 
14521 6591 6738 6309 
14522 6167 6779 6589 
14523 6590 6827 782 
14524 6144 6910 6502 
14525 6677 6916 6150 
14526 749 6851 748 
14527 6537 6840 6365 
14528 6609 6844 6290 
14529 6629 6762 6371 
14530 6622 6647 6284 
14531 6569 6871 6165 
14532 669 6540 6539 
14533 162 6515 6408 
14534 298 6873 6620 
14535 6222 6910 6894 
14536 147 6895 682 
14537 6211 6733 6627 
14538 6732 6858 6121 
14539 6894 6910 6450 
14540 723 6832 722 
14541 805 6643 178 
14542 770 6867 769 
14543 738 6946 154 
14544 156 6791 6527 
14545 170 6735 6413 
14546 6197 6844 6609 
14547 173 6666 801 
14548 6119 6816 6658 
14549 742 6950 6721 
14550 6624 6751 6265 
14551 6413 6684 798 
14552 784 6686 157 
14553 6675 6812 6169 
14554 6333 6875 6683 
14555 6882 6974 6214 
14556 6158 6672 6664 
14557 6223 6930 6673 
14558 6697 6754 6185 
14559 6466 6974 6882 
14560 765 6899 764 
14561 6575 6759 713 
14562 6313 6831 6560 
14563 6279 6810 6600 
14564 6478 6726 6211 
14565 6281 6952 6774 
14566 6607 6913 758 
14567 6786 6805 6116 
14568 672 6704 144 
14569 785 6692 158 
14570 150 6900 6494 
14571 6308 6988 6552 
14572 6499 6826 6297 
14573 6494 6820 691 
14574 6576 6824 6142 
14575 6319 6944 6557 
14576 758 6913 757 
14577 131 6926 659 
14578 6287 6843 6801 
14579 141 6766 670 
14580 164 6596 792 
14581 6349 6913 6607 
14582 6309 6784 6591 
14583 813 6705 6356 
14584 772 6928 771 
14585 6116 6805 6588 
14586 786 6696 159 
14587 6691 6748 6369 
14588 6564 6822 6167 
14589 6492 6887 6345 
14590 6600 6810 684 
14591 6673 6930 6368 
14592 6564 6980 6209 
14593 730 6877 729 
14594 677 6989 678 
14595 6870 6953 6432 
14596 6366 6843 6776 
14597 6291 6863 6738 
14598 798 6684 171 
14599 6165 6979 6569 
14600 659 6941 658 
14601 6566 6866 6323 
14602 6631 6999 6135 
14603 6495 6743 688 
14604 6801 6843 6366 
14605 6172 6835 6585 
14606 751 6994 750 
14607 6329 6953 6870 
14608 6802 6858 6179 
14609 664 6498 136 
14610 6668 6909 6319 
14611 6644 6795 6176 
14612 657 6944 6715 
14613 6552 6988 6108 
14614 6619 6976 6341 
14615 6122 6397 6218 
14616 6721 6948 6574 
14617 6286 6857 6699 
14618 6321 6950 6534 
14619 152 6938 6598 
14620 6257 6596 6305 
14621 6208 6748 6691 
14622 6230 6419 6163 
14623 6690 6884 6136 
14624 6926 6941 659 
14625 6243 6397 6122 
14626 688 6743 689 
14627 6551 6919 6335 
14628 6684 6833 6263 
14629 6298 6787 6614 
14630 6196 6976 6619 
14631 715 6929 714 
14632 6529 6736 6216 
14633 788 6970 161 
14634 6776 6843 6114 
14635 6340 6818 6613 
14636 721 6942 720 
14637 725 6951 724 
14638 658 6941 6557 
14639 710 6926 131 
14640 6621 6986 6345 
14641 6267 6817 6616 
14642 6742 6853 6178 
14643 6334 6814 6729 
14644 6108 6988 6551 
14645 6769 6920 6332 
14646 6385 6920 6769 
14647 711 6956 710 
14648 195 6612 823 
14649 694 6986 6621 
14650 6704 6973 6298 
14651 6570 6839 6250 
14652 6641 6782 6159 
14653 6683 6875 6197 
14654 6628 6786 6116 
14655 6173 6860 6597 
14656 6184 6917 6568 
14657 6626 6817 6446 
14658 796 6712 169 
14659 6121 6858 6802 
14660 6604 6861 6238 
14661 6621 6852 6297 
14662 6140 6803 6617 
14663 6156 6833 6785 
14664 6474 6941 6926 
14665 6649 6869 6312 
14666 6123 6829 6634 
14667 6552 6923 6233 
14668 6539 6766 141 
14669 6775 6921 6181 
14670 6214 6974 6532 
14671 6268 6784 6702 
14672 707 6939 708 
14673 6119 6940 6558 
14674 701 6932 702 
14675 6690 6785 6212 
14676 6177 6869 6649 
14677 6702 6784 6309 
14678 6135 6999 6571 
14679 6625 6936 6273 
14680 670 6766 6565 
14681 6311 6967 6632 
14682 6729 6814 6333 
14683 6571 6975 6226 
14684 6262 6937 6607 
14685 687 6789 6495 
14686 710 6956 6926 
14687 6408 6893 790 
14688 6694 6958 6260 
14689 196 6911 824 
14690 6832 6959 6608 
14691 6815 6818 6340 
14692 744 6966 6638 
14693 6296 6786 6628 
14694 6582 6906 6238 
14695 6634 6829 6311 
14696 6768 6934 6300 
14697 801 6707 174 
14698 6532 6974 6696 
14699 151 6820 6623 
14700 6607 6937 6349 
14701 795 6726 168 
14702 6620 6961 6122 
14703 797 6735 170 
14704 148 6789 687 
14705 781 6958 6694 
14706 793 6736 166 
14707 6382 6785 6690 
14708 6387 6901 6746 
14709 6304 6406 6190 
14710 6332 6920 6676 
14711 6746 6901 6331 
14712 802 6734 175 
14713 6678 6951 6364 
14714 171 6722 799 
14715 724 6951 6678 
14716 6359 6770 6682 
14717 776 6878 6660 
14718 6188 6967 6583 
14719 6632 6967 6188 
14720 172 6741 800 
14721 6676 6920 6107 
14722 6585 6984 6172 
14723 6926 6956 6474 
14724 6495 6868 6275 
14725 6378 6849 6573 
14726 6300 6896 6768 
14727 6733 6992 6155 
14728 6573 6849 143 
14729 6162 6818 6815 
14730 6354 6890 6761 
14731 6275 6743 6495 
14732 6312 6965 6804 
14733 691 6820 151 
14734 6189 6846 6635 
14735 191 6904 819 
14736 6204 6909 6668 
14737 6373 6861 6653 
14738 6109 6811 6138 
14739 697 6938 152 
14740 757 6913 6674 
14741 6678 6837 6355 
14742 6136 6884 6627 
14743 6169 6880 6635 
14744 6265 6952 6624 
14745 6715 6909 6473 
14746 804 6756 177 
14747 822 6612 195 
14748 6798 6815 6340 
14749 143 6849 672 
14750 6318 6962 6625 
14751 6407 6934 6768 
14752 668 6713 140 
14753 6761 6890 6338 
14754 6341 6972 6619 
14755 6746 6838 774 
14756 6652 6818 6162 
14757 6205 6457 6356 
14758 6720 6806 6360 
14759 693 6986 694 
14760 6317 6961 6620 
14761 174 6707 6462 
14762 6212 6735 6504 
14763 6301 6815 6798 
14764 821 6612 194 
14765 6126 6918 6616 
14766 6149 6856 6737 
14767 6828 6865 6369 
14768 6674 6913 6349 
14769 6314 6865 6828 
14770 6625 6962 6112 
14771 194 6612 822 
14772 794 6799 167 
14773 6621 6826 695 
14774 6709 6895 147 
14775 803 6765 176 
14776 6632 6971 6311 
14777 6364 6837 6678 
14778 783 6827 6791 
14779 6331 6838 6746 
14780 6608 6959 6234 
14781 6462 6734 802 
14782 6527 6686 784 
14783 6283 6868 6495 
14784 6620 6873 6317 
14785 6602 6956 711 
14786 6636 6948 6321 
14787 673 6891 6614 
14788 198 6911 826 
14789 6285 6947 6674 
14790 6307 6883 6637 
14791 6298 6891 6704 
14792 6158 6875 6814 
14793 6723 6852 6175 
14794 6758 6940 6395 
14795 6497 6871 6854 
14796 193 6904 821 
14797 675 6883 676 
14798 158 6692 6532 
14799 6176 6866 6681 
14800 6898 6915 6177 
14801 690 6900 150 
14802 6783 6896 6300 
14803 6730 6831 6313 
14804 6478 6712 796 
14805 144 6891 673 
14806 6151 6971 6632 
14807 6733 6927 6318 
14808 6197 6905 6683 
14809 6406 6885 180 
14810 6532 6696 786 
14811 6721 6950 6321 
14812 6637 6883 675 
14813 6854 6871 6289 
14814 6699 6857 654 
14815 6638 6966 6357 
14816 6716 6964 6255 
14817 6153 6831 6730 
14818 6413 6735 6212 
14819 6327 6855 6809 
14820 168 6726 6478 
14821 6348 6963 6483 
14822 6737 6856 6363 
14823 6264 6766 6539 
14824 6235 6948 6636 
14825 6738 6863 6173 
14826 6179 6356 6292 
14827 6809 6855 6350 
14828 6745 6903 6379 
14829 799 6722 6489 
14830 157 6874 785 
14831 6297 6852 6723 
14832 6163 6419 6304 
14833 6311 6971 6634 
14834 6413 6833 6684 
14835 169 6712 6504 
14836 175 6845 803 
14837 682 6895 6729 
14838 809 6885 6419 
14839 6494 6900 6293 
14840 6697 6937 6262 
14841 6489 6741 172 
14842 787 6876 160 
14843 6277 6916 6677 
14844 6791 6827 6401 
14845 6504 6735 797 
14846 6368 6989 6673 
14847 812 6705 185 
14848 6614 6891 6298 
14849 6715 6944 6319 
14850 6324 6985 6917 
14851 6723 6953 6329 
14852 6729 6895 6334 
14853 6378 6973 6704 
14854 6175 6953 6723 
14855 6299 6820 6494 
14856 6356 6705 6292 
14857 167 6799 6519 
14858 6723 6898 6297 
14859 6495 6789 6283 
14860 6519 6726 795 
14861 6835 6879 6390 
14862 6297 6826 6621 
14863 764 6899 6761 
14864 6288 6992 6519 
14865 166 6736 6529 
14866 6768 6896 6198 
14867 6321 6948 6721 
14868 6623 6820 6299 
14869 6673 6989 677 
14870 6704 6891 144 
14871 6777 6933 6163 
14872 6428 6889 6808 
14873 6529 6799 794 
14874 6319 6909 6715 
14875 6814 6875 6333 
14876 6927 6962 6318 
14877 164 6893 6596 
14878 6752 6945 6322 
14879 6155 6927 6733 
14880 6771 6984 6357 
14881 6866 6995 6323 
14882 160 6963 788 
14883 6710 6996 6225 
14884 6457 6925 187 
14885 6541 6756 804 
14886 6172 6984 6771 
14887 672 6849 6704 
14888 6239 6707 6666 
14889 6192 6515 6348 
14890 6172 6879 6835 
14891 6869 6915 6398 
14892 159 6991 787 
14893 6855 6983 6170 
14894 6336 6933 6777 
14895 6812 6880 6169 
14896 6292 6505 6230 
14897 176 6765 6541 
14898 6211 6992 6733 
14899 6509 6916 6859 
14900 6164 6945 6752 
14901 139 6713 668 
14902 6808 6889 6183 
14903 6892 6961 6317 
14904 6859 6916 6277 
14905 6931 6993 6491 
14906 6443 6962 6927 
14907 6761 6899 6354 
14908 6339 6880 6812 
14909 6774 6952 6488 
14910 6696 6974 6351 
14911 6263 6722 6684 
14912 183 6997 6505 
14913 6804 6965 6232 
14914 6300 6934 6822 
14915 6219 6498 51 
14916 6405 6896 6783 
14917 6177 6915 6869 
14918 6779 6934 6407 
14919 6795 6995 6176 
14920 818 6523 6326 
14921 6426 6995 6795 
14922 6571 6999 6975 
14923 6686 6874 157 
14924 6755 6900 690 
14925 6137 6933 6902 
14926 6327 6983 6855 
14927 6734 6990 6302 
14928 6310 6874 6686 
14929 6507 6922 179 
14930 785 6874 6692 
14931 180 6922 6406 
14932 6370 6978 6930 
14933 6210 6540 6243 
14934 6897 6942 6367 
14935 6355 6959 6832 
14936 6386 6961 6892 
14937 720 6942 6897 
14938 6930 6978 6368 
14939 6176 6995 6866 
14940 6692 6874 6310 
14941 6957 6989 6368 
14942 6462 6707 6239 
14943 817 6924 6523 
14944 6666 6707 801 
14945 6902 6933 6336 
14946 6696 6991 159 
14947 6684 6722 171 
14948 6166 6993 6931 
14949 6704 6849 6378 
14950 6876 6991 6351 
14951 678 6989 6957 
14952 6259 6712 6478 
14953 6615 6736 793 
14954 163 6893 791 
14955 6419 6997 809 
14956 808 6885 181 
14957 6975 6999 6343 
14958 6293 6900 6755 
14959 6326 6904 818 
14960 6406 6507 6190 
14961 819 6904 192 
14962 188 6925 6924 
14963 6489 6722 6263 
14964 820 6904 193 
14965 816 6924 189 
14966 815 6925 188 
14967 6504 6712 6259 
14968 179 6922 807 
14969 6765 6845 6302 
14970 824 6911 197 
14971 825 6911 198 
14972 6154 6523 6261 
14973 6257 6615 6596 
14974 6734 6845 175 
14975 6302 6845 6734 
14976 6519 6799 6288 
14977 6351 6991 6696 
14978 6876 6963 160 
14979 6288 6799 6529 
14980 803 6845 6765 
14981 787 6991 6876 
14982 6462 6990 6734 
14983 161 6970 6515 
14984 6408 6515 6192 
14985 6406 6922 6507 
14986 6205 6925 6457 
14987 138 6469 6397 
14988 182 6997 810 
14989 6396 6925 6205 
14990 6326 6523 6154 
14991 6963 6970 788 
14992 192 6904 820 
14993 6348 6970 6963 
14994 6540 6713 6243 
14995 197 6911 825 
14996 6397 6713 667 
14997 6505 6997 6230 
14998 6230 6997 6419 
14999 6596 6893 6305 
15000 6305 6893 6408 
15001 294 6346 6202 
15002 6483 6963 6876 
15003 199 6911 6346 
15004 665 6498 6469 
15005 6419 6885 6304 
15006 6261 6924 6396 
15007 6523 6924 6261 
15008 6304 6885 6406 
15009 6202 6326 6154 
15010 6515 6970 6348 
15011 6218 6498 6219 
15012 6924 6925 6396 
15013 6612 6911 196 
15014 821 6904 6612 
15015 6243 6713 6397 
15016 6202 6612 6326 
15017 6469 6498 6218 
15018 6397 6469 6218 
15019 6346 6911 6202 
15020 6612 6904 6326 
15021 6202 6911 6612 
15022 829 6346 50 
15023 201 6346 829 
15024 660 6498 132 
15025 132 6498 661 
15026 661 6498 133 
15027 133 6498 662 
15028 662 6498 134 
15029 200 6346 828 
15030 828 6346 201 
$EndElements
