$MeshFormat
4.1 0 8
$EndMeshFormat
$PhysicalNames
15
2 1 "surface_1"
2 2 "surface_2"
2 3 "surface_3"
2 4 "surface_4"
2 5 "surface_5"
2 6 "surface_6"
2 7 "surface_7"
2 8 "surface_8"
2 9 "surface_9"
2 10 "surface_10"
2 11 "surface_11"
2 12 "surface_12"
2 13 "surface_13"
2 14 "surface_14"
2 15 "surface_15"
$EndPhysicalNames
$Entities
45 62 15 1
1 0.001764723349188803 -9.284014665968373e-17 1.630951490975289e-13 0 
2 -0.0001613599094800725 -6.134182546573524e-12 0.001847831036891352 0 
3 -0.02720165598232818 -1.024696237485102 0.3316698881860761 0 
4 -0.02911553350440722 -1.024393774930016 0.3334198191405512 0 
5 3.707077969782677 -1.025565423973908 0.3617667210766831 0 
6 3.356808045388944 -1.025708494039449 0.342974340447815 0 
7 7.339748114653773 0 0.8353207332230479 0 
8 7.074438691896719 -0.1690188495050833 0.7896382843287598 0 
9 6.893045927478183 -0.2755818308096477 0.7592735485024147 0 
10 6.409089204602198 -0.5207659796764731 0.6807848154512468 0 
11 5.460885057409449 -0.8472819490611975 0.5414350607284973 0 
12 5.1996787740958 -0.9078384243726346 0.5060753714362172 0 
13 5.172996314062238 -0.9132940050279855 0.5025879975213747 0 
14 3.97435308501647 -1.022869146324364 0.3812159052862664 0 
15 3.973148150990945 -1.022889711965184 0.3811209541862631 0 
16 3.742913158683432 -1.02538842170686 0.3641603323533071 0 
17 -0.02911553350575971 1.024393774930016 0.33341981915604 0 
18 -0.02720247665068934 1.024696238066145 0.3316698884474836 0 
19 -0.02911553373938041 -1.069016274721555 0.3334198218313747 0 
20 -0.114343211073916 -1.134211561018287 1.309414191377467 0 
21 -0.114343211073916 1.134211561018287 1.309414191377467 0 
22 -0.02911553374746371 1.069016274724052 0.3334198219239403 0 
23 -0.02720599676300636 -1.070803000633848 0.331668328798248 0 
24 -0.02704988940399665 -1.070809253055108 0.331671469029183 0 
25 3.356808203608793 1.025708494316178 0.3429743468427133 0 
26 3.707076734985269 1.025565429292959 0.3617666399020735 0 
27 3.742914950602199 1.025388411684104 0.3641604539044849 0 
28 3.973148448065617 1.022889706906936 0.38112097758979 0 
29 3.974353240300263 1.022869143669206 0.3812159175266962 0 
30 5.172994757997834 0.9132943190699869 0.5025877949714337 0 
31 5.199680274942027 0.9078381135502953 0.5060755683788059 0 
32 5.460885195766798 0.8472819136956038 0.5414350799108923 0 
33 6.39300123370912 0.5279168242568208 0.6782406842781562 0 
34 6.409089676494193 0.5207657690095572 0.6807848901618242 0 
35 6.805381693200262 0.3243015272032648 0.7448070304876739 0 
36 6.893038961801312 0.2755857752548658 0.7592723939890059 0 
37 7.074449614578872 0.1690122055741394 0.7896401320778281 0 
38 7.339095767624377 0.0004336368991004233 0.8352062695133858 0 
39 -0.02720599183416923 1.07080283442855 0.3316682725011582 0 
40 -0.1124338106207139 1.136262539229682 1.311497594424157 0 
41 -0.112641617597686 1.136260017054413 1.311486295786768 0 
42 -0.1126416175976883 -1.136260017054413 1.311486295786768 0 
43 -0.1124338106207139 -1.136262539229682 1.311497594424157 0 
44 -0.02704988940372854 1.070809253054905 0.3316714690261778 0 
45 7.80437502329019 0 1.311497594424157 0 
1 -0.0001614599175663205 -1.00000001093006e-07 -1.000045430356008e-07 0.001764823349188803 9.999999890732196e-08 0.001847931129492416 0 2 1 -2 
2 -0.02720390747694915 -1.024696279750292 -1.000041123522255e-07 0.0017648233391217 9.999867045529243e-08 0.3316699786434613 0 2 1 -3 
3 -0.02917053242062836 -1.024751243368448 0.3316148898896697 -0.02714665716789188 -1.024338775594459 0.3334748180426026 0 2 3 -4 
4 -0.02911563349892549 -1.024393874924197 0.001847731036891842 -0.0001612599094801305 9.999386596515336e-08 0.3334199191590095 0 2 4 -2 
5 3.356784860581793 -1.02609868421139 0.3429511546431248 3.70710115430994 -1.025542235873771 0.3617899053716456 0 2 5 -6 
6 -0.02722071737234488 -1.025727555082386 0.3316371024777124 3.356827106797859 -1.024674473795157 0.3429934008591904 0 2 6 -3 
7 0.001758154587621963 -6.56875149973295e-06 -1.345169456840045e-05 7.339754683405273 6.56875149973295e-06 0.8353273019745476 0 2 1 -7 
8 7.339748014653771 -1.000000013632987e-07 0.8353206332230465 7.339748214653776 1.000000013497359e-07 0.8353208332230493 0 2 7 -7 
9 7.07443815744307 -0.1690193839812317 0.7896377497571899 7.339748649125959 5.344721867167612e-07 0.8353212676952346 0 2 7 -8 
10 6.893027730621541 -0.2756000276292161 0.7592553519183877 7.074456888733578 -0.1690006526907232 0.7896564810476984 0 2 8 -9 
11 6.409078731067805 -0.5207764445978141 0.6807743500515658 6.893056397215856 -0.275571361034901 0.7592840185127027 0 2 9 -10 
12 5.460869628300721 -0.8472973778749975 0.5414196316690214 6.409104629871228 -0.5207505457943462 0.6808002488550468 0 2 10 -11 
13 5.199678097270056 -0.9078391077619691 0.5060746860190348 5.460885736012031 -0.8472812701636904 0.541435739380332 0 2 11 -12 
14 5.172991573040926 -0.9132987461370194 0.5025832563846242 5.199683516999756 -0.9078336880322685 0.5060801057487354 0 2 12 -13 
15 3.974325600331509 -1.022896630746978 0.3811884209673754 5.173023798732172 -0.9132665204457744 0.5026154820758693 0 2 13 -14 
16 3.973148050962107 -1.022889811920781 0.3811208545427625 3.97435318497687 -1.022869046101617 0.3812160056127362 0 2 14 -15 
17 3.742912556756707 -1.025389023156518 0.3641597379364252 3.973148752412355 -1.022889110470533 0.3811215559930105 0 2 15 -16 
18 3.707064712618586 -1.025578677565125 0.3617534636802919 3.742926415072261 -1.025375164840964 0.3641735962519785 0 2 16 -5 
19 -0.02911563349968206 -1.000073058810003e-07 0.001847731040483636 -0.0001612599097935812 1.024393874926423 0.3334199191676721 0 2 2 -17 
20 -0.02917048958828905 1.024338818525205 0.3316149327566909 -0.02714752051035237 1.024751189602077 0.3334747752385359 0 2 18 -17 
21 -0.02720028560602608 -9.99986693450694e-08 -1.000041119081363e-07 0.001764823339165479 1.024696396354059 0.3316700084447474 0 2 18 -1 
22 -0.114343502462198 -1.134211852479815 0.3334195303298762 -0.02911524234082736 -1.069015991025647 1.309414482761341 0 2 19 -20 
23 -0.114343311074127 -1.134211660981877 1.309414091379879 -0.114343111074127 1.134211660981877 1.309414291379879 0 2 20 -21 
24 -0.114343502462018 1.069015991037746 0.333419530508445 -0.02911524235658472 1.134211852479636 1.309414482761161 0 2 21 -22 
25 -0.02911563374981916 1.024393674930016 0.33341971915604 -0.02911543350575971 1.069016367021837 0.3334199219509154 0 2 22 -17 
26 -0.02911563374923025 -1.06901636702876 0.3334197191405512 -0.02911543350440725 -1.024393674930016 0.33341992194417 0 2 4 -19 
27 -0.02720623333766214 -1.070803100626873 0.3316697902136581 -0.02720370911514187 -1.024696139949265 0.33166999153354 0 2 3 -23 
28 -0.02911823030247924 -1.07080528151061 0.3316671590501579 -0.02720315036597618 -1.069013585841401 0.3334225182915285 0 2 23 -19 
29 7.339748014653773 -1.000000000008674e-07 0.8353206332230479 7.339748214653773 9.999999999913263e-08 0.8353208332230478 0 2 7 -7 
30 -0.0270683996930825 -1.072949093667931 0.3315575521119049 7.339766852193978 1.873754020476071e-05 0.8353394707632527 0 2 7 -24 
31 -0.02720762386999401 -1.070810733511391 0.3316682938545835 -0.02704828751557482 -1.07080226730738 0.3316714896985596 0 2 24 -23 
32 7.339748014653771 -1.000000013426455e-07 0.8353206332230465 7.339748214653776 1.000000013703199e-07 0.8353208332230492 0 2 7 -7 
33 -0.02721924538250997 1.024674473719059 0.331637102092753 3.356827265023546 1.025727555364908 0.3429934072598618 0 2 18 -25 
34 3.356785019024548 1.025542241415843 0.3429511612608632 3.707099919289691 1.026098682280561 0.3617898239739006 0 2 25 -26 
35 3.707063475582605 1.025375152579524 0.3617533802668138 3.742928209229699 1.02557868512293 0.3641737200421265 0 2 26 -27 
36 3.742914348687481 1.022889105424246 0.3641598594999088 3.973149049475019 1.025389013121741 0.3811215793848288 0 2 27 -28 
37 3.973148348036746 1.022869043446411 0.3811208779465551 3.97435334026063 1.02288980686252 0.3812160178533825 0 2 28 -29 
38 3.974325755713642 0.913266834585742 0.381188433306395 5.173022242569265 1.022896627993398 0.5026152794281294 0 2 29 -30 
39 5.172990015889937 0.9078333761236307 0.5025830527488013 5.199685018932471 0.9132990612650701 0.5060803037775571 0 2 30 -31 
40 5.199679598130429 0.8472812348128147 0.506074882975515 5.460885874355529 0.9078387969256728 0.5414357585484418 0 2 31 -32 
41 5.46087030401843 0.5279019234701654 0.5414201882113433 6.393016119084294 0.8472968051499132 0.6782555902320589 0 2 32 -33 
42 6.393000603829073 0.5207651402391908 0.6782400749768385 6.409090297057149 0.5279174387253859 0.6807855182417802 0 2 33 -34 
43 6.409087928331557 0.3242997805458018 0.6807831495161889 6.805383437514572 0.5207675089647822 0.7448087735964587 0 2 34 -35 
44 6.805379903114296 0.2755839859919879 0.7448052391961483 6.893040751025929 0.324303314946108 0.7592741834852199 0 2 35 -36 
45 6.893020760877048 0.1689940046893407 0.7592541933363061 7.074467815483911 0.2756039761408968 0.7896583328656953 0 2 36 -37 
46 7.074448809547339 0.0004328300423562526 0.7896393269291233 7.339096571193409 0.1690130106259128 0.8352070761618806 0 2 37 -38 
47 7.339095666143208 -1.000000000000024e-07 0.8352061711116798 7.339748214653773 0.0004337350925571129 0.8353208332230478 0 2 38 -7 
48 -0.02720623328542739 1.024696139949265 0.3316697911168457 -0.02720008401532946 1.070802934410197 0.3316699981137599 0 2 39 -18 
49 -0.0291182175410643 1.069013598630313 0.3316671720063106 -0.02720316315959978 1.070805268725362 0.333422505692925 0 2 22 -39 
50 -0.1126444424104085 1.136256687372504 1.311483470584699 -0.1124309853578956 1.136266373364818 1.311500419686974 0 2 40 -41 
51 -0.1143639798454369 1.134206978156928 1.309409608438451 -0.1126370348151996 1.136264095546881 1.311490878716071 0 2 41 -21 
52 -0.1143639534865681 -1.13626407040896 1.309409633576371 -0.1126370599531228 -1.134207003294845 1.31149085357815 0 2 20 -42 
53 -0.1126444424104087 -1.136266373364815 1.311483470584699 -0.1124309853578954 -1.136256687372504 1.311500419686974 0 2 42 -43 
54 -0.1124339106207139 -1.136261630357356 1.311497494424157 -0.1124337106207139 1.136261630357356 1.311497694424157 0 2 40 -43 
55 -0.1126432089423158 -1.13626110380562 0.3316714594042882 -0.02704860848433291 -1.070807769519495 1.31148788697481 0 2 24 -42 
56 -0.1126417177493865 1.070809260712018 0.3316729505912106 -0.02705009967673465 1.136259612612694 1.311486395781883 0 2 41 -44 
57 -0.02720912938751055 1.070799302007201 0.3316633259643468 -0.02704691675432948 1.070812643634423 0.3316763335136158 0 2 44 -39 
58 -0.1124354220359645 -1.21646908003742 1.311495983008902 7.804376634705442 1.611415251678849e-06 1.311499205839408 0 2 43 -45 
59 7.339748014653773 -1e-07 0.8353206332230479 7.80437512329019 1e-07 1.311497694424157 0 2 7 -45 
60 -0.02706839969464347 -1.873754177539322e-05 0.3315575521096255 7.339766852195548 1.072949137731198 0.8353394707648233 0 2 44 -7 
61 7.339748014653773 -9.999999999913263e-08 0.8353206332230479 7.339748214653773 1.000000000008674e-07 0.8353208332230478 0 2 7 -7 
62 -0.1124354220187129 -1.611398000256337e-06 1.311495983026153 7.80437663468819 1.216469084385186 1.311499205822157 0 2 45 -40 
1 -0.02911563350639644 -1.024984106274159 -1.690285588440421e-07 0.001764823349188807 0.0005903313778654606 0.3334199192445639 1 1 4 -1 2 3 4 
2 -0.02913717629185797 -1.032070076227205 -1.000000000028756e-07 7.339748214653773 9.999999994736442e-08 0.8353208332230478 1 2 15 5 6 -2 7 8 9 10 11 12 13 14 15 16 17 18 
3 -0.02911563350652579 -0.0005903313778675701 -1.690285588995533e-07 0.001764823349188809 1.024984106278729 0.333419919246044 1 3 4 19 -20 21 1 
4 -0.1143435024628302 -1.134211852479815 0.001847539648188623 -0.000161068520776908 1.134211852479815 1.309414482768582 1 4 7 22 23 24 25 -19 -4 26 
5 -0.02911563375831301 -1.070803100626895 0.3316697888317048 -0.02720155608790682 -1.024393674515922 0.3334199220481894 1 5 4 27 28 -26 -3 
6 -0.02896282294388408 -1.073122110257234 0.3316697888914436 7.339748214653773 9.999999994736442e-08 0.8353208332230478 1 6 16 29 30 31 -27 -6 -5 -18 -17 -16 -15 -14 -13 -12 -11 -10 -9 
7 -0.0292524499221325 -9.999999994736442e-08 -1.000000000028756e-07 7.339748214653773 1.036153205654869 0.8353208332230478 1 7 18 32 -7 -21 33 34 35 36 37 38 39 40 41 42 43 44 45 46 47 
8 -0.02911563375941671 1.024393674611624 0.3316697888626811 -0.02720008401370454 1.070802934410228 0.3334199220608272 1 8 4 48 20 -25 49 
9 -0.1143505772873811 -1.136263647723178 1.309414091372638 -0.1124337106207139 1.136263647723181 1.311497694424153 1 9 6 50 51 -23 52 53 -54 
10 -0.1145210759627971 -1.136259612612696 0.3315895997475288 -0.02704996148793261 -1.068896605924111 1.311486395781884 1 10 5 55 -52 -22 -28 -31 
11 -0.1145210759627621 1.068896711603452 0.3315911826466532 -0.02705009967673461 1.136259612612696 1.311486395781883 1 11 5 -24 -51 56 57 -49 
12 -0.1145252420441771 -1.216526928914075 0.3218715147440912 7.80437512329019 9.999999994736442e-08 1.311497694424157 1 12 5 -58 -53 -55 -30 59 
13 -0.02896282294388408 -9.999999994736442e-08 0.3316697888914436 7.339748214653773 1.073408347842822 0.8353208332230478 1 13 19 -34 -33 -48 -57 60 61 -47 -46 -45 -44 -43 -42 -41 -40 -39 -38 -37 -36 -35 
14 -0.1124354220359658 -1.21646908003742 1.311495983008902 7.804376634705442 1.216469084402437 1.311499205839408 1 14 3 58 62 54 
15 -0.1145252420441771 -9.999999994736442e-08 0.3218715147440912 7.80437512329019 1.216526928914075 1.311497694424157 1 15 5 -60 -56 -50 -62 -59 
1 -0.1145267534594288 -1.216528440329327 -1.680443810547771e-06 7.804376634705442 1.216528440329327 1.311499205839408 0 15 1 2 3 4 5 6 7 8 9 10 11 12 13 14 15 
$EndEntities
$Nodes
123 1753 1 1753
0 1 0 1
1
0.001764723349188803 -9.284014665968373e-17 1.630951490975289e-13
0 2 0 1
2
-0.0001613599094800725 -6.134182546573524e-12 0.001847831036891352
0 3 0 1
3
-0.02720165598232818 -1.024696237485102 0.3316698881860761
0 4 0 1
4
-0.02911553350440722 -1.024393774930016 0.3334198191405512
0 5 0 1
5
3.707077969782677 -1.025565423973908 0.3617667210766831
0 6 0 1
6
3.356808045388944 -1.025708494039449 0.342974340447815
0 7 0 1
7
7.339748114653773 0 0.8353207332230479
0 8 0 1
8
7.074438691896719 -0.1690188495050833 0.7896382843287598
0 9 0 1
9
6.893045927478183 -0.2755818308096477 0.7592735485024147
0 10 0 1
10
6.409089204602198 -0.5207659796764731 0.6807848154512468
0 11 0 1
11
5.460885057409449 -0.8472819490611975 0.5414350607284973
0 12 0 1
12
5.1996787740958 -0.9078384243726346 0.5060753714362172
0 13 0 1
13
5.172996314062238 -0.9132940050279855 0.5025879975213747
0 14 0 1
14
3.97435308501647 -1.022869146324364 0.3812159052862664
0 15 0 1
15
3.973148150990945 -1.022889711965184 0.3811209541862631
0 16 0 1
16
3.742913158683432 -1.02538842170686 0.3641603323533071
0 17 0 1
17
-0.02911553350575971 1.024393774930016 0.33341981915604
0 18 0 1
18
-0.02720247665068934 1.024696238066145 0.3316698884474836
0 19 0 1
19
-0.02911553373938041 -1.069016274721555 0.3334198218313747
0 20 0 1
20
-0.114343211073916 -1.134211561018287 1.309414191377467
0 21 0 1
21
-0.114343211073916 1.134211561018287 1.309414191377467
0 22 0 1
22
-0.02911553374746371 1.069016274724052 0.3334198219239403
0 23 0 1
23
-0.02720599676300636 -1.070803000633848 0.331668328798248
0 24 0 1
24
-0.02704988940399665 -1.070809253055108 0.331671469029183
0 25 0 1
25
3.356808203608793 1.025708494316178 0.3429743468427133
0 26 0 1
26
3.707076734985269 1.025565429292959 0.3617666399020735
0 27 0 1
27
3.742914950602199 1.025388411684104 0.3641604539044849
0 28 0 1
28
3.973148448065617 1.022889706906936 0.38112097758979
0 29 0 1
29
3.974353240300263 1.022869143669206 0.3812159175266962
0 30 0 1
30
5.172994757997834 0.9132943190699869 0.5025877949714337
0 31 0 1
31
5.199680274942027 0.9078381135502953 0.5060755683788059
0 32 0 1
32
5.460885195766798 0.8472819136956038 0.5414350799108923
0 33 0 1
33
6.39300123370912 0.5279168242568208 0.6782406842781562
0 34 0 1
34
6.409089676494193 0.5207657690095572 0.6807848901618242
0 35 0 1
35
6.805381693200262 0.3243015272032648 0.7448070304876739
0 36 0 1
36
6.893038961801312 0.2755857752548658 0.7592723939890059
0 37 0 1
37
7.074449614578872 0.1690122055741394 0.7896401320778281
0 38 0 1
38
7.339095767624377 0.0004336368991004233 0.8352062695133858
0 39 0 1
39
-0.02720599183416923 1.07080283442855 0.3316682725011582
0 40 0 1
40
-0.1124338106207139 1.136262539229682 1.311497594424157
0 41 0 1
41
-0.112641617597686 1.136260017054413 1.311486295786768
0 42 0 1
42
-0.1126416175976883 -1.136260017054413 1.311486295786768
0 43 0 1
43
-0.1124338106207139 -1.136262539229682 1.311497594424157
0 44 0 1
44
-0.02704988940372854 1.070809253054905 0.3316714690261778
0 45 0 1
45
7.80437502329019 0 1.311497594424157
1 1 0 1
46
0.0004457002320461994 -1.09288168149004e-15 0.0005479500825912702
1 2 0 5
47
48
49
50
51
-0.003063365131662966 -0.1707826970024516 0.05527831194112351
-0.00789145360220085 -0.3415653938530469 0.1105566243514343
-0.01271954207224518 -0.512348090553122 0.1658349372268217
-0.01754763054154919 -0.6831307871026835 0.2211132505672875
-0.02237571900986609 -0.8539134835017375 0.2763915643728333
1 3 0 1
52
-0.02850346485917586 -1.024598504505777 0.3321756900591769
1 4 0 5
53
54
55
56
57
-0.0242898379006846 -0.8536614791045198 0.2781578211386567
-0.01946414230244372 -0.6829291832848431 0.2228958231183038
-0.01463844670420283 -0.5121968874651659 0.1676338250979509
-0.009812751105961921 -0.3414645916454884 0.1123718270775978
-0.004987055507721029 -0.1707322958258113 0.05710982905724485
1 5 0 1
58
3.532002187039494 -1.025903757771965 0.3512661103884489
1 6 0 16
59
60
61
62
63
64
65
66
67
68
69
70
71
72
73
74
3.157849955416175 -1.025281758895503 0.3364210542163997
2.958818070733024 -1.024862901486608 0.3327220093658067
2.759754013976402 -1.024695629729498 0.3316667926865002
2.560685737507393 -1.024696114919571 0.3316692549258879
2.361617475301975 -1.024696250401544 0.3316699425699621
2.162549216267549 -1.024696229780466 0.3316698380716033
1.963480957347381 -1.024696243901853 0.3316699098799876
1.764412664379085 -1.024696238353909 0.3316698818804797
1.565344437873404 -1.024696240090098 0.3316698908486421
1.366276174216912 -1.024696239542594 0.3316698882320019
1.16720791319476 -1.024696239651125 0.3316698889478078
0.9681396457159221 -1.024696239554313 0.3316698886245041
0.7690713811401352 -1.024696239540362 0.3316698887241141
0.5700031303986555 -1.024696239519242 0.3316698887892437
0.3709348634927152 -1.024696239475845 0.3316698887427331
0.1718666033254634 -1.024696239436587 0.3316698887181582
1 7 0 37
75
76
77
78
79
80
81
82
83
84
85
86
87
88
89
90
91
92
93
94
95
96
97
98
99
100
101
102
103
104
105
106
107
108
109
110
111
0.2005715214333684 0 -5.38972526523046e-13
0.3993783223895581 0 -1.123073605033559e-12
0.598185123147702 0 -2.192480257840778e-13
0.7969919245642658 0 2.949007995636433e-12
0.9957987250512929 0 5.120336379097769e-12
1.194605526304555 0 1.61746456341795e-12
1.393412325100459 0 -1.035684896743875e-11
1.592219121784623 0 -1.932607202364729e-11
1.791025928074223 0 -7.013158063868899e-12
1.989832729926071 0 2.83152206232504e-11
2.188639566467058 0 -4.329358980223296e-11
2.387446326313736 0 -4.713311878631036e-11
2.58625312414552 0 3.779568796982134e-10
2.785059972300695 0 -9.179087668180594e-10
2.983866768812726 0 4.669940755710247e-10
3.182673568075753 0 4.295739897356847e-09
3.381480529186132 0 -1.921146481355785e-08
3.580287134216675 0 4.825937131094405e-08
3.779094084645183 0 -6.09803182962107e-08
3.977900887012005 0 -9.547188492624951e-08
4.176707511741668 0 -6.056049504713478e-07
4.375514275463184 0 0.0001049630456568421
4.574320161386979 0 0.0006745429756017563
4.773121720647288 0 0.0020870217967416
4.971909410536975 0 0.004804314614633438
5.170648917866393 0 0.00989130336918081
5.369239086126815 0 0.01905892702208688
5.567477535927206 0 0.03396104659515108
5.764994251609988 0 0.05643163732934355
5.96111901911592 0 0.08881245406769062
6.154766288455647 0 0.1336279231899828
6.344377521874826 0 0.1932027173200431
6.528329297654023 0 0.2684527483096305
6.705297883227836 0 0.3589141127307176
6.87460138425924 0 0.4630416876792018
7.036385716796551 0 0.5785265640706418
7.191182859599861 0 0.7032367615275728
1 8 0 0
1 9 0 1
112
7.207950583841903 -0.08583891695332949 0.8124184916083558
1 10 0 1
113
6.984159162463915 -0.2230078070840645 0.7744481127107239
1 11 0 2
114
115
6.734336315964588 -0.3624179049191434 0.7331728509229327
6.573014413315905 -0.4442705742921514 0.7069924620288339
1 12 0 5
116
117
118
119
120
6.255355579927061 -0.5865621737472743 0.6567512590018112
6.099629479583786 -0.6476345843177975 0.6330789242608053
5.9421058034915 -0.7040703730785205 0.6097910501425281
5.783009320156316 -0.7560421580914154 0.5868024256222152
5.622549306816959 -0.8037421093028827 0.5640272180531769
1 13 0 1
121
5.330654672705913 -0.8790573099554018 0.5235635615162562
1 14 0 1
122
5.186341378911794 -0.9105830439205633 0.5043286704580605
1 15 0 6
123
124
125
126
127
128
5.004081617493624 -0.9444810018560812 0.4812371365070017
4.834014545578528 -0.969745826792678 0.4612633745379198
4.66297423045482 -0.9889405449498712 0.4428975524493289
4.491275118392055 -1.002876979602501 0.4259653084621318
4.319169968734232 -1.012537481260828 0.4101937825934759
4.146833858942022 -1.01892907089113 0.3952856290654959
1 16 0 1
129
3.973750618699206 -1.022879440171891 0.3811684232348613
1 17 0 1
130
3.858057254132849 -1.024468165551584 0.3723278109159395
1 18 0 1
131
3.724996215635451 -1.02548267671575 0.3629541953022509
1 19 0 5
132
133
134
135
136
-0.00498705550810832 0.1707322958149819 0.05710982906168163
-0.009812751106423056 0.3414645916372698 0.1123718270828796
-0.0146384467047378 0.5121968874595576 0.1676338251040776
-0.01946414230305255 0.6829291832818458 0.2228958231252757
-0.0242898379013673 0.8536614791041344 0.2781578211464739
1 20 0 1
137
-0.02850376480471216 1.024598456945401 0.3321759659557911
1 21 0 5
138
139
140
141
142
-0.02237270078194773 0.8539135803484807 0.2763915902055319
-0.01754521595780378 0.683130864321619 0.2211132720320788
-0.01271773113360737 0.5123481482734737 0.165834953924388
-0.007890246309371598 0.3415654322040438 0.1105566358824591
-0.003062761485109605 0.1707827161133294 0.05527831790629251
1 22 0 4
143
144
145
146
-0.04616068185172567 -1.082057977895583 0.5286142599060948
-0.06320627816435304 -1.095098004886495 0.723813830596947
-0.08025204037705691 -1.108136832288825 0.9190153011112556
-0.09729733206123864 -1.121174340104101 1.114211383315069
1 23 0 11
147
148
149
150
151
152
153
154
155
156
157
-0.114343211074127 -0.9451763008182305 1.309414191379879
-0.114343211074127 -0.7561410406545841 1.309414191379879
-0.114343211074127 -0.5671057804909382 1.309414191379879
-0.114343211074127 -0.3780705203272922 1.309414191379879
-0.114343211074127 -0.1890352601636451 1.309414191379879
-0.114343211074127 1.804112415015879e-15 1.309414191379879
-0.114343211074127 0.1890352601636489 1.309414191379879
-0.114343211074127 0.3780705203272957 1.309414191379879
-0.114343211074127 0.567105780490942 1.309414191379879
-0.114343211074127 0.7561410406545872 1.309414191379879
-0.114343211074127 0.9451763008182318 1.309414191379879
1 24 0 4
158
159
160
161
-0.09729733206435472 1.121174340106484 1.114211383350755
-0.08025204038328526 1.108136832293589 0.9190153011825805
-0.06320627817370145 1.095098004893647 0.7238138307040003
-0.04616068186418799 1.082057977905117 0.5286142600488071
1 25 0 1
162
-0.02911553362778944 1.046705020975927 0.3334198205534777
1 26 0 1
163
-0.02911553362681875 -1.046705020979388 0.3334198205423618
1 27 0 1
164
-0.02720497122618847 -1.047749620288069 0.3316698905436286
1 28 0 1
165
-0.02859386967011886 -1.070135364523917 0.3322647507527761
1 29 0 0
1 30 0 38
166
167
168
169
170
171
172
173
174
175
176
177
178
179
180
181
182
183
184
185
186
187
188
189
190
191
192
193
194
195
196
197
198
199
200
201
202
203
7.203366317772862 -0.1312879071150196 0.8130966199106275
7.039760915689057 -0.2350851838155032 0.7844760824148943
6.872995779607398 -0.3336677026532431 0.7556818054183697
6.702455224877047 -0.4258300061447134 0.727759394131485
6.528665815296131 -0.5117481980098331 0.6999349697944705
6.352187001568654 -0.5919145440860671 0.6718722119823735
6.172989461783682 -0.6659170886548613 0.6441183483636915
5.991203376025029 -0.7335379638012942 0.6169202367009767
5.80715022469429 -0.7949406069465532 0.5902157845835529
5.621195522505005 -0.8504730543600352 0.5638251765639775
5.433614512451141 -0.9003636151879236 0.5376753701783172
5.244508618038401 -0.9444050423796255 0.5120168635012787
5.053873381163217 -0.9819608573324139 0.4874010958370131
4.8617661928777 -1.01234518671803 0.46440396734594
4.66838248498067 -1.035173234685239 0.4434479123077804
4.474132124468719 -1.05131434003501 0.4243346670493071
4.279363948262178 -1.061988782983433 0.4066788027809049
4.084314169803507 -1.068425413506254 0.3900851358064725
3.88908963648147 -1.071710232358344 0.3746494488503067
3.693714966020766 -1.072790391235723 0.3608877532412661
3.498186358997348 -1.072614437961156 0.3494731871113335
3.302513914775203 -1.072005930509045 0.3408930480495057
3.106735889718224 -1.071374324979662 0.3352087882728159
2.910897291404156 -1.07091635532519 0.3322312339361436
2.715035689220752 -1.070809051308874 0.3316690455794653
2.519172219123868 -1.070809007261717 0.3316688179696368
2.323309205753023 -1.070809163728377 0.3316697323097885
2.127445960038701 -1.070809183642387 0.3316698687883969
1.93158272318361 -1.07080919023236 0.3316699293748501
1.735719492650095 -1.070809170987241 0.3316698427993574
1.539856245740948 -1.070809170300826 0.3316698619498774
1.343993006925668 -1.07080917284005 0.3316698994810738
1.14812977387416 -1.07080916958137 0.3316699039897163
0.9522665304921444 -1.070809163623751 0.3316698931282963
0.7564032915670102 -1.070809158703655 0.3316698881807832
0.5605400559134065 -1.070809154995095 0.331669890137703
0.3646768148578919 -1.070809151342916 0.3316698924179987
0.1688135762963095 -1.070809147271277 0.3316698923103263
1 31 0 1
204
-0.02712795569277343 -1.07080650040906 0.3316698917765715
1 32 0 0
1 33 0 16
205
206
207
208
209
210
211
212
213
214
215
216
217
218
219
220
0.1718679980477902 1.024696239431075 0.3316698887163727
0.3709361809418352 1.024696239470728 0.3316698887410758
0.5700043705736069 1.024696239514518 0.3316698887877154
0.7690725440420999 1.024696239536028 0.3316698887227105
0.9681407313438202 1.024696239550365 0.3316698886232223
1.16720892154876 1.02469623964756 0.3316698889466581
1.366277105298927 1.024696239539398 0.3316698882309529
1.565345291681966 1.024696240087282 0.3316698908477848
1.764413440914969 1.024696238351405 0.3316698818794891
1.963481656609681 1.02469624389984 0.3316699098798856
2.162549838256559 1.024696229778427 0.3316698380696257
2.361618020017939 1.024696250400351 0.3316699425709324
2.560686204948825 1.024696114915165 0.3316692549077318
2.759754404145216 1.024695629711978 0.3316667925956307
2.958818383606941 1.024862902008749 0.3327220130400815
3.157850190962638 1.025281759446218 0.3364210602551483
1 34 0 1
221
3.532001648271708 1.02590375760732 0.3512660811295671
1 35 0 1
222
3.724996494306251 1.025482675341042 0.3629542139174945
1 36 0 1
223
3.858058298282923 1.02446815444659 0.3723278880181865
1 37 0 1
224
3.973750844878234 1.022879436312534 0.3811684410586939
1 38 0 6
225
226
227
228
229
230
4.14683376422633 1.018929073629666 0.3952856211865191
4.319169624488902 1.012537496907858 0.4101937520502961
4.491274525568581 1.002877019543159 0.4259652522813758
4.662973391061768 0.9889406257703872 0.4428974660131597
4.834013462892663 0.9697459677269684 0.461263252771991
5.004080295948237 0.9444812220516308 0.481236975147956
1 39 0 1
231
5.186341352181136 0.9105830493863133 0.5043286669644921
1 40 0 1
232
5.330655488434607 0.8790571205967728 0.5235636721250788
1 41 0 4
233
234
235
236
5.65135421538363 0.7955124401452689 0.5680902935817044
5.840114706954471 0.7379435307377444 0.5950005807358877
6.026878171216344 0.6743406661551424 0.6222495939294053
6.211288350661386 0.6043996679581535 0.6499823334405368
1 42 0 1
237
6.401048391935185 0.5243478098403318 0.6795125227963477
1 43 0 2
238
239
6.542919422442994 0.4588215381851033 0.7021508887124734
6.675023654163589 0.3932753293304353 0.7235095647780787
1 44 0 1
240
6.849308472578899 0.3001204566953845 0.7520403843187664
1 45 0 1
241
6.984161223060511 0.2230065961082336 0.7744484576082166
1 46 0 1
242
7.207625621827484 0.08604593679145511 0.8123624021776124
1 47 0 1
243
7.339421945387874 0.0002168249097138382 0.8352635016276776
1 48 0 1
244
-0.02720315864679641 1.047749537179731 0.3316698926076866
1 49 0 1
245
-0.02859387062345518 1.070135364475001 0.3322647513167736
1 50 0 1
246
-0.1125378724168337 1.136261530269555 1.311494766723925
1 51 0 1
247
-0.11401668281112 1.135509432858711 1.310661716588665
1 52 0 1
248
-0.1140166803201943 -1.135509436273988 1.310661720184165
1 53 0 1
249
-0.1125378724168347 -1.136261530269553 1.311494766723925
1 54 0 11
250
251
252
253
254
255
256
257
258
259
260
-0.1124338106207139 0.9468846086311297 1.311497594424157
-0.1124338106207139 0.7575076869049034 1.311497594424157
-0.1124338106207139 0.5681307651786772 1.311497594424157
-0.1124338106207139 0.3787538434524508 1.311497594424157
-0.1124338106207139 0.1893769217262246 1.311497594424157
-0.1124338106207139 -2.109423746787797e-15 1.311497594424157
-0.1124338106207139 -0.1893769217262289 1.311497594424157
-0.1124338106207139 -0.3787538434524554 1.311497594424157
-0.1124338106207139 -0.5681307651786809 1.311497594424157
-0.1124338106207139 -0.7575076869049058 1.311497594424157
-0.1124338106207139 -0.9468846086311309 1.311497594424157
1 55 0 4
261
262
263
264
-0.0441716260346386 -1.083902567995457 0.5276352128559298
-0.06129102618548414 -1.096993716001538 0.7235976897140584
-0.07840885496396999 -1.110083275555435 0.9195604099520059
-0.09552556720610249 -1.123171717483359 1.115523302369398
1 56 0 4
265
266
267
268
-0.09552556720599729 1.123171717483278 1.115523302368197
-0.07840885496376043 1.110083275555274 0.919560409949604
-0.06129102618516918 1.096993716001297 0.723597689710456
-0.04417162603421829 1.083902567995135 0.5276352128511268
1 57 0 1
269
-0.0271280882748553 1.070807552453654 0.3316697445603542
1 58 0 41
270
271
272
273
274
275
276
277
278
279
280
281
282
283
284
285
286
287
288
289
290
291
292
293
294
295
296
297
298
299
300
301
302
303
304
305
306
307
308
309
310
0.08578247623866982 -1.139378230694133 1.311497594424157
0.2839987628842742 -1.142492913283141 1.311497594424157
0.4822150497241189 -1.145607595875431 1.311497594424157
0.6804313363877275 -1.148722278465181 1.311497594424157
0.8786476232080314 -1.151836961057624 1.311497594424157
1.076863909889657 -1.154951643648118 1.311497594424157
1.275080196690355 -1.158066326240716 1.311497594424157
1.47329648339027 -1.161181008831959 1.311497594424157
1.671512770171156 -1.164295691424705 1.311497594424157
1.869729056886149 -1.167410374016644 1.311497594424157
2.067945343572521 -1.170525056608367 1.311497594424157
2.266161630286591 -1.173639739200755 1.311497594424157
2.464377917064986 -1.176754421794293 1.311497594424154
2.662594203789616 -1.179869104386232 1.311497594424155
2.860810490526324 -1.182983786978358 1.311497594424156
3.059026777293393 -1.186098469570963 1.311497594424155
3.257243064029413 -1.189213152163081 1.311497594424157
3.4554593508675 -1.192327834756801 1.311497594424154
3.653675636892324 -1.19544251733832 1.311497594424157
3.851891924208215 -1.198557199941861 1.311497594424157
4.050108210936058 -1.201671882536161 1.311497594424155
4.248805843045648 -1.204793869083414 1.311497594424155
4.446542090584159 -1.207891439321277 1.311497594424156
4.644758370949101 -1.210932219957389 1.311497594424154
4.842979465120324 -1.213853674760839 1.311497594424157
5.041203927426932 -1.2162036249673 1.311497594424157
5.239438863209127 -1.215496118566457 1.311497594424157
5.437545063910101 -1.208553126275206 1.311497594424157
5.63508950672698 -1.192247808173307 1.311497594424157
5.831448175687164 -1.165167671625201 1.311497594424156
6.026155638447094 -1.128014916768806 1.311497594424157
6.218863376124595 -1.081580800747266 1.311497594424157
6.409261732759357 -1.026435755851892 1.311497594424155
6.596764789696481 -0.9621434666814406 1.311497594424155
6.78058773844537 -0.887990971932534 1.311497594424154
6.959920327151768 -0.8035625695216879 1.311497594424156
7.133601571777474 -0.7080723590968269 1.311497594424155
7.299217717390347 -0.5992364664025223 1.311497594424157
7.453379692739869 -0.4747558073149375 1.311497594424157
7.591877100780816 -0.3331034817385861 1.311497594424155
7.71016033635702 -0.1742212244673418 1.311497594424156
1 59 0 3
311
312
313
7.455904841812879 0 0.954364948523323
7.572061568971987 0 1.073409163823596
7.688218296131093 0 1.192453379123872
1 60 0 38
314
315
316
317
318
319
320
321
322
323
324
325
326
327
328
329
330
331
332
333
334
335
336
337
338
339
340
341
342
343
344
345
346
347
348
349
350
351
0.168813577998568 1.070809149478074 0.331669892310327
0.3646768182623939 1.070809155756444 0.3316698924179987
0.5605400610201305 1.070809161615215 0.3316698901377029
0.7564032983759819 1.070809167530156 0.3316698881807832
0.9522665390033705 1.070809174656352 0.3316698931282968
1.148129784087575 1.07080918281972 0.3316699039897167
1.34399301884134 1.07080918828373 0.3316698994810724
1.539856259358896 1.070809187949343 0.3316698619498742
1.735719507970347 1.070809190840037 0.3316698427993595
1.93158274020596 1.070809212288807 0.3316699293748641
2.127445978763352 1.07080920790177 0.3316698687883576
2.323309226180014 1.070809190189954 0.3316697323098725
2.519172241252578 1.07080903592451 0.3316688179691645
2.715035713052107 1.070809082171014 0.3316690455728275
2.910897316935527 1.070916388437463 0.3322312341550942
3.106735916940885 1.071374360395577 0.3352087888712169
3.302513943679871 1.072005968298967 0.3408930491008567
3.498186389575501 1.072614478220203 0.3494731886798581
3.69371499827118 1.072790433997999 0.3608877553358886
3.889089670418782 1.071710277470469 0.3746494514073203
4.084314205451804 1.068425460619163 0.3900851387416745
4.279363985637759 1.061988831536396 0.4066788060523511
4.474132163561169 1.051314389365671 0.4243346707195909
4.668382525756969 1.035173284253663 0.4434479164968196
4.861766235292957 1.012345236164975 0.4644039721792577
5.053873425219344 0.9819609066877877 0.4874011013480067
5.244508663798341 0.9444050918898861 0.512016869603829
5.433614559989445 0.9003636650372255 0.5376753767536584
5.621195571874906 0.8504731045992715 0.5638251834936689
5.807150275863856 0.7949406573716891 0.5902157918502436
5.991203428884891 0.7335380140439615 0.6169202443746798
6.172989516156806 0.6659171382558389 0.6441183565743123
6.352187057288893 0.5919145926811971 0.6718722208218326
6.528665872453748 0.5117482457593561 0.6999349790723246
6.702455283864277 0.4258300536895816 0.7277594033388284
6.872995839932059 0.3336677491732442 0.7556818149615649
7.039760975835343 0.2350852272276582 0.7844760938793747
7.203366377055115 0.1312879463349937 0.8130966327335648
1 61 0 0
1 62 0 41
352
353
354
355
356
357
358
359
360
361
362
363
364
365
366
367
368
369
370
371
372
373
374
375
376
377
378
379
380
381
382
383
384
385
386
387
388
389
390
391
392
7.71016030710616 0.1742212136443287 1.311497594424156
7.591877065453586 0.333103459155577 1.311497594424155
7.453379661467125 0.4747557802798611 1.311497594424157
7.2992176950162 0.5992364432486976 1.311497594424157
7.133601573813978 0.7080723719406667 1.311497594424156
6.959920327647003 0.803562581151237 1.311497594424154
6.780587735520135 0.8879909759014032 1.311497594424156
6.596764788973106 0.9621434763470521 1.311497594424155
6.409261733301415 1.026435771195307 1.311497594424157
6.218863375647586 1.08158081755101 1.311497594424155
6.026155636551433 1.128014930245903 1.311497594424154
5.831448170346106 1.165167667680129 1.311497594424157
5.635089500087828 1.192247788232027 1.311497594424154
5.437545059757514 1.208553131769106 1.311497594424156
5.239438859120933 1.215496123176905 1.311497594424155
5.041203923620898 1.216203622241009 1.311497594424155
4.842979462381423 1.21385367494777 1.311497594424156
4.644758367264987 1.210932219939888 1.311497594424154
4.446542086014984 1.207891439148907 1.311497594424155
4.248805821678681 1.204793868749778 1.311497594424157
4.050108207713843 1.201671882485531 1.311497594424155
3.851891921139439 1.198557199893642 1.311497594424157
3.653675633976986 1.19544251729251 1.311497594424156
3.45545934810575 1.192327834711733 1.311497594424157
3.257243061426474 1.189213152119042 1.311497594424157
3.059026774846818 1.186098469528792 1.311497594424155
2.860810488264435 1.182983786939376 1.311497594424157
2.662594201641625 1.179869104350201 1.311497594424157
2.464377915070237 1.176754421762712 1.311497594424157
2.266161628445119 1.173639739173072 1.311497594424155
2.067945341855991 1.170525056583812 1.311497594424157
1.86972905527682 1.167410373994707 1.311497594424155
1.671512768689428 1.164295691405473 1.311497594424156
1.473296482099742 1.161181008816203 1.311497594424154
1.275080195509422 1.158066326226924 1.311497594424156
1.076863908919463 1.15495164363765 1.311497594424154
0.8786476223294244 1.151836961048374 1.311497594424156
0.6804313357393983 1.148722278459099 1.311497594424157
0.4822150491493724 1.145607595869824 1.311497594424157
0.2839987625593446 1.14249291328055 1.311497594424157
0.08578247596931407 1.139378230691275 1.311497594424157
2 1 0 0
2 2 0 223
393
394
395
396
397
398
399
400
401
402
403
404
405
406
407
408
409
410
411
412
413
414
415
416
417
418
419
420
421
422
423
424
425
426
427
428
429
430
431
432
433
434
435
436
437
438
439
440
441
442
443
444
445
446
447
448
449
450
451
452
453
454
455
456
457
458
459
460
461
462
463
464
465
466
467
468
469
470
471
472
473
474
475
476
477
478
479
480
481
482
483
484
485
486
487
488
489
490
491
492
493
494
495
496
497
498
499
500
501
502
503
504
505
506
507
508
509
510
511
512
513
514
515
516
517
518
519
520
521
522
523
524
525
526
527
528
529
530
531
532
533
534
535
536
537
538
539
540
541
542
543
544
545
546
547
548
549
550
551
552
553
554
555
556
557
558
559
560
561
562
563
564
565
566
567
568
569
570
571
572
573
574
575
576
577
578
579
580
581
582
583
584
585
586
587
588
589
590
591
592
593
594
595
596
597
598
599
600
601
602
603
604
605
606
607
608
609
610
611
612
613
614
615
3.901183130162876 -0.9562223000917573 0.3450402718282513
3.614225571646635 -0.9188833711234177 0.3122568170716551
4.23365946674399 -0.8808594857243914 0.3373138952014735
5.25233777706915 -0.8215428334618969 0.4605388241087088
4.087484871836386 -0.1588076421740792 0.05152096752157013
5.558691322696706 -0.7152195068018581 0.4739803459853739
4.666403533691974 -0.1628726140082912 0.05877741448343203
3.277620715220853 -0.1806432197701693 0.05846992922813021
5.452891892532188 -0.1479625758651224 0.0962506116046913
2.661164331421096 -0.1429940427673531 0.04628378286928674
2.292180179670973 -0.8392760702470303 0.27165377417786
1.68936805714741 -0.1612250042624862 0.05218471305497216
1.098888488096207 -0.1598968742880399 0.05175482885721243
0.6558276958189465 -0.8603869351747664 0.2784868608546797
3.679690638571526 -0.1638047279955507 0.05301970849123772
4.902616460427343 -0.8326139747742616 0.3925389060128406
1.876795276292659 -0.8409427043429598 0.2721932241376325
1.483262157510508 -0.8474680380437538 0.2743053200145814
2.288042946402352 -0.1638047761083631 0.05301972406421489
0.7063470216270848 -0.1577120808774535 0.05104766300699343
0.1593750401681283 -0.4257754576792109 0.1378134253212048
5.827181931966167 -0.6278463894783415 0.50018947310557
5.077569501495407 -0.1448773205258424 0.06584354147357414
4.565533602289683 -0.8681596664228435 0.3646283181041957
6.15508508257125 -0.5150948511827758 0.5435183802499809
3.040013766310151 -0.8613017054702246 0.2788255475822787
1.088040009901824 -0.843887562960143 0.2731464050826612
2.66021881934441 -0.8606756738516685 0.2785803187216584
6.056287688536313 -0.1398209215031969 0.2048252469257442
6.444581737331781 -0.388479254050217 0.5769382088056831
0.2872747298839465 -0.8644711613637074 0.2798088280811434
6.754224657450161 -0.2341245488734852 0.6175544817513522
6.396924471236165 -0.1370429940976996 0.3272133842753918
3.808851514634608 -0.955404298461175 0.3382695999256574
3.866806792275073 -0.8755827594317277 0.3078903800363694
3.953260750684551 -0.8765167369321996 0.3137278186913891
3.905320667324787 -0.7923319374029978 0.2755001316223785
4.020378690223314 -0.7929840063172185 0.282167160070494
3.956344289652671 -0.6922542586433597 0.2377889084084926
3.832069720616495 -0.7004907998636493 0.2362659245828888
4.079737971302206 -0.6834570296026883 0.2398957709075976
3.872346740832159 -0.5898245242168381 0.1964106577221078
3.74088621680538 -0.5971343452908263 0.1963287651564245
3.80124440564158 -0.4683037487484393 0.1527609927581569
3.647405194248979 -0.4810684701306429 0.1559836432151223
3.590180460375701 -0.6207864796536752 0.2023647788274667
3.484868106469986 -0.4969175768640986 0.1608404433248249
3.420261922087588 -0.6477657575067673 0.2100140062811656
3.30728116552244 -0.5107048833468327 0.165303067691893
3.952840359783207 -0.4589070489258056 0.1514117644650602
0.3150445565990267 -0.1634989238720571 0.05292072694362644
3.864886028609603 -0.332110490890315 0.1077484464102568
3.230910181592947 -0.6770068188849906 0.2191310630840727
3.121391827379216 -0.5312471581743097 0.1719521152281113
5.065368742171055 -0.8083727867089016 0.4082454692145886
4.975382990646447 -0.6973101952293442 0.3273387641966311
5.143960545877686 -0.6735290781224157 0.3415178346935136
5.052518641346083 -0.5582076059999642 0.2622893843061266
4.879996124849184 -0.580280954600073 0.2532764884737572
5.223731946732716 -0.5360947882632705 0.2750223656299466
4.949132058106888 -0.4382210077826788 0.1901064167397252
4.775756289968397 -0.4584763210955439 0.1853834993954177
4.708706262833235 -0.6022514126991246 0.2471979804853407
4.601545896285284 -0.4790399185352553 0.1827394638371074
4.541399611646262 -0.6242114822757362 0.2434485492788663
4.42650115884321 -0.5037302186434155 0.1834368932961708
4.375323637718851 -0.6487294003713715 0.2424134432801973
4.26693540727117 -0.5280740096807364 0.1859335249093326
4.308871282430896 -0.3846079933762157 0.1321838360101444
5.30908211343466 -0.6518388330608188 0.3616344003727024
5.394019500310019 -0.5134378822785893 0.2924590469788531
5.295509517404108 -0.3984165103671809 0.2088435648851277
5.475485879550706 -0.3749530578215279 0.2240983752698958
5.567619253116097 -0.489084299735664 0.3158032425730247
5.653510831583283 -0.349964891604104 0.2445855697881506
5.743882000816806 -0.462512302541629 0.3453705580894972
5.815625879627615 -0.3226222654524477 0.2664416365928682
5.92690222306126 -0.4349852299580309 0.3842934065189909
3.550313265664269 -0.3503568480864057 0.1134022087198524
3.355932877236252 -0.8051981180238658 0.2626196580921136
4.153219567050292 -0.4086139039999245 0.1372368964402133
4.841856503065777 -0.3068163902858534 0.1224603809310002
3.782099471074453 -0.8743930216844604 0.3026296820828653
3.697869473740218 -0.7233565532384494 0.2406744773902634
6.874862637409297 -0.1865841946875511 0.6533743071840877
3.203335179823648 -0.3680420196524929 0.1191264796400235
3.013785769866425 -0.390546113855008 0.1264105216153511
2.929492288809691 -0.5533036764543683 0.1790912874843122
2.818385138696891 -0.4134263327314177 0.1338163062339483
2.741958482464212 -0.5724454609316956 0.1852870294840031
2.6255648403295 -0.4273919510433741 0.1383366459143752
2.557602600270964 -0.5932179383026965 0.1920105881280566
2.43072410168237 -0.4498280171937207 0.145598668821393
2.836028606695604 -0.1588669762945522 0.05142147528397545
2.353545295829759 -0.6232166003420155 0.2017204441005597
2.236460641870456 -0.4690256429717599 0.1518124853267576
2.153546362524815 -0.6446574430459905 0.2086603367634999
2.055342056416056 -0.4799511450735552 0.155348811436791
2.507558014169954 -0.2760760120346369 0.08935926244996711
2.838799502230415 -0.7245726852207084 0.234527006767221
2.143774911431643 -0.3242254571676316 0.1049440967597287
1.884608909948328 -0.1604526256105769 0.05193471238972765
1.777764381991192 -0.3236259507040227 0.104750050724989
1.586042565824674 -0.3266234309257385 0.1057202640363407
1.68179853664436 -0.4892096310970078 0.1583455639483973
1.489822522524054 -0.491227324222494 0.1589986433963908
1.393401075500494 -0.3260997537087664 0.1055507621316818
1.293788772357932 -0.49149102899963 0.1590839983832864
1.584203438379352 -0.6683930668514619 0.2163429956856401
1.679942226579828 -0.8457564165045477 0.2737513086855647
2.502465922792409 -0.7618754188367669 0.2466010176120328
5.738663480199991 -0.2016137946028893 0.1690111210733843
1.777621861971574 -0.6641145565332023 0.2149581432907994
5.65782625562998 -0.5917597691282449 0.41365157107629
1.387183775345013 -0.6719900234062244 0.2175072452791826
1.189885108144504 -0.6547746868877472 0.2119350488294378
1.095032178700418 -0.4783938930684128 0.1548447658675918
0.9813298683683578 -0.6343939200861344 0.2053382776136597
0.8951255022399617 -0.4642889870158747 0.1502793420464785
0.7830783709845345 -0.6154547970233523 0.1992081323110427
0.7015135092051159 -0.4507907507711123 0.1459102828648498
0.5859260520337405 -0.6032145538215649 0.1952462556646113
0.5018970658892729 -0.4338904704252864 0.140440062631767
0.4259627957026078 -0.5903848082541447 0.1910935710728708
0.1454817921599404 -0.5895275090468017 0.1908160836363401
0.4944546394831771 -0.7454571606541266 0.2412868165298692
1.286213988647739 -0.844775300699799 0.2734337447507476
3.549434120489585 -0.7703650116403449 0.2540005956512857
0.8593974129139674 -0.807347219099793 0.2613191617341177
4.280673114390636 -0.1522920664323966 0.05009776441648241
4.471083941555183 -0.1521515607624061 0.05172689601526544
2.073243694936629 -0.8343029831954756 0.270044103755025
3.479093233822137 -0.1705811829866715 0.05521308637861456
5.40167832851867 -0.7555941875897763 0.4555939328504521
3.053683841050377 -0.1970709229032309 0.063787187416912
6.703986757677219 -0.1345546119439936 0.4870073618060254
6.61778673629536 -0.2718918178921523 0.5673305726090795
6.565386363802935 -0.1600086348808187 0.4310429821027135
5.276431318959799 -0.1474424610560094 0.07972664047968642
4.061966158142157 -0.9319257986651236 0.3465069821754969
4.489364825460457 -0.3603680749947142 0.1285541025035776
3.879309770272207 -0.1672292405120799 0.05412814203630553
0.5151658689190065 -0.1575001965898575 0.05097908108448311
1.494075049566889 -0.1633049555865609 0.05285794400640965
2.082090428025923 -0.1612461873230902 0.05219156950967843
0.9021565368075033 -0.1581368866761226 0.05118516257667273
1.295150086294264 -0.1631250049512451 0.05279969825035606
4.400106191000963 -0.877969382208155 0.3516059203540535
5.120457902706916 -0.4189527989061639 0.197763788354815
0.1536396116886209 -0.2605818473496267 0.0843441685331616
0.3178519856230282 -0.346011146008088 0.1119956079446389
6.283136050523474 -0.4623064447158574 0.5588583564167265
6.224687149987397 -0.3772428074714465 0.4562116470416978
6.217309929481686 -0.1372061540157552 0.2551238339116788
6.139391737349143 -0.279083536764217 0.3389432563461827
5.702705808334601 -0.6772847795494181 0.4937092420575372
4.733317247269993 -0.8528617902356116 0.3779598784121234
1.19983998788995 -0.3251896903759446 0.1052561961981754
5.988786724761261 -0.5685337380389403 0.5158611912762758
6.101524000183387 -0.4361175351404689 0.4525501601208541
3.382577137372977 -0.3250347586386123 0.1052060484664834
4.127992852193604 -0.5454338696125223 0.18736263867507
4.669152161829829 -0.3311627097416887 0.1240329333231641
4.025371186002474 -0.3203015466259637 0.1047371852642212
6.427387153009676 -0.2647114762387148 0.4542032102500176
4.806216534015522 -0.7191882346774578 0.3161770121844759
3.708056943370861 -0.3420969258992926 0.1107290061795152
1.002373055565396 -0.3174014298255066 0.1027353208297352
0.13769591018691 -0.7525880126596991 0.2435949043320716
3.051004822427873 -0.6888502849917593 0.2229645123879522
7.088888257128842 -0.09122109321527068 0.7174268083639556
1.964965998895144 -0.6596576306426142 0.213515542003415
3.490530460926785 -0.8958456585477069 0.2984616296777706
4.877121715498284 -0.1424956984799317 0.05659404641065448
6.257918275691627 -0.258814858556267 0.3700417644978884
0.8042634784877263 -0.3108412975867367 0.1006119614907239
5.371438206557256 -0.2632689239631526 0.1464128635621282
4.638189044837199 -0.7378627312953601 0.3066491534157658
4.146681596221546 -0.79069333984913 0.2893392179653447
4.211402462555419 -0.6768986762123446 0.2442747334578984
5.483927332284691 -0.6149752407053146 0.3798564783902199
0.3061477343718627 -0.6828529942298528 0.2210233314963841
4.30964631301103 -0.7751101996941174 0.294480611964578
0.6156739944333359 -0.3068870737196972 0.09933207293497223
4.476957144310711 -0.7534116203279473 0.2985730715441663
2.859633480245803 -0.8898843603420866 0.2880344783303845
2.314365269633238 -0.3280480653543842 0.1061813844388935
1.868792870461461 -0.4856138361401324 0.1571816903365626
5.012945881524523 -0.2915758223026653 0.1265661443367563
5.188565214881663 -0.2787997967638064 0.1348570089270412
3.726929902319672 -0.9452324669545069 0.3288630325210046
4.197262494254507 -0.2717808947508076 0.08987524321756649
5.558777482019773 -0.2372037344189595 0.1581401089352344
3.219276760617746 -0.8841777627162403 0.2878998572623297
5.911589730028408 -0.147178346507314 0.1718630378607243
1.964053053318276 -0.3225367036320417 0.1043974872615404
2.48684972514878 -0.1246033812470644 0.0403311615701432
2.660912102287716 -0.7082638971374873 0.2292482385619392
3.991185406775112 -0.588517324640604 0.1991933671831188
0.4704689969797913 -0.908579690852388 0.2940857137613329
0.3163665713688485 -0.4956906966471393 0.160443331274075
4.382475241729763 -0.2642426021128003 0.08991899340153468
0.4612687404350201 -0.3006861007163036 0.09732496492884135
5.972746889620969 -0.2579824575540664 0.2655366598241366
5.619599446149289 -0.1159226485608089 0.09966633558594545
0.1389611466116277 -0.1264573762315332 0.04093125580932426
2.731509884976698 -0.2969885313268918 0.0961281493451174
3.80618939005457 -0.7910521756258967 0.2702830273312827
3.682549044994715 -0.8264891297084931 0.2790036016749798
7.005227002758978 -0.151185423129444 0.7146847847865876
0.6753148250385294 -0.7181419294629298 0.2324455235290508
4.562875123315886 -0.2437066308717209 0.0863212005065041
6.828125200789943 -0.1051416888737544 0.5377035498748899
0.1168502574932692 -0.8937237780897922 0.289277206866065
5.206326720804639 -0.7550674585930227 0.4049465477513794
5.179377747511273 -0.8339550248621543 0.4503391973724023
5.294784365427776 -0.730322489281758 0.4096583612883749
2.903352340280709 -0.2972285076447421 0.0962058239920761
3.778626253849805 -0.2426834719106905 0.07855088857200622
5.839251653757264 -0.5236035124964873 0.4223178096707334
6.328210924958899 -0.3566913397112573 0.4869985512537546
3.974446710157624 -0.9577940209151907 0.3512967897345558
2.4774861021557 -0.9121412012400034 0.2952384902705983
2 3 0 0
2 4 0 75
616
617
618
619
620
621
622
623
624
625
626
627
628
629
630
631
632
633
634
635
636
637
638
639
640
641
642
643
644
645
646
647
648
649
650
651
652
653
654
655
656
657
658
659
660
661
662
663
664
665
666
667
668
669
670
671
672
673
674
675
676
677
678
679
680
681
682
683
684
685
686
687
688
689
690
-0.0190901336172585 -0.2250152739615334 0.2186128204246526
-0.02519406404509687 0.3733821114497302 0.2885126688774893
-0.1005603271890333 -0.4638622930477898 1.151577940426365
-0.1009799549320921 0.09950709138562441 1.156383354903673
-0.0995903071748204 0.4578924639267296 1.140469646714421
-0.02841396680149939 -0.5512708906935662 0.3253857488324836
-0.0346822103675583 0.7157120692494237 0.397167247739271
-0.07229364917700681 -0.9610278721886036 0.8278788857493116
-0.07327186956129386 0.9463865313788667 0.8390810869250145
-0.1001882524652346 -0.8525432153275547 1.147317084718042
-0.1006245799068066 0.8511585824342682 1.152313737678337
-0.03471417137690484 -0.8935038301667642 0.3975332528463302
-0.01629254632486844 0.04231667948563778 0.1865759336869217
-0.03819766901752995 0.8808551170436644 0.4374249193789287
-0.04994819522107814 0.7505929463011672 0.5719873968808191
-0.04537777965723689 0.5781889415817004 0.5196487670330791
-0.060970983948662 0.6139411708656719 0.6982161065121979
-0.05606220897606241 0.4398285957262527 0.6420027156929153
-0.07157695646530371 0.477418412839464 0.819671598243736
-0.06664559657353353 0.3010283681420923 0.7631995736726427
-0.05105283927807147 0.2652013616097977 0.5846373530182623
-0.06146318170493145 0.1250799829057754 0.703852564689236
-0.04613725524189716 0.09189629368090357 0.5283459874386829
-0.05638921154931356 -0.0491618341633413 0.6457474225804147
-0.07192999792851924 -0.01716849630450801 0.8237144924195585
-0.06635503835696771 -0.1855857352721342 0.7598722134504408
-0.05111890124779447 -0.2232692994459802 0.5853938691232089
-0.06111078054119162 -0.3596162769729325 0.6998170029751518
-0.08340605574618935 -0.1794556897062483 0.9551338642119747
-0.07709492454599673 0.6531886151230402 0.8828612327207176
-0.08392231213343762 0.3403632096055846 0.9610458325179835
-0.04707478028207777 -0.3958171984063064 0.5390821612866821
-0.05739973728034217 -0.5341269197488678 0.6573195720817331
-0.07415904529647964 -0.4865880145102017 0.849240680022225
-0.06891352657788889 -0.6634743163416594 0.7891710301759931
-0.0828738346142185 -0.6351206263881273 0.9490390738292909
-0.05256104139093188 -0.6956139168662163 0.6019086997958049
-0.03567526873658507 0.232963371185859 0.4085393677724894
-0.1001265270568401 0.2840479549785817 1.146610229234764
-0.0350289540130615 -0.2627210255735453 0.4011380217445116
-0.04123152983382805 -0.0815298000331397 0.4721675190519294
-0.05494974633485541 -0.9713548100461309 0.6292632241555994
-0.03492010201963176 -0.7297351505306531 0.3998914908519203
-0.09982262936996823 -0.2794530207634756 1.143130110562272
-0.08632475593145476 -0.3759932701695776 0.9885576889166032
-0.0999582152048783 -0.09030109116630114 1.144682787058934
-0.09754008500453065 -0.6561322945025361 1.116991296052968
-0.0968418759298495 0.6558535511239222 1.108995676003627
-0.02998615958954017 0.5445888545829811 0.3433898920516604
-0.07684494225383372 0.1605939147811267 0.8799985322780004
-0.04056031446131089 0.4051239344756281 0.4644810204306175
-0.02050698607985681 0.2045048927212334 0.2348380663684736
-0.03108023094626589 0.06617031272014406 0.3559187737182886
-0.0236708011743932 -0.3875944541842198 0.2710688521310841
-0.05359949541239611 0.9345134874753378 0.6138006732682638
-0.0871804597159089 0.02675957999272427 0.9983568774166997
-0.06686103275188736 0.7803468909891951 0.7656666653926779
-0.08910248532197904 -0.970713635253138 1.02036717064908
-0.0899564820245146 0.9683192472816164 1.03014681030785
-0.0860426912389682 0.5198692273707374 0.9853275932443482
-0.08575131834280759 0.7918919299610532 0.9819909036267859
-0.04274975379761677 -0.5622716129304917 0.4895536321868851
-0.08199028168157109 -0.8028667558659808 0.9389209676643776
-0.07414218900089138 -0.3132494773047447 0.8490476482501521
-0.02663779946055986 -0.09312956071962919 0.3050457679912344
-0.08996359222994064 0.1873817509666523 1.030228233628057
-0.06286049157572031 -0.8247742002654683 0.7198540164365135
-0.1025385258070039 -0.9911753523482743 1.174231505246684
-0.1025385258073249 0.991175352341883 1.17423150525036
-0.08848147693340343 -0.5152863497427769 1.013255622972947
-0.01438184658257463 -0.09437784587542053 0.1646953398623114
-0.03755074119562227 1.00625694345879 0.4300165523855839
-0.0350405548124601 -0.4328980557660205 0.4012708696086019
-0.04645470426554119 -0.854307530515821 0.5319812907742218
-0.03872267289520295 -1.010863275219692 0.4434370605591632
2 5 0 0
2 6 0 0
2 7 0 234
691
692
693
694
695
696
697
698
699
700
701
702
703
704
705
706
707
708
709
710
711
712
713
714
715
716
717
718
719
720
721
722
723
724
725
726
727
728
729
730
731
732
733
734
735
736
737
738
739
740
741
742
743
744
745
746
747
748
749
750
751
752
753
754
755
756
757
758
759
760
761
762
763
764
765
766
767
768
769
770
771
772
773
774
775
776
777
778
779
780
781
782
783
784
785
786
787
788
789
790
791
792
793
794
795
796
797
798
799
800
801
802
803
804
805
806
807
808
809
810
811
812
813
814
815
816
817
818
819
820
821
822
823
824
825
826
827
828
829
830
831
832
833
834
835
836
837
838
839
840
841
842
843
844
845
846
847
848
849
850
851
852
853
854
855
856
857
858
859
860
861
862
863
864
865
866
867
868
869
870
871
872
873
874
875
876
877
878
879
880
881
882
883
884
885
886
887
888
889
890
891
892
893
894
895
896
897
898
899
900
901
902
903
904
905
906
907
908
909
910
911
912
913
914
915
916
917
918
919
920
921
922
923
924
3.958065971503097 0.9591939250904984 0.350651187344211
3.621932785788952 0.9203936226441343 0.3132140422166727
4.236551689083583 0.8910432801305985 0.3423804719064384
5.264695630206247 0.8184826267992819 0.4617108403284536
0.1434108493794973 0.4356442574288134 0.1410077219223171
4.05205950620226 0.1743394725240372 0.05652929977035566
5.543959661202635 0.7117754084311309 0.4667042843701193
4.673313480284655 0.1623390105388569 0.0587294857739086
3.279721446069939 0.1613797667331619 0.05223480599905882
5.473790800457186 0.1502061887057396 0.09970356276158099
2.662007389219046 0.1664214399908168 0.05386667615140381
2.267497663804733 0.8364183802548369 0.2707288076509565
1.669461204745086 0.1518276784135404 0.04914302138217862
1.075228532180876 0.1494276967456457 0.04836620419275326
0.6908266690612355 0.8745272980388756 0.2830637612054177
3.680796784726144 0.1590483316099889 0.05148017570169508
6.398799901179046 0.1295681338671492 0.321646161108046
4.909456990829778 0.8300920271739195 0.392234015139686
1.863947560817345 0.8606760845016046 0.2785804516393108
1.478936522580909 0.87641252328834 0.2836739639412608
2.267102154715543 0.1608632773074956 0.05206763061210432
0.6882801588853212 0.1508899459410112 0.04883949960387185
6.714605650387563 0.3018475260298363 0.658748856699384
5.066220004755048 0.1647897244341153 0.07377027459499358
4.590817797008745 0.868061410308159 0.3675822673694345
3.021255199845799 0.8496651865412599 0.275017602925417
5.846880856139185 0.1408236680137661 0.1532734060211824
6.290544491061345 0.4870618587683204 0.5848921335338353
1.086874358552751 0.8727180346458419 0.2824781455223031
2.653256175800777 0.8436432975411542 0.27306734215531
6.850261875101108 0.2551969489895556 0.7062804007559613
5.889176824167844 0.5850274802135589 0.4894429402943032
6.458117391248583 0.4266212462412392 0.6203580679575319
6.562554150165391 0.1254823619764481 0.3976532375030543
0.2714020895342367 0.8606760665094738 0.2785804458156844
3.821500255312885 0.9450909074894358 0.3346588668083513
3.886496499917691 0.8765790243020731 0.3095004513359779
3.967164790633849 0.8850024196330646 0.3183557481516025
3.933446078130719 0.7959764054514251 0.2784729340520565
3.835850821545252 0.7864131802257273 0.2697644534205843
3.896695500752558 0.6908302419484758 0.2348776097236615
3.772024857445867 0.6808784664166061 0.2270961620332362
3.841020038213189 0.5720243937808943 0.1893211432155579
3.987745030979063 0.5866364436493269 0.1983808351776249
3.699280249824022 0.5603468307410033 0.1829915443548946
3.912964540294126 0.445992359952849 0.1463751841619287
4.085472739903003 0.4714166648598572 0.1584632862437726
3.62252599049925 0.6792744137392089 0.2231004788311173
3.541763059838476 0.5487369516745048 0.1778570083952425
3.452971460270915 0.6745940309080816 0.219208401917398
3.377601042541301 0.5376271824252497 0.1740171778797892
4.13726073741641 0.6113568381454479 0.2135175293882898
4.245101626585422 0.4926969515882709 0.1712046126355008
4.294081963236106 0.6354125118893296 0.2315017248114082
4.409430737002019 0.5144984891486364 0.1870318564083948
4.352788452995652 0.3646102379316507 0.1259216530680943
3.735845691575127 0.9473800519517847 0.3302861543235115
3.4681480427573 0.4248616832760724 0.1375176582021844
6.44051929354512 0.2466462697963937 0.44458432366725
6.29525911505648 0.261316963332644 0.3883809128635546
0.2999749219116239 0.1638048087283538 0.05301973462253286
4.523872711833629 0.3941617590329587 0.1432508806730631
4.582934749359572 0.5411317935303743 0.2088716128947017
4.694010815472186 0.4216757703614061 0.1634589006668525
4.761231348658237 0.5668556133892985 0.2349646743592724
4.859362007735613 0.4409143612315572 0.1837393639723026
4.938552278321727 0.5851246339333616 0.2623206471201138
5.034093139858599 0.4593723739694393 0.2088513065206405
5.108875802844638 0.5990072735739559 0.292589585949074
5.202018959682957 0.4763716461126052 0.2383366241407065
5.2598166905348 0.6117203281013652 0.3261634800179132
5.378809380941032 0.4925248424972778 0.2766700130180265
3.280465409057561 0.6709968969323233 0.2171969564679185
3.186023005515568 0.5138947946333556 0.1663355663785546
6.568182273478021 0.236729856676656 0.504412517738442
6.614553752521142 0.3387375687212897 0.6302236758079462
6.393550942672007 0.4697677133726512 0.6241908929949159
6.386805924429178 0.3959954486798741 0.552427505744619
4.059595765079679 0.8201341533047263 0.2963120894572355
5.315861240382578 0.354494371482839 0.1877953452287696
5.505129862533638 0.3832249314618059 0.2345462026778743
5.556781261501064 0.5045552477937346 0.3234889535210438
5.675554828950382 0.3892071805998399 0.2756179760936602
5.276910171801072 0.1725909568999106 0.09160339568789094
6.220673542048084 0.1335130926595092 0.2534369323633527
6.116220334560777 0.2640770437680344 0.3183264176586885
6.1479302688358 0.3759323554964246 0.4217377056018907
6.024096514783555 0.3804500045289843 0.3765882836152227
6.071606783287344 0.4948951111508695 0.4891400643048814
6.849869986634708 0.1303958041303213 0.5781137297854058
5.079434523392493 0.8363358530629377 0.4287401635687514
4.491127186393408 0.2345772661381665 0.08132727495524436
7.009762351188996 0.1429022788331777 0.7094404126087613
6.033900038438378 0.1375793358215237 0.1968505739874576
6.733967614822916 0.1227730396604956 0.4940782663480903
3.376160003840656 0.8022631269166003 0.2619110170595305
6.502838691963233 0.3258646623267158 0.551115437276389
4.647208973045657 0.6977772739859875 0.2877356635000384
4.293642709369128 0.1845748112817353 0.06106184233655684
5.186938834901237 0.8490443371276518 0.4623388885613893
5.190514452765539 0.750601219695507 0.3985218365084369
3.876159277732823 0.1598473767081864 0.05173880766364269
3.786257386610766 0.3153087564209257 0.1020805548020003
4.025853206501049 0.3381305240642105 0.1107671438421746
5.750413335912519 0.5132110626237031 0.3846227717435828
3.106411608599271 0.6713829395091049 0.2173107466087909
3.001041441663276 0.5100792709666784 0.1651005717906441
2.92436748785738 0.6706652393906534 0.2170784440890159
2.814710278531109 0.5034754738265683 0.1629630791578709
2.878801088174941 0.3466608915999196 0.1122059151945818
2.735220484643085 0.6672340306693899 0.2159678431411671
2.626028440736092 0.4963752724706025 0.1606649122445653
2.541065889511383 0.6616478826075162 0.2141597393980475
2.435448901695639 0.4904391496848004 0.15874352997726
2.342240461048393 0.6552187351017933 0.2120787767129542
2.236485100668954 0.4826946254512788 0.1562368110181113
2.128711912755409 0.6471444890501306 0.2094653346152553
2.035485364343757 0.4747046497951859 0.1536506452503587
1.915624571393084 0.6442960619247216 0.2085433662588119
1.833196148510403 0.4647645857374838 0.1504332820815867
1.691548890652349 0.6149406236830508 0.1990417065860326
1.632129153597223 0.4531375021373806 0.1466698706671282
1.949319680983752 0.3129618143063984 0.1012983224993654
1.504294723862443 0.6026323454020202 0.1950578085967938
1.431812443985281 0.445137971285862 0.1440806121090621
1.312157235837101 0.5921028513779573 0.1916496609166413
1.234880235233742 0.4400918412535887 0.1424472994043929
1.347670850753591 0.3007835179131033 0.09735649656678338
1.116327995074949 0.5834404720409029 0.188845854012462
1.041939946122209 0.4350632681414567 0.1408196694586971
0.9229756548078228 0.5782238536645024 0.1871573582711528
0.8524536716385986 0.4291665398230753 0.1389110382468977
0.7303370507044163 0.5706776857815307 0.1847148425618873
0.6640553518468709 0.4209994767136451 0.1362675534672442
0.5373040753507656 0.5662582743854648 0.1832843838273346
0.4724192151179945 0.4058009374500582 0.1313481464934119
0.3362491906233175 0.5619428543440744 0.1818875846298293
2.529332861888578 0.3338821054892678 0.1080697249713238
0.1634083565780465 0.6007402170880888 0.1944453715025764
2.143098666169268 0.3211748715834684 0.1039566945010815
0.4435611022306116 0.7114166064965137 0.2302686958663079
5.405543686409153 0.7640800096038461 0.4627686441466761
5.43947552699438 0.6256871019236836 0.3755981624579975
3.477546591883766 0.1571701487154564 0.0508722524092487
2.068159415267401 0.833799833369972 0.2698812460805117
4.873531404884702 0.1595127541125265 0.06316607585294806
4.954148256251323 0.3119897713128081 0.1316969002096898
7.102776730816107 0.0749588256276008 0.7112071881172537
2.841475350821247 0.8472238608518022 0.2742262856442314
0.5018721452244335 0.1528004442612905 0.04945788263379854
2.45909412641787 0.8381400477586134 0.2712860706206282
4.455037271983736 0.6606351542548466 0.2534586060605057
3.064269911571532 0.1806094796695977 0.05845900835717208
3.207783827723478 0.3248403375179846 0.1051431189572662
4.185303304129994 0.7449971875489564 0.2719269324541354
4.343797376933029 0.7684493389899785 0.2941699705922208
5.660628143482624 0.144502398857641 0.1214879599050483
1.547475730881037 0.3022857421197217 0.09784273094168836
5.72227382016115 0.6375255441315207 0.4697071095878236
2.854375984478613 0.1699569671852354 0.05501104251679964
1.668881623817309 0.8734323670603936 0.282709357996136
0.8898574077401673 0.8711858812497357 0.2819822237780442
1.2837860148265 0.8754165888609575 0.2833516035694794
2.068278421530993 0.1571192984756601 0.05085579339171177
2.464191187930598 0.1635898738241796 0.05295016528773186
1.469772282355593 0.1503642872171797 0.0486693563324018
0.8812476418331863 0.1493308007473251 0.04833484125440712
5.857656814339286 0.3843554637084889 0.3229001219995535
6.901629146916545 0.1947276843187094 0.6814073403809652
2.709389675295637 0.3374677750147185 0.109230321220966
0.1467599704083213 0.2651434469724469 0.08582065022703696
5.012730563415946 0.7183009626526758 0.3450047052007942
4.826252478530335 0.7017545244644511 0.3095124654848255
0.1277316267826717 0.7556259699101525 0.2445782190983722
4.750614082222449 0.8485334863061409 0.3780292104325237
3.710309674739381 0.8273776543961587 0.2804610865207433
5.131278219793698 0.3270411979893972 0.1530069648661999
3.638562802851162 0.4220311867145224 0.1366271210075013
4.192623273106007 0.346922046021316 0.1159729916498999
3.53978964971735 0.7986253546832019 0.2639825593189783
5.307739395507021 0.7225379132272595 0.4076584465578422
2.341098284870371 0.3337058260737717 0.1080126675021226
4.048983527205042 0.9453674235129765 0.3516222278368569
6.781527577671612 0.2003483479668196 0.6020498674162155
6.796051622283085 0.2694963892182509 0.6820761055004583
4.026285520620284 0.7093825493197378 0.2478044165798949
3.787672705200481 0.4504650550789939 0.1466349856591604
6.272969888372954 0.3868543212753144 0.4869396116761703
0.4798510800256106 0.8842081369284821 0.2861972193305795
1.86955934548367 0.1543330818239397 0.0499539610912933
3.567213138261031 0.2891044755327628 0.09357626732651822
0.3000907007856681 0.3515696284343842 0.113794756977162
4.781729445619918 0.300824577528238 0.1167685962100374
1.748258611554357 0.3066074650773043 0.0992415702437941
5.937438069432242 0.269022464579619 0.2629502364506105
3.383024903744126 0.3035072311342645 0.09823809798798058
4.404201882650112 0.8972075144538025 0.3615281182114122
3.211572899327299 0.8108833930034659 0.2629730164451366
0.6218560118625492 0.7109376382168543 0.2301136651851129
6.846783385727415 0.2169068028022518 0.6643478434478274
0.8137091835161663 0.7155361501196918 0.2316020945092565
1.272049023789249 0.1496007970459042 0.04842223265769291
6.375505846055404 0.3235782578569023 0.480929540611123
0.265171054454765 0.6916366472110829 0.2238663918051541
6.180960703654984 0.4590187976577504 0.5068533790303323
6.183761276086817 0.5372993568126102 0.5765172901268012
5.764504931021177 0.2723669503757206 0.2195797228734711
1.008594237128042 0.7191022996004032 0.2327563725830166
1.195391443472575 0.7378277940231617 0.2388173713575813
1.150904550485134 0.2999603189360067 0.09709004656665196
3.44771852254709 0.9158840535001601 0.3045609992137197
0.9569170986976402 0.2989805634948338 0.09677292294928541
6.689381787118321 0.2409533407932448 0.5818597486578503
1.387900584574014 0.7435581484088809 0.2406721512702257
4.630461825160213 0.29334087886955 0.1073509913003106
0.1350070119974308 0.1271920752189545 0.04116906046013352
5.590491973208864 0.2723819078475835 0.1838699210820569
3.798623995405545 0.8650172118602241 0.2996638992524384
0.7649217628422512 0.2986307750643687 0.09665970472387883
0.5768398258254099 0.2967352945303567 0.09604618259546469
1.577610316011223 0.7494123481504527 0.2425670169895842
4.481559620770953 0.7836710469012678 0.3135581774950624
0.4159076135496934 0.2677207054161532 0.08665484770756143
3.30597097594373 0.9186270559586796 0.3016078402621333
0.1181150067876528 0.890193493000776 0.2881345372459568
1.739346390139035 0.7547199126559707 0.2442849498375826
3.298179708340671 0.4315577366970561 0.1396850120067215
3.911113048645486 0.280946923182213 0.09108974124310457
5.936378206744643 0.4690541948038122 0.4144630533381702
5.444295099428188 0.2718968587460833 0.1604978364316075
4.475417171728947 0.0970038648240038 0.03280344258164952
3.053866899796183 0.3764749173054321 0.121856008761475
5.605394979362636 0.6056319677219698 0.4076863652416743
6.529624388313909 0.3750764950989037 0.6133246371110137
2 8 0 0
2 9 0 0
2 10 0 0
2 11 0 0
2 12 0 178
925
926
927
928
929
930
931
932
933
934
935
936
937
938
939
940
941
942
943
944
945
946
947
948
949
950
951
952
953
954
955
956
957
958
959
960
961
962
963
964
965
966
967
968
969
970
971
972
973
974
975
976
977
978
979
980
981
982
983
984
985
986
987
988
989
990
991
992
993
994
995
996
997
998
999
1000
1001
1002
1003
1004
1005
1006
1007
1008
1009
1010
1011
1012
1013
1014
1015
1016
1017
1018
1019
1020
1021
1022
1023
1024
1025
1026
1027
1028
1029
1030
1031
1032
1033
1034
1035
1036
1037
1038
1039
1040
1041
1042
1043
1044
1045
1046
1047
1048
1049
1050
1051
1052
1053
1054
1055
1056
1057
1058
1059
1060
1061
1062
1063
1064
1065
1066
1067
1068
1069
1070
1071
1072
1073
1074
1075
1076
1077
1078
1079
1080
1081
1082
1083
1084
1085
1086
1087
1088
1089
1090
1091
1092
1093
1094
1095
1096
1097
1098
1099
1100
1101
1102
0.09656308615951981 -1.106653679384717 0.8421579888401367
2.801718475227174 -1.092330374937698 0.4950157618491192
2.372084139038687 -1.159693900061346 1.144161362812026
1.971451267982106 -1.153945937755925 1.142109886039097
1.573299452653006 -1.148327480769879 1.141291960999294
1.176487167631404 -1.142781760587562 1.141317380369752
0.7825160254600227 -1.137447418822493 1.143758595333453
3.189061955626333 -1.094405036291234 0.501993632965717
3.579227984976048 -1.097104910608978 0.5148263766629559
3.968298160446934 -1.099492048663103 0.5385047419978394
2.00934504519292 -1.087946339126196 0.4788430731181577
1.640230806428082 -1.089365702706471 0.5039646950094308
1.281370814391884 -1.088129286178293 0.5059647559564957
0.8543349063782355 -1.085875646121837 0.5006219750516012
4.365218331639903 -1.096760955569615 0.5780290531265139
4.753664442825899 -1.077650811022247 0.6151921972477999
2.967729995278972 -1.167963153863778 1.144874897148154
5.143361601660173 -1.033937175654133 0.6549192714774263
5.529485488256567 -0.9598957003776896 0.6990065517169045
3.360545334169156 -1.173206424853228 1.143930463591323
5.895362334911237 -1.089482074291825 1.159416532232832
3.752404393203616 -1.178198610833875 1.141589367612082
2.410533773108268 -1.090464726735883 0.4895991829666549
4.149768699707766 -1.183396585709445 1.141175510567261
6.282450401938115 -0.730360743954527 0.7945475454085948
4.545973195397365 -1.188359062125544 1.14132211692564
0.4758737130184056 -1.084192383802491 0.4993669632015282
6.639208183603583 -0.851399586587453 1.175242181838918
4.945932679379905 -1.1908271098155 1.14544465157792
5.32841818357833 -1.172764879687842 1.141344746473646
6.993357373662936 -0.6673240864985792 1.176021681520543
7.161089161476562 -0.2812516640334748 0.9284938944455623
0.3826869837674078 -1.13165226649962 1.14142531013473
5.909823349991693 -0.8580772741275122 0.7461262571959558
7.459849284744083 -0.3041989784869774 1.186294696615582
6.267062269092889 -0.9901842623269954 1.167690596833976
6.647252894897797 -0.5745807882912497 0.8478266141130795
0.1016146449727802 -1.092769992094698 0.6437505224460798
0.2614714422832223 -1.101883449548552 0.753002117458182
7.326631933826877 -0.1453415103757136 0.9424699932037908
7.471469837730936 -0.1293286212200685 1.062413408706885
0.2795094060224992 -1.117124148223143 0.9603044460279264
0.4453383933539048 -1.109646603555023 0.8339629858954594
7.585933593240901 -0.1580675368902696 1.18955189837363
6.999071477659536 -0.3848678357394454 0.9012557273481482
7.139769777015633 -0.42310385981524 1.040129617730606
7.303866528701016 -0.2996389315702535 1.058421695741248
7.301754038814003 -0.4510235915395889 1.18228183120669
7.148447305803558 -0.5682429696024172 1.179606568393297
6.829060435747575 -0.4829470304673729 0.8761034275056996
6.767987929160224 -0.6303665141167328 0.988141086688257
6.58602706148131 -0.7135155609739694 0.9655028528861336
6.825323549283135 -0.7621871321852318 1.176153905224724
6.959107822201908 -0.5350632744405539 1.017939032950497
6.467178878554948 -0.655540975655128 0.8204412975617743
6.39610770275383 -0.7879472726127943 0.9405402812568242
6.206747804467568 -0.8547521151294553 0.9182563868818769
6.097178893191481 -0.7977286482345167 0.770309125629749
6.01575915522535 -0.9156066045993574 0.8988094346929016
5.821369306248297 -0.9686255042996895 0.877979625394274
6.07967872300981 -1.044366750441293 1.162936495721528
5.718944556073779 -0.9126992352029857 0.7223091641499604
5.626406130735141 -1.014496382690759 0.8590279619795796
5.433698451582242 -1.052579770866057 0.8428546100300572
5.715641809813713 -1.126676100654079 1.15976932760403
5.523104608950295 -1.099728038533815 1.002009976830674
5.339355882662097 -1.000189761543578 0.6766580953740657
5.234044470630296 -1.081600836323344 0.8224012596966316
5.039126042074372 -1.103260804811212 0.8057691516552661
5.128541107273254 -1.144547696692711 0.9762295824094998
4.949749502819258 -1.059180369185733 0.6344770486345943
4.839168755988482 -1.11785744528726 0.7874116695405236
4.64933357421067 -1.126127139448515 0.7713521987375976
4.729449271918269 -1.15877727031975 0.9443460557533461
4.533054360534761 -1.158682457550024 0.9294174294399484
4.349125453358336 -1.174131786712947 1.047827439791337
4.319430865099418 -1.148343743603311 0.8603267988029704
4.746076597820103 -1.190367246434499 1.14124962393593
3.947627813010373 -1.180799814361055 1.141754332761474
3.838289860219295 -1.1589379888941 0.9702702838189436
3.651554129742241 -1.157236646532908 0.9725796923773355
3.757247339999114 -1.137438603732445 0.8055587875855243
3.563144198447637 -1.136495834282552 0.8103249301543068
3.951345078971493 -1.138269676479644 0.8013882036190585
3.461710307017857 -1.155486740399731 0.9750111595173154
3.36944428711492 -1.135259223523086 0.813008879361194
3.556729570295877 -1.17562752170649 1.141935195888857
4.019844063242937 -1.160556103384305 0.9680747994922516
4.131999098682717 -1.139815459333888 0.8054052228258093
0.5846368784699851 -1.134679935186044 1.143963934194075
0.7008193350288667 -1.123364059616796 0.9758682169892554
0.8877037125281292 -1.125462022593303 0.9738087033883791
0.7933415286158165 -1.111268636779026 0.810009886678887
0.9870510355938193 -1.112570687659194 0.8028947058937328
1.075392084416414 -1.127429993367403 0.9702381597989713
1.173658665318907 -1.114055592972147 0.7992838981995931
1.075651088623438 -1.098373185513381 0.6292323787299026
0.9787312591989215 -1.140030422611469 1.141563647831361
1.374912751899065 -1.145555645615477 1.141285884776909
1.473666109168149 -1.132241421955446 0.9708411871072484
1.673210577178481 -1.134647366909017 0.9712414393421734
1.572755614320799 -1.117855150932229 0.7994986344279664
1.770292633252606 -1.119929571520909 0.8018934320867454
1.374344618049013 -1.116229838049654 0.8022439638819983
1.476725155379411 -1.102471027357008 0.6444145435502748
1.274148294121678 -1.12978935059892 0.9700024536201706
1.872209123260474 -1.136980668746365 0.9710488045561096
1.972928950477163 -1.121791011557817 0.801729676162185
1.858455139360777 -1.104206494614423 0.6365549262499556
1.771551495500626 -1.151058960216964 1.140923629335387
2.17202205746771 -1.156834551078574 1.143235357486579
2.27866278765029 -1.142256100401113 0.9763594656255372
2.48006455380413 -1.144813538051954 0.9784942303248949
2.387575524629477 -1.126753000185263 0.8130968983131539
2.587169019456188 -1.128737172113108 0.814765081313646
2.678733483424238 -1.147175847645297 0.9791476503506975
2.785844992552068 -1.130515639640647 0.8148625604928754
2.184107097410179 -1.124489874711178 0.8092355168812855
2.296795077824915 -1.10879966191508 0.6533344653653298
2.074657735977739 -1.139534845393895 0.9729108584128933
2.693193241223157 -1.111516727446111 0.65550182750051
2.877581258203368 -1.149425709488996 0.9789138137448453
2.982435360720743 -1.13211915137671 0.8139080000502619
3.164385909758018 -1.170669862534749 1.145095436615941
3.073647282379152 -1.151564497157113 0.9782061098756596
3.178103107934116 -1.133853878755217 0.8145043466225916
3.26765743063909 -1.153657707186764 0.9775911932604715
0.1850814358291247 -1.128792154164882 1.140246173562572
2.770147423199592 -1.165322085176914 1.145554736012131
2.571575797767231 -1.162538055885071 1.145064414895507
0.0781807884997905 -1.119612468383619 1.030352054498225
4.559179408260758 -1.089763823119631 0.5964480223168588
4.464403762064852 -1.129531619918692 0.7552053551956075
0.2875717170364473 -1.083720446307257 0.5036572113536976
1.46794151409148 -1.087012287170427 0.4872975439418034
0.6607488504178778 -1.084888996245146 0.4984491870422605
0.5698027537939206 -1.09702059341378 0.6554259037767758
4.163929961073584 -1.099286610249602 0.5562066780687628
3.77397659508803 -1.098491606918157 0.5249846050949627
2.995387774647232 -1.093281367313224 0.4979949042469748
3.38506234940427 -1.095659431028337 0.5069850943478124
6.45343554827028 -0.926486527411039 1.172176122247563
4.927763581901197 -1.152710448829931 0.9512238257796551
5.124678462340117 -1.188581411736583 1.15544853145836
5.327432785950421 -1.119401812793583 0.9697029281454776
0.6146629599237861 -1.109742340244025 0.8129662018462083
5.532923666880195 -1.159285632214829 1.170564563204685
5.726211468090301 -1.052977428476892 0.992649234131066
3.085246850341913 -1.114192315796407 0.6585004027135617
4.199695024558266 -1.161520774792687 0.9621023161642788
3.27886934396194 -1.115512520262165 0.6603051763591175
2.889495386270858 -1.112848907603527 0.6568210022858298
2.607289486916234 -1.09140797665703 0.4923352965559691
2.497480901575293 -1.11020309024906 0.6545576788510722
2.089178387974178 -1.107298415626648 0.6518394998801251
2.212895614318897 -1.089501024040643 0.4867525868304312
3.470218140458529 -1.116998840397995 0.66329198658913
1.833651046320194 -1.086156929628633 0.4676288335593337
1.274818385043058 -1.102932671197564 0.6645125417773565
1.671528812445723 -1.105684565023755 0.6636773402996233
1.050198144430594 -1.083373859619348 0.4645916589493978
0.8785494225115436 -1.099971804698596 0.6638181417158532
3.662770464151993 -1.118642488891651 0.6678820291318736
5.925910624818674 -1.006321535387416 1.005753956789846
0.1142219182184094 -1.080833796050835 0.4733679884658478
6.125359270131955 -0.9512767963716373 1.020711960185163
0.4062290490680405 -1.095318544268136 0.6487538390584883
3.858596848871739 -1.120250750638742 0.6737572411166625
-0.01356450056425015 -1.131590857430037 1.221285803429756
0.7263254792803385 -1.098192778326899 0.6558141774231497
4.247054526267422 -1.125100764576219 0.7093865332970819
0.4902058249394081 -1.12225441724666 0.9951409342346109
4.052056019808286 -1.12185591894651 0.6827336173534446
6.513591919669608 -0.8183770349534898 1.053623980779328
6.323557401991438 -0.88922488178278 1.038972318891979
4.34789124257304 -1.19247265617307 1.194392240572455
6.883138369737567 -0.6442308982405607 1.078879453479169
6.700859090795298 -0.7372550839124573 1.067150254228759
2 13 0 0
2 14 0 472
1103
1104
1105
1106
1107
1108
1109
1110
1111
1112
1113
1114
1115
1116
1117
1118
1119
1120
1121
1122
1123
1124
1125
1126
1127
1128
1129
1130
1131
1132
1133
1134
1135
1136
1137
1138
1139
1140
1141
1142
1143
1144
1145
1146
1147
1148
1149
1150
1151
1152
1153
1154
1155
1156
1157
1158
1159
1160
1161
1162
1163
1164
1165
1166
1167
1168
1169
1170
1171
1172
1173
1174
1175
1176
1177
1178
1179
1180
1181
1182
1183
1184
1185
1186
1187
1188
1189
1190
1191
1192
1193
1194
1195
1196
1197
1198
1199
1200
1201
1202
1203
1204
1205
1206
1207
1208
1209
1210
1211
1212
1213
1214
1215
1216
1217
1218
1219
1220
1221
1222
1223
1224
1225
1226
1227
1228
1229
1230
1231
1232
1233
1234
1235
1236
1237
1238
1239
1240
1241
1242
1243
1244
1245
1246
1247
1248
1249
1250
1251
1252
1253
1254
1255
1256
1257
1258
1259
1260
1261
1262
1263
1264
1265
1266
1267
1268
1269
1270
1271
1272
1273
1274
1275
1276
1277
1278
1279
1280
1281
1282
1283
1284
1285
1286
1287
1288
1289
1290
1291
1292
1293
1294
1295
1296
1297
1298
1299
1300
1301
1302
1303
1304
1305
1306
1307
1308
1309
1310
1311
1312
1313
1314
1315
1316
1317
1318
1319
1320
1321
1322
1323
1324
1325
1326
1327
1328
1329
1330
1331
1332
1333
1334
1335
1336
1337
1338
1339
1340
1341
1342
1343
1344
1345
1346
1347
1348
1349
1350
1351
1352
1353
1354
1355
1356
1357
1358
1359
1360
1361
1362
1363
1364
1365
1366
1367
1368
1369
1370
1371
1372
1373
1374
1375
1376
1377
1378
1379
1380
1381
1382
1383
1384
1385
1386
1387
1388
1389
1390
1391
1392
1393
1394
1395
1396
1397
1398
1399
1400
1401
1402
1403
1404
1405
1406
1407
1408
1409
1410
1411
1412
1413
1414
1415
1416
1417
1418
1419
1420
1421
1422
1423
1424
1425
1426
1427
1428
1429
1430
1431
1432
1433
1434
1435
1436
1437
1438
1439
1440
1441
1442
1443
1444
1445
1446
1447
1448
1449
1450
1451
1452
1453
1454
1455
1456
1457
1458
1459
1460
1461
1462
1463
1464
1465
1466
1467
1468
1469
1470
1471
1472
1473
1474
1475
1476
1477
1478
1479
1480
1481
1482
1483
1484
1485
1486
1487
1488
1489
1490
1491
1492
1493
1494
1495
1496
1497
1498
1499
1500
1501
1502
1503
1504
1505
1506
1507
1508
1509
1510
1511
1512
1513
1514
1515
1516
1517
1518
1519
1520
1521
1522
1523
1524
1525
1526
1527
1528
1529
1530
1531
1532
1533
1534
1535
1536
1537
1538
1539
1540
1541
1542
1543
1544
1545
1546
1547
1548
1549
1550
1551
1552
1553
1554
1555
1556
1557
1558
1559
1560
1561
1562
1563
1564
1565
1566
1567
1568
1569
1570
1571
1572
1573
1574
5.142378297163604 1.034637213047618 1.311497594424157
4.349672195948513 -1.035036588664566 1.311497594424157
3.557708002369597 1.025801506120382 1.311497594424157
2.766928106505345 1.02047464980569 1.311497594424157
1.972789016982136 1.013321737829208 1.311497594424157
5.896626936020481 -0.9779710397614494 1.311497594424157
1.17891507246557 1.001075271882938 1.311497594424157
3.158225010213197 -1.016126570346023 1.311497594424157
5.13699552869419 -1.043577822294562 1.311497594424157
2.366255207132663 -1.003876218272499 1.311497594424157
4.349689357665532 1.032835629893418 1.311497594424157
1.573605872318834 -0.9916079104520328 1.311497594424157
3.754750328864189 -1.025512421718854 1.311497594424157
0.06444030509640429 -0.104417072623276 1.311497594424157
5.926890807905387 0.9933467588984868 1.311497594424157
6.623570966166487 -0.7681101311563442 1.311497594424157
0.9787190328320673 -0.9824237031395502 1.311497594424157
6.641969194529505 0.7725635906523143 1.311497594424157
7.12385760436988 -0.5123190535992754 1.311497594424157
0.5805309569019635 0.9869509788874631 1.311497594424157
7.134588564317415 0.5207529500804819 1.311497594424157
0.03795661191865281 0.4804034710742255 1.311497594424157
0.5828438538395061 -0.9772666595394405 1.311497594424157
3.953692950356456 1.029263967262681 1.311497594424157
1.970051366981155 -0.9977410063627845 1.311497594424157
2.762204527176898 -1.010081701964142 1.311497594424157
3.163111490421232 1.02281124760551 1.311497594424157
2.369639726746747 1.01775830799588 1.311497594424157
1.575874361993859 1.007452467932895 1.311497594424157
0.06597431741321584 -0.4647478932710492 1.311497594424157
4.745949315286214 1.035630783335936 1.311497594424157
4.744160052380273 -1.04102766711579 1.311497594424157
6.270756219686489 -0.8801287994945757 1.311497594424157
6.258811415699307 0.883639712575975 1.311497594424157
5.537603531868807 1.020193413977745 1.311497594424157
5.528954493150906 -1.032622474658514 1.311497594424157
7.516932928204302 -0.146411963526057 1.311497594424157
7.371004126272947 0.276985580061349 1.311497594424157
0.1936796223634882 -0.9779549919776274 1.311497594424157
0.1938636928695365 0.9767960631381059 1.311497594424157
0.3857777738222827 -0.9761625157073798 1.311497594424157
0.4847370717840785 -0.8060499305273573 1.311497594424157
0.682054437875746 -0.8074350067711653 1.311497594424157
0.5827282775222756 -0.6347144585921651 1.311497594424157
0.7809134032548312 -0.6370831792511449 1.311497594424157
0.6804407224695834 -0.4635385739136815 1.311497594424157
0.8801837457453819 -0.4668478076675717 1.311497594424157
0.7823023467901622 -0.2956774558966676 1.311497594424157
0.9813697359168388 -0.2984817297219965 1.311497594424157
0.8839131317661566 -0.1283040386553849 1.311497594424157
1.082537058165041 -0.1307253208733803 1.311497594424157
0.9851729881917063 0.03810675627966731 1.311497594424157
1.183490546259692 0.03602109786692043 1.311497594424157
1.281297058901551 -0.1331005936642145 1.311497594424157
1.381846263090586 0.03421546212904469 1.311497594424157
1.479624374345567 -0.1360178506952898 1.311497594424157
1.580077745297165 0.03240567222887103 1.311497594424157
1.677887625468604 -0.1387390885747182 1.311497594424157
1.778109337062808 0.03012492120897536 1.311497594424157
1.875995330088517 -0.1413289638156263 1.311497594424157
1.97600529456089 0.02790144268420325 1.311497594424157
2.073917315027342 -0.1438963959432358 1.311497594424157
2.173835148036205 0.0255306871411185 1.311497594424157
2.27163298766099 -0.1465859534608074 1.311497594424157
2.371640505243426 0.02304342703530504 1.311497594424157
2.469314908498994 -0.1493223463627924 1.311497594424157
2.569566095640482 0.02042677212644972 1.311497594424157
2.667281500541425 -0.1521349079644605 1.311497594424157
2.767605297337355 0.01773460196639332 1.311497594424157
2.865370653220766 -0.1549520395978388 1.311497594424157
2.965770752906063 0.01496799441968344 1.311497594424157
3.063631621787255 -0.1577610890407612 1.311497594424157
3.163966320615132 0.01223413588036681 1.311497594424157
3.262015896749598 -0.1604973881112655 1.311497594424157
3.362082444571182 0.009618454157348522 1.311497594424157
3.460334782980776 -0.1630767549268051 1.311497594424157
3.559991586907176 0.007211952094047458 1.311497594424157
3.658313844699472 -0.1654411721976257 1.311497594424157
3.757552958725502 0.005064461153845956 1.311497594424157
3.855751603318564 -0.1676199795232018 1.311497594424157
3.955330238843162 0.002774334299707526 1.311497594424157
4.053152140289266 -0.1700052985862957 1.311497594424157
4.153242014931497 0.0002321089816177402 1.311497594424157
4.250829420784878 -0.17269396978122 1.311497594424157
4.351286120497734 -0.002426809896425741 1.311497594424157
4.448902018836124 -0.1755991741070622 1.311497594424157
4.54933217444219 -0.005105413311528695 1.311497594424157
4.646876622040977 -0.1784436486996295 1.311497594424157
4.747353732477925 -0.007798222239791652 1.311497594424157
4.844739589600066 -0.1810246003834939 1.311497594424157
4.945351235619109 -0.01035388837310003 1.311497594424157
5.042562956205525 -0.1834492646034087 1.311497594424157
5.143291254892833 -0.0128840818384226 1.311497594424157
5.240353850537333 -0.1859310370590856 1.311497594424157
5.341164173743992 -0.01550690119308329 1.311497594424157
5.438169817172931 -0.1887185072883917 1.311497594424157
5.539118871452168 -0.01831777808029567 1.311497594424157
5.636243293793224 -0.1919790037226756 1.311497594424157
5.737158748032744 -0.02125436994267793 1.311497594424157
5.243917908997112 0.1577117666499175 1.311497594424157
4.649713432209346 0.165629089530366 1.311497594424157
5.834537804325951 -0.1958085191561216 1.311497594424157
5.935314821943365 -0.02399074040018445 1.311497594424157
0.7875022142243421 0.04031254607217538 1.311497594424157
4.055455769915366 0.1728659698263826 1.311497594424157
5.639705192910569 0.1524765339093137 1.311497594424157
0.8882616659585475 0.204658629782672 1.311497594424157
3.659733592313377 0.1771909412718877 1.311497594424157
3.264183579854256 0.1819964965453698 1.311497594424157
6.032991967401881 -0.1985598058303355 1.311497594424157
6.133709408579225 -0.02611996865266097 1.311497594424157
2.868139775783449 0.1875957980514351 1.311497594424157
2.471991342322883 0.1928206979356668 1.311497594424157
2.076149540603738 0.1972631697089731 1.311497594424157
1.680283104148408 0.2004404621120026 1.311497594424157
6.035688734070439 0.1477017457149266 1.311497594424157
1.284016430850019 0.2025004317688224 1.311497594424157
6.233211546705609 0.1451050941496215 1.311497594424157
6.331385680508391 -0.02841571150123134 1.311497594424157
6.430272284273481 0.1421710476499878 1.311497594424157
6.528634744069649 -0.03118566751396123 1.311497594424157
4.151757306346378 -0.3432583593344422 1.311497594424157
3.559186592382443 -0.3360109834812712 1.311497594424157
1.080123408039105 -0.4704926013242349 1.311497594424157
4.547110702232927 -0.3492054736800634 1.311497594424157
4.942018477858251 -0.3541854662921124 1.311497594424157
2.963374343092239 -0.3277639359991444 1.311497594424157
2.567290446763682 -0.3219096972993243 1.311497594424157
1.775988771043559 -0.3106917098286336 1.311497594424157
2.17193355839062 -0.3161471006310173 1.311497594424157
0.6920374849891255 0.2067551141692727 1.311497594424157
5.337222866725601 -0.3587906684586932 1.311497594424157
0.7911356995332428 0.3677045000906485 1.311497594424157
5.733105306041566 -0.3668319871957771 1.311497594424157
6.626439706131339 0.1396098905209973 1.311497594424157
6.726766180020495 -0.03365770166894322 1.311497594424157
6.4291139058984 -0.2019777046858497 1.311497594424157
0.5830417048028022 -0.2925408597291224 1.311497594424157
6.135950332534368 0.3194963473987504 1.311497594424157
0.5971364194514884 0.3674307519276878 1.311497594424157
0.4985644886156654 0.210819062671765 1.311497594424157
6.824831870440942 0.1369431240971362 1.311497594424157
6.926319051955193 -0.03572156466715115 1.311497594424157
6.826615205550481 -0.2065979626131456 1.311497594424157
6.72185706236753 0.3115638348431633 1.311497594424157
0.6923433204529413 0.5248293028768904 1.311497594424157
0.888412462657426 0.5260555259856177 1.311497594424157
0.500546170958612 0.5207681385646248 1.311497594424157
5.93800731954259 0.3217123033460854 1.311497594424157
6.039102988614492 0.4945326020063212 1.311497594424157
5.839528777277391 0.4949633676899865 1.311497594424157
6.237340253848486 0.4921452155891768 1.311497594424157
1.379401300510341 -0.3048722360066978 1.311497594424157
7.02654351525273 0.1339268136454241 1.311497594424157
7.126078262808295 -0.04274135721259764 1.311497594424157
0.3872879791347102 -0.6331832899803087 1.311497594424157
0.7873080507382625 0.6809053366299158 1.311497594424157
0.9855287531375255 0.6856603996648636 1.311497594424157
1.08607272392184 0.527667603839874 1.311497594424157
5.939402108431771 0.6666047302621363 1.311497594424157
5.739389649385322 0.6667397898392602 1.311497594424157
5.641081926757547 0.4967391560450707 1.311497594424157
5.541387664917735 0.6703254006699502 1.311497594424157
5.443508086618887 0.4994578394880238 1.311497594424157
5.345244832301801 0.6736375968001411 1.311497594424157
5.24649590030493 0.5020694384502788 1.311497594424157
5.146434873768696 0.6786111987892756 1.311497594424157
5.047849575368627 0.5057506059365027 1.311497594424157
4.94764971915354 0.6821786216234169 1.311497594424157
4.849127660960761 0.5088903339784847 1.311497594424157
4.749166570927811 0.6843744732850703 1.311497594424157
4.650660839993969 0.5112599207087933 1.311497594424157
4.55087836209982 0.6857047893871078 1.311497594424157
4.452463510488342 0.5130517811493367 1.311497594424157
4.352781043640705 0.6864999564484786 1.311497594424157
4.254534999343307 0.5144698320002565 1.311497594424157
4.154916043376892 0.6870124302233251 1.311497594424157
4.056545464633296 0.5157708071753619 1.311497594424157
3.956898005643746 0.6874543888768276 1.311497594424157
3.858490856830688 0.5170248575038652 1.311497594424157
3.759097110448911 0.6879746774343307 1.311497594424157
3.660813340551267 0.5184754946137946 1.311497594424157
3.561626792557033 0.6888242653575845 1.311497594424157
3.46336528033169 0.5202837711282122 1.311497594424157
3.364384150588521 0.690099301072155 1.311497594424157
3.266006518482922 0.5225496880947216 1.311497594424157
3.167569732544657 0.6923738999067299 1.311497594424157
3.068866953502325 0.5256887738335985 1.311497594424157
2.970385054235819 0.6947557635460957 1.311497594424157
2.87125418656646 0.5285309947841186 1.311497594424157
2.774985405948406 0.7019595766118734 1.311497594424157
2.673562648668347 0.5314507845349055 1.311497594424157
2.575760781909434 0.7018129951511407 1.311497594424157
2.475082703540051 0.5325964396694007 1.311497594424157
4.353430313937609 0.341397723600027 1.311497594424157
4.948488247127194 0.3337725595160994 1.311497594424157
2.376719149857006 0.7014774205456356 1.311497594424157
2.276535058470974 0.5331799536373114 1.311497594424157
2.177890983826887 0.7009878989907676 1.311497594424157
2.078059820969789 0.5333097205693218 1.311497594424157
1.979196608160488 0.6998613883140046 1.311497594424157
1.879647493421796 0.5328296840733937 1.311497594424157
1.780615076630213 0.6977599091191886 1.311497594424157
1.68119301903971 0.5316261158686044 1.311497594424157
1.18433682223517 0.6892497087674925 1.311497594424157
1.284292657112581 0.5289182666208041 1.311497594424157
1.38309789608925 0.6918203617293472 1.311497594424157
0.8834897535176521 0.8390179206587851 1.311497594424157
5.243476388906501 0.8535418841970339 1.311497594424157
5.637804490789648 0.8380966325027772 1.311497594424157
7.227931807353563 0.1246245588485166 1.311497594424157
4.846866488560092 0.8591511116904582 1.311497594424157
7.332686750207464 -0.05939768401752987 1.311497594424157
7.219671364030925 -0.2169043949842011 1.311497594424157
4.450423943166482 0.8597264235305488 1.311497594424157
7.133039456471965 0.3145205318563193 1.311497594424157
4.054535116860155 0.858688978198711 1.311497594424157
0.2871922823382314 -0.8076030030412817 1.311497594424157
0.1971430490659806 -0.6293451457996679 1.311497594424157
0.2799205791758512 -0.4599358205052094 1.311497594424157
0.1821609395208127 -0.2863551763871925 1.311497594424157
0.382868452499374 -0.2892369968918946 1.311497594424157
0.2865993993546389 -0.1154101142052741 1.311497594424157
0.2086502382030447 0.05854955364670444 1.311497594424157
0.4874097470511847 -0.1213004349381623 1.311497594424157
0.6858003589221917 -0.1255366192335727 1.311497594424157
0.07338327111972782 -0.8228539462625366 1.311497594424157
0.8801711768715063 -0.8099044195100653 1.311497594424157
0.3847165852363849 0.9807168261154422 1.311497594424157
0.2847292876248428 0.8100240336715008 1.311497594424157
0.07076587729506255 0.821191682048543 1.311497594424157
0.1927538794659011 0.6159682108087849 1.311497594424157
0.4829617623132501 0.8224293718452096 1.311497594424157
0.4087714768937999 0.3682859608122622 1.311497594424157
0.3118132237746651 0.2181223947281059 1.311497594424157
0.4808985500290262 -0.4610007630948336 1.311497594424157
1.978078341654857 0.3656956513830607 1.311497594424157
3.957153470541745 0.3451890062916789 1.311497594424157
1.176992165319751 -0.9854431154884433 1.311497594424157
1.078623829676281 -0.8128280358758251 1.311497594424157
1.277148617789893 -0.8158993387632781 1.311497594424157
1.178714797685773 -0.6432647628608481 1.311497594424157
1.377391861386569 -0.6464151878477682 1.311497594424157
1.37529324155657 -0.9885275715487363 1.311497594424157
4.151930558602323 -1.031873319496434 1.311497594424157
4.251425556460237 -0.8616282361714076 1.311497594424157
4.054105271779728 -0.8586124375436944 1.311497594424157
4.448545944170441 -0.8646008916743575 1.311497594424157
4.349911248783141 -0.6909261236667485 1.311497594424157
4.546891036283003 -0.6938627827068198 1.311497594424157
1.475549402728663 -0.8189863330215535 1.311497594424157
1.673896360625267 -0.8220272611588448 1.311497594424157
1.575761714016982 -0.6494957876272577 1.311497594424157
1.774032587920321 -0.6524810712964921 1.311497594424157
1.477585206177149 -0.4770878849533706 1.311497594424157
3.561601420491274 0.3490120780833135 1.311497594424157
2.374441155222955 0.3634772674421813 1.311497594424157
3.166373728730921 0.3539296667395253 1.311497594424157
1.872065810508148 -0.8250572618769042 1.311497594424157
1.972214396592767 -0.6554045804488804 1.311497594424157
1.874093444802757 -0.4829367756108081 1.311497594424157
2.770735437119196 0.3595011840240159 1.311497594424157
1.779878365912148 0.3660551591951298 1.311497594424157
1.581662573296871 0.3661413329536916 1.311497594424157
3.55604209602839 -1.022399503658602 1.311497594424157
3.656951859528043 -0.852437244249628 1.311497594424157
3.457823860261389 -0.8494113241056737 1.311497594424157
3.558768575411035 -0.6794468325022236 1.311497594424157
3.35909955618658 -0.676539886074603 1.311497594424157
3.75775259801883 -0.6822762101080044 1.311497594424157
3.658679500563795 -0.5090924152417589 1.311497594424157
3.856702322111639 -0.5116166393390125 1.311497594424157
3.955723337297513 -0.6851478770024235 1.311497594424157
3.755536349724248 1.02748265953214 1.311497594424157
3.953715399733416 -1.028698096559102 1.311497594424157
4.648514259900065 0.8598315110732877 1.311497594424157
2.176209625445654 0.3646856444716904 1.311497594424157
4.54764622154971 1.034474667820331 1.311497594424157
4.252335610792227 0.8593057999233757 1.311497594424157
3.855942004617103 -0.8555049387798959 1.311497594424157
4.152736235383522 -0.6879776783041213 1.311497594424157
4.250951045618109 -0.5171044423028222 1.311497594424157
5.045168362113452 0.8573535392771487 1.311497594424157
4.749802088643794 0.3367957072087706 1.311497594424157
3.161825968415162 -0.3306508531469455 1.311497594424157
3.061515973727289 -0.5006672756074961 1.311497594424157
2.863219791450933 -0.4976543269326648 1.311497594424157
2.96140660460816 -0.6705116916790943 1.311497594424157
2.763396963469911 -0.6674497083504745 1.311497594424157
3.159657661972648 -0.6736105116292926 1.311497594424157
3.059411817935624 -0.8433570179531442 1.311497594424157
3.360548424873496 -0.333435138283724 1.311497594424157
3.260083591166874 -0.5037532296262148 1.311497594424157
3.258571885762279 -0.8463758264695094 1.311497594424157
5.542035786367998 0.3258545571415106 1.311497594424157
5.146544097830092 0.3310597225931997 1.311497594424157
5.04591191763629 0.1603823678499519 1.311497594424157
5.344078299088557 0.328536479404723 1.311497594424157
3.461964140770493 0.1794195355825576 1.311497594424157
3.759216674755601 0.3469914028939745 1.311497594424157
7.023317088049893 -0.2029758721006434 1.311497594424157
6.945867157390986 -0.4007787916760484 1.311497594424157
6.728090753541358 -0.3797762583797675 1.311497594424157
6.813222036103946 -0.5340671160008807 1.311497594424157
6.627233694816489 -0.5720399315097883 1.311497594424157
6.921060403269988 0.3059355161928876 1.311497594424157
6.815987577892547 0.4974849958500014 1.311497594424157
6.616568804334587 0.4775953607981969 1.311497594424157
6.526254012135781 0.311814121599761 1.311497594424157
6.429998991664504 0.4841376693450161 1.311497594424157
6.627748511090538 -0.2049965639863882 1.311497594424157
5.739680489885544 0.3236309612370485 1.311497594424157
3.363915778110259 0.3511985393622827 1.311497594424157
6.332171236860371 0.3158115826220522 1.311497594424157
6.34307573224655 0.6664548265512289 1.311497594424157
6.527033907906145 -0.3771396026180275 1.311497594424157
6.327890034709665 -0.3724470111171585 1.311497594424157
6.420548308552377 -0.5419965212832638 1.311497594424157
6.229866204628759 -0.5433113604470017 1.311497594424157
6.131015003618476 -0.3731040677147824 1.311497594424157
6.031964445375927 -0.5519503814001269 1.311497594424157
6.142497976645926 -0.7219277249119638 1.311497594424157
5.925851362896718 -0.753495187846017 1.311497594424157
5.830633484733919 -0.5478906324711241 1.311497594424157
5.728857746112552 -0.7068173480553539 1.311497594424157
5.631657065219408 -0.5359308944417476 1.311497594424157
5.528848812114187 -0.7010119199485512 1.311497594424157
5.433647451927702 -0.5310509101113456 1.311497594424157
5.332663352254035 -0.6998659816177215 1.311497594424157
5.236650214643685 -0.5287247048910875 1.311497594424157
5.1370366039837 -0.6992575279815979 1.311497594424157
5.039678392008851 -0.5270449268887929 1.311497594424157
4.940295692007271 -0.6984301965552162 1.311497594424157
5.038157548188055 -0.8711781327524331 1.311497594424157
4.842360123586443 -0.5253285881948223 1.311497594424157
4.744377846137383 -0.3519276914021556 1.311497594424157
3.36000374727256 1.02426855957021 1.311497594424157
2.96559236345563 1.021217699561378 1.311497594424157
2.564225495621657 -1.006983704310602 1.311497594424157
2.466070553535603 -0.8341269772082895 1.311497594424157
2.268255721043904 -0.831055796917174 1.311497594424157
2.368006132995488 -0.6613296133747928 1.311497594424157
2.170255935209002 -0.6583315092297728 1.311497594424157
2.269966181019272 -0.4886523556920581 1.311497594424157
2.070227868124509 -0.8280491209571693 1.311497594424157
2.168198808092561 -1.000800402217313 1.311497594424157
2.568336344794738 1.01954584515374 1.311497594424157
2.171600230190391 1.016150266006501 1.311497594424157
1.377387015476829 1.004260786142138 1.311497594424157
1.774273940059816 1.010394952154569 1.311497594424157
3.357439688532106 -1.01925026651225 1.311497594424157
6.231017666786006 -0.2001040449170033 1.311497594424157
2.665333001183247 -0.4946321755565862 1.311497594424157
5.932374668582953 -0.3723575656280446 1.311497594424157
5.837592551064207 0.150046072310752 1.311497594424157
6.143720053847791 0.6724417221126688 1.311497594424157
6.037813645439226 0.8369943867821601 1.311497594424157
5.13974779299654 -0.3563543446988634 1.311497594424157
5.534885364897634 -0.3619880861942761 1.311497594424157
5.441072443160329 0.8474489347050824 1.311497594424157
5.441815986018317 0.1550962787380306 1.311497594424157
2.765311622708715 -0.3248411805583366 1.311497594424157
4.451527092367239 0.1681947243446491 1.311497594424157
4.155212617942433 0.3433674292895248 1.311497594424157
3.857407117515792 0.175012685956246 1.311497594424157
4.551357790871836 0.3393408839988297 1.311497594424157
1.085829319542113 0.2033557712923471 1.311497594424157
4.253409714772737 0.1705950758838264 1.311497594424157
2.572627513860162 0.3617030810173414 1.311497594424157
4.547083486452794 -1.038135504790104 1.311497594424157
3.066203589347867 0.1846291118895447 1.311497594424157
2.669993214981934 0.19026579655895 1.311497594424157
2.273993835751609 0.1951881040892951 1.311497594424157
2.96865040222904 0.3567615381671869 1.311497594424157
1.771810206248451 -0.9946899175486527 1.311497594424157
0.7808068805069529 -0.9796030572837496 1.311497594424157
4.847770108952275 0.1630712689153826 1.311497594424157
1.878256928890159 0.1991520254017121 1.311497594424157
1.48224982918317 0.2017534633564082 1.311497594424157
4.645415102477682 -0.8674972481852498 1.311497594424157
1.180615120705863 -0.301541576186956 1.311497594424157
0.9797883935454795 -0.6400701344149484 1.311497594424157
0.03482368048941149 0.2885248327850447 1.311497594424157
4.94409097485428 1.03613832408999 1.311497594424157
0.9878693212564554 0.367739709981775 1.311497594424157
4.645409210405719 -0.5231111743844005 1.311497594424157
4.940776758938008 -1.043265298262981 1.311497594424157
5.234812421549289 -0.8703050241799823 1.311497594424157
1.185519313896026 0.3669455157071575 1.311497594424157
1.581914183181977 0.6947517669321621 1.311497594424157
4.151527844177815 1.031093354418916 1.311497594424157
4.349318472171186 -0.3461658728024314 1.311497594424157
4.053720619483559 -0.5142813172764082 1.311497594424157
3.954453470144198 -0.340582907375627 1.311497594424157
1.383428893554476 0.3661312243928212 1.311497594424157
3.757231989942844 -0.3383259593633453 1.311497594424157
3.459726749586046 -0.5065586589159651 1.311497594424157
1.278996420263987 -0.4739368354157273 1.311497594424157
2.960219159356834 -1.013157367465574 1.311497594424157
2.861745584940432 -0.8402949743010009 1.311497594424157
1.577738491202144 -0.3079111266675607 1.311497594424157
1.482598203712478 0.5298981780829053 1.311497594424157
1.675866702527152 -0.4801007259973538 1.311497594424157
2.072198607871468 -0.4857411988172391 1.311497594424157
1.97408360863009 -0.3133609527047934 1.311497594424157
2.369577423903166 -0.3189973488350237 1.311497594424157
0.2102625034387333 0.3830872591845005 1.311497594424157
3.856479929293289 0.8580913831586405 1.311497594424157
2.663885983883798 -0.8372184288990736 1.311497594424157
2.565710462606355 -0.6643868208543802 1.311497594424157
2.467647274745202 -0.4916513352686943 1.311497594424157
5.340252429996281 1.029978450145582 1.311497594424157
4.84203666979415 -0.8703938542725094 1.311497594424157
5.334433181488682 -1.039888787548604 1.311497594424157
4.743773425785434 -0.6969627885519178 1.311497594424157
5.617821526272876 -0.8646773873351891 1.311497594424157
6.329082286669461 -0.7028881748363134 1.311497594424157
6.073829895330661 -0.9045339114380117 1.311497594424157
4.448265285915681 -0.5200626449238812 1.311497594424157
3.658700164016354 0.85762620567375 1.311497594424157
7.624271089199406 0.002489402749191516 1.311497594424157
6.462575722457668 0.8253884463548717 1.311497594424157
5.733813134738599 1.004948718478609 1.311497594424157
5.429588964471662 -0.8680619292147602 1.311497594424157
6.807918111365555 0.6993803809251349 1.311497594424157
3.461195106401887 0.8574157853698752 1.311497594424157
6.451371803852491 -0.8436816418271632 1.311497594424157
6.970646493724588 0.6152951784184499 1.311497594424157
3.264124675603289 0.8576582925781973 1.311497594424157
3.066914838777652 0.8581584948780281 1.311497594424157
7.269093381977915 -0.4033564964455373 1.311497594424157
7.27824590070913 0.4372502571053418 1.311497594424157
2.87070571640529 0.8601340660702606 1.311497594424157
5.714417864602296 -1.01601450713293 1.311497594424157
0.3968777617917162 0.04947493884385001 1.311497594424157
7.397460614280379 -0.2734071561274773 1.311497594424157
2.67191386322739 0.8610339501217485 1.311497594424157
7.52925383284551 0.1578688007284355 1.311497594424157
0.5910066485416331 0.04384677273815529 1.311497594424157
2.472783914595332 0.860230172639816 1.311497594424157
6.971636320235744 -0.6147478225219769 1.311497594424157
5.836782875830425 0.8339945994259998 1.311497594424157
0.7812617652302746 0.9928466535780356 1.311497594424157
0.6842192720986805 0.832912965392399 1.311497594424157
2.274097710313592 0.8592561144263706 1.311497594424157
0.396489591499671 0.6596269568493491 1.311497594424157
2.075822289406472 0.8585979396931178 1.311497594424157
6.792387329610494 -0.7065145810464486 1.311497594424157
6.525571469996133 0.6410933008073558 1.311497594424157
0.02559679826022858 -0.6472500609212917 1.311497594424157
0.01476722936071027 0.6479559150364864 1.311497594424157
1.877075282488786 0.8561173739429917 1.311497594424157
0.03162671307734156 0.1013844884952106 1.311497594424157
7.12097329905609 -0.3435161002448096 1.311497594424157
1.678366044330255 0.8530293259233448 1.311497594424157
1.479893591478084 0.8503649532600901 1.311497594424157
1.082300719087113 0.8433122889470701 1.311497594424157
1.280988519472002 0.846680561788179 1.311497594424157
0.01462959587295799 -0.2847572368136014 1.311497594424157
5.77656654975537 -0.8634006612439161 1.311497594424157
7.386213472497238 0.1001087214143517 1.311497594424157
0.9802464735915829 0.9971734566254755 1.311497594424157
6.486114977198182 -0.6895463866012431 1.311497594424157
0.03493876705159411 -0.9934321265618506 1.311497594424157
0.03493876688991797 0.993432126655019 1.311497594424157
0.5906446946769029 0.6735786786930649 1.311497594424157
0.3343060551236355 0.5094881577968915 1.311497594424157
6.992780266171629 0.450142917917729 1.311497594424157
6.095331384526541 0.9909602507781214 1.311497594424157
0.1615454991015882 0.2014015852190132 1.311497594424157
6.678397338879549 0.6193849635774016 1.311497594424157
7.473635804732162 -7.044266630518159e-05 1.311497594424157
2 15 0 179
1575
1576
1577
1578
1579
1580
1581
1582
1583
1584
1585
1586
1587
1588
1589
1590
1591
1592
1593
1594
1595
1596
1597
1598
1599
1600
1601
1602
1603
1604
1605
1606
1607
1608
1609
1610
1611
1612
1613
1614
1615
1616
1617
1618
1619
1620
1621
1622
1623
1624
1625
1626
1627
1628
1629
1630
1631
1632
1633
1634
1635
1636
1637
1638
1639
1640
1641
1642
1643
1644
1645
1646
1647
1648
1649
1650
1651
1652
1653
1654
1655
1656
1657
1658
1659
1660
1661
1662
1663
1664
1665
1666
1667
1668
1669
1670
1671
1672
1673
1674
1675
1676
1677
1678
1679
1680
1681
1682
1683
1684
1685
1686
1687
1688
1689
1690
1691
1692
1693
1694
1695
1696
1697
1698
1699
1700
1701
1702
1703
1704
1705
1706
1707
1708
1709
1710
1711
1712
1713
1714
1715
1716
1717
1718
1719
1720
1721
1722
1723
1724
1725
1726
1727
1728
1729
1730
1731
1732
1733
1734
1735
1736
1737
1738
1739
1740
1741
1742
1743
1744
1745
1746
1747
1748
1749
1750
1751
1752
1753
-0.01318637641417041 1.128958876181593 1.183041810312733
0.09551060432212871 1.106461470566068 0.8395720283408206
2.801880327556267 1.092352730026551 0.4951871617711031
2.372180246494355 1.159701828023512 1.14423066203188
1.971530573774637 1.153939451122042 1.142026031664101
1.574067041060175 1.148348992331094 1.141417548373258
1.181261325320522 1.143236947220972 1.146074859549329
0.7866068323196418 1.137806067887345 1.14765100362444
3.189501919168849 1.09441651029651 0.5020689745654769
3.579530987467145 1.097094403661151 0.5147514225321554
3.968789059415212 1.099500351544491 0.5385854730676944
2.009345056770819 1.087946339238921 0.4788430737935264
1.637787899885909 1.0889772241139 0.5003166075683572
1.284302227169994 1.088126645629533 0.5058121202571766
0.845145889008017 1.084780008778289 0.4884558035849516
4.365828947030056 1.096591082905775 0.5773804903713682
4.754387852495027 1.077538045841299 0.6150685646513325
2.967624662712752 1.167970447063836 1.1449599271233
5.142846413395061 1.033974366775733 0.6547623111296156
5.523120924468939 0.9612487046698084 0.69802832217896
3.360648732681249 1.173195726100098 1.143818598407731
5.928764330116379 1.083176932423183 1.162721854323476
3.752450573657643 1.178204022380128 1.141631449430815
2.410458736690294 1.090468697516881 0.489634125817289
4.149768687426419 1.18339658468782 1.141175503407754
6.266877224112213 0.7362009673680187 0.7923123627072918
4.54597319130002 1.188359061098992 1.141322109324469
0.4761844355695658 1.084016079326434 0.4971095530509554
6.6399951350677 0.8456388337241743 1.167892525585229
4.95738702492877 1.190870960547197 1.146484015781643
5.334235560070709 1.17266443804861 1.142831845241516
6.974150447254959 0.6742818704063619 1.170955759160872
7.161089197469687 0.2812516719765882 0.928493930556032
0.3782046167085513 1.131670325171374 1.142534540664266
5.897840578006974 0.8596148348515729 0.7413891633227502
7.440003307144926 0.3231448100294857 1.184700745181595
6.291700626047009 0.9824095412689703 1.16840642379425
6.65595312128756 0.5727147928254648 0.8516255755153324
0.1119839241961563 1.092682381832149 0.6414590952774514
0.261873597160532 1.101847159755152 0.7524539638789236
7.317445265991454 0.1744073370616545 0.9617404671278302
7.483437441235321 0.1130797818591483 1.060106959198109
0.2724407177959472 1.116582431149898 0.9539842312311574
0.4463574948589681 1.108446389954433 0.8178822169656298
7.562864936876764 0.1697972782035138 1.176882380665004
7.281855483167234 0.32713283131018 1.063958640790185
7.125108466534804 0.4330837336917167 1.038479478241028
6.995590406474176 0.3874547622651442 0.9011682597760905
6.970833632828487 0.5338945602096423 1.024837393149587
6.833543335657502 0.4848600005416943 0.8811619820434325
6.793712887644003 0.6348814487668747 1.009968954678182
6.58107018877941 0.7257719850052307 0.9772074398744448
6.81720635500572 0.7621731416647717 1.171006566149953
6.463065323089296 0.6597554722774661 0.8227304937742426
6.374559072891581 0.8065394993091198 0.9522346125225505
6.188420877924702 0.856811013304154 0.91028339370714
6.098552141332037 0.783456488726376 0.7512580817189336
0.1963258317978623 1.12944348454342 1.147184279375794
5.714344263262713 0.9134414859205434 0.7209152757137752
5.610749720244232 1.018704119091594 0.8593557009408342
5.419967873526481 1.054066684410258 0.8395707573860616
5.731630524462045 1.125044514767426 1.163069122253974
5.503563127163954 1.100454563069782 0.9948385457428122
5.805991459368968 1.046752665583463 1.021216893885549
6.013408400506735 0.9803806372688095 1.007037408041523
5.817103419674366 0.9734848214070164 0.8844010020196235
5.334750271426675 1.001053234915472 0.6760843815839523
5.232126530316364 1.082445417161035 0.8238770168827014
5.038333141919374 1.104123357436139 0.808232579609214
5.132820321654744 1.145269918349333 0.9801912670373114
4.948243223164496 1.059482138023907 0.634717569868496
4.844449839014569 1.118304102975425 0.7906989306116432
4.654653463745478 1.126442009795185 0.7739225257276822
4.730859427789577 1.159649016820886 0.949203506914559
4.537086500581521 1.159468831466604 0.9345383379271746
4.351852215393093 1.174126330413404 1.047569013296374
4.327659477386866 1.14706714534765 0.85154425270361
3.947698287787601 1.180792567514484 1.14168447481976
3.83729566729109 1.158850451716147 0.9696432164460662
3.650846943920179 1.157285907209977 0.9730534857926609
3.755497519659539 1.137523441746797 0.8063189912899267
3.562172064879382 1.136467675735057 0.8101636836364361
3.950350728532686 1.138572443329182 0.8036869591002069
3.460707844768953 1.155552860837958 0.9756719310478061
3.36927987605231 1.135226859679935 0.8127554447012078
3.55691668183467 1.175627040300461 1.141908295077356
4.020120707007613 1.160476821068041 0.9674249352641594
4.134549355666438 1.139807271386503 0.8052660566135936
0.5849818632772505 1.134869614997861 1.146420822035537
0.6977775854596056 1.124357470909751 0.9891488141210043
0.8974631798659426 1.126481617221545 0.9850649207657067
0.8169723460240277 1.11212628489436 0.8177432359908727
1.005764563016784 1.113999795834671 0.8177863140595805
1.093198891163501 1.128610644331405 0.9819403414943848
1.190953711502785 1.115664171854485 0.8159302412774704
1.110982700811916 1.100875989055989 0.6547456052149618
0.984679245597298 1.140603384307058 1.147722181676665
1.377692282099441 1.145756367666208 1.143217541894839
1.478374012563342 1.132444234672886 0.9725143613680713
1.673990498198617 1.134653684033551 0.9712090576854144
1.572755613174707 1.117855150872426 0.7994986338998347
1.770865875976549 1.119920616262585 0.8017444017124391
1.381099539270264 1.116889374795333 0.8088796234755593
1.477776211197586 1.102663117678422 0.6463501935503959
1.284031268723479 1.13047419802619 0.9766591312529367
1.872777979843495 1.137008067271797 0.9712713616778521
1.973154299584557 1.121790122922374 0.8016998158541713
1.859507344362133 1.10422525735966 0.636671782936149
1.771985887743166 1.151088599687464 1.141191027717495
2.172033792709892 1.156830782715758 1.143193009638498
2.278757747459357 1.142259059227891 0.9763782504185693
2.480094317640592 1.144816335642132 0.9785184375121225
2.387577320025513 1.126754398929764 0.8131099896063649
2.58794340972167 1.128781511972691 0.815108536221832
2.679548921781026 1.14722800750734 0.9795582975288144
2.785882210712383 1.130593750093774 0.8155559645548143
2.184247262927209 1.124491289391971 0.8092367545483169
2.29676637173163 1.108800370600329 0.6533425403047504
2.074736104510178 1.139535905493639 0.9729123383262788
2.694824608929785 1.111562249602763 0.6558044708713097
2.877357589056217 1.149461845841246 0.9792748296281869
2.983162843663542 1.132256697962118 0.8150438619592779
3.164857111398439 1.170621373231258 1.144574384504122
3.074397269478206 1.15162988975845 0.9787231638345298
3.177535035610564 1.133902334177564 0.8149518753327385
3.268157908384009 1.153711386884939 0.9780162058424759
2.770017501500893 1.165318029613301 1.145532074897631
2.57188343859325 1.162576092746227 1.145410508836241
0.06437530531543202 1.119370602971576 1.029419041565008
4.559229657736298 1.089426516108414 0.5951314125267791
4.468793868284408 1.128800302770294 0.751965785561695
0.2916119831001931 1.083890736154986 0.5057084686396266
1.471896938323809 1.086864276579033 0.4856896087409569
0.6603286653571109 1.084463172239982 0.4933273898367608
0.571017493257966 1.09690937182022 0.6539010942131503
4.166147980055344 1.099344690326794 0.5568040654673222
6.11624805745756 1.035057825011627 1.164901190835304
3.774097080204618 1.098500671201099 0.5250462885298436
4.760213480873336 1.190535872729658 1.14180461607972
2.995219947212283 1.093321432709913 0.498304367683837
3.384742468413825 1.095701678210319 0.507297671875839
6.456222375483949 0.9252974293390942 1.172000697383024
7.274420733872762 0.4601355341105817 1.17027149511101
4.920349862664199 1.155004030219383 0.9595149106126072
5.140222558521095 1.188157788572702 1.156261781141128
5.332703888628891 1.119332264975601 0.97167810236199
0.626229681138849 1.110156073737821 0.8168018900095912
5.542432371911096 1.154952033610623 1.161489349546772
4.202476188817844 1.16112358068818 0.9588842032273576
3.085424865062666 1.114201331232549 0.6585645174835397
3.27896317778599 1.115485744587066 0.6600918073506918
6.027308824320868 0.8895205078861991 0.8641571344389235
2.889277350176132 1.112864249559586 0.6569581609740356
2.607258833794463 1.091415741960847 0.492398637332484
2.497467683476334 1.11020540305386 0.6545786699006829
2.089446391786912 1.1073031525854 0.6518675384992045
2.212895210963275 1.089501827404341 0.4867594909106947
3.47110473152399 1.11692527823652 0.6626917370364001
0.7430901232148546 1.09814130374355 0.653695856005963
1.833651062318814 1.086156929426447 0.467628831273642
1.280310363614767 1.103146139564031 0.6664133271223627
1.6715288116428 1.105684565304648 0.6636773432074341
1.046710314743172 1.085159197911214 0.4841295010456679
3.663154590554266 1.118507362129309 0.6668683629402534
7.110964175857852 0.5565516481457404 1.142837592095141
0.4085737741596526 1.095440083121962 0.6501333794188795
0.9291977209405823 1.099562029656621 0.6546221193405247
6.210764712153068 0.9337566937628885 1.041470712648522
3.857588112945053 1.120069207086098 0.6724919960758547
0.1176193714894624 1.081237781189394 0.4789048306521255
4.254165169070707 1.125155226756938 0.710151582189249
6.501427785175008 0.8184992520363372 1.046315626497512
0.4895320155125877 1.122212887241882 0.9946978895901124
4.049932819093307 1.121542060013957 0.6806336439725316
4.348348425434601 1.192593877627806 1.195340437723834
7.394678101471329 0.241259232084347 1.08506317974593
6.368807198787703 0.8914618226810092 1.069238067335927
5.659023460737235 1.075189302027072 1.007967491913607
6.708522601481723 0.7416952466367288 1.077383431648729
3 1 0 0
$EndNodes
$Elements
118 3952 1 3952
0 1 15 1
1 1 
0 2 15 1
2 2 
0 3 15 1
3 3 
0 4 15 1
4 4 
0 5 15 1
5 5 
0 6 15 1
6 6 
0 7 15 1
7 7 
0 8 15 1
8 8 
0 9 15 1
9 9 
0 10 15 1
10 10 
0 11 15 1
11 11 
0 12 15 1
12 12 
0 13 15 1
13 13 
0 14 15 1
14 14 
0 15 15 1
15 15 
0 16 15 1
16 16 
0 17 15 1
17 17 
0 18 15 1
18 18 
0 19 15 1
19 19 
0 20 15 1
20 20 
0 21 15 1
21 21 
0 22 15 1
22 22 
0 23 15 1
23 23 
0 24 15 1
24 24 
0 25 15 1
25 25 
0 26 15 1
26 26 
0 27 15 1
27 27 
0 28 15 1
28 28 
0 29 15 1
29 29 
0 30 15 1
30 30 
0 31 15 1
31 31 
0 32 15 1
32 32 
0 33 15 1
33 33 
0 34 15 1
34 34 
0 35 15 1
35 35 
0 36 15 1
36 36 
0 37 15 1
37 37 
0 38 15 1
38 38 
0 39 15 1
39 39 
0 40 15 1
40 40 
0 41 15 1
41 41 
0 42 15 1
42 42 
0 43 15 1
43 43 
0 44 15 1
44 44 
0 45 15 1
45 45 
1 1 1 2
46 1 46 
47 46 2 
1 2 1 6
48 1 47 
49 47 48 
50 48 49 
51 49 50 
52 50 51 
53 51 3 
1 3 1 2
54 3 52 
55 52 4 
1 4 1 6
56 4 53 
57 53 54 
58 54 55 
59 55 56 
60 56 57 
61 57 2 
1 5 1 2
62 5 58 
63 58 6 
1 6 1 17
64 6 59 
65 59 60 
66 60 61 
67 61 62 
68 62 63 
69 63 64 
70 64 65 
71 65 66 
72 66 67 
73 67 68 
74 68 69 
75 69 70 
76 70 71 
77 71 72 
78 72 73 
79 73 74 
80 74 3 
1 7 1 38
81 1 75 
82 75 76 
83 76 77 
84 77 78 
85 78 79 
86 79 80 
87 80 81 
88 81 82 
89 82 83 
90 83 84 
91 84 85 
92 85 86 
93 86 87 
94 87 88 
95 88 89 
96 89 90 
97 90 91 
98 91 92 
99 92 93 
100 93 94 
101 94 95 
102 95 96 
103 96 97 
104 97 98 
105 98 99 
106 99 100 
107 100 101 
108 101 102 
109 102 103 
110 103 104 
111 104 105 
112 105 106 
113 106 107 
114 107 108 
115 108 109 
116 109 110 
117 110 111 
118 111 7 
1 9 1 2
119 7 112 
120 112 8 
1 10 1 2
121 8 113 
122 113 9 
1 11 1 3
123 9 114 
124 114 115 
125 115 10 
1 12 1 6
126 10 116 
127 116 117 
128 117 118 
129 118 119 
130 119 120 
131 120 11 
1 13 1 2
132 11 121 
133 121 12 
1 14 1 2
134 12 122 
135 122 13 
1 15 1 7
136 13 123 
137 123 124 
138 124 125 
139 125 126 
140 126 127 
141 127 128 
142 128 14 
1 16 1 2
143 14 129 
144 129 15 
1 17 1 2
145 15 130 
146 130 16 
1 18 1 2
147 16 131 
148 131 5 
1 19 1 6
149 2 132 
150 132 133 
151 133 134 
152 134 135 
153 135 136 
154 136 17 
1 20 1 2
155 18 137 
156 137 17 
1 21 1 6
157 18 138 
158 138 139 
159 139 140 
160 140 141 
161 141 142 
162 142 1 
1 22 1 5
163 19 143 
164 143 144 
165 144 145 
166 145 146 
167 146 20 
1 23 1 12
168 20 147 
169 147 148 
170 148 149 
171 149 150 
172 150 151 
173 151 152 
174 152 153 
175 153 154 
176 154 155 
177 155 156 
178 156 157 
179 157 21 
1 24 1 5
180 21 158 
181 158 159 
182 159 160 
183 160 161 
184 161 22 
1 25 1 2
185 22 162 
186 162 17 
1 26 1 2
187 4 163 
188 163 19 
1 27 1 2
189 3 164 
190 164 23 
1 28 1 2
191 23 165 
192 165 19 
1 30 1 39
193 7 166 
194 166 167 
195 167 168 
196 168 169 
197 169 170 
198 170 171 
199 171 172 
200 172 173 
201 173 174 
202 174 175 
203 175 176 
204 176 177 
205 177 178 
206 178 179 
207 179 180 
208 180 181 
209 181 182 
210 182 183 
211 183 184 
212 184 185 
213 185 186 
214 186 187 
215 187 188 
216 188 189 
217 189 190 
218 190 191 
219 191 192 
220 192 193 
221 193 194 
222 194 195 
223 195 196 
224 196 197 
225 197 198 
226 198 199 
227 199 200 
228 200 201 
229 201 202 
230 202 203 
231 203 24 
1 31 1 2
232 24 204 
233 204 23 
1 33 1 17
234 18 205 
235 205 206 
236 206 207 
237 207 208 
238 208 209 
239 209 210 
240 210 211 
241 211 212 
242 212 213 
243 213 214 
244 214 215 
245 215 216 
246 216 217 
247 217 218 
248 218 219 
249 219 220 
250 220 25 
1 34 1 2
251 25 221 
252 221 26 
1 35 1 2
253 26 222 
254 222 27 
1 36 1 2
255 27 223 
256 223 28 
1 37 1 2
257 28 224 
258 224 29 
1 38 1 7
259 29 225 
260 225 226 
261 226 227 
262 227 228 
263 228 229 
264 229 230 
265 230 30 
1 39 1 2
266 30 231 
267 231 31 
1 40 1 2
268 31 232 
269 232 32 
1 41 1 5
270 32 233 
271 233 234 
272 234 235 
273 235 236 
274 236 33 
1 42 1 2
275 33 237 
276 237 34 
1 43 1 3
277 34 238 
278 238 239 
279 239 35 
1 44 1 2
280 35 240 
281 240 36 
1 45 1 2
282 36 241 
283 241 37 
1 46 1 2
284 37 242 
285 242 38 
1 47 1 2
286 38 243 
287 243 7 
1 48 1 2
288 39 244 
289 244 18 
1 49 1 2
290 22 245 
291 245 39 
1 50 1 2
292 40 246 
293 246 41 
1 51 1 2
294 41 247 
295 247 21 
1 52 1 2
296 20 248 
297 248 42 
1 53 1 2
298 42 249 
299 249 43 
1 54 1 12
300 40 250 
301 250 251 
302 251 252 
303 252 253 
304 253 254 
305 254 255 
306 255 256 
307 256 257 
308 257 258 
309 258 259 
310 259 260 
311 260 43 
1 55 1 5
312 24 261 
313 261 262 
314 262 263 
315 263 264 
316 264 42 
1 56 1 5
317 41 265 
318 265 266 
319 266 267 
320 267 268 
321 268 44 
1 57 1 2
322 44 269 
323 269 39 
1 58 1 42
324 43 270 
325 270 271 
326 271 272 
327 272 273 
328 273 274 
329 274 275 
330 275 276 
331 276 277 
332 277 278 
333 278 279 
334 279 280 
335 280 281 
336 281 282 
337 282 283 
338 283 284 
339 284 285 
340 285 286 
341 286 287 
342 287 288 
343 288 289 
344 289 290 
345 290 291 
346 291 292 
347 292 293 
348 293 294 
349 294 295 
350 295 296 
351 296 297 
352 297 298 
353 298 299 
354 299 300 
355 300 301 
356 301 302 
357 302 303 
358 303 304 
359 304 305 
360 305 306 
361 306 307 
362 307 308 
363 308 309 
364 309 310 
365 310 45 
1 59 1 4
366 7 311 
367 311 312 
368 312 313 
369 313 45 
1 60 1 39
370 44 314 
371 314 315 
372 315 316 
373 316 317 
374 317 318 
375 318 319 
376 319 320 
377 320 321 
378 321 322 
379 322 323 
380 323 324 
381 324 325 
382 325 326 
383 326 327 
384 327 328 
385 328 329 
386 329 330 
387 330 331 
388 331 332 
389 332 333 
390 333 334 
391 334 335 
392 335 336 
393 336 337 
394 337 338 
395 338 339 
396 339 340 
397 340 341 
398 341 342 
399 342 343 
400 343 344 
401 344 345 
402 345 346 
403 346 347 
404 347 348 
405 348 349 
406 349 350 
407 350 351 
408 351 7 
1 62 1 42
409 45 352 
410 352 353 
411 353 354 
412 354 355 
413 355 356 
414 356 357 
415 357 358 
416 358 359 
417 359 360 
418 360 361 
419 361 362 
420 362 363 
421 363 364 
422 364 365 
423 365 366 
424 366 367 
425 367 368 
426 368 369 
427 369 370 
428 370 371 
429 371 372 
430 372 373 
431 373 374 
432 374 375 
433 375 376 
434 376 377 
435 377 378 
436 378 379 
437 379 380 
438 380 381 
439 381 382 
440 382 383 
441 383 384 
442 384 385 
443 385 386 
444 386 387 
445 387 388 
446 388 389 
447 389 390 
448 390 391 
449 391 392 
450 392 40 
2 1 2 14
451 47 2 46 
452 52 4 53 
453 1 47 46 
454 3 52 53 
455 47 48 57 
456 57 2 47 
457 48 49 56 
458 56 57 48 
459 50 55 49 
460 55 56 49 
461 54 50 51 
462 55 50 54 
463 3 53 51 
464 53 54 51 
2 2 2 537
465 445 586 418 
466 403 489 487 
467 130 393 15 
468 418 562 445 
469 8 563 112 
470 547 552 470 
471 71 521 70 
472 487 503 403 
473 90 527 89 
474 419 510 508 
475 111 7 112 
476 15 614 129 
477 115 529 114 
478 14 614 532 
479 472 565 6 
480 441 553 439 
481 470 596 547 
482 471 525 407 
483 419 521 510 
484 89 527 486 
485 422 557 529 
486 501 502 410 
487 502 505 409 
488 501 505 502 
489 410 507 501 
490 70 521 419 
491 6 586 472 
492 422 529 115 
493 473 554 442 
494 462 573 526 
495 16 426 130 
496 403 524 489 
497 65 524 64 
498 407 559 471 
499 58 394 5 
500 508 519 419 
501 554 572 433 
502 400 527 90 
503 14 532 128 
504 406 521 71 
505 108 530 107 
506 426 427 393 
507 112 563 111 
508 529 557 530 
509 439 553 471 
510 526 573 398 
511 460 572 554 
512 430 571 532 
513 520 601 394 
514 566 581 474 
515 13 608 122 
516 397 556 534 
517 534 556 444 
518 491 579 411 
519 470 552 551 
520 64 524 403 
521 415 581 566 
522 411 589 491 
523 505 564 409 
524 12 396 121 
525 492 562 418 
526 69 519 68 
527 477 605 110 
528 537 588 494 
529 107 530 425 
530 492 578 420 
531 399 566 474 
532 418 578 492 
533 442 556 473 
534 430 532 428 
535 423 574 518 
536 587 596 469 
537 420 590 492 
538 504 587 469 
539 474 555 399 
540 478 527 400 
541 114 424 9 
542 409 524 65 
543 484 503 487 
544 515 593 543 
545 478 553 441 
546 501 507 498 
547 93 534 407 
548 498 507 500 
549 9 477 113 
550 411 579 493 
551 5 583 131 
552 472 586 445 
553 394 583 5 
554 528 530 108 
555 95 522 397 
556 114 529 424 
557 532 571 395 
558 111 563 110 
559 394 565 520 
560 103 587 504 
561 493 537 411 
562 68 519 410 
563 518 592 423 
564 551 612 470 
565 462 609 607 
566 419 519 69 
567 130 426 393 
568 400 553 478 
569 510 521 512 
570 440 520 472 
571 96 523 522 
572 409 564 524 
573 505 580 564 
574 584 594 461 
575 493 588 537 
576 408 447 123 
577 410 519 507 
578 517 593 574 
579 95 397 94 
580 457 459 458 
581 471 553 525 
582 504 597 103 
583 507 508 500 
584 459 460 458 
585 507 519 508 
586 407 525 92 
587 469 596 470 
588 516 593 515 
589 406 592 518 
590 486 599 402 
591 6 565 58 
592 96 522 95 
593 554 591 442 
594 484 590 503 
595 11 398 120 
596 100 531 415 
597 102 401 101 
598 398 573 506 
599 16 583 426 
600 486 610 599 
601 401 531 101 
602 457 458 456 
603 399 523 97 
604 408 448 447 
605 109 528 108 
606 93 407 92 
607 564 580 490 
608 569 585 465 
609 59 586 6 
610 76 535 443 
611 397 534 94 
612 518 603 406 
613 534 611 407 
614 91 525 400 
615 416 577 570 
616 97 523 96 
617 74 423 73 
618 570 577 457 
619 468 506 466 
620 128 532 395 
621 425 546 106 
622 76 443 75 
623 82 536 81 
624 455 457 456 
625 506 612 414 
626 92 525 91 
627 98 399 97 
628 105 421 104 
629 508 509 500 
630 128 395 127 
631 100 415 99 
632 514 516 515 
633 536 539 81 
634 107 425 106 
635 395 540 127 
636 91 400 90 
637 514 515 513 
638 129 614 14 
639 424 529 528 
640 512 514 513 
641 404 536 82 
642 77 535 76 
643 412 535 77 
644 10 422 115 
645 459 572 460 
646 512 513 511 
647 89 486 88 
648 88 486 402 
649 94 534 93 
650 101 531 100 
651 126 416 125 
652 514 518 516 
653 508 510 509 
654 60 418 59 
655 510 512 511 
656 393 614 15 
657 81 539 80 
658 510 511 509 
659 469 470 468 
660 452 462 449 
661 455 456 454 
662 66 502 409 
663 410 502 67 
664 62 420 61 
665 66 409 65 
666 64 403 63 
667 68 410 67 
668 70 419 69 
669 72 406 71 
670 67 502 66 
671 498 499 496 
672 85 537 84 
673 84 494 83 
674 498 500 499 
675 411 537 85 
676 88 402 87 
677 83 404 82 
678 86 411 85 
679 78 412 77 
680 80 405 79 
681 79 538 78 
682 84 537 494 
683 497 505 501 
684 83 494 404 
685 497 498 496 
686 495 496 404 
687 78 538 412 
688 405 538 79 
689 495 497 496 
690 497 501 498 
691 494 495 404 
692 490 493 488 
693 440 472 445 
694 451 455 454 
695 489 490 488 
696 416 549 125 
697 487 489 488 
698 487 488 485 
699 485 491 483 
700 80 539 405 
701 484 487 485 
702 127 540 126 
703 484 485 483 
704 124 408 123 
705 460 473 461 
706 467 468 466 
707 126 540 416 
708 482 484 483 
709 499 539 536 
710 518 574 516 
711 448 449 447 
712 496 536 404 
713 465 466 463 
714 424 477 9 
715 539 550 405 
716 480 492 482 
717 482 483 481 
718 500 550 499 
719 48 413 49 
720 452 463 462 
721 49 517 50 
722 533 555 456 
723 480 482 481 
724 446 480 479 
725 125 549 124 
726 574 593 516 
727 106 546 105 
728 435 476 438 
729 460 461 458 
730 458 533 456 
731 480 481 479 
732 479 527 478 
733 499 550 539 
734 499 536 496 
735 473 584 461 
736 467 469 468 
737 432 476 435 
738 531 582 415 
739 545 552 547 
740 413 517 49 
741 119 414 118 
742 506 573 466 
743 527 610 486 
744 98 566 399 
745 446 479 478 
746 465 467 466 
747 522 594 584 
748 117 417 116 
749 491 589 402 
750 503 615 403 
751 452 464 463 
752 509 550 500 
753 415 566 99 
754 443 543 542 
755 476 520 438 
756 446 478 441 
757 455 570 457 
758 451 454 453 
759 402 599 491 
760 464 465 463 
761 503 590 420 
762 405 560 538 
763 467 504 469 
764 452 541 464 
765 120 548 119 
766 448 451 450 
767 450 452 449 
768 451 558 455 
769 456 555 454 
770 477 602 113 
771 450 541 452 
772 543 595 515 
773 438 520 440 
774 105 546 421 
775 116 544 10 
776 572 575 571 
777 454 474 453 
778 124 549 408 
779 448 558 451 
780 435 438 437 
781 11 526 398 
782 542 543 413 
783 526 609 462 
784 530 557 425 
785 528 605 424 
786 451 453 450 
787 48 542 413 
788 535 595 443 
789 560 568 538 
790 47 542 48 
791 10 544 422 
792 521 603 512 
793 445 562 446 
794 520 565 472 
795 546 547 421 
796 436 442 434 
797 460 554 473 
798 480 562 492 
799 529 530 528 
800 414 612 551 
801 119 548 414 
802 445 446 441 
803 453 541 450 
804 454 555 474 
805 468 612 506 
806 414 548 506 
807 462 607 449 
808 463 573 462 
809 443 595 543 
810 60 578 418 
811 423 592 73 
812 118 551 117 
813 461 533 458 
814 420 578 61 
815 497 580 505 
816 525 553 400 
817 550 560 405 
818 438 440 439 
819 448 450 449 
820 440 445 441 
821 538 568 412 
822 420 615 503 
823 517 561 50 
824 493 579 488 
825 121 526 11 
826 485 579 491 
827 435 437 436 
828 50 561 51 
829 489 564 490 
830 408 558 448 
831 522 584 397 
832 414 551 118 
833 524 564 489 
834 62 615 420 
835 436 444 442 
836 417 544 116 
837 438 439 437 
838 406 603 521 
839 117 551 417 
840 402 589 87 
841 86 589 411 
842 511 560 509 
843 72 592 406 
844 568 576 412 
845 415 582 581 
846 439 471 437 
847 440 441 439 
848 417 545 544 
849 446 562 480 
850 398 548 120 
851 424 605 477 
852 540 577 416 
853 104 587 103 
854 494 588 495 
855 514 603 518 
856 425 567 546 
857 435 436 434 
858 491 599 483 
859 412 576 535 
860 75 598 1 
861 479 610 527 
862 492 590 482 
863 511 568 560 
864 444 556 442 
865 401 585 569 
866 403 615 63 
867 509 560 550 
868 465 585 467 
869 429 432 431 
870 464 569 465 
871 413 593 517 
872 432 435 434 
873 549 558 408 
874 547 567 545 
875 427 428 393 
876 546 567 547 
877 110 605 109 
878 431 433 430 
879 3 606 74 
880 506 548 398 
881 99 566 98 
882 513 568 511 
883 429 431 430 
884 571 575 395 
885 457 577 459 
886 442 591 434 
887 407 611 559 
888 558 570 455 
889 523 594 522 
890 1 598 47 
891 427 600 429 
892 551 552 417 
893 476 601 520 
894 474 581 453 
895 416 570 549 
896 51 606 3 
897 466 573 463 
898 471 559 437 
899 513 576 568 
900 437 559 436 
901 12 608 396 
902 102 597 401 
903 396 526 121 
904 432 600 476 
905 436 559 444 
906 433 591 554 
907 495 580 497 
908 515 576 513 
909 395 575 540 
910 549 570 558 
911 397 584 556 
912 61 578 60 
913 464 582 569 
914 58 565 394 
915 432 434 431 
916 600 601 476 
917 433 572 571 
918 433 571 430 
919 557 567 425 
920 488 579 485 
921 427 429 428 
922 443 598 75 
923 490 588 493 
924 517 574 561 
925 431 591 433 
926 556 584 473 
927 475 601 600 
928 418 586 59 
929 401 569 531 
930 426 475 427 
931 74 606 423 
932 109 605 528 
933 429 430 428 
934 399 604 523 
935 421 587 104 
936 541 582 464 
937 583 601 475 
938 453 581 541 
939 87 589 86 
940 467 585 504 
941 581 582 541 
942 459 577 575 
943 561 574 423 
944 542 598 443 
945 444 611 534 
946 103 597 102 
947 569 582 531 
948 475 600 427 
949 482 590 484 
950 449 607 447 
951 421 596 587 
952 8 602 563 
953 73 592 72 
954 543 593 413 
955 470 612 468 
956 533 604 555 
957 401 597 585 
958 532 614 428 
959 422 613 557 
960 459 575 572 
961 575 577 540 
962 512 603 514 
963 576 595 535 
964 594 604 533 
965 483 599 481 
966 544 613 422 
967 63 615 62 
968 547 596 421 
969 434 591 431 
970 461 594 533 
971 481 610 479 
972 423 606 561 
973 428 614 393 
974 599 610 481 
975 47 598 542 
976 394 601 583 
977 523 604 594 
978 580 588 490 
979 557 613 567 
980 417 552 545 
981 561 606 51 
982 567 613 545 
983 396 609 526 
984 429 600 432 
985 545 613 544 
986 495 588 580 
987 515 595 576 
988 555 604 399 
989 113 602 8 
990 426 583 475 
991 585 597 504 
992 559 611 444 
993 607 609 396 
994 396 608 607 
995 607 608 447 
996 122 608 12 
997 123 447 13 
998 447 608 13 
999 131 583 16 
1000 110 602 477 
1001 563 602 110 
2 3 2 14
1002 46 2 142 
1003 137 136 17 
1004 1 46 142 
1005 18 136 137 
1006 142 132 141 
1007 142 2 132 
1008 141 133 140 
1009 141 132 133 
1010 140 134 139 
1011 140 133 134 
1012 138 139 135 
1013 139 134 135 
1014 18 138 136 
1015 138 135 136 
2 4 2 186
1016 645 675 663 
1017 663 676 645 
1018 143 690 19 
1019 19 690 163 
1020 644 660 659 
1021 662 678 625 
1022 136 629 17 
1023 22 687 161 
1024 646 654 620 
1025 651 678 662 
1026 17 687 162 
1027 659 661 644 
1028 620 675 646 
1029 672 676 624 
1030 645 676 672 
1031 629 687 17 
1032 163 690 4 
1033 644 679 660 
1034 4 627 53 
1035 152 661 151 
1036 689 690 657 
1037 667 668 653 
1038 151 661 659 
1039 619 661 152 
1040 628 668 667 
1041 663 675 620 
1042 653 666 617 
1043 54 658 621 
1044 657 690 143 
1045 664 666 631 
1046 617 666 664 
1047 160 670 624 
1048 617 667 653 
1049 623 657 144 
1050 638 656 639 
1051 650 678 651 
1052 153 654 619 
1053 636 653 638 
1054 144 657 143 
1055 150 659 618 
1056 642 655 647 
1057 659 660 618 
1058 145 623 144 
1059 160 624 159 
1060 636 638 637 
1061 633 636 635 
1062 639 656 642 
1063 620 654 154 
1064 150 618 149 
1065 631 633 632 
1066 151 659 150 
1067 155 620 154 
1068 153 619 152 
1069 639 642 641 
1070 636 637 635 
1071 636 666 653 
1072 642 656 655 
1073 154 654 153 
1074 638 639 637 
1075 642 647 643 
1076 633 635 634 
1077 618 662 149 
1078 155 663 620 
1079 633 634 632 
1080 631 666 633 
1081 149 662 148 
1082 156 663 155 
1083 648 652 650 
1084 639 641 640 
1085 2 628 132 
1086 653 668 638 
1087 635 646 634 
1088 631 632 630 
1089 56 616 57 
1090 133 617 134 
1091 148 662 625 
1092 54 621 55 
1093 639 640 637 
1094 626 663 156 
1095 642 643 641 
1096 148 625 147 
1097 157 626 156 
1098 622 631 630 
1099 641 644 640 
1100 647 648 643 
1101 635 665 646 
1102 650 682 678 
1103 637 665 635 
1104 640 665 637 
1105 650 651 649 
1106 648 649 643 
1107 634 645 632 
1108 134 664 135 
1109 648 650 649 
1110 53 658 54 
1111 617 664 134 
1112 624 676 674 
1113 628 667 132 
1114 626 676 663 
1115 633 666 636 
1116 133 667 617 
1117 135 622 136 
1118 616 669 655 
1119 56 669 616 
1120 625 678 673 
1121 621 669 55 
1122 132 667 133 
1123 622 664 631 
1124 652 689 682 
1125 638 668 656 
1126 670 672 624 
1127 135 664 622 
1128 55 669 56 
1129 622 630 629 
1130 627 690 689 
1131 646 681 654 
1132 622 629 136 
1133 146 673 145 
1134 159 674 158 
1135 670 687 629 
1136 660 679 649 
1137 161 670 160 
1138 640 671 665 
1139 630 670 629 
1140 682 689 657 
1141 628 680 668 
1142 646 675 634 
1143 645 672 632 
1144 647 677 648 
1145 662 685 651 
1146 655 680 616 
1147 658 677 621 
1148 656 680 655 
1149 161 687 670 
1150 630 672 670 
1151 661 671 644 
1152 618 685 662 
1153 619 671 661 
1154 641 679 644 
1155 649 685 660 
1156 57 686 2 
1157 2 686 628 
1158 649 679 643 
1159 20 683 146 
1160 158 684 21 
1161 652 677 658 
1162 644 671 640 
1163 147 683 20 
1164 21 684 157 
1165 145 673 623 
1166 624 674 159 
1167 632 672 630 
1168 628 686 680 
1169 634 675 645 
1170 652 682 650 
1171 671 681 665 
1172 647 688 677 
1173 651 685 649 
1174 648 677 652 
1175 665 681 646 
1176 655 688 647 
1177 627 658 53 
1178 658 689 652 
1179 146 683 673 
1180 674 684 158 
1181 678 682 623 
1182 619 681 671 
1183 674 676 626 
1184 669 688 655 
1185 654 681 619 
1186 643 679 641 
1187 623 682 657 
1188 627 689 658 
1189 4 690 627 
1190 677 688 621 
1191 673 678 623 
1192 668 680 656 
1193 660 685 618 
1194 616 686 57 
1195 625 683 147 
1196 157 684 626 
1197 673 683 625 
1198 626 684 674 
1199 621 688 669 
1200 680 686 616 
1201 162 687 22 
2 5 2 6
1202 165 163 4 
1203 164 23 52 
1204 23 165 52 
1205 52 165 4 
1206 165 19 163 
1207 3 164 52 
2 6 2 90
1208 74 203 164 
1209 8 167 113 
1210 185 5 131 
1211 164 24 23 
1212 24 204 23 
1213 187 59 6 
1214 187 6 186 
1215 7 166 112 
1216 8 166 167 
1217 113 167 9 
1218 9 168 114 
1219 167 168 9 
1220 115 170 10 
1221 10 171 116 
1222 170 171 10 
1223 176 11 175 
1224 13 177 178 
1225 128 183 14 
1226 14 183 184 
1227 16 130 184 
1228 16 184 185 
1229 188 60 59 
1230 187 188 59 
1231 189 61 60 
1232 188 189 60 
1233 190 62 61 
1234 189 190 61 
1235 191 63 62 
1236 114 169 115 
1237 168 169 114 
1238 169 170 115 
1239 116 172 117 
1240 171 172 116 
1241 117 172 173 
1242 173 174 118 
1243 119 174 120 
1244 121 176 177 
1245 123 178 179 
1246 128 182 183 
1247 74 164 3 
1248 185 58 5 
1249 186 6 58 
1250 112 166 8 
1251 175 11 120 
1252 11 176 121 
1253 121 177 12 
1254 12 177 122 
1255 122 177 13 
1256 13 178 123 
1257 14 184 129 
1258 129 184 15 
1259 184 130 15 
1260 185 131 16 
1261 203 24 164 
1262 185 186 58 
1263 190 191 62 
1264 192 64 63 
1265 191 192 63 
1266 193 65 64 
1267 193 64 192 
1268 194 66 65 
1269 193 194 65 
1270 195 67 66 
1271 194 195 66 
1272 67 196 68 
1273 67 195 196 
1274 68 197 69 
1275 68 196 197 
1276 69 198 70 
1277 69 197 198 
1278 70 199 71 
1279 70 198 199 
1280 71 200 72 
1281 199 200 71 
1282 72 201 73 
1283 72 200 201 
1284 73 202 74 
1285 73 201 202 
1286 202 203 74 
1287 117 173 118 
1288 118 174 119 
1289 174 175 120 
1290 123 179 124 
1291 124 180 125 
1292 124 179 180 
1293 125 180 126 
1294 126 181 127 
1295 180 181 126 
1296 127 182 128 
1297 127 181 182 
2 7 2 564
1298 805 807 702 
1299 28 691 223 
1300 807 835 702 
1301 35 713 239 
1302 29 873 691 
1303 765 785 724 
1304 223 726 27 
1305 235 896 779 
1306 769 873 693 
1307 238 723 34 
1308 709 835 809 
1309 95 789 96 
1310 235 779 722 
1311 801 803 720 
1312 696 869 789 
1313 759 862 791 
1314 774 867 770 
1315 696 789 95 
1316 794 869 696 
1317 803 841 720 
1318 702 841 805 
1319 827 882 695 
1320 714 867 774 
1321 796 798 716 
1322 27 747 222 
1323 720 839 801 
1324 798 839 716 
1325 715 865 788 
1326 30 781 230 
1327 759 791 761 
1328 707 775 750 
1329 695 829 827 
1330 26 692 221 
1331 800 922 843 
1332 843 850 800 
1333 35 875 713 
1334 693 845 769 
1335 765 903 785 
1336 801 839 798 
1337 809 835 807 
1338 793 877 736 
1339 724 785 108 
1340 215 835 214 
1341 789 921 96 
1342 738 866 732 
1343 225 873 29 
1344 767 768 718 
1345 805 841 803 
1346 881 886 748 
1347 242 838 37 
1348 788 865 863 
1349 723 767 34 
1350 770 920 774 
1351 736 918 793 
1352 777 878 750 
1353 834 886 881 
1354 691 873 728 
1355 878 893 750 
1356 892 900 818 
1357 704 900 892 
1358 845 876 769 
1359 109 780 110 
1360 703 884 880 
1361 880 884 813 
1362 850 860 800 
1363 809 916 709 
1364 879 889 831 
1365 232 694 31 
1366 738 870 866 
1367 775 776 750 
1368 742 876 845 
1369 707 749 724 
1370 726 747 27 
1371 240 875 35 
1372 706 793 792 
1373 220 914 888 
1374 793 881 868 
1375 765 787 766 
1376 702 835 215 
1377 701 860 850 
1378 707 750 749 
1379 241 859 36 
1380 110 838 111 
1381 705 889 879 
1382 791 862 781 
1383 711 872 855 
1384 217 841 216 
1385 783 838 110 
1386 749 765 724 
1387 826 882 827 
1388 855 872 828 
1389 106 707 107 
1390 34 767 237 
1391 106 775 707 
1392 776 777 750 
1393 782 921 789 
1394 706 881 793 
1395 707 724 107 
1396 214 835 709 
1397 696 918 794 
1398 706 792 93 
1399 721 875 240 
1400 233 697 32 
1401 713 903 766 
1402 109 785 780 
1403 828 860 701 
1404 220 888 716 
1405 843 922 844 
1406 698 921 782 
1407 788 912 715 
1408 757 863 862 
1409 837 867 714 
1410 720 841 217 
1411 732 866 730 
1412 749 787 765 
1413 787 893 768 
1414 701 855 828 
1415 239 766 238 
1416 782 905 698 
1417 717 897 885 
1418 757 759 758 
1419 216 841 702 
1420 766 903 765 
1421 94 792 696 
1422 26 747 692 
1423 94 696 95 
1424 222 747 26 
1425 775 784 776 
1426 92 834 706 
1427 219 839 218 
1428 717 885 784 
1429 755 757 756 
1430 792 918 696 
1431 757 862 759 
1432 766 924 238 
1433 830 872 711 
1434 101 700 102 
1435 744 842 745 
1436 862 863 708 
1437 714 774 100 
1438 30 790 781 
1439 757 758 756 
1440 101 774 700 
1441 218 839 720 
1442 698 836 98 
1443 768 878 718 
1444 717 784 104 
1445 716 839 219 
1446 725 879 831 
1447 92 706 93 
1448 700 847 102 
1449 836 837 714 
1450 693 873 225 
1451 778 779 777 
1452 723 787 768 
1453 866 870 692 
1454 93 792 94 
1455 826 827 825 
1456 699 834 91 
1457 843 844 699 
1458 753 788 755 
1459 206 725 205 
1460 824 826 825 
1461 713 766 239 
1462 759 760 758 
1463 719 852 209 
1464 745 842 753 
1465 90 843 699 
1466 75 751 76 
1467 710 853 211 
1468 91 834 92 
1469 97 698 98 
1470 77 840 712 
1471 847 897 717 
1472 709 851 213 
1473 234 849 233 
1474 226 693 225 
1475 99 714 100 
1476 751 840 76 
1477 99 836 714 
1478 779 919 722 
1479 90 699 91 
1480 824 825 823 
1481 89 850 843 
1482 781 862 708 
1483 105 775 106 
1484 822 824 823 
1485 103 847 717 
1486 847 907 897 
1487 89 843 90 
1488 236 896 235 
1489 774 920 700 
1490 863 865 708 
1491 100 774 101 
1492 98 836 99 
1493 103 717 104 
1494 822 823 821 
1495 697 832 32 
1496 228 715 227 
1497 88 850 89 
1498 722 849 234 
1499 701 850 88 
1500 105 784 775 
1501 107 724 108 
1502 76 840 77 
1503 220 716 219 
1504 788 863 755 
1505 827 831 825 
1506 235 722 234 
1507 820 822 821 
1508 753 755 754 
1509 815 848 818 
1510 815 818 817 
1511 812 848 815 
1512 218 720 217 
1513 214 709 213 
1514 216 702 215 
1515 212 710 211 
1516 210 719 209 
1517 208 705 207 
1518 808 813 810 
1519 817 820 819 
1520 815 817 816 
1521 812 815 814 
1522 810 812 811 
1523 808 830 813 
1524 108 785 109 
1525 820 821 819 
1526 84 854 85 
1527 817 819 816 
1528 815 816 814 
1529 86 855 87 
1530 78 857 79 
1531 812 814 811 
1532 81 856 82 
1533 87 701 88 
1534 82 703 83 
1535 85 711 86 
1536 77 712 78 
1537 79 704 80 
1538 711 855 86 
1539 712 857 78 
1540 806 830 808 
1541 85 854 711 
1542 82 856 703 
1543 779 895 777 
1544 810 811 809 
1545 87 855 701 
1546 79 857 704 
1547 808 810 809 
1548 806 808 807 
1549 808 809 807 
1550 753 842 788 
1551 806 807 805 
1552 228 865 715 
1553 102 847 103 
1554 804 806 805 
1555 719 898 852 
1556 698 883 836 
1557 802 828 804 
1558 804 805 803 
1559 704 902 900 
1560 802 804 803 
1561 230 708 229 
1562 691 727 726 
1563 755 756 754 
1564 795 858 773 
1565 802 803 801 
1566 794 918 736 
1567 802 860 828 
1568 797 800 799 
1569 852 898 891 
1570 744 846 842 
1571 799 802 801 
1572 755 863 757 
1573 789 869 746 
1574 800 860 799 
1575 799 860 802 
1576 759 761 760 
1577 857 902 704 
1578 139 829 140 
1579 213 851 212 
1580 745 753 752 
1581 799 801 798 
1582 140 695 141 
1583 230 781 708 
1584 700 907 847 
1585 699 886 834 
1586 763 786 740 
1587 229 865 228 
1588 104 784 105 
1589 211 853 210 
1590 797 799 798 
1591 854 880 813 
1592 844 922 764 
1593 705 891 889 
1594 209 852 208 
1595 782 789 746 
1596 791 871 761 
1597 140 829 695 
1598 138 864 139 
1599 857 909 902 
1600 711 854 830 
1601 753 754 752 
1602 797 798 796 
1603 212 851 710 
1604 761 833 762 
1605 722 919 795 
1606 904 911 814 
1607 734 876 742 
1608 836 883 837 
1609 816 904 814 
1610 712 909 857 
1611 758 837 756 
1612 840 910 712 
1613 772 795 773 
1614 233 849 697 
1615 728 873 769 
1616 210 853 719 
1617 742 845 744 
1618 208 852 705 
1619 786 870 740 
1620 206 879 725 
1621 762 770 760 
1622 764 797 796 
1623 141 861 142 
1624 772 773 771 
1625 842 912 788 
1626 762 833 772 
1627 708 865 229 
1628 700 920 907 
1629 885 897 858 
1630 139 864 829 
1631 785 874 780 
1632 742 744 743 
1633 713 875 874 
1634 852 891 705 
1635 762 772 771 
1636 712 910 909 
1637 868 877 793 
1638 749 893 787 
1639 831 894 725 
1640 806 872 830 
1641 739 748 741 
1642 744 745 743 
1643 760 867 758 
1644 752 782 746 
1645 745 752 746 
1646 828 872 804 
1647 848 884 703 
1648 764 796 763 
1649 830 854 813 
1650 762 771 770 
1651 734 742 737 
1652 84 880 854 
1653 703 880 83 
1654 861 882 751 
1655 745 746 743 
1656 226 887 693 
1657 795 849 722 
1658 36 859 721 
1659 705 879 207 
1660 770 867 760 
1661 845 846 744 
1662 693 846 845 
1663 758 867 837 
1664 795 919 858 
1665 97 921 698 
1666 741 764 763 
1667 715 887 227 
1668 735 868 739 
1669 731 734 733 
1670 742 743 737 
1671 697 833 832 
1672 739 868 748 
1673 734 737 736 
1674 737 794 736 
1675 831 889 825 
1676 812 884 848 
1677 813 884 810 
1678 695 861 141 
1679 761 762 760 
1680 698 905 883 
1681 814 911 811 
1682 776 778 777 
1683 81 892 856 
1684 704 892 80 
1685 1 906 75 
1686 741 763 740 
1687 739 740 738 
1688 237 767 33 
1689 735 738 732 
1690 691 726 223 
1691 716 888 796 
1692 764 917 844 
1693 811 916 809 
1694 819 899 816 
1695 818 900 817 
1696 739 741 740 
1697 901 914 25 
1698 778 885 858 
1699 37 838 783 
1700 734 736 733 
1701 735 739 738 
1702 693 887 846 
1703 750 893 749 
1704 834 881 706 
1705 731 733 732 
1706 746 869 743 
1707 743 869 737 
1708 733 735 732 
1709 142 906 1 
1710 764 922 797 
1711 856 892 818 
1712 785 903 874 
1713 205 915 18 
1714 911 916 811 
1715 737 869 794 
1716 32 832 232 
1717 787 924 766 
1718 837 883 756 
1719 804 872 806 
1720 833 871 832 
1721 784 885 776 
1722 25 914 220 
1723 793 918 792 
1724 723 924 787 
1725 796 888 763 
1726 83 880 84 
1727 740 870 738 
1728 736 877 733 
1729 735 877 868 
1730 31 790 231 
1731 691 728 727 
1732 694 871 791 
1733 18 915 138 
1734 829 894 827 
1735 761 871 833 
1736 221 901 25 
1737 752 905 782 
1738 718 896 236 
1739 778 919 779 
1740 899 904 816 
1741 780 890 859 
1742 731 732 730 
1743 786 914 901 
1744 733 877 735 
1745 844 886 699 
1746 227 887 226 
1747 703 856 848 
1748 825 889 823 
1749 207 879 206 
1750 748 917 741 
1751 756 883 754 
1752 889 891 823 
1753 747 866 692 
1754 731 876 734 
1755 848 856 818 
1756 729 730 727 
1757 810 884 812 
1758 823 891 821 
1759 729 731 730 
1760 232 832 694 
1761 75 906 751 
1762 763 888 786 
1763 725 915 205 
1764 695 882 861 
1765 80 892 81 
1766 827 894 831 
1767 891 898 821 
1768 870 901 692 
1769 111 838 242 
1770 728 729 727 
1771 729 876 731 
1772 868 881 748 
1773 821 898 819 
1774 874 903 713 
1775 238 924 723 
1776 710 904 853 
1777 751 906 861 
1778 858 897 773 
1779 790 791 781 
1780 728 769 729 
1781 886 917 748 
1782 715 912 887 
1783 694 790 31 
1784 747 908 866 
1785 37 783 241 
1786 849 923 697 
1787 883 905 754 
1788 882 913 751 
1789 231 790 30 
1790 709 916 851 
1791 710 911 904 
1792 817 900 820 
1793 900 902 820 
1794 786 901 870 
1795 769 876 729 
1796 824 910 826 
1797 725 894 864 
1798 820 902 822 
1799 751 913 840 
1800 864 894 829 
1801 833 923 772 
1802 902 909 822 
1803 909 910 824 
1804 822 909 824 
1805 897 907 773 
1806 853 899 719 
1807 772 923 795 
1808 858 919 778 
1809 96 921 97 
1810 754 905 752 
1811 773 907 771 
1812 776 885 778 
1813 797 922 800 
1814 861 906 142 
1815 692 901 221 
1816 846 912 842 
1817 907 920 771 
1818 866 908 730 
1819 851 911 710 
1820 138 915 864 
1821 741 917 764 
1822 771 920 770 
1823 851 916 911 
1824 783 859 241 
1825 727 908 726 
1826 864 915 725 
1827 832 871 694 
1828 768 893 878 
1829 874 890 780 
1830 697 923 833 
1831 878 895 718 
1832 36 721 240 
1833 723 768 767 
1834 730 908 727 
1835 726 908 747 
1836 853 904 899 
1837 895 896 718 
1838 887 912 846 
1839 844 917 886 
1840 898 899 819 
1841 779 896 895 
1842 859 890 721 
1843 719 899 898 
1844 826 913 882 
1845 888 914 786 
1846 875 890 874 
1847 694 791 790 
1848 910 913 826 
1849 795 923 849 
1850 777 895 878 
1851 840 913 910 
1852 721 890 875 
1853 38 7 242 
1854 243 7 38 
1855 7 111 242 
1856 224 691 28 
1857 29 691 224 
1858 33 718 236 
1859 33 767 718 
1860 780 859 110 
1861 110 859 783 
2 8 2 6
1862 245 17 162 
1863 244 137 39 
1864 39 137 245 
1865 137 17 245 
1866 245 162 22 
1867 18 137 244 
2 9 2 30
1868 21 250 247 
1869 20 248 260 
1870 250 40 246 
1871 260 259 147 
1872 251 250 157 
1873 20 260 147 
1874 21 157 250 
1875 258 148 259 
1876 252 251 156 
1877 259 148 147 
1878 251 157 156 
1879 258 257 149 
1880 253 252 155 
1881 148 258 149 
1882 252 156 155 
1883 256 150 257 
1884 254 253 154 
1885 149 257 150 
1886 154 253 155 
1887 256 255 151 
1888 254 153 255 
1889 256 151 150 
1890 254 154 153 
1891 250 246 41 
1892 247 250 41 
1893 260 248 42 
1894 260 42 249 
1895 260 249 43 
1896 255 152 151 
1897 255 153 152 
2 10 2 14
1898 24 165 204 
1899 248 20 42 
1900 24 19 165 
1901 261 19 24 
1902 261 143 19 
1903 42 20 264 
1904 264 20 146 
1905 204 165 23 
1906 144 143 262 
1907 262 143 261 
1908 262 145 144 
1909 146 145 263 
1910 263 145 262 
1911 263 264 146 
2 11 2 14
1912 245 44 269 
1913 21 247 41 
1914 22 44 245 
1915 41 265 21 
1916 21 265 158 
1917 268 44 22 
1918 22 161 268 
1919 158 266 159 
1920 265 266 158 
1921 159 267 160 
1922 266 267 159 
1923 160 267 161 
1924 161 267 268 
1925 39 245 269 
2 12 2 446
1926 959 971 965 
1927 965 968 959 
1928 950 999 998 
1929 937 1059 1029 
1930 998 1002 950 
1931 994 1069 954 
1932 954 1068 994 
1933 998 1067 1002 
1934 936 1082 1033 
1935 1033 1084 936 
1936 1002 1067 953 
1937 959 968 309 
1938 965 971 964 
1939 971 972 970 
1940 1029 1083 937 
1941 962 1058 963 
1942 938 1085 1021 
1943 953 1067 994 
1944 1021 1086 938 
1945 1058 1091 963 
1946 994 1068 953 
1947 1079 1080 1043 
1948 935 1080 1079 
1949 973 978 970 
1950 1072 1088 945 
1951 989 1072 945 
1952 45 310 313 
1953 955 978 973 
1954 954 1069 990 
1955 1077 1078 947 
1956 1045 1078 1077 
1957 964 971 956 
1958 990 1071 954 
1959 990 1072 989 
1960 972 973 970 
1961 956 971 970 
1962 1015 1096 1070 
1963 957 1052 966 
1964 966 1096 957 
1965 989 1071 990 
1966 967 1091 1061 
1967 311 964 7 
1968 166 964 956 
1969 948 1074 1000 
1970 43 1093 270 
1971 1000 1100 948 
1972 264 1093 42 
1973 1088 1090 985 
1974 1070 1096 967 
1975 311 965 964 
1976 974 978 975 
1977 950 1000 999 
1978 309 968 310 
1979 945 1088 985 
1980 959 972 971 
1981 169 974 961 
1982 7 964 166 
1983 310 968 313 
1984 974 975 961 
1985 1035 1044 1036 
1986 976 980 979 
1987 967 1096 966 
1988 1023 1030 1024 
1989 1052 1093 1055 
1990 1036 1044 1042 
1991 981 983 982 
1992 1024 1030 1028 
1993 1090 1099 960 
1994 1061 1070 967 
1995 1010 1051 1050 
1996 287 1011 288 
1997 984 987 986 
1998 1095 1097 1062 
1999 1050 1051 1049 
2000 308 959 309 
2001 312 968 965 
2002 168 974 169 
2003 171 979 949 
2004 979 980 949 
2005 1073 1076 1064 
2006 1056 1057 939 
2007 1046 1049 941 
2008 988 992 991 
2009 944 1011 287 
2010 173 982 958 
2011 1047 1049 1046 
2012 982 983 958 
2013 308 972 959 
2014 313 968 312 
2015 1000 1001 999 
2016 1064 1076 926 
2017 175 986 943 
2018 1049 1051 1048 
2019 986 987 943 
2020 985 1090 960 
2021 288 1011 946 
2022 177 991 942 
2023 969 974 168 
2024 1028 1030 1020 
2025 1042 1044 1032 
2026 993 996 995 
2027 991 992 942 
2028 1047 1050 1049 
2029 928 1044 1035 
2030 166 956 167 
2031 928 1034 1031 
2032 930 1030 1023 
2033 930 1022 1019 
2034 932 1075 1073 
2035 1013 1097 1095 
2036 941 1053 1046 
2037 1060 1061 951 
2038 950 1002 293 
2039 170 979 171 
2040 975 976 961 
2041 976 979 961 
2042 963 1091 967 
2043 306 973 307 
2044 172 982 173 
2045 167 969 168 
2046 201 1060 951 
2047 981 982 949 
2048 174 986 175 
2049 1048 1051 944 
2050 179 995 940 
2051 1008 1012 1004 
2052 969 978 974 
2053 984 986 958 
2054 937 1083 1021 
2055 1053 1054 1040 
2056 1003 1012 948 
2057 181 1056 939 
2058 1004 1012 1003 
2059 980 981 949 
2060 1008 1013 1012 
2061 993 995 942 
2062 1016 1022 931 
2063 1025 1034 929 
2064 995 996 940 
2065 983 984 958 
2066 290 948 291 
2067 290 1003 948 
2068 176 991 177 
2069 1037 1054 927 
2070 987 988 943 
2071 957 1014 272 
2072 931 1022 274 
2073 930 1023 276 
2074 929 1034 278 
2075 928 1035 280 
2076 286 1048 944 
2077 178 995 179 
2078 944 1051 1009 
2079 271 1052 957 
2080 992 993 942 
2081 1015 1017 1016 
2082 1028 1029 1026 
2083 927 1054 282 
2084 283 1054 1053 
2085 284 1053 941 
2086 1042 1043 1038 
2087 1024 1026 1025 
2088 1036 1038 1037 
2089 1005 1006 1004 
2090 1014 1015 931 
2091 946 1004 1003 
2092 1023 1024 929 
2093 1035 1036 927 
2094 1039 1045 1041 
2095 988 991 943 
2096 292 950 293 
2097 1006 1008 1004 
2098 1024 1028 1026 
2099 1026 1027 1025 
2100 1038 1039 1037 
2101 1036 1042 1038 
2102 1015 1016 931 
2103 1005 1007 1006 
2104 1024 1025 929 
2105 1036 1037 927 
2106 1017 1018 1016 
2107 946 1005 1004 
2108 305 977 955 
2109 301 985 960 
2110 946 1003 289 
2111 299 989 945 
2112 273 1014 931 
2113 275 1022 930 
2114 277 1023 929 
2115 279 1034 928 
2116 281 1035 927 
2117 941 1048 285 
2118 305 955 306 
2119 307 973 972 
2120 303 952 304 
2121 301 960 302 
2122 293 1002 294 
2123 296 954 297 
2124 299 945 300 
2125 271 957 272 
2126 270 1052 271 
2127 294 953 295 
2128 273 931 274 
2129 275 930 276 
2130 277 929 278 
2131 279 928 280 
2132 281 927 282 
2133 282 1054 283 
2134 283 1053 284 
2135 284 941 285 
2136 286 944 287 
2137 288 946 289 
2138 962 963 925 
2139 262 962 925 
2140 1040 1054 1037 
2141 289 1003 290 
2142 272 1014 273 
2143 274 1022 275 
2144 276 1023 277 
2145 278 1034 279 
2146 280 1035 281 
2147 285 1048 286 
2148 1039 1041 1040 
2149 261 962 262 
2150 262 925 263 
2151 996 997 940 
2152 941 1049 1048 
2153 1039 1040 1037 
2154 1018 1021 1020 
2155 963 967 966 
2156 1027 1033 1032 
2157 963 966 925 
2158 182 1062 183 
2159 1009 1051 1010 
2160 201 951 202 
2161 181 939 182 
2162 1009 1010 1007 
2163 196 1059 197 
2164 191 947 192 
2165 189 926 190 
2166 193 935 194 
2167 195 936 196 
2168 197 937 198 
2169 199 938 200 
2170 187 932 188 
2171 185 933 186 
2172 183 934 184 
2173 1046 1053 1040 
2174 179 940 180 
2175 939 1062 182 
2176 177 942 178 
2177 987 990 988 
2178 175 943 176 
2179 998 999 997 
2180 992 994 993 
2181 173 958 174 
2182 171 949 172 
2183 169 961 170 
2184 942 995 178 
2185 1021 1085 937 
2186 958 986 174 
2187 949 982 172 
2188 996 998 997 
2189 961 979 170 
2190 197 1059 937 
2191 936 1059 196 
2192 1005 1009 1007 
2193 956 970 969 
2194 956 969 167 
2195 183 1062 934 
2196 997 1057 1056 
2197 994 1067 993 
2198 1019 1022 1016 
2199 1041 1047 1046 
2200 294 1002 953 
2201 1009 1011 944 
2202 943 991 176 
2203 1031 1034 1025 
2204 180 1056 181 
2205 1019 1030 930 
2206 997 1056 940 
2207 185 1063 933 
2208 1031 1044 928 
2209 298 989 299 
2210 300 985 301 
2211 1041 1046 1040 
2212 1018 1020 1019 
2213 200 1060 201 
2214 1027 1032 1031 
2215 184 1063 185 
2216 970 978 969 
2217 932 1073 1064 
2218 940 1056 180 
2219 187 1065 932 
2220 1018 1019 1016 
2221 188 1064 189 
2222 189 1064 926 
2223 202 1058 203 
2224 1027 1031 1025 
2225 935 1079 1033 
2226 932 1064 188 
2227 946 1011 1005 
2228 934 1063 184 
2229 186 1065 187 
2230 304 977 305 
2231 303 1066 952 
2232 996 1067 998 
2233 263 1055 264 
2234 936 1084 1029 
2235 966 1055 925 
2236 933 1065 186 
2237 938 1060 200 
2238 1020 1030 1019 
2239 990 1069 988 
2240 302 1066 303 
2241 999 1057 997 
2242 953 1068 295 
2243 945 985 300 
2244 1032 1044 1031 
2245 296 1068 954 
2246 960 1066 302 
2247 312 965 311 
2248 993 1067 996 
2249 1065 1081 1075 
2250 1033 1082 935 
2251 951 1058 202 
2252 1005 1011 1009 
2253 1055 1093 264 
2254 307 972 308 
2255 925 1055 263 
2256 947 1078 1043 
2257 992 1069 994 
2258 1065 1075 932 
2259 926 1076 1045 
2260 987 1072 990 
2261 952 977 304 
2262 1043 1080 947 
2263 1042 1079 1043 
2264 270 1093 1052 
2265 1028 1083 1029 
2266 1033 1079 1032 
2267 1021 1083 1020 
2268 954 1071 297 
2269 295 1068 296 
2270 1045 1077 926 
2271 1045 1076 1041 
2272 1043 1078 1038 
2273 1039 1078 1045 
2274 24 1089 261 
2275 1029 1084 1026 
2276 191 1077 947 
2277 1027 1084 1033 
2278 947 1080 192 
2279 193 1080 935 
2280 1018 1086 1021 
2281 926 1077 190 
2282 195 1082 936 
2283 935 1082 194 
2284 1066 1099 1098 
2285 1052 1055 966 
2286 1012 1074 948 
2287 199 1085 938 
2288 937 1085 198 
2289 978 1101 975 
2290 950 1100 1000 
2291 1014 1096 1015 
2292 948 1100 291 
2293 298 1071 989 
2294 292 1100 950 
2295 1070 1094 1017 
2296 1001 1074 1013 
2297 1098 1102 952 
2298 960 1099 1066 
2299 988 1069 992 
2300 955 973 306 
2301 951 1091 1058 
2302 1029 1059 936 
2303 203 1089 24 
2304 933 1087 1081 
2305 933 1081 1065 
2306 962 1089 1058 
2307 1015 1070 1017 
2308 1050 1075 1010 
2309 984 1072 987 
2310 1063 1092 1087 
2311 1073 1075 1050 
2312 297 1071 298 
2313 981 1099 1090 
2314 1063 1087 933 
2315 984 1088 1072 
2316 938 1094 1060 
2317 1032 1079 1042 
2318 1013 1074 1012 
2319 976 1102 1098 
2320 1013 1095 1001 
2321 1057 1095 939 
2322 1020 1083 1028 
2323 981 1090 983 
2324 1075 1081 1010 
2325 939 1095 1062 
2326 976 1098 980 
2327 1061 1094 1070 
2328 977 1102 1101 
2329 1047 1073 1050 
2330 1066 1098 952 
2331 1000 1074 1001 
2332 190 1077 191 
2333 1001 1057 999 
2334 192 1080 193 
2335 1010 1081 1007 
2336 1047 1076 1073 
2337 1038 1078 1039 
2338 1041 1076 1047 
2339 194 1082 195 
2340 1026 1084 1027 
2341 1081 1087 1007 
2342 1017 1086 1018 
2343 934 1097 1092 
2344 261 1089 962 
2345 983 1090 1088 
2346 955 1101 978 
2347 934 1092 1063 
2348 198 1085 199 
2349 1007 1087 1006 
2350 1087 1092 1006 
2351 1101 1102 975 
2352 983 1088 984 
2353 1062 1097 934 
2354 1006 1092 1008 
2355 1060 1094 1061 
2356 957 1096 1014 
2357 1061 1091 951 
2358 1092 1097 1008 
2359 1098 1099 980 
2360 977 1101 955 
2361 1008 1097 1013 
2362 1058 1089 203 
2363 1086 1094 938 
2364 980 1099 981 
2365 291 1100 292 
2366 975 1102 976 
2367 952 1102 977 
2368 1017 1094 1086 
2369 1001 1095 1057 
2370 42 1093 249 
2371 249 1093 43 
2 13 2 95
2372 205 244 314 
2373 241 350 37 
2374 232 341 32 
2375 35 349 240 
2376 240 349 36 
2377 26 332 222 
2378 351 7 243 
2379 220 330 25 
2380 330 331 25 
2381 221 332 26 
2382 27 333 223 
2383 332 333 27 
2384 29 334 225 
2385 29 333 334 
2386 339 340 30 
2387 32 342 233 
2388 32 341 342 
2389 236 346 33 
2390 33 346 237 
2391 346 347 34 
2392 35 348 349 
2393 36 350 241 
2394 36 349 350 
2395 37 350 351 
2396 242 351 38 
2397 38 351 243 
2398 314 269 44 
2399 326 217 216 
2400 327 218 217 
2401 328 219 218 
2402 327 328 218 
2403 329 220 219 
2404 328 329 219 
2405 330 220 329 
2406 334 335 225 
2407 338 339 230 
2408 340 341 232 
2409 233 343 234 
2410 342 343 233 
2411 234 344 235 
2412 234 343 344 
2413 235 345 236 
2414 344 345 235 
2415 345 346 236 
2416 238 347 348 
2417 244 205 18 
2418 25 331 221 
2419 222 332 27 
2420 223 333 28 
2421 28 333 224 
2422 224 333 29 
2423 230 339 30 
2424 30 340 231 
2425 231 340 31 
2426 31 340 232 
2427 237 346 34 
2428 34 347 238 
2429 239 348 35 
2430 37 351 242 
2431 314 244 39 
2432 39 269 314 
2433 205 315 206 
2434 314 315 205 
2435 316 207 206 
2436 315 316 206 
2437 317 208 207 
2438 316 317 207 
2439 318 209 208 
2440 318 208 317 
2441 319 210 209 
2442 319 209 318 
2443 320 211 210 
2444 320 210 319 
2445 321 212 211 
2446 320 321 211 
2447 322 213 212 
2448 322 212 321 
2449 323 214 213 
2450 323 213 322 
2451 324 215 214 
2452 323 324 214 
2453 325 216 215 
2454 324 325 215 
2455 325 326 216 
2456 326 327 217 
2457 331 332 221 
2458 225 335 226 
2459 226 336 227 
2460 335 336 226 
2461 227 337 228 
2462 336 337 227 
2463 228 337 229 
2464 229 338 230 
2465 337 338 229 
2466 238 348 239 
2 14 2 1038
2467 1108 1520 1425 
2468 1140 1318 1313 
2469 1316 1538 1315 
2470 1315 1538 1139 
2471 1152 1328 1150 
2472 1136 1458 1417 
2473 1140 1534 1318 
2474 260 1329 259 
2475 1425 1562 1108 
2476 1325 1537 1326 
2477 251 1333 250 
2478 1240 1327 1324 
2479 260 1566 1329 
2480 1322 1323 1132 
2481 1136 1459 1458 
2482 1240 1328 1327 
2483 1321 1322 1132 
2484 1124 1509 1334 
2485 1333 1567 250 
2486 1404 1543 1121 
2487 1150 1328 1240 
2488 1206 1328 1152 
2489 1509 1569 1334 
2490 1324 1338 1240 
2491 301 1520 300 
2492 1327 1537 1325 
2493 1545 1546 1310 
2494 1310 1546 1259 
2495 1323 1325 1116 
2496 1312 1544 1525 
2497 1417 1524 1136 
2498 1525 1544 1117 
2499 1103 1385 1311 
2500 1406 1543 1404 
2501 1548 1568 1335 
2502 1545 1564 388 
2503 1116 1561 1323 
2504 1118 1550 1407 
2505 1326 1537 1337 
2506 1425 1520 1424 
2507 1322 1338 1324 
2508 1250 1568 1548 
2509 1328 1541 1327 
2510 1327 1541 1537 
2511 300 1520 1108 
2512 1135 1520 301 
2513 1310 1564 1545 
2514 1137 1462 1312 
2515 366 1514 365 
2516 1121 1556 1404 
2517 1133 1378 1314 
2518 1458 1459 1262 
2519 1407 1550 1406 
2520 368 1486 367 
2521 1133 1380 1378 
2522 1103 1486 1385 
2523 1459 1544 1262 
2524 1311 1514 1103 
2525 1135 1519 1424 
2526 1378 1380 1317 
2527 1424 1520 1135 
2528 1314 1486 1133 
2529 1307 1560 1559 
2530 1395 1499 1394 
2531 1312 1525 1137 
2532 1322 1324 1323 
2533 1317 1380 1113 
2534 1371 1395 1392 
2535 1494 1521 1227 
2536 1488 1517 1437 
2537 1533 1538 1316 
2538 1371 1499 1395 
2539 367 1486 1103 
2540 1137 1514 1462 
2541 1113 1381 1317 
2542 365 1514 1137 
2543 1357 1500 1345 
2544 1133 1486 368 
2545 1117 1544 1459 
2546 1385 1486 1314 
2547 1103 1514 366 
2548 1462 1514 1311 
2549 1559 1560 1109 
2550 1392 1396 1371 
2551 1409 1530 1527 
2552 1224 1496 1495 
2553 1495 1496 1374 
2554 1110 1396 1393 
2555 1527 1573 1409 
2556 1224 1495 1384 
2557 1344 1484 1342 
2558 1396 1453 1369 
2559 1384 1494 1224 
2560 1496 1498 1374 
2561 1119 1342 1330 
2562 1226 1484 1344 
2563 1374 1498 1373 
2564 1393 1502 1501 
2565 1506 1507 1363 
2566 1543 1550 305 
2567 1501 1502 1128 
2568 1255 1500 1357 
2569 1342 1484 1330 
2570 1363 1505 1356 
2571 1232 1507 1506 
2572 1394 1499 1225 
2573 1113 1493 1381 
2574 1393 1396 1392 
2575 1381 1493 1319 
2576 1313 1563 1140 
2577 1325 1326 1116 
2578 1258 1320 1144 
2579 1352 1517 1488 
2580 1324 1325 1323 
2581 1384 1521 1494 
2582 1319 1493 1126 
2583 1258 1321 1320 
2584 1371 1396 1369 
2585 1330 1478 1119 
2586 1373 1498 1225 
2587 1143 1320 1141 
2588 1110 1453 1396 
2589 1111 1490 1436 
2590 1225 1499 1373 
2591 1142 1333 1332 
2592 271 1143 1141 
2593 1142 1332 1331 
2594 1142 1331 391 
2595 1320 1329 1141 
2596 1417 1551 1524 
2597 1258 1338 1322 
2598 1144 1320 1143 
2599 1336 1337 1243 
2600 1231 1505 1363 
2601 1436 1489 1111 
2602 1146 1338 1258 
2603 1333 1334 1332 
2604 1242 1336 1243 
2605 1355 1357 1345 
2606 1429 1526 1518 
2607 1126 1493 372 
2608 1258 1322 1321 
2609 1492 1504 1306 
2610 1321 1329 1320 
2611 1119 1478 274 
2612 1375 1382 1349 
2613 1353 1355 1345 
2614 45 1523 310 
2615 310 1523 1139 
2616 1125 1144 1143 
2617 271 1141 270 
2618 392 1142 391 
2619 1365 1366 1217 
2620 1345 1500 1344 
2621 1146 1258 1144 
2622 1351 1383 1348 
2623 1250 1336 1242 
2624 1331 1335 1122 
2625 1366 1481 1217 
2626 1242 1243 1233 
2627 1125 1143 272 
2628 1277 1381 1279 
2629 390 1331 1122 
2630 1349 1383 1375 
2631 1365 1480 1339 
2632 1240 1338 1148 
2633 1114 1346 277 
2634 1217 1480 1365 
2635 275 1341 1119 
2636 1349 1382 1377 
2637 1348 1383 1349 
2638 1343 1353 1345 
2639 1341 1342 1119 
2640 1148 1338 1146 
2641 1346 1353 1343 
2642 1351 1384 1383 
2643 1347 1377 290 
2644 272 1143 271 
2645 391 1331 390 
2646 1145 1146 1144 
2647 1207 1466 1340 
2648 1209 1233 1206 
2649 1393 1501 1110 
2650 1114 1353 1346 
2651 1187 1470 1185 
2652 1340 1467 1207 
2653 1145 1478 1330 
2654 1465 1468 1297 
2655 1339 1480 1216 
2656 1332 1335 1331 
2657 1349 1377 1347 
2658 1125 1478 1145 
2659 273 1125 272 
2660 1317 1381 1277 
2661 277 1346 276 
2662 1150 1240 1148 
2663 390 1122 389 
2664 1362 1447 1445 
2665 275 1119 274 
2666 1216 1379 1339 
2667 1279 1381 1319 
2668 1203 1468 1465 
2669 1379 1475 1359 
2670 1235 1242 1233 
2671 1127 1447 1361 
2672 1402 1467 1340 
2673 1125 1145 1144 
2674 291 1347 290 
2675 1386 1468 1203 
2676 1361 1447 1362 
2677 1216 1475 1379 
2678 1386 1479 1298 
2679 1203 1479 1386 
2680 1154 1206 1152 
2681 1248 1250 1242 
2682 1207 1470 1466 
2683 276 1341 275 
2684 1185 1470 1207 
2685 1297 1470 1465 
2686 1284 1402 1282 
2687 1465 1470 1187 
2688 1358 1401 1210 
2689 1358 1415 1401 
2690 1147 1148 1146 
2691 1190 1438 1192 
2692 1113 1380 370 
2693 370 1380 369 
2694 1228 1437 1434 
2695 1215 1471 1359 
2696 1401 1415 1211 
2697 1210 1402 1358 
2698 1359 1475 1215 
2699 1202 1399 1195 
2700 1154 1209 1206 
2701 1434 1460 1228 
2702 1377 1382 1115 
2703 1282 1402 1340 
2704 1432 1460 1434 
2705 1195 1399 1193 
2706 1471 1474 1364 
2707 1354 1355 1353 
2708 1398 1399 1202 
2709 1367 1453 287 
2710 1227 1438 1190 
2711 1210 1467 1402 
2712 1215 1474 1471 
2713 276 1346 1341 
2714 1145 1147 1146 
2715 1228 1438 1437 
2716 1211 1415 1360 
2717 1202 1400 1398 
2718 1358 1402 1284 
2719 1343 1344 1342 
2720 1361 1477 1127 
2721 1126 1510 1319 
2722 1369 1453 1367 
2723 1214 1476 1364 
2724 1376 1510 1126 
2725 1306 1366 1365 
2726 1114 1477 1354 
2727 1192 1438 1228 
2728 1234 1460 1432 
2729 294 1134 293 
2730 369 1133 368 
2731 289 1115 288 
2732 373 1126 372 
2733 1300 1379 1359 
2734 1304 1365 1339 
2735 1115 1367 288 
2736 1360 1473 1211 
2737 1306 1365 1304 
2738 1105 1376 374 
2739 369 1380 1133 
2740 1234 1432 1430 
2741 1134 1472 293 
2742 1341 1343 1342 
2743 1114 1354 1353 
2744 1298 1479 1399 
2745 1473 1476 1214 
2746 1324 1327 1325 
2747 1275 1378 1317 
2748 373 1376 1126 
2749 1115 1368 1367 
2750 1305 1306 1304 
2751 1354 1477 1361 
2752 289 1377 1115 
2753 1115 1382 1368 
2754 1364 1474 1214 
2755 1273 1275 1274 
2756 1360 1476 1473 
2757 1430 1461 1234 
2758 1304 1339 1302 
2759 1271 1273 1272 
2760 1428 1461 1430 
2761 281 1448 280 
2762 1303 1304 1302 
2763 1392 1395 1388 
2764 1180 1182 1181 
2765 1275 1317 1277 
2766 1180 1181 1179 
2767 1434 1437 1435 
2768 1178 1394 1225 
2769 1364 1476 1292 
2770 1273 1274 1272 
2771 1400 1463 1397 
2772 1176 1394 1178 
2773 1178 1180 1179 
2774 1434 1435 1433 
2775 280 1448 1127 
2776 1127 1448 1447 
2777 1271 1272 1270 
2778 1202 1463 1400 
2779 1314 1378 1273 
2780 1273 1378 1275 
2781 1269 1271 1270 
2782 1372 1375 1374 
2783 1275 1276 1274 
2784 1182 1183 1181 
2785 1301 1302 1300 
2786 1444 1445 1443 
2787 1178 1179 1177 
2788 1444 1446 1445 
2789 1236 1428 1426 
2790 1368 1372 1370 
2791 1372 1374 1373 
2792 1275 1277 1276 
2793 1432 1434 1433 
2794 1302 1379 1300 
2795 1269 1270 1268 
2796 1442 1444 1443 
2797 1176 1178 1177 
2798 1384 1495 1383 
2799 1236 1461 1428 
2800 1174 1387 1176 
2801 288 1367 287 
2802 1398 1400 1268 
2803 1387 1394 1176 
2804 1271 1314 1273 
2805 1300 1359 1296 
2806 1208 1414 1397 
2807 1368 1382 1372 
2808 1442 1443 1112 
2809 1254 1416 1412 
2810 1182 1184 1183 
2811 1299 1300 1296 
2812 1271 1385 1314 
2813 1176 1177 1175 
2814 1426 1456 1236 
2815 1432 1433 1431 
2816 1466 1470 1297 
2817 1112 1448 281 
2818 290 1377 289 
2819 1174 1176 1175 
2820 1257 1315 1313 
2821 1267 1269 1268 
2822 1423 1456 1426 
2823 1372 1373 1370 
2824 1257 1313 1256 
2825 1245 1257 1256 
2826 1295 1296 1294 
2827 1372 1382 1375 
2828 1362 1363 1356 
2829 1269 1385 1271 
2830 1412 1417 1254 
2831 1297 1468 1276 
2832 1418 1420 1407 
2833 1178 1225 1180 
2834 1184 1224 1186 
2835 1412 1416 1411 
2836 1237 1411 1222 
2837 1397 1463 1208 
2838 374 1376 373 
2839 1245 1256 1244 
2840 1430 1432 1431 
2841 1294 1364 1292 
2842 1277 1278 1276 
2843 1301 1303 1302 
2844 1286 1415 1358 
2845 1268 1400 1266 
2846 1208 1457 1414 
2847 1354 1356 1355 
2848 1360 1415 1288 
2849 1267 1268 1266 
2850 1441 1442 1112 
2851 1303 1305 1304 
2852 1177 1401 1211 
2853 1266 1400 1397 
2854 1414 1457 1251 
2855 1272 1298 1270 
2856 1174 1175 1173 
2857 1223 1413 1238 
2858 1397 1414 1264 
2859 307 1121 306 
2860 287 1453 286 
2861 1359 1471 1296 
2862 1408 1409 1247 
2863 1238 1245 1244 
2864 1239 1413 1223 
2865 1413 1418 1405 
2866 1293 1294 1292 
2867 1223 1238 1237 
2868 1290 1360 1288 
2869 1276 1468 1274 
2870 1266 1397 1264 
2871 1388 1395 1387 
2872 1184 1185 1183 
2873 1286 1358 1284 
2874 1229 1387 1174 
2875 1428 1430 1429 
2876 1238 1244 1237 
2877 1223 1237 1222 
2878 1244 1408 1247 
2879 1257 1403 1316 
2880 1257 1316 1315 
2881 1411 1416 1222 
2882 1245 1403 1257 
2883 1405 1418 1407 
2884 1422 1456 1423 
2885 1422 1454 1212 
2886 1247 1411 1237 
2887 1445 1447 1443 
2888 1221 1223 1222 
2889 1265 1266 1264 
2890 1299 1301 1300 
2891 1246 1404 1403 
2892 356 1123 355 
2893 1419 1454 1422 
2894 1435 1436 1433 
2895 1264 1414 1253 
2896 1295 1299 1296 
2897 1339 1379 1302 
2898 1455 1464 1230 
2899 1272 1386 1298 
2900 1390 1392 1388 
2901 1426 1428 1427 
2902 1274 1386 1272 
2903 1246 1403 1245 
2904 1238 1246 1245 
2905 361 1136 360 
2906 302 1135 301 
2907 1181 1210 1179 
2908 296 1111 295 
2909 367 1103 366 
2910 1239 1418 1413 
2911 1423 1426 1425 
2912 1263 1264 1253 
2913 1253 1414 1251 
2914 1387 1395 1394 
2915 1238 1413 1246 
2916 1221 1222 1220 
2917 363 1117 362 
2918 300 1108 299 
2919 1222 1416 1220 
2920 1313 1318 1256 
2921 1172 1174 1173 
2922 1428 1429 1427 
2923 1188 1227 1190 
2924 1177 1211 1175 
2925 1419 1422 1421 
2926 1239 1454 1419 
2927 1422 1423 1421 
2928 359 1120 358 
2929 304 1118 303 
2930 1241 1251 1218 
2931 1430 1431 1429 
2932 1263 1265 1264 
2933 376 1439 375 
2934 371 1113 370 
2935 375 1439 1105 
2936 1129 1439 376 
2937 377 1440 1129 
2938 377 1129 376 
2939 378 1440 377 
2940 1106 1440 378 
2941 278 1114 277 
2942 282 1112 281 
2943 1128 1441 283 
2944 381 1130 380 
2945 379 1106 378 
2946 379 1449 1106 
2947 1107 1450 382 
2948 283 1441 282 
2949 382 1450 381 
2950 282 1441 1112 
2951 284 1128 283 
2952 380 1449 379 
2953 286 1110 285 
2954 1130 1449 380 
2955 381 1450 1130 
2956 385 1131 384 
2957 384 1452 383 
2958 386 1451 385 
2959 387 1109 386 
2960 385 1451 1131 
2961 383 1107 382 
2962 1131 1452 384 
2963 383 1452 1107 
2964 1109 1451 386 
2965 375 1105 374 
2966 280 1127 279 
2967 292 1104 291 
2968 1265 1267 1266 
2969 1311 1385 1269 
2970 1221 1239 1223 
2971 1212 1456 1422 
2972 354 1140 353 
2973 1172 1229 1174 
2974 1426 1427 1425 
2975 1244 1247 1237 
2976 1241 1252 1251 
2977 1241 1416 1254 
2978 1251 1457 1218 
2979 1252 1253 1251 
2980 1419 1421 1420 
2981 1201 1457 1208 
2982 1443 1448 1112 
2983 1419 1420 1418 
2984 1293 1295 1294 
2985 1220 1416 1241 
2986 1204 1456 1212 
2987 1423 1425 1424 
2988 1236 1456 1204 
2989 1277 1279 1278 
2990 1213 1221 1220 
2991 1291 1292 1290 
2992 1192 1228 1194 
2993 1205 1457 1201 
2994 1423 1424 1421 
2995 1213 1218 1205 
2996 1220 1241 1218 
2997 1241 1254 1252 
2998 1239 1419 1418 
2999 1213 1454 1221 
3000 1368 1370 1369 
3001 1256 1408 1244 
3002 1213 1220 1218 
3003 1212 1454 1213 
3004 1262 1263 1253 
3005 1252 1262 1253 
3006 1221 1454 1239 
3007 1282 1340 1280 
3008 298 1138 297 
3009 365 1137 364 
3010 1212 1213 1205 
3011 1278 1297 1276 
3012 1417 1458 1254 
3013 1201 1208 1199 
3014 1200 1236 1204 
3015 1198 1461 1200 
3016 1389 1464 1455 
3017 1294 1471 1364 
3018 1234 1461 1198 
3019 1204 1212 1205 
3020 1410 1411 1247 
3021 310 1139 309 
3022 1263 1312 1265 
3023 1410 1412 1411 
3024 1199 1463 1197 
3025 1170 1464 1172 
3026 1218 1457 1205 
3027 1254 1458 1252 
3028 1203 1465 1189 
3029 1291 1293 1292 
3030 1204 1205 1201 
3031 1252 1458 1262 
3032 1184 1186 1185 
3033 1409 1410 1247 
3034 1288 1415 1286 
3035 1267 1311 1269 
3036 1185 1207 1183 
3037 1229 1388 1387 
3038 1197 1463 1202 
3039 1200 1204 1201 
3040 1270 1398 1268 
3041 1189 1465 1187 
3042 1200 1201 1199 
3043 1196 1234 1198 
3044 1246 1413 1405 
3045 1191 1203 1189 
3046 1196 1460 1234 
3047 1405 1406 1404 
3048 1198 1200 1199 
3049 1200 1461 1236 
3050 1246 1405 1404 
3051 1389 1455 1391 
3052 1228 1460 1194 
3053 286 1453 1110 
3054 1197 1202 1195 
3055 1298 1399 1398 
3056 1198 1199 1197 
3057 1208 1463 1199 
3058 1312 1462 1265 
3059 1265 1462 1267 
3060 1405 1407 1406 
3061 1289 1290 1288 
3062 1229 1389 1388 
3063 1173 1214 1171 
3064 1318 1408 1256 
3065 1279 1319 1281 
3066 1179 1401 1177 
3067 1389 1391 1390 
3068 1196 1198 1197 
3069 1230 1464 1170 
3070 1389 1390 1388 
3071 1368 1369 1367 
3072 1289 1291 1290 
3073 1172 1173 1171 
3074 1196 1197 1195 
3075 1390 1393 1392 
3076 1279 1280 1278 
3077 1278 1466 1297 
3078 1340 1466 1280 
3079 1172 1464 1229 
3080 1194 1196 1195 
3081 1229 1464 1389 
3082 1287 1288 1286 
3083 1170 1172 1171 
3084 1186 1187 1185 
3085 278 1477 1114 
3086 1127 1477 279 
3087 273 1478 1125 
3088 1194 1460 1196 
3089 1370 1371 1369 
3090 1287 1289 1288 
3091 1298 1398 1270 
3092 1194 1195 1193 
3093 1267 1462 1311 
3094 1209 1235 1233 
3095 1214 1474 1171 
3096 1399 1479 1193 
3097 1211 1473 1175 
3098 1181 1467 1210 
3099 1447 1448 1443 
3100 1280 1466 1278 
3101 1274 1468 1386 
3102 1292 1476 1290 
3103 1168 1230 1170 
3104 1169 1215 1167 
3105 1183 1467 1181 
3106 1192 1194 1193 
3107 1186 1188 1187 
3108 1170 1171 1169 
3109 1296 1471 1294 
3110 1207 1467 1183 
3111 1104 1348 1347 
3112 1285 1286 1284 
3113 1192 1193 1191 
3114 1173 1473 1214 
3115 1104 1347 291 
3116 1285 1287 1286 
3117 1279 1281 1280 
3118 1281 1282 1280 
3119 1168 1170 1169 
3120 1210 1401 1179 
3121 1188 1189 1187 
3122 1190 1192 1191 
3123 1175 1473 1173 
3124 1168 1169 1167 
3125 1104 1350 1348 
3126 1190 1191 1189 
3127 1188 1190 1189 
3128 1283 1284 1282 
3129 1171 1474 1169 
3130 1350 1351 1348 
3131 1166 1168 1167 
3132 1348 1349 1347 
3133 1283 1285 1284 
3134 293 1472 292 
3135 1164 1232 1166 
3136 1165 1216 1163 
3137 1290 1476 1360 
3138 1281 1283 1282 
3139 1350 1352 1351 
3140 1169 1474 1215 
3141 1166 1167 1165 
3142 1193 1479 1191 
3143 1215 1475 1167 
3144 279 1477 278 
3145 1361 1362 1356 
3146 1164 1166 1165 
3147 1191 1479 1203 
3148 1156 1255 1158 
3149 1167 1475 1165 
3150 1164 1165 1163 
3151 1165 1475 1216 
3152 274 1478 273 
3153 1343 1345 1344 
3154 1162 1164 1163 
3155 1160 1231 1162 
3156 1354 1361 1356 
3157 1161 1217 1159 
3158 1162 1163 1161 
3159 1134 1482 1472 
3160 1149 1150 1148 
3161 292 1472 1104 
3162 1216 1480 1163 
3163 1147 1149 1148 
3164 1156 1483 1255 
3165 1159 1481 1157 
3166 1160 1162 1161 
3167 1154 1469 1209 
3168 1157 1481 1219 
3169 1163 1480 1161 
3170 1160 1161 1159 
3171 1161 1480 1217 
3172 1104 1472 1350 
3173 1158 1160 1159 
3174 1157 1219 1155 
3175 1261 1308 1307 
3176 1308 1309 1307 
3177 1235 1248 1242 
3178 1153 1154 1152 
3179 1153 1155 1154 
3180 1153 1156 1155 
3181 1151 1152 1150 
3182 1158 1159 1157 
3183 1219 1469 1155 
3184 1155 1469 1154 
3185 1232 1506 1446 
3186 1503 1505 1231 
3187 1341 1346 1343 
3188 1151 1153 1152 
3189 1156 1158 1157 
3190 1350 1482 1352 
3191 1217 1481 1159 
3192 1156 1157 1155 
3193 1249 1261 1260 
3194 1145 1330 1147 
3195 1472 1482 1350 
3196 1149 1151 1150 
3197 1261 1307 1260 
3198 1149 1226 1151 
3199 1309 1504 1492 
3200 372 1493 371 
3201 1260 1310 1259 
3202 1508 1513 1230 
3203 1249 1259 1248 
3204 1438 1488 1437 
3205 1249 1260 1259 
3206 1153 1483 1156 
3207 1151 1483 1153 
3208 1344 1500 1226 
3209 1446 1508 1232 
3210 256 1116 255 
3211 1226 1483 1151 
3212 254 1485 253 
3213 1235 1249 1248 
3214 1147 1484 1149 
3215 1330 1484 1147 
3216 1436 1490 1433 
3217 258 1132 257 
3218 1469 1487 1209 
3219 1149 1484 1226 
3220 1209 1487 1235 
3221 1249 1487 1261 
3222 253 1124 252 
3223 1224 1494 1186 
3224 1111 1489 295 
3225 295 1489 294 
3226 1188 1494 1227 
3227 1375 1495 1374 
3228 1235 1487 1249 
3229 1516 1526 1490 
3230 1376 1522 1510 
3231 1184 1496 1224 
3232 1437 1517 1435 
3233 1357 1503 1255 
3234 1225 1498 1180 
3235 1111 1516 1490 
3236 1363 1507 1231 
3237 1227 1488 1438 
3238 1356 1505 1355 
3239 1329 1552 259 
3240 294 1489 1134 
3241 1261 1491 1308 
3242 1373 1499 1370 
3243 1435 1515 1436 
3244 1487 1491 1261 
3245 1469 1491 1487 
3246 1485 1509 1124 
3247 1433 1490 1431 
3248 284 1501 1128 
3249 1110 1501 285 
3250 1306 1504 1366 
3251 253 1485 1124 
3252 1366 1497 1481 
3253 1305 1492 1306 
3254 1491 1497 1308 
3255 1383 1495 1375 
3256 1390 1502 1393 
3257 1446 1506 1445 
3258 1362 1506 1363 
3259 1219 1491 1469 
3260 1255 1503 1158 
3261 371 1493 1113 
3262 1160 1503 1231 
3263 1186 1494 1188 
3264 1357 1505 1503 
3265 1227 1521 1488 
3266 1168 1508 1230 
3267 1219 1497 1491 
3268 1164 1507 1232 
3269 1232 1508 1166 
3270 1435 1517 1515 
3271 1105 1522 1376 
3272 1182 1496 1184 
3273 1231 1507 1162 
3274 1226 1500 1483 
3275 1319 1510 1281 
3276 1481 1497 1219 
3277 1182 1498 1496 
3278 1391 1512 1511 
3279 1511 1512 1442 
3280 1407 1565 1118 
3281 1180 1498 1182 
3282 1518 1526 1138 
3283 1128 1511 1441 
3284 1206 1541 1328 
3285 1446 1513 1508 
3286 1483 1500 1255 
3287 1370 1499 1371 
3288 1424 1519 1421 
3289 1366 1504 1497 
3290 251 1553 1333 
3291 285 1501 284 
3292 1489 1515 1134 
3293 1436 1515 1489 
3294 1323 1561 1132 
3295 1105 1528 1522 
3296 1497 1504 1308 
3297 1352 1521 1351 
3298 1391 1502 1390 
3299 1158 1503 1160 
3300 1308 1504 1309 
3301 1445 1506 1362 
3302 1336 1509 1337 
3303 1431 1526 1429 
3304 1355 1505 1357 
3305 1442 1512 1444 
3306 1512 1513 1444 
3307 1488 1521 1352 
3308 1444 1513 1446 
3309 1162 1507 1164 
3310 1166 1508 1168 
3311 1502 1511 1128 
3312 1439 1528 1105 
3313 1281 1510 1283 
3314 1334 1553 1124 
3315 1441 1511 1442 
3316 297 1516 296 
3317 1138 1516 297 
3318 1455 1512 1391 
3319 1132 1552 1321 
3320 1439 1531 1528 
3321 1455 1513 1512 
3322 1391 1511 1502 
3323 1230 1513 1455 
3324 1510 1522 1283 
3325 1134 1515 1482 
3326 1329 1566 1141 
3327 296 1516 1111 
3328 1429 1518 1427 
3329 1482 1517 1352 
3330 1421 1519 1420 
3331 43 1566 260 
3332 250 1567 40 
3333 270 1566 43 
3334 40 1567 392 
3335 1351 1521 1384 
3336 1515 1517 1482 
3337 1129 1531 1439 
3338 1138 1526 1516 
3339 1409 1573 1410 
3340 1283 1522 1285 
3341 1406 1550 1543 
3342 352 1523 45 
3343 360 1524 359 
3344 359 1524 1120 
3345 1233 1541 1206 
3346 1129 1532 1531 
3347 1136 1524 360 
3348 364 1525 363 
3349 1137 1525 364 
3350 363 1525 1117 
3351 1522 1528 1285 
3352 1142 1567 1333 
3353 1318 1534 1123 
3354 302 1529 1135 
3355 358 1527 357 
3356 1120 1527 358 
3357 389 1545 388 
3358 1139 1574 1315 
3359 1524 1551 1120 
3360 1440 1532 1129 
3361 1263 1544 1312 
3362 1118 1529 303 
3363 1490 1526 1431 
3364 1285 1528 1287 
3365 1332 1548 1335 
3366 1123 1570 1318 
3367 1440 1535 1532 
3368 303 1529 302 
3369 357 1530 356 
3370 356 1530 1123 
3371 1410 1551 1412 
3372 1528 1531 1287 
3373 1106 1535 1440 
3374 1404 1556 1403 
3375 1326 1555 1116 
3376 1108 1536 299 
3377 1316 1556 1533 
3378 1287 1531 1289 
3379 298 1536 1138 
3380 1136 1571 1459 
3381 1116 1555 255 
3382 254 1555 1485 
3383 1337 1572 1326 
3384 1459 1571 1117 
3385 1106 1539 1535 
3386 1307 1559 1260 
3387 1135 1529 1519 
3388 1250 1569 1336 
3389 1427 1562 1425 
3390 1531 1532 1289 
3391 256 1561 1116 
3392 1132 1561 257 
3393 1449 1539 1106 
3394 1318 1570 1408 
3395 1259 1568 1248 
3396 1289 1532 1291 
3397 1449 1542 1539 
3398 308 1533 307 
3399 307 1533 1121 
3400 259 1552 258 
3401 355 1534 354 
3402 305 1550 304 
3403 354 1534 1140 
3404 1532 1535 1291 
3405 306 1543 305 
3406 1130 1542 1449 
3407 1138 1536 1518 
3408 1123 1534 355 
3409 1527 1530 357 
3410 1291 1535 1293 
3411 252 1553 251 
3412 299 1536 298 
3413 1130 1547 1542 
3414 1420 1565 1407 
3415 1485 1572 1509 
3416 1337 1537 1243 
3417 1535 1539 1293 
3418 309 1538 308 
3419 1450 1547 1130 
3420 1139 1538 309 
3421 361 1571 1136 
3422 1117 1571 362 
3423 1537 1541 1243 
3424 1293 1539 1295 
3425 1450 1549 1547 
3426 353 1540 352 
3427 1539 1542 1295 
3428 1107 1549 1450 
3429 1243 1541 1233 
3430 1140 1540 353 
3431 1122 1546 1545 
3432 1107 1554 1549 
3433 1295 1542 1299 
3434 1121 1543 306 
3435 1122 1545 389 
3436 1509 1572 1337 
3437 1262 1544 1263 
3438 1335 1546 1122 
3439 1452 1554 1107 
3440 1542 1547 1299 
3441 1124 1553 252 
3442 1131 1558 1557 
3443 1452 1557 1554 
3444 1299 1547 1301 
3445 258 1552 1132 
3446 1131 1557 1452 
3447 1334 1548 1332 
3448 1109 1560 1451 
3449 1547 1549 1301 
3450 388 1564 387 
3451 352 1540 1523 
3452 1451 1558 1131 
3453 1548 1569 1250 
3454 1301 1549 1303 
3455 387 1564 1109 
3456 1546 1568 1259 
3457 304 1550 1118 
3458 1321 1552 1329 
3459 1333 1553 1334 
3460 1555 1572 1485 
3461 1108 1562 1536 
3462 1549 1554 1303 
3463 1412 1551 1417 
3464 1303 1554 1305 
3465 1557 1558 1492 
3466 308 1538 1533 
3467 255 1555 254 
3468 1554 1557 1305 
3469 1403 1556 1316 
3470 1451 1560 1558 
3471 1305 1557 1492 
3472 1492 1558 1309 
3473 1309 1560 1307 
3474 1260 1559 1310 
3475 1536 1562 1518 
3476 257 1561 256 
3477 1410 1573 1551 
3478 1141 1566 270 
3479 392 1567 1142 
3480 1315 1563 1313 
3481 1558 1560 1309 
3482 1248 1568 1250 
3483 1533 1556 1121 
3484 1518 1562 1427 
3485 1408 1570 1409 
3486 1540 1574 1523 
3487 1519 1565 1420 
3488 1409 1570 1530 
3489 362 1571 361 
3490 1336 1569 1509 
3491 1140 1563 1540 
3492 1529 1565 1519 
3493 1118 1565 1529 
3494 1530 1570 1123 
3495 1335 1568 1546 
3496 1109 1564 1559 
3497 1326 1572 1555 
3498 1563 1574 1540 
3499 1334 1569 1548 
3500 1523 1574 1139 
3501 1120 1573 1527 
3502 1551 1573 1120 
3503 1559 1564 1310 
3504 1315 1574 1563 
2 15 2 448
3505 353 1619 1610 
3506 1610 1717 354 
3507 7 1615 311 
3508 1648 1649 1601 
3509 1678 1707 1588 
3510 1601 1713 1648 
3511 1616 1750 1619 
3512 1713 1718 1648 
3513 1604 1718 1713 
3514 1614 1706 1613 
3515 1619 1750 1610 
3516 355 1739 356 
3517 1682 1734 1587 
3518 1587 1736 1682 
3519 1623 1625 1606 
3520 1614 1740 1706 
3521 1625 1627 1606 
3522 1605 1720 1644 
3523 1588 1735 1678 
3524 1644 1719 1605 
3525 1629 1746 1626 
3526 1615 1616 311 
3527 1742 1751 1629 
3528 1717 1739 355 
3529 1620 1717 1610 
3530 1644 1718 1604 
3531 1628 1629 1626 
3532 1630 1742 1629 
3533 351 1615 7 
3534 1604 1719 1644 
3535 352 1619 353 
3536 1692 1731 1730 
3537 1730 1731 1586 
3538 354 1717 355 
3539 1617 1632 1608 
3540 346 1628 347 
3541 313 352 45 
3542 1598 1729 1728 
3543 1728 1729 1694 
3544 1612 1626 1625 
3545 1637 1720 1605 
3546 1640 1752 1638 
3547 1630 1726 1639 
3548 1639 1742 1630 
3549 1605 1722 1637 
3550 1612 1625 1624 
3551 392 1575 40 
3552 1600 1628 346 
3553 1709 1740 1618 
3554 1721 1747 1664 
3555 1650 1723 1599 
3556 1608 1747 1617 
3557 1599 1749 1650 
3558 1639 1726 1640 
3559 347 1628 1612 
3560 313 1619 352 
3561 1618 1747 1721 
3562 348 1624 349 
3563 1618 1721 1709 
3564 1612 1624 348 
3565 1589 1741 1737 
3566 1640 1726 1609 
3567 1634 1752 1640 
3568 41 1575 265 
3569 1710 1748 1745 
3570 1608 1632 391 
3571 1666 1733 1721 
3572 1649 1650 1601 
3573 357 1627 358 
3574 1685 1693 1684 
3575 1617 1747 1618 
3576 1745 1748 1662 
3577 1673 1679 1672 
3578 1737 1741 1670 
3579 1721 1733 1709 
3580 1600 1629 1628 
3581 1691 1693 1685 
3582 1607 1615 351 
3583 1677 1679 1673 
3584 1699 1700 1659 
3585 356 1739 1606 
3586 374 1660 375 
3587 1612 1628 1626 
3588 1591 1647 1646 
3589 349 1624 1622 
3590 1591 1646 1645 
3591 1698 1700 1699 
3592 1645 1646 1643 
3593 353 1610 354 
3594 1593 1643 1642 
3595 1591 1704 1647 
3596 1606 1627 357 
3597 1593 1642 1641 
3598 1714 1727 1724 
3599 1592 1698 1695 
3600 1593 1645 1643 
3601 375 1660 1595 
3602 1695 1698 1696 
3603 1633 1640 1609 
3604 1594 1633 342 
3605 1577 1727 1714 
3606 1697 1700 1698 
3607 1594 1634 1633 
3608 1597 1660 374 
3609 1594 1641 1635 
3610 1669 1679 1677 
3611 350 1622 1607 
3612 1681 1693 1691 
3613 1641 1642 1635 
3614 1698 1699 1696 
3615 1649 1651 1650 
3616 1607 1622 1621 
3617 1684 1693 1579 
3618 350 1607 351 
3619 1680 1683 1579 
3620 1672 1679 1581 
3621 1576 1703 1617 
3622 1724 1725 1583 
3623 1668 1671 1581 
3624 1695 1701 1592 
3625 1600 1630 1629 
3626 342 1633 343 
3627 1595 1700 1697 
3628 1647 1648 1646 
3629 1591 1645 338 
3630 1653 1661 1657 
3631 1670 1735 1588 
3632 1599 1661 1652 
3633 1652 1661 1653 
3634 1643 1644 1642 
3635 1661 1662 1657 
3636 1689 1702 1701 
3637 1578 1702 1686 
3638 1607 1620 1615 
3639 1582 1671 1665 
3640 1580 1683 1674 
3641 371 1599 372 
3642 380 1702 1578 
3643 1600 1631 1630 
3644 1599 1652 372 
3645 341 1641 1594 
3646 1618 1740 1614 
3647 1594 1635 1634 
3648 390 1663 1608 
3649 1634 1640 1633 
3650 388 1671 1582 
3651 386 1672 1581 
3652 384 1683 1580 
3653 382 1684 1579 
3654 1595 1697 376 
3655 338 1645 339 
3656 349 1622 350 
3657 1658 1700 1595 
3658 1596 1638 1636 
3659 1665 1666 1664 
3660 1604 1713 368 
3661 1675 1678 1677 
3662 1687 1692 1691 
3663 1674 1675 1673 
3664 1686 1687 1685 
3665 1653 1655 1654 
3666 1582 1664 1663 
3667 1652 1653 1597 
3668 1580 1673 1672 
3669 1578 1685 1684 
3670 369 1713 1601 
3671 1593 1641 340 
3672 1690 1694 1688 
3673 1596 1639 1638 
3674 369 1601 370 
3675 1653 1657 1655 
3676 1675 1677 1673 
3677 1674 1676 1675 
3678 1686 1688 1687 
3679 1687 1691 1685 
3680 1582 1665 1664 
3681 1655 1656 1654 
3682 1580 1674 1673 
3683 1578 1686 1685 
3684 1665 1667 1666 
3685 1653 1654 1597 
3686 373 1652 1597 
3687 1596 1636 363 
3688 1582 1663 389 
3689 1701 1702 379 
3690 1581 1671 387 
3691 1580 1672 385 
3692 1579 1683 383 
3693 1578 1684 381 
3694 1592 1701 378 
3695 377 1697 1592 
3696 356 1606 357 
3697 358 1603 359 
3698 360 1611 361 
3699 368 1713 369 
3700 365 1605 366 
3701 362 1596 363 
3702 390 1608 391 
3703 367 1604 368 
3704 379 1702 380 
3705 388 1582 389 
3706 386 1581 387 
3707 384 1580 385 
3708 382 1579 383 
3709 380 1578 381 
3710 377 1592 378 
3711 375 1595 376 
3712 373 1597 374 
3713 1576 1614 1613 
3714 1576 1613 267 
3715 1686 1702 1689 
3716 372 1652 373 
3717 389 1663 390 
3718 387 1671 388 
3719 385 1672 386 
3720 383 1683 384 
3721 381 1684 382 
3722 378 1701 379 
3723 376 1697 377 
3724 1689 1690 1688 
3725 267 1613 268 
3726 1647 1649 1648 
3727 266 1576 267 
3728 1697 1698 1592 
3729 1686 1689 1688 
3730 1669 1670 1667 
3731 1617 1618 1614 
3732 1681 1682 1676 
3733 1576 1617 1614 
3734 334 1710 335 
3735 1689 1701 1695 
3736 358 1627 1603 
3737 1647 1705 1649 
3738 1659 1700 1658 
3739 315 1602 316 
3740 335 1590 336 
3741 1656 1659 1658 
3742 325 1598 326 
3743 327 1577 328 
3744 323 1586 324 
3745 321 1587 322 
3746 319 1588 320 
3747 317 1589 318 
3748 329 1583 330 
3749 331 1584 332 
3750 333 1585 334 
3751 1704 1705 1647 
3752 337 1591 338 
3753 335 1710 1590 
3754 339 1593 340 
3755 1635 1637 1634 
3756 340 1641 341 
3757 341 1594 342 
3758 1596 1711 1639 
3759 343 1609 344 
3760 345 1600 346 
3761 347 1612 348 
3762 339 1645 1593 
3763 1588 1737 1670 
3764 343 1633 1609 
3765 1602 1709 1708 
3766 1656 1658 1654 
3767 1585 1710 334 
3768 1590 1705 1704 
3769 1665 1671 1668 
3770 1695 1696 1690 
3771 337 1704 1591 
3772 1590 1704 336 
3773 1595 1660 1658 
3774 1674 1683 1680 
3775 1581 1679 1668 
3776 1624 1625 1623 
3777 1579 1693 1680 
3778 1622 1623 1621 
3779 363 1636 364 
3780 391 1632 392 
3781 321 1707 1587 
3782 1588 1707 320 
3783 336 1704 337 
3784 1689 1695 1690 
3785 1668 1669 1667 
3786 1622 1624 1623 
3787 1680 1681 1676 
3788 333 1712 1585 
3789 332 1712 333 
3790 266 1703 1576 
3791 320 1707 321 
3792 1584 1712 332 
3793 1714 1724 1583 
3794 328 1714 329 
3795 362 1711 1596 
3796 1665 1668 1667 
3797 1577 1714 328 
3798 1603 1753 1746 
3799 329 1714 1583 
3800 1674 1680 1676 
3801 1682 1730 1586 
3802 1654 1660 1597 
3803 1643 1718 1644 
3804 330 1715 331 
3805 331 1715 1584 
3806 1603 1716 359 
3807 1648 1718 1646 
3808 1583 1715 330 
3809 1678 1736 1587 
3810 361 1711 362 
3811 1611 1711 361 
3812 1602 1708 316 
3813 317 1708 1589 
3814 1668 1679 1669 
3815 1746 1753 1626 
3816 359 1716 360 
3817 1680 1693 1681 
3818 1609 1631 344 
3819 1706 1740 1602 
3820 265 1703 266 
3821 315 1706 1602 
3822 360 1716 1611 
3823 311 1616 312 
3824 1607 1621 1620 
3825 367 1719 1604 
3826 1586 1734 1682 
3827 1725 1732 1715 
3828 1605 1719 366 
3829 1658 1660 1654 
3830 316 1708 317 
3831 1692 1729 1598 
3832 1644 1720 1642 
3833 1617 1703 1632 
3834 1583 1725 1715 
3835 1636 1752 1722 
3836 1694 1727 1577 
3837 1635 1720 1637 
3838 1598 1731 1692 
3839 1621 1717 1620 
3840 1662 1723 1651 
3841 1692 1730 1691 
3842 1599 1723 1661 
3843 1678 1735 1677 
3844 1681 1730 1682 
3845 314 1706 315 
3846 1669 1735 1670 
3847 1646 1718 1643 
3848 365 1722 1605 
3849 345 1631 1600 
3850 1577 1728 1694 
3851 1690 1727 1694 
3852 1687 1729 1692 
3853 1694 1729 1688 
3854 312 1619 313 
3855 1675 1736 1678 
3856 1598 1728 326 
3857 1682 1736 1676 
3858 325 1731 1598 
3859 1586 1731 324 
3860 327 1728 1577 
3861 1587 1734 322 
3862 323 1734 1586 
3863 1606 1739 1623 
3864 268 1744 44 
3865 366 1719 367 
3866 1589 1737 318 
3867 319 1737 1588 
3868 1639 1640 1638 
3869 1650 1749 1601 
3870 1664 1747 1663 
3871 1722 1752 1637 
3872 371 1749 1599 
3873 1667 1741 1666 
3874 1636 1722 364 
3875 1601 1749 370 
3876 44 1744 314 
3877 1651 1745 1662 
3878 1616 1619 312 
3879 1587 1707 1678 
3880 1623 1739 1621 
3881 1711 1742 1639 
3882 1732 1738 1584 
3883 1715 1732 1584 
3884 1666 1721 1664 
3885 1706 1744 1613 
3886 1709 1733 1708 
3887 344 1631 345 
3888 1659 1725 1699 
3889 1642 1720 1635 
3890 1699 1725 1724 
3891 1603 1746 1716 
3892 1649 1705 1651 
3893 1609 1726 1631 
3894 364 1722 365 
3895 1738 1743 1712 
3896 1710 1745 1590 
3897 1691 1730 1681 
3898 1584 1738 1712 
3899 1677 1735 1669 
3900 1590 1745 1705 
3901 1661 1723 1662 
3902 1651 1723 1650 
3903 1659 1732 1725 
3904 1699 1724 1696 
3905 1631 1726 1630 
3906 326 1728 327 
3907 392 1632 1575 
3908 1610 1750 1620 
3909 324 1731 325 
3910 1656 1732 1659 
3911 1724 1727 1696 
3912 1688 1729 1687 
3913 1696 1727 1690 
3914 1615 1750 1616 
3915 322 1734 323 
3916 1676 1736 1675 
3917 1656 1738 1732 
3918 1708 1733 1589 
3919 1666 1741 1733 
3920 1712 1743 1585 
3921 1670 1741 1667 
3922 318 1737 319 
3923 1655 1738 1656 
3924 1743 1748 1585 
3925 1637 1752 1634 
3926 1655 1743 1738 
3927 1613 1744 268 
3928 1626 1753 1625 
3929 1620 1750 1615 
3930 1657 1743 1655 
3931 1657 1748 1743 
3932 1585 1748 1710 
3933 1663 1747 1608 
3934 1611 1742 1711 
3935 1602 1740 1709 
3936 1662 1748 1657 
3937 1611 1751 1742 
3938 1621 1739 1717 
3939 1632 1703 1575 
3940 370 1749 371 
3941 1638 1752 1636 
3942 1625 1753 1627 
3943 314 1744 1706 
3944 1575 1703 265 
3945 1716 1751 1611 
3946 1627 1753 1603 
3947 1705 1745 1651 
3948 1733 1741 1589 
3949 1746 1751 1716 
3950 1629 1751 1746 
3951 40 1575 246 
3952 246 1575 41 
$EndElements
