ISO-10303-21;
HEADER;
/* Generated by software containing ST-Developer
 * from STEP Tools, Inc. (www.steptools.com) 
 */
/* OPTION: using custom renumber hook */

FILE_DESCRIPTION(
/* description */ ('STEP AP242',
'CAx-IF Rec.Pracs.---Representation and Presentation of Product Manufa
cturing Information (PMI)---4.0---2014-10-13',
'CAx-IF Rec.Pracs.---3D Tessellated Geometry---0.4---2014-09-14','2;1'),

/* implementation_level */ '2;1');

FILE_NAME(
/* name */ '68033e5239d3522779c3197a',
/* time_stamp */ '2025-04-19T06:10:27Z',
/* author */ (''),
/* organization */ (''),
/* preprocessor_version */ 'ST-DEVELOPER v20',
/* originating_system */ 'ONSHAPE BY PTC INC, 1.196',
/* authorisation */ '  ');

FILE_SCHEMA (('AP242_MANAGED_MODEL_BASED_3D_ENGINEERING_MIM_LF { 1 0 10303 442 1 1 4 }'));
ENDSEC;

DATA;
#10=SHAPE_REPRESENTATION_RELATIONSHIP('','',#362,#11);
#11=ADVANCED_BREP_SHAPE_REPRESENTATION('',(#360),#3365);
#12=(
BOUNDED_SURFACE()
B_SPLINE_SURFACE(3,2,((#1496,#1497,#1498),(#1499,#1500,#1501),(#1502,#1503,
#1504),(#1505,#1506,#1507),(#1508,#1509,#1510),(#1511,#1512,#1513),(#1514,
#1515,#1516),(#1517,#1518,#1519)),.UNSPECIFIED.,.F.,.F.,.F.)
B_SPLINE_SURFACE_WITH_KNOTS((4,3,1,4),(3,3),(-0.0688984956266979,0.00193692715545953,
11.8494575661765,11.9016824122078),(0.,0.0360010879528056),
 .UNSPECIFIED.)
GEOMETRIC_REPRESENTATION_ITEM()
RATIONAL_B_SPLINE_SURFACE(((1.,0.71469691555602,1.),(1.,0.714690669261216,
1.),(1.,0.714684419670581,1.),(1.,0.714678727826939,1.),(1.,0.713581264971336,
1.),(1.,0.7123260450922,1.),(1.,0.709111295375616,1.),(1.,0.709096625379813,
1.)))
REPRESENTATION_ITEM('')
SURFACE()
);
#13=(
BOUNDED_SURFACE()
B_SPLINE_SURFACE(3,2,((#1524,#1525,#1526),(#1527,#1528,#1529),(#1530,#1531,
#1532),(#1533,#1534,#1535),(#1536,#1537,#1538),(#1539,#1540,#1541),(#1542,
#1543,#1544),(#1545,#1546,#1547)),.UNSPECIFIED.,.F.,.F.,.F.)
B_SPLINE_SURFACE_WITH_KNOTS((4,3,1,4),(3,3),(-0.0688984956271417,0.0019369271554555,
11.8494575661785,11.9016824122808),(0.,0.0360010728115387),
 .UNSPECIFIED.)
GEOMETRIC_REPRESENTATION_ITEM()
RATIONAL_B_SPLINE_SURFACE(((1.,0.714697059985586,1.),(1.,0.714690914241208,
1.),(1.,0.71468474818975,1.),(1.,0.71467837901564,1.),(1.,0.713581874753091,
1.),(1.,0.712325489617285,1.),(1.,0.70911151915708,1.),(1.,0.709096852013427,
1.)))
REPRESENTATION_ITEM('')
SURFACE()
);
#14=PLANE('',#369);
#15=PLANE('',#373);
#16=B_SPLINE_SURFACE_WITH_KNOTS('',3,1,((#411,#412,#413),(#414,#415,#416),
(#417,#418,#419),(#420,#421,#422),(#423,#424,#425),(#426,#427,#428),(#429,
#430,#431),(#432,#433,#434),(#435,#436,#437),(#438,#439,#440),(#441,#442,
#443),(#444,#445,#446),(#447,#448,#449),(#450,#451,#452),(#453,#454,#455),
(#456,#457,#458),(#459,#460,#461),(#462,#463,#464),(#465,#466,#467),(#468,
#469,#470),(#471,#472,#473),(#474,#475,#476),(#477,#478,#479),(#480,#481,
#482),(#483,#484,#485),(#486,#487,#488),(#489,#490,#491),(#492,#493,#494),
(#495,#496,#497),(#498,#499,#500),(#501,#502,#503),(#504,#505,#506),(#507,
#508,#509),(#510,#511,#512),(#513,#514,#515),(#516,#517,#518),(#519,#520,
#521),(#522,#523,#524),(#525,#526,#527),(#528,#529,#530),(#531,#532,#533),
(#534,#535,#536),(#537,#538,#539),(#540,#541,#542),(#543,#544,#545),(#546,
#547,#548),(#549,#550,#551),(#552,#553,#554),(#555,#556,#557),(#558,#559,
#560),(#561,#562,#563),(#564,#565,#566),(#567,#568,#569),(#570,#571,#572),
(#573,#574,#575),(#576,#577,#578),(#579,#580,#581),(#582,#583,#584),(#585,
#586,#587),(#588,#589,#590),(#591,#592,#593),(#594,#595,#596),(#597,#598,
#599),(#600,#601,#602),(#603,#604,#605),(#606,#607,#608)),.UNSPECIFIED.,
 .F.,.F.,.F.,(4,1,1,1,2,1,1,1,1,1,1,1,1,1,1,1,1,1,1,1,1,1,1,1,1,1,1,1,1,
1,1,1,1,1,1,1,1,1,1,1,1,1,1,1,1,1,1,1,1,1,1,1,1,1,1,1,1,1,1,1,1,1,4),(2,
1,2),(0.,0.115025,0.23005,0.345075,0.4601,0.476971875,0.49384375,0.510715625,
0.5191515625,0.5275875,0.5360234375,0.544459375,0.5528953125,0.56133125,
0.5697671875,0.578203125,0.595075,0.6035109375,0.611946875,0.6203828125,
0.62881875,0.6372546875,0.645690625,0.6541265625,0.6625625,0.6709984375,
0.679434375,0.6878703125,0.69630625,0.7047421875,0.713178125,0.7216140625,
0.73005,0.7384859375,0.746921875,0.7553578125,0.76379375,0.7722296875,0.780665625,
0.7891015625,0.7975375,0.8059734375,0.814409375,0.8228453125,0.83128125,
0.8397171875,0.848153125,0.8565890625,0.865025,0.8734609375,0.881896875,
0.8903328125,0.89876875,0.9072046875,0.915640625,0.9240765625,0.9325125,
0.9409484375,0.949384375,0.9578203125,0.96625625,0.983128125,1.),(0.,1.,
1.00601993112949),.UNSPECIFIED.);
#17=B_SPLINE_SURFACE_WITH_KNOTS('',3,1,((#776,#777,#778),(#779,#780,#781),
(#782,#783,#784),(#785,#786,#787),(#788,#789,#790),(#791,#792,#793),(#794,
#795,#796),(#797,#798,#799),(#800,#801,#802),(#803,#804,#805),(#806,#807,
#808),(#809,#810,#811),(#812,#813,#814),(#815,#816,#817),(#818,#819,#820),
(#821,#822,#823),(#824,#825,#826),(#827,#828,#829),(#830,#831,#832),(#833,
#834,#835),(#836,#837,#838),(#839,#840,#841),(#842,#843,#844),(#845,#846,
#847),(#848,#849,#850),(#851,#852,#853),(#854,#855,#856),(#857,#858,#859),
(#860,#861,#862),(#863,#864,#865),(#866,#867,#868),(#869,#870,#871),(#872,
#873,#874),(#875,#876,#877),(#878,#879,#880),(#881,#882,#883),(#884,#885,
#886),(#887,#888,#889),(#890,#891,#892),(#893,#894,#895),(#896,#897,#898),
(#899,#900,#901),(#902,#903,#904),(#905,#906,#907),(#908,#909,#910),(#911,
#912,#913),(#914,#915,#916),(#917,#918,#919),(#920,#921,#922),(#923,#924,
#925),(#926,#927,#928),(#929,#930,#931),(#932,#933,#934),(#935,#936,#937),
(#938,#939,#940),(#941,#942,#943),(#944,#945,#946),(#947,#948,#949),(#950,
#951,#952),(#953,#954,#955),(#956,#957,#958),(#959,#960,#961),(#962,#963,
#964),(#965,#966,#967),(#968,#969,#970),(#971,#972,#973),(#974,#975,#976),
(#977,#978,#979),(#980,#981,#982),(#983,#984,#985),(#986,#987,#988),(#989,
#990,#991),(#992,#993,#994),(#995,#996,#997),(#998,#999,#1000),(#1001,#1002,
#1003),(#1004,#1005,#1006),(#1007,#1008,#1009),(#1010,#1011,#1012),(#1013,
#1014,#1015),(#1016,#1017,#1018),(#1019,#1020,#1021),(#1022,#1023,#1024),
(#1025,#1026,#1027),(#1028,#1029,#1030),(#1031,#1032,#1033),(#1034,#1035,
#1036),(#1037,#1038,#1039),(#1040,#1041,#1042),(#1043,#1044,#1045),(#1046,
#1047,#1048),(#1049,#1050,#1051),(#1052,#1053,#1054),(#1055,#1056,#1057),
(#1058,#1059,#1060),(#1061,#1062,#1063),(#1064,#1065,#1066),(#1067,#1068,
#1069),(#1070,#1071,#1072),(#1073,#1074,#1075),(#1076,#1077,#1078),(#1079,
#1080,#1081),(#1082,#1083,#1084),(#1085,#1086,#1087),(#1088,#1089,#1090)),
 .UNSPECIFIED.,.F.,.F.,.F.,(4,1,1,1,2,1,1,1,1,1,1,1,1,1,1,1,1,1,1,1,1,1,
1,1,1,1,1,1,1,1,1,1,1,1,1,1,1,1,1,1,1,1,1,1,1,1,1,1,1,1,1,1,1,1,1,1,1,1,
1,1,1,1,1,1,1,1,1,1,1,1,1,1,1,1,1,1,1,1,1,1,1,1,1,1,1,1,1,1,1,1,1,1,1,1,
1,1,1,1,1,1,1,4),(2,1,2),(0.,0.092025,0.18405,0.276075,0.3681,0.387846875,
0.3977203125,0.40759375,0.4174671875,0.427340625,0.4372140625,0.4470875,
0.4569609375,0.466834375,0.4767078125,0.48658125,0.4964546875,0.506328125,
0.5162015625,0.526075,0.5359484375,0.545821875,0.5556953125,0.56556875,
0.5754421875,0.585315625,0.5951890625,0.6050625,0.6149359375,0.624809375,
0.6346828125,0.63961953125,0.64455625,0.6544296875,0.664303125,0.6741765625,
0.68405,0.6939234375,0.703796875,0.7136703125,0.72354375,0.7334171875,0.743290625,
0.7531640625,0.7630375,0.7729109375,0.782784375,0.7926578125,0.80253125,
0.8124046875,0.822278125,0.8321515625,0.842025,0.8518984375,0.861771875,
0.86670859375,0.8716453125,0.87658203125,0.88151875,0.88645546875,0.8913921875,
0.89632890625,0.901265625,0.90620234375,0.9111390625,0.91607578125,0.9210125,
0.92594921875,0.9308859375,0.93582265625,0.940759375,0.94569609375,0.9506328125,
0.953101171875,0.95556953125,0.958037890625,0.96050625,0.962974609375,0.96544296875,
0.967911328125,0.9703796875,0.972848046875,0.97531640625,0.9765505859375,
0.977784765625,0.9790189453125,0.980253125,0.9814873046875,0.982721484375,
0.9839556640625,0.98518984375,0.9864240234375,0.987658203125,0.9901265625,
0.9913607421875,0.992594921875,0.9938291015625,0.99506328125,0.9962974609375,
0.997531640625,0.9987658203125,1.),(0.,1.,1.0060033264765),
 .UNSPECIFIED.);
#18=B_SPLINE_SURFACE_WITH_KNOTS('',1,3,((#1142,#1143,#1144,#1145,#1146,
#1147,#1148,#1149,#1150,#1151,#1152,#1153,#1154,#1155,#1156,#1157,#1158,
#1159,#1160,#1161,#1162,#1163,#1164,#1165,#1166,#1167,#1168,#1169,#1170,
#1171,#1172,#1173,#1174,#1175,#1176,#1177,#1178,#1179,#1180,#1181,#1182,
#1183,#1184,#1185,#1186,#1187,#1188,#1189,#1190,#1191,#1192,#1193,#1194,
#1195,#1196,#1197,#1198,#1199,#1200,#1201,#1202,#1203,#1204,#1205,#1206,
#1207),(#1208,#1209,#1210,#1211,#1212,#1213,#1214,#1215,#1216,#1217,#1218,
#1219,#1220,#1221,#1222,#1223,#1224,#1225,#1226,#1227,#1228,#1229,#1230,
#1231,#1232,#1233,#1234,#1235,#1236,#1237,#1238,#1239,#1240,#1241,#1242,
#1243,#1244,#1245,#1246,#1247,#1248,#1249,#1250,#1251,#1252,#1253,#1254,
#1255,#1256,#1257,#1258,#1259,#1260,#1261,#1262,#1263,#1264,#1265,#1266,
#1267,#1268,#1269,#1270,#1271,#1272,#1273),(#1274,#1275,#1276,#1277,#1278,
#1279,#1280,#1281,#1282,#1283,#1284,#1285,#1286,#1287,#1288,#1289,#1290,
#1291,#1292,#1293,#1294,#1295,#1296,#1297,#1298,#1299,#1300,#1301,#1302,
#1303,#1304,#1305,#1306,#1307,#1308,#1309,#1310,#1311,#1312,#1313,#1314,
#1315,#1316,#1317,#1318,#1319,#1320,#1321,#1322,#1323,#1324,#1325,#1326,
#1327,#1328,#1329,#1330,#1331,#1332,#1333,#1334,#1335,#1336,#1337,#1338,
#1339)),.UNSPECIFIED.,.F.,.F.,.F.,(2,1,2),(4,1,1,1,2,1,1,1,1,1,1,1,1,1,
1,1,1,1,1,1,1,1,1,1,1,1,1,1,1,1,1,1,1,1,1,1,1,1,1,1,1,1,1,1,1,1,1,1,1,1,
1,1,1,1,1,1,1,1,1,1,1,1,4),(0.,1.,1.01),(0.,0.115025,0.23005,0.345075,0.4601,
0.476971875,0.49384375,0.510715625,0.5191515625,0.5275875,0.5360234375,
0.544459375,0.5528953125,0.56133125,0.5697671875,0.578203125,0.595075,0.6035109375,
0.611946875,0.6203828125,0.62881875,0.6372546875,0.645690625,0.6541265625,
0.6625625,0.6709984375,0.679434375,0.6878703125,0.69630625,0.7047421875,
0.713178125,0.7216140625,0.73005,0.7384859375,0.746921875,0.7553578125,
0.76379375,0.7722296875,0.780665625,0.7891015625,0.7975375,0.8059734375,
0.814409375,0.8228453125,0.83128125,0.8397171875,0.848153125,0.8565890625,
0.865025,0.8734609375,0.881896875,0.8903328125,0.89876875,0.9072046875,
0.915640625,0.9240765625,0.9325125,0.9409484375,0.949384375,0.9578203125,
0.96625625,0.983128125,1.),.UNSPECIFIED.);
#19=B_SPLINE_SURFACE_WITH_KNOTS('',3,1,((#1557,#1558,#1559),(#1560,#1561,
#1562),(#1563,#1564,#1565),(#1566,#1567,#1568),(#1569,#1570,#1571),(#1572,
#1573,#1574),(#1575,#1576,#1577),(#1578,#1579,#1580),(#1581,#1582,#1583),
(#1584,#1585,#1586),(#1587,#1588,#1589),(#1590,#1591,#1592),(#1593,#1594,
#1595),(#1596,#1597,#1598),(#1599,#1600,#1601),(#1602,#1603,#1604),(#1605,
#1606,#1607),(#1608,#1609,#1610),(#1611,#1612,#1613),(#1614,#1615,#1616),
(#1617,#1618,#1619),(#1620,#1621,#1622),(#1623,#1624,#1625),(#1626,#1627,
#1628),(#1629,#1630,#1631),(#1632,#1633,#1634),(#1635,#1636,#1637),(#1638,
#1639,#1640),(#1641,#1642,#1643),(#1644,#1645,#1646),(#1647,#1648,#1649),
(#1650,#1651,#1652),(#1653,#1654,#1655),(#1656,#1657,#1658),(#1659,#1660,
#1661),(#1662,#1663,#1664),(#1665,#1666,#1667),(#1668,#1669,#1670),(#1671,
#1672,#1673),(#1674,#1675,#1676),(#1677,#1678,#1679),(#1680,#1681,#1682),
(#1683,#1684,#1685),(#1686,#1687,#1688),(#1689,#1690,#1691),(#1692,#1693,
#1694),(#1695,#1696,#1697),(#1698,#1699,#1700),(#1701,#1702,#1703),(#1704,
#1705,#1706),(#1707,#1708,#1709),(#1710,#1711,#1712),(#1713,#1714,#1715),
(#1716,#1717,#1718),(#1719,#1720,#1721),(#1722,#1723,#1724),(#1725,#1726,
#1727),(#1728,#1729,#1730),(#1731,#1732,#1733),(#1734,#1735,#1736),(#1737,
#1738,#1739),(#1740,#1741,#1742),(#1743,#1744,#1745),(#1746,#1747,#1748),
(#1749,#1750,#1751),(#1752,#1753,#1754),(#1755,#1756,#1757),(#1758,#1759,
#1760),(#1761,#1762,#1763),(#1764,#1765,#1766),(#1767,#1768,#1769),(#1770,
#1771,#1772),(#1773,#1774,#1775),(#1776,#1777,#1778),(#1779,#1780,#1781),
(#1782,#1783,#1784),(#1785,#1786,#1787),(#1788,#1789,#1790),(#1791,#1792,
#1793),(#1794,#1795,#1796),(#1797,#1798,#1799),(#1800,#1801,#1802),(#1803,
#1804,#1805),(#1806,#1807,#1808),(#1809,#1810,#1811),(#1812,#1813,#1814),
(#1815,#1816,#1817),(#1818,#1819,#1820),(#1821,#1822,#1823),(#1824,#1825,
#1826),(#1827,#1828,#1829),(#1830,#1831,#1832),(#1833,#1834,#1835),(#1836,
#1837,#1838),(#1839,#1840,#1841),(#1842,#1843,#1844),(#1845,#1846,#1847),
(#1848,#1849,#1850),(#1851,#1852,#1853),(#1854,#1855,#1856),(#1857,#1858,
#1859)),.UNSPECIFIED.,.F.,.F.,.F.,(4,1,1,1,1,1,1,1,1,1,1,1,1,1,1,1,1,1,
1,1,1,1,1,1,1,1,1,1,1,1,1,1,1,1,1,1,1,1,1,1,1,1,1,1,1,1,1,1,1,1,1,1,1,1,
1,1,1,1,1,1,1,1,1,1,1,1,1,1,1,1,1,1,1,1,1,1,1,1,1,1,1,1,1,1,1,1,1,1,1,1,
1,1,1,2,1,1,1,4),(2,1,2),(0.,0.00109248046875,0.0021849609375,0.00327744140625,
0.004369921875,0.00546240234375,0.0065548828125,0.00764736328125,0.00873984375,
0.00983232421875,0.0109248046875,0.01201728515625,0.013109765625,0.013656005859375,
0.01420224609375,0.0152947265625,0.01638720703125,0.0174796875,0.01857216796875,
0.0196646484375,0.02075712890625,0.021849609375,0.0240345703125,0.02621953125,
0.030589453125,0.034959375,0.039329296875,0.04369921875,0.048069140625,
0.0524390625,0.056808984375,0.06117890625,0.065548828125,0.06991875,0.074288671875,
0.07865859375,0.083028515625,0.0873984375,0.091768359375,0.09613828125,
0.100508203125,0.104878125,0.109248046875,0.11361796875,0.117987890625,
0.1223578125,0.13109765625,0.1398375,0.14857734375,0.1573171875,0.16605703125,
0.174796875,0.18353671875,0.1922765625,0.20101640625,0.20975625,0.21849609375,
0.2272359375,0.23597578125,0.244715625,0.25345546875,0.2621953125,0.27093515625,
0.279675,0.28841484375,0.2971546875,0.30589453125,0.314634375,0.32337421875,
0.3321140625,0.34085390625,0.34959375,0.35833359375,0.3670734375,0.37581328125,
0.380183203125,0.384553125,0.388923046875,0.39329296875,0.4020328125,0.41077265625,
0.4195125,0.42825234375,0.4369921875,0.44573203125,0.454471875,0.46321171875,
0.4719515625,0.48069140625,0.48943125,0.5069109375,0.524390625,0.5418703125,
0.55935,0.6695125,0.779675,0.8898375,1.),(0.,1.,1.01),.UNSPECIFIED.);
#20=B_SPLINE_SURFACE_WITH_KNOTS('',1,3,((#2282,#2283,#2284,#2285,#2286,
#2287,#2288,#2289,#2290,#2291,#2292,#2293,#2294,#2295,#2296,#2297,#2298,
#2299,#2300,#2301,#2302,#2303,#2304,#2305,#2306,#2307,#2308,#2309,#2310,
#2311,#2312,#2313,#2314,#2315,#2316,#2317,#2318,#2319,#2320,#2321,#2322,
#2323,#2324,#2325,#2326,#2327,#2328,#2329,#2330,#2331,#2332,#2333,#2334,
#2335,#2336,#2337,#2338,#2339,#2340,#2341,#2342,#2343,#2344,#2345,#2346,
#2347,#2348,#2349,#2350,#2351,#2352,#2353,#2354,#2355,#2356,#2357,#2358,
#2359,#2360,#2361,#2362,#2363,#2364,#2365,#2366,#2367,#2368,#2369,#2370,
#2371,#2372,#2373,#2374,#2375,#2376,#2377,#2378,#2379,#2380,#2381,#2382,
#2383,#2384,#2385,#2386),(#2387,#2388,#2389,#2390,#2391,#2392,#2393,#2394,
#2395,#2396,#2397,#2398,#2399,#2400,#2401,#2402,#2403,#2404,#2405,#2406,
#2407,#2408,#2409,#2410,#2411,#2412,#2413,#2414,#2415,#2416,#2417,#2418,
#2419,#2420,#2421,#2422,#2423,#2424,#2425,#2426,#2427,#2428,#2429,#2430,
#2431,#2432,#2433,#2434,#2435,#2436,#2437,#2438,#2439,#2440,#2441,#2442,
#2443,#2444,#2445,#2446,#2447,#2448,#2449,#2450,#2451,#2452,#2453,#2454,
#2455,#2456,#2457,#2458,#2459,#2460,#2461,#2462,#2463,#2464,#2465,#2466,
#2467,#2468,#2469,#2470,#2471,#2472,#2473,#2474,#2475,#2476,#2477,#2478,
#2479,#2480,#2481,#2482,#2483,#2484,#2485,#2486,#2487,#2488,#2489,#2490,
#2491),(#2492,#2493,#2494,#2495,#2496,#2497,#2498,#2499,#2500,#2501,#2502,
#2503,#2504,#2505,#2506,#2507,#2508,#2509,#2510,#2511,#2512,#2513,#2514,
#2515,#2516,#2517,#2518,#2519,#2520,#2521,#2522,#2523,#2524,#2525,#2526,
#2527,#2528,#2529,#2530,#2531,#2532,#2533,#2534,#2535,#2536,#2537,#2538,
#2539,#2540,#2541,#2542,#2543,#2544,#2545,#2546,#2547,#2548,#2549,#2550,
#2551,#2552,#2553,#2554,#2555,#2556,#2557,#2558,#2559,#2560,#2561,#2562,
#2563,#2564,#2565,#2566,#2567,#2568,#2569,#2570,#2571,#2572,#2573,#2574,
#2575,#2576,#2577,#2578,#2579,#2580,#2581,#2582,#2583,#2584,#2585,#2586,
#2587,#2588,#2589,#2590,#2591,#2592,#2593,#2594,#2595,#2596)),
 .UNSPECIFIED.,.F.,.F.,.F.,(2,1,2),(4,1,1,1,2,1,1,1,1,1,1,1,1,1,1,1,1,1,
1,1,1,1,1,1,1,1,1,1,1,1,1,1,1,1,1,1,1,1,1,1,1,1,1,1,1,1,1,1,1,1,1,1,1,1,
1,1,1,1,1,1,1,1,1,1,1,1,1,1,1,1,1,1,1,1,1,1,1,1,1,1,1,1,1,1,1,1,1,1,1,1,
1,1,1,1,1,1,1,1,1,1,1,4),(0.,1.,1.01207640351995),(0.,0.092025,0.18405,
0.276075,0.3681,0.387846875,0.3977203125,0.40759375,0.4174671875,0.427340625,
0.4372140625,0.4470875,0.4569609375,0.466834375,0.4767078125,0.48658125,
0.4964546875,0.506328125,0.5162015625,0.526075,0.5359484375,0.545821875,
0.5556953125,0.56556875,0.5754421875,0.585315625,0.5951890625,0.6050625,
0.6149359375,0.624809375,0.6346828125,0.63961953125,0.64455625,0.6544296875,
0.664303125,0.6741765625,0.68405,0.6939234375,0.703796875,0.7136703125,
0.72354375,0.7334171875,0.743290625,0.7531640625,0.7630375,0.7729109375,
0.782784375,0.7926578125,0.80253125,0.8124046875,0.822278125,0.8321515625,
0.842025,0.8518984375,0.861771875,0.86670859375,0.8716453125,0.87658203125,
0.88151875,0.88645546875,0.8913921875,0.89632890625,0.901265625,0.90620234375,
0.9111390625,0.91607578125,0.9210125,0.92594921875,0.9308859375,0.93582265625,
0.940759375,0.94569609375,0.9506328125,0.953101171875,0.95556953125,0.958037890625,
0.96050625,0.962974609375,0.96544296875,0.967911328125,0.9703796875,0.972848046875,
0.97531640625,0.9765505859375,0.977784765625,0.9790189453125,0.980253125,
0.9814873046875,0.982721484375,0.9839556640625,0.98518984375,0.9864240234375,
0.987658203125,0.9901265625,0.9913607421875,0.992594921875,0.9938291015625,
0.99506328125,0.9962974609375,0.997531640625,0.9987658203125,1.),
 .UNSPECIFIED.);
#21=B_SPLINE_SURFACE_WITH_KNOTS('',1,3,((#3061,#3062,#3063,#3064,#3065,
#3066,#3067,#3068,#3069,#3070,#3071,#3072,#3073,#3074,#3075,#3076,#3077,
#3078,#3079,#3080,#3081,#3082,#3083,#3084,#3085,#3086,#3087,#3088,#3089,
#3090,#3091,#3092,#3093,#3094,#3095,#3096,#3097,#3098,#3099,#3100,#3101,
#3102,#3103,#3104,#3105,#3106,#3107,#3108,#3109,#3110,#3111,#3112,#3113,
#3114,#3115,#3116,#3117,#3118,#3119,#3120,#3121,#3122,#3123,#3124,#3125,
#3126,#3127,#3128,#3129,#3130,#3131,#3132,#3133,#3134,#3135,#3136,#3137,
#3138,#3139,#3140,#3141,#3142,#3143,#3144,#3145,#3146,#3147,#3148,#3149,
#3150,#3151,#3152,#3153,#3154,#3155,#3156,#3157,#3158,#3159,#3160,#3161),
(#3162,#3163,#3164,#3165,#3166,#3167,#3168,#3169,#3170,#3171,#3172,#3173,
#3174,#3175,#3176,#3177,#3178,#3179,#3180,#3181,#3182,#3183,#3184,#3185,
#3186,#3187,#3188,#3189,#3190,#3191,#3192,#3193,#3194,#3195,#3196,#3197,
#3198,#3199,#3200,#3201,#3202,#3203,#3204,#3205,#3206,#3207,#3208,#3209,
#3210,#3211,#3212,#3213,#3214,#3215,#3216,#3217,#3218,#3219,#3220,#3221,
#3222,#3223,#3224,#3225,#3226,#3227,#3228,#3229,#3230,#3231,#3232,#3233,
#3234,#3235,#3236,#3237,#3238,#3239,#3240,#3241,#3242,#3243,#3244,#3245,
#3246,#3247,#3248,#3249,#3250,#3251,#3252,#3253,#3254,#3255,#3256,#3257,
#3258,#3259,#3260,#3261,#3262),(#3263,#3264,#3265,#3266,#3267,#3268,#3269,
#3270,#3271,#3272,#3273,#3274,#3275,#3276,#3277,#3278,#3279,#3280,#3281,
#3282,#3283,#3284,#3285,#3286,#3287,#3288,#3289,#3290,#3291,#3292,#3293,
#3294,#3295,#3296,#3297,#3298,#3299,#3300,#3301,#3302,#3303,#3304,#3305,
#3306,#3307,#3308,#3309,#3310,#3311,#3312,#3313,#3314,#3315,#3316,#3317,
#3318,#3319,#3320,#3321,#3322,#3323,#3324,#3325,#3326,#3327,#3328,#3329,
#3330,#3331,#3332,#3333,#3334,#3335,#3336,#3337,#3338,#3339,#3340,#3341,
#3342,#3343,#3344,#3345,#3346,#3347,#3348,#3349,#3350,#3351,#3352,#3353,
#3354,#3355,#3356,#3357,#3358,#3359,#3360,#3361,#3362,#3363)),
 .UNSPECIFIED.,.F.,.F.,.F.,(2,1,2),(4,1,1,1,1,1,1,1,1,1,1,1,1,1,1,1,1,1,
1,1,1,1,1,1,1,1,1,1,1,1,1,1,1,1,1,1,1,1,1,1,1,1,1,1,1,1,1,1,1,1,1,1,1,1,
1,1,1,1,1,1,1,1,1,1,1,1,1,1,1,1,1,1,1,1,1,1,1,1,1,1,1,1,1,1,1,1,1,1,1,1,
1,1,1,2,1,1,1,4),(0.,1.,1.01),(0.,0.00109248046875,0.0021849609375,0.00327744140625,
0.004369921875,0.00546240234375,0.0065548828125,0.00764736328125,0.00873984375,
0.00983232421875,0.0109248046875,0.01201728515625,0.013109765625,0.013656005859375,
0.01420224609375,0.0152947265625,0.01638720703125,0.0174796875,0.01857216796875,
0.0196646484375,0.02075712890625,0.021849609375,0.0240345703125,0.02621953125,
0.030589453125,0.034959375,0.039329296875,0.04369921875,0.048069140625,
0.0524390625,0.056808984375,0.06117890625,0.065548828125,0.06991875,0.074288671875,
0.07865859375,0.083028515625,0.0873984375,0.091768359375,0.09613828125,
0.100508203125,0.104878125,0.109248046875,0.11361796875,0.117987890625,
0.1223578125,0.13109765625,0.1398375,0.14857734375,0.1573171875,0.16605703125,
0.174796875,0.18353671875,0.1922765625,0.20101640625,0.20975625,0.21849609375,
0.2272359375,0.23597578125,0.244715625,0.25345546875,0.2621953125,0.27093515625,
0.279675,0.28841484375,0.2971546875,0.30589453125,0.314634375,0.32337421875,
0.3321140625,0.34085390625,0.34959375,0.35833359375,0.3670734375,0.37581328125,
0.380183203125,0.384553125,0.388923046875,0.39329296875,0.4020328125,0.41077265625,
0.4195125,0.42825234375,0.4369921875,0.44573203125,0.454471875,0.46321171875,
0.4719515625,0.48069140625,0.48943125,0.5069109375,0.524390625,0.5418703125,
0.55935,0.6695125,0.779675,0.8898375,1.),.UNSPECIFIED.);
#22=LINE('',#410,#24);
#23=LINE('',#725,#25);
#24=VECTOR('',#382,1.);
#25=VECTOR('',#385,1.);
#26=B_SPLINE_CURVE_WITH_KNOTS('',3,(#403,#404,#405,#406),.UNSPECIFIED.,
 .F.,.F.,(4,4),(0.,1.),.UNSPECIFIED.);
#27=B_SPLINE_CURVE_WITH_KNOTS('',3,(#609,#610,#611,#612),.UNSPECIFIED.,
 .F.,.F.,(4,4),(0.,1.),.UNSPECIFIED.);
#28=B_SPLINE_CURVE_WITH_KNOTS('',3,(#615,#616,#617,#618,#619,#620,#621,
#622,#623,#624,#625,#626,#627,#628,#629,#630,#631,#632,#633,#634),
 .UNSPECIFIED.,.F.,.F.,(4,1,1,1,1,1,1,1,1,1,1,1,1,1,1,1,1,4),(0.,0.0624999545837683,
0.0937499318756524,0.124999909167537,0.140624897813479,0.156249886459421,
0.187499863751305,0.218749841043189,0.249999818335073,0.312499772918841,
0.37499972750261,0.437499682086378,0.499999636670146,0.562499591253914,
0.624999545837682,0.749999455005219,0.874999364172756,0.999999273340292),
 .UNSPECIFIED.);
#29=B_SPLINE_CURVE_WITH_KNOTS('',3,(#635,#636,#637,#638,#639,#640,#641,
#642,#643,#644,#645,#646,#647,#648,#649,#650,#651,#652,#653,#654,#655,#656,
#657,#658,#659,#660,#661,#662,#663,#664,#665,#666),.UNSPECIFIED.,.F.,.F.,
(4,1,1,1,1,1,1,1,1,1,1,1,1,1,1,1,1,1,1,1,1,1,1,1,1,1,1,1,1,4),(0.,0.0625,
0.125,0.1875,0.21875,0.25,0.28125,0.3125,0.34375,0.375,0.40625,0.4375,0.453125,
0.46875,0.5,0.53125,0.5625,0.59375,0.625,0.65625,0.6875,0.71875,0.75,0.78125,
0.8125,0.84375,0.875,0.90625,0.9375,1.),.UNSPECIFIED.);
#30=B_SPLINE_CURVE_WITH_KNOTS('',3,(#668,#669,#670,#671),.UNSPECIFIED.,
 .F.,.F.,(4,4),(0.,1.),.UNSPECIFIED.);
#31=B_SPLINE_CURVE_WITH_KNOTS('',3,(#673,#674,#675,#676),.UNSPECIFIED.,
 .F.,.F.,(4,4),(0.,1.),.UNSPECIFIED.);
#32=B_SPLINE_CURVE_WITH_KNOTS('',3,(#678,#679,#680,#681,#682),
 .UNSPECIFIED.,.F.,.F.,(4,1,4),(0.,0.5,1.),.UNSPECIFIED.);
#33=B_SPLINE_CURVE_WITH_KNOTS('',3,(#684,#685,#686,#687,#688,#689,#690),
 .UNSPECIFIED.,.F.,.F.,(4,1,1,1,4),(0.,0.25,0.5,0.75,1.),.UNSPECIFIED.);
#34=B_SPLINE_CURVE_WITH_KNOTS('',3,(#692,#693,#694,#695),.UNSPECIFIED.,
 .F.,.F.,(4,4),(0.,1.),.UNSPECIFIED.);
#35=B_SPLINE_CURVE_WITH_KNOTS('',3,(#697,#698,#699,#700),.UNSPECIFIED.,
 .F.,.F.,(4,4),(0.,1.),.UNSPECIFIED.);
#36=B_SPLINE_CURVE_WITH_KNOTS('',3,(#702,#703,#704,#705,#706,#707,#708),
 .UNSPECIFIED.,.F.,.F.,(4,1,1,1,4),(0.,0.25,0.5,0.75,1.),.UNSPECIFIED.);
#37=B_SPLINE_CURVE_WITH_KNOTS('',3,(#710,#711,#712,#713),.UNSPECIFIED.,
 .F.,.F.,(4,4),(0.,1.),.UNSPECIFIED.);
#38=B_SPLINE_CURVE_WITH_KNOTS('',3,(#715,#716,#717,#718),.UNSPECIFIED.,
 .F.,.F.,(4,4),(0.,1.),.UNSPECIFIED.);
#39=B_SPLINE_CURVE_WITH_KNOTS('',3,(#720,#721,#722,#723),.UNSPECIFIED.,
 .F.,.F.,(4,4),(0.,1.),.UNSPECIFIED.);
#40=B_SPLINE_CURVE_WITH_KNOTS('',3,(#729,#730,#731,#732),.UNSPECIFIED.,
 .F.,.F.,(4,4),(0.,1.),.UNSPECIFIED.);
#41=B_SPLINE_CURVE_WITH_KNOTS('',3,(#734,#735,#736,#737),.UNSPECIFIED.,
 .F.,.F.,(4,4),(0.,1.),.UNSPECIFIED.);
#42=B_SPLINE_CURVE_WITH_KNOTS('',3,(#740,#741,#742,#743),.UNSPECIFIED.,
 .F.,.F.,(4,4),(0.,1.),.UNSPECIFIED.);
#43=B_SPLINE_CURVE_WITH_KNOTS('',3,(#745,#746,#747,#748),.UNSPECIFIED.,
 .F.,.F.,(4,4),(0.,1.),.UNSPECIFIED.);
#44=B_SPLINE_CURVE_WITH_KNOTS('',3,(#750,#751,#752,#753),.UNSPECIFIED.,
 .F.,.F.,(4,4),(0.,1.),.UNSPECIFIED.);
#45=B_SPLINE_CURVE_WITH_KNOTS('',3,(#754,#755,#756,#757),.UNSPECIFIED.,
 .F.,.F.,(4,4),(0.,1.),.UNSPECIFIED.);
#46=B_SPLINE_CURVE_WITH_KNOTS('',3,(#759,#760,#761,#762),.UNSPECIFIED.,
 .F.,.F.,(4,4),(0.,0.999981326783305),.UNSPECIFIED.);
#47=B_SPLINE_CURVE_WITH_KNOTS('',3,(#764,#765,#766,#767,#768,#769,#770,
#771,#772,#773,#774,#775),.UNSPECIFIED.,.F.,.F.,(4,1,1,1,1,1,1,1,1,4),(0.,
0.25,0.375,0.5,0.625,0.6875,0.75,0.8125,0.875,1.),.UNSPECIFIED.);
#48=B_SPLINE_CURVE_WITH_KNOTS('',3,(#1091,#1092,#1093,#1094,#1095,#1096,
#1097,#1098,#1099,#1100,#1101,#1102,#1103,#1104,#1105,#1106,#1107,#1108,
#1109,#1110,#1111,#1112,#1113,#1114,#1115,#1116,#1117,#1118,#1119,#1120,
#1121,#1122,#1123,#1124,#1125,#1126,#1127,#1128,#1129,#1130,#1131,#1132,
#1133,#1134,#1135,#1136),.UNSPECIFIED.,.F.,.F.,(4,1,1,1,1,1,1,1,1,1,1,1,
1,1,1,1,1,1,1,1,1,1,1,1,1,1,1,1,1,1,1,1,1,1,1,1,1,1,1,1,1,1,1,4),(0.,0.00390625,
0.0078125,0.01171875,0.015625,0.01953125,0.0234375,0.03125,0.0390625,0.046875,
0.0546875,0.0625,0.078125,0.09375,0.109375,0.125,0.140625,0.15625,0.1875,
0.21875,0.25,0.28125,0.3125,0.34375,0.359375,0.375,0.40625,0.4375,0.46875,
0.5,0.53125,0.5625,0.59375,0.625,0.640625,0.65625,0.671875,0.6875,0.71875,
0.75,0.8125,0.875,0.9375,1.),.UNSPECIFIED.);
#49=B_SPLINE_CURVE_WITH_KNOTS('',3,(#1138,#1139,#1140,#1141),
 .UNSPECIFIED.,.F.,.F.,(4,4),(0.,1.),.UNSPECIFIED.);
#50=B_SPLINE_CURVE_WITH_KNOTS('',3,(#1340,#1341,#1342,#1343,#1344,#1345,
#1346,#1347,#1348,#1349,#1350,#1351,#1352,#1353,#1354,#1355,#1356,#1357,
#1358,#1359),.UNSPECIFIED.,.F.,.F.,(4,1,1,1,1,1,1,1,1,1,1,1,1,1,1,1,1,4),
(0.,0.125,0.25,0.375,0.4375,0.5,0.5625,0.625,0.6875,0.75,0.78125,0.8125,
0.84375,0.859375,0.875,0.90625,0.9375,1.),.UNSPECIFIED.);
#51=B_SPLINE_CURVE_WITH_KNOTS('',3,(#1361,#1362,#1363,#1364),
 .UNSPECIFIED.,.F.,.F.,(4,4),(0.,1.),.UNSPECIFIED.);
#52=B_SPLINE_CURVE_WITH_KNOTS('',3,(#1366,#1367,#1368,#1369),
 .UNSPECIFIED.,.F.,.F.,(4,4),(0.,1.),.UNSPECIFIED.);
#53=B_SPLINE_CURVE_WITH_KNOTS('',3,(#1371,#1372,#1373,#1374),
 .UNSPECIFIED.,.F.,.F.,(4,4),(0.,1.),.UNSPECIFIED.);
#54=B_SPLINE_CURVE_WITH_KNOTS('',3,(#1376,#1377,#1378,#1379),
 .UNSPECIFIED.,.F.,.F.,(4,4),(0.,1.),.UNSPECIFIED.);
#55=B_SPLINE_CURVE_WITH_KNOTS('',3,(#1381,#1382,#1383,#1384,#1385,#1386,
#1387),.UNSPECIFIED.,.F.,.F.,(4,1,1,1,4),(0.,0.25,0.5,0.75,1.),
 .UNSPECIFIED.);
#56=B_SPLINE_CURVE_WITH_KNOTS('',3,(#1389,#1390,#1391,#1392),
 .UNSPECIFIED.,.F.,.F.,(4,4),(0.,1.),.UNSPECIFIED.);
#57=B_SPLINE_CURVE_WITH_KNOTS('',3,(#1394,#1395,#1396,#1397),
 .UNSPECIFIED.,.F.,.F.,(4,4),(0.,1.),.UNSPECIFIED.);
#58=B_SPLINE_CURVE_WITH_KNOTS('',3,(#1399,#1400,#1401,#1402,#1403,#1404,
#1405),.UNSPECIFIED.,.F.,.F.,(4,1,1,1,4),(0.,0.245666852052237,0.491333704104474,
0.737000556156711,0.982667408208948),.UNSPECIFIED.);
#59=B_SPLINE_CURVE_WITH_KNOTS('',3,(#1407,#1408,#1409,#1410),
 .UNSPECIFIED.,.F.,.F.,(4,4),(0.982667408208948,1.),.UNSPECIFIED.);
#60=B_SPLINE_CURVE_WITH_KNOTS('',3,(#1412,#1413,#1414,#1415,#1416),
 .UNSPECIFIED.,.F.,.F.,(4,1,4),(0.,0.5,1.),.UNSPECIFIED.);
#61=B_SPLINE_CURVE_WITH_KNOTS('',3,(#1418,#1419,#1420,#1421),
 .UNSPECIFIED.,.F.,.F.,(4,4),(0.,1.),.UNSPECIFIED.);
#62=B_SPLINE_CURVE_WITH_KNOTS('',3,(#1423,#1424,#1425,#1426),
 .UNSPECIFIED.,.F.,.F.,(4,4),(0.,1.),.UNSPECIFIED.);
#63=B_SPLINE_CURVE_WITH_KNOTS('',3,(#1428,#1429,#1430,#1431),
 .UNSPECIFIED.,.F.,.F.,(4,4),(0.,1.),.UNSPECIFIED.);
#64=B_SPLINE_CURVE_WITH_KNOTS('',3,(#1433,#1434,#1435,#1436),
 .UNSPECIFIED.,.F.,.F.,(4,4),(0.,1.),.UNSPECIFIED.);
#65=B_SPLINE_CURVE_WITH_KNOTS('',3,(#1438,#1439,#1440,#1441),
 .UNSPECIFIED.,.F.,.F.,(4,4),(1.08123943824718E-5,1.),.UNSPECIFIED.);
#66=B_SPLINE_CURVE_WITH_KNOTS('',3,(#1443,#1444,#1445,#1446,#1447,#1448,
#1449,#1450,#1451,#1452,#1453,#1454),.UNSPECIFIED.,.F.,.F.,(4,1,1,1,1,1,
1,1,1,4),(0.,0.125,0.1875,0.25,0.3125,0.375,0.5,0.625,0.75,1.),
 .UNSPECIFIED.);
#67=B_SPLINE_CURVE_WITH_KNOTS('',3,(#1456,#1457,#1458,#1459),
 .UNSPECIFIED.,.F.,.F.,(4,4),(0.,1.),.UNSPECIFIED.);
#68=B_SPLINE_CURVE_WITH_KNOTS('',3,(#1462,#1463,#1464,#1465,#1466,#1467,
#1468,#1469,#1470,#1471,#1472,#1473),.UNSPECIFIED.,.F.,.F.,(4,1,1,1,1,1,
1,1,1,4),(0.,0.25,0.375,0.5,0.625,0.6875,0.75,0.8125,0.875,1.),
 .UNSPECIFIED.);
#69=B_SPLINE_CURVE_WITH_KNOTS('',3,(#1474,#1475,#1476,#1477,#1478,#1479,
#1480,#1481,#1482,#1483,#1484,#1485),.UNSPECIFIED.,.F.,.F.,(4,1,1,1,1,1,
1,1,1,4),(0.,0.125,0.1875,0.25,0.3125,0.375,0.5,0.625,0.75,1.),
 .UNSPECIFIED.);
#70=B_SPLINE_CURVE_WITH_KNOTS('',3,(#1487,#1488,#1489,#1490),
 .UNSPECIFIED.,.F.,.F.,(4,4),(0.,1.),.UNSPECIFIED.);
#71=B_SPLINE_CURVE_WITH_KNOTS('',3,(#1492,#1493,#1494,#1495),
 .UNSPECIFIED.,.F.,.F.,(4,4),(0.,1.),.UNSPECIFIED.);
#72=B_SPLINE_CURVE_WITH_KNOTS('',3,(#1520,#1521,#1522,#1523),
 .UNSPECIFIED.,.F.,.F.,(4,4),(-11.830749165731,-0.00207332793753956),
 .UNSPECIFIED.);
#73=B_SPLINE_CURVE_WITH_KNOTS('',3,(#1548,#1549,#1550,#1551),
 .UNSPECIFIED.,.F.,.F.,(4,4),(0.00207332793752971,11.830749165731),
 .UNSPECIFIED.);
#74=B_SPLINE_CURVE_WITH_KNOTS('',3,(#1553,#1554,#1555,#1556),
 .UNSPECIFIED.,.F.,.F.,(4,4),(-0.023036699670845,-0.0211507070429418),
 .UNSPECIFIED.);
#75=B_SPLINE_CURVE_WITH_KNOTS('',3,(#1860,#1861,#1862,#1863,#1864,#1865,
#1866,#1867,#1868,#1869,#1870,#1871,#1872,#1873,#1874,#1875,#1876,#1877,
#1878,#1879,#1880,#1881,#1882,#1883,#1884,#1885,#1886,#1887,#1888,#1889,
#1890,#1891,#1892,#1893,#1894,#1895,#1896,#1897,#1898,#1899,#1900,#1901,
#1902,#1903,#1904,#1905,#1906,#1907,#1908,#1909,#1910,#1911,#1912,#1913,
#1914,#1915,#1916,#1917,#1918,#1919,#1920,#1921,#1922,#1923,#1924,#1925,
#1926,#1927,#1928,#1929,#1930,#1931,#1932,#1933,#1934,#1935,#1936,#1937,
#1938,#1939,#1940,#1941,#1942,#1943,#1944,#1945,#1946,#1947,#1948,#1949,
#1950,#1951,#1952,#1953,#1954,#1955,#1956,#1957,#1958,#1959,#1960,#1961,
#1962,#1963,#1964,#1965,#1966,#1967,#1968,#1969,#1970,#1971,#1972,#1973,
#1974,#1975,#1976,#1977,#1978,#1979,#1980,#1981,#1982,#1983,#1984,#1985,
#1986,#1987,#1988,#1989,#1990,#1991,#1992,#1993,#1994,#1995,#1996,#1997,
#1998,#1999,#2000,#2001,#2002,#2003,#2004,#2005,#2006,#2007,#2008,#2009,
#2010,#2011,#2012,#2013,#2014,#2015,#2016,#2017,#2018,#2019,#2020,#2021,
#2022,#2023,#2024,#2025,#2026,#2027,#2028,#2029,#2030,#2031,#2032,#2033,
#2034,#2035,#2036,#2037,#2038,#2039,#2040,#2041,#2042,#2043,#2044,#2045,
#2046,#2047,#2048,#2049,#2050,#2051,#2052,#2053,#2054,#2055,#2056,#2057,
#2058,#2059,#2060,#2061,#2062,#2063,#2064,#2065,#2066,#2067,#2068,#2069,
#2070,#2071,#2072,#2073,#2074,#2075,#2076,#2077,#2078,#2079,#2080,#2081,
#2082,#2083,#2084,#2085,#2086,#2087,#2088,#2089,#2090,#2091,#2092,#2093,
#2094,#2095,#2096,#2097,#2098,#2099,#2100,#2101,#2102,#2103,#2104,#2105,
#2106,#2107,#2108,#2109,#2110,#2111,#2112,#2113,#2114,#2115,#2116,#2117,
#2118,#2119,#2120,#2121,#2122,#2123,#2124,#2125,#2126,#2127,#2128,#2129,
#2130,#2131,#2132,#2133,#2134,#2135,#2136,#2137,#2138,#2139,#2140,#2141,
#2142,#2143,#2144,#2145,#2146,#2147,#2148,#2149,#2150,#2151,#2152,#2153,
#2154,#2155,#2156,#2157,#2158,#2159,#2160,#2161,#2162,#2163,#2164,#2165,
#2166,#2167,#2168,#2169,#2170,#2171,#2172,#2173,#2174,#2175,#2176,#2177,
#2178,#2179,#2180,#2181,#2182,#2183,#2184,#2185,#2186,#2187,#2188,#2189,
#2190,#2191,#2192,#2193,#2194,#2195,#2196,#2197,#2198,#2199,#2200,#2201,
#2202,#2203,#2204,#2205,#2206,#2207,#2208,#2209,#2210,#2211,#2212,#2213,
#2214,#2215,#2216,#2217,#2218,#2219,#2220,#2221,#2222,#2223,#2224,#2225,
#2226,#2227,#2228,#2229,#2230,#2231,#2232,#2233,#2234,#2235,#2236,#2237,
#2238,#2239,#2240,#2241,#2242,#2243,#2244,#2245,#2246,#2247,#2248,#2249,
#2250,#2251,#2252,#2253,#2254,#2255,#2256,#2257,#2258,#2259,#2260,#2261,
#2262,#2263,#2264,#2265,#2266,#2267,#2268,#2269,#2270,#2271,#2272,#2273,
#2274,#2275,#2276),.UNSPECIFIED.,.F.,.F.,(4,1,1,1,1,1,1,1,1,1,1,1,1,1,1,
1,1,1,1,1,1,1,1,1,1,1,1,1,1,1,1,1,1,1,1,1,1,1,1,1,1,1,1,1,1,1,1,1,1,1,1,
1,1,1,1,1,1,1,1,1,1,1,1,1,1,1,1,1,1,1,1,1,1,1,1,1,1,1,1,1,1,1,1,1,1,1,1,
1,1,1,1,1,1,1,1,1,1,1,1,1,1,1,1,1,1,1,1,1,1,1,1,1,1,1,1,1,1,1,1,1,1,1,1,
1,1,1,1,1,1,1,1,1,1,1,1,1,1,1,1,1,1,1,1,1,1,1,1,1,1,1,1,1,1,1,1,1,1,1,1,
1,1,1,1,1,1,1,1,1,1,1,1,1,1,1,1,1,1,1,1,1,1,1,1,1,1,1,1,1,1,1,1,1,1,1,1,
1,1,1,1,1,1,1,1,1,1,1,1,1,1,1,1,1,1,1,1,1,1,1,1,1,1,1,1,1,1,1,1,1,1,1,1,
1,1,1,1,1,1,1,1,1,1,1,1,1,1,1,1,1,1,1,1,1,1,1,1,1,1,1,1,1,1,1,1,1,1,1,1,
1,1,1,1,1,1,1,1,1,1,1,1,1,1,1,1,1,1,1,1,1,1,1,1,1,1,1,1,1,1,1,1,1,1,1,1,
1,1,1,1,1,1,1,1,1,1,1,1,1,1,1,1,1,1,1,1,1,1,1,1,1,1,1,1,1,1,1,1,1,1,1,1,
1,1,1,1,1,1,1,1,1,1,1,1,1,1,1,1,1,1,1,1,1,1,1,1,1,1,1,1,1,1,1,1,1,1,1,1,
1,1,1,1,1,1,1,1,1,1,1,1,1,1,1,1,1,1,1,1,1,1,1,1,1,1,1,1,1,1,1,1,1,1,1,1,
1,1,1,4),(0.,0.03125,0.0625,0.09375,0.125,0.140625,0.15625,0.171875,0.1875,
0.203125,0.2109375,0.21875,0.2265625,0.23046875,0.234375,0.23828125,0.2421875,
0.244140625,0.24609375,0.2470703125,0.248046875,0.2490234375,0.24951171875,
0.249755859375,0.25,0.250244140625,0.25048828125,0.2509765625,0.251953125,
0.2529296875,0.25390625,0.255859375,0.2578125,0.26171875,0.265625,0.26953125,
0.2734375,0.28125,0.2890625,0.296875,0.3125,0.328125,0.3359375,0.34375,
0.3515625,0.35546875,0.359375,0.36328125,0.3671875,0.369140625,0.37109375,
0.373046875,0.3740234375,0.37451171875,0.375,0.37548828125,0.3759765625,
0.376953125,0.37890625,0.380859375,0.3828125,0.38671875,0.390625,0.39453125,
0.3984375,0.40625,0.41015625,0.4140625,0.41796875,0.421875,0.423828125,
0.42578125,0.427734375,0.4296875,0.431640625,0.4326171875,0.43359375,0.4345703125,
0.435546875,0.43603515625,0.4365234375,0.436767578125,0.43701171875,0.437255859375,
0.4373779296875,0.43743896484375,0.4375,0.43756103515625,0.4376220703125,
0.437744140625,0.43798828125,0.438232421875,0.4384765625,0.43896484375,
0.439453125,0.43994140625,0.4404296875,0.44140625,0.4423828125,0.443359375,
0.4453125,0.447265625,0.44921875,0.453125,0.455078125,0.45703125,0.458984375,
0.4609375,0.462890625,0.4638671875,0.46484375,0.4658203125,0.46630859375,
0.466796875,0.46728515625,0.4677734375,0.468017578125,0.46826171875,0.4683837890625,
0.468505859375,0.4686279296875,0.46868896484375,0.468719482421875,0.46875,
0.468780517578125,0.46881103515625,0.4688720703125,0.468994140625,0.4691162109375,
0.46923828125,0.469482421875,0.4697265625,0.47021484375,0.470703125,0.47119140625,
0.4716796875,0.47265625,0.4736328125,0.474609375,0.4765625,0.478515625,
0.48046875,0.482421875,0.484375,0.48828125,0.4921875,0.494140625,0.49609375,
0.4970703125,0.498046875,0.4990234375,0.49951171875,0.499755859375,0.5,
0.500244140625,0.50048828125,0.5009765625,0.501953125,0.5029296875,0.50390625,
0.505859375,0.5078125,0.509765625,0.51171875,0.5126953125,0.513671875,0.51416015625,
0.5146484375,0.51513671875,0.515380859375,0.5155029296875,0.515625,0.5157470703125,
0.515869140625,0.51611328125,0.5166015625,0.51708984375,0.517578125,0.5185546875,
0.51953125,0.521484375,0.5234375,0.525390625,0.5263671875,0.52734375,0.5283203125,
0.529296875,0.52978515625,0.5302734375,0.530517578125,0.53076171875,0.531005859375,
0.5311279296875,0.53125,0.5313720703125,0.531494140625,0.53173828125,0.531982421875,
0.5322265625,0.53271484375,0.533203125,0.5341796875,0.53515625,0.5361328125,
0.537109375,0.53759765625,0.5380859375,0.53857421875,0.538818359375,0.5389404296875,
0.5390625,0.5391845703125,0.539306640625,0.53955078125,0.5400390625,0.54052734375,
0.541015625,0.5419921875,0.54296875,0.5439453125,0.544921875,0.5458984375,
0.54638671875,0.546630859375,0.546875,0.547119140625,0.54736328125,0.5478515625,
0.548828125,0.5498046875,0.55078125,0.552734375,0.5546875,0.556640625,0.55859375,
0.5595703125,0.560546875,0.5615234375,0.56201171875,0.562255859375,0.5625,
0.562744140625,0.56298828125,0.5634765625,0.564453125,0.5654296875,0.56640625,
0.568359375,0.5703125,0.572265625,0.57421875,0.576171875,0.5771484375,0.57763671875,
0.578125,0.57861328125,0.5791015625,0.580078125,0.58203125,0.583984375,
0.5859375,0.587890625,0.58984375,0.591796875,0.5927734375,0.59326171875,
0.59375,0.59423828125,0.5947265625,0.595703125,0.59765625,0.599609375,0.6015625,
0.60546875,0.607421875,0.6083984375,0.609375,0.6103515625,0.611328125,0.61328125,
0.615234375,0.6171875,0.619140625,0.62109375,0.623046875,0.625,0.626953125,
0.62890625,0.6328125,0.640625,0.64453125,0.6484375,0.65234375,0.654296875,
0.6552734375,0.65625,0.6572265625,0.658203125,0.66015625,0.6640625,0.66796875,
0.671875,0.67578125,0.6796875,0.68359375,0.685546875,0.6865234375,0.6875,
0.6884765625,0.689453125,0.69140625,0.6953125,0.69921875,0.703125,0.7109375,
0.71484375,0.71875,0.7265625,0.734375,0.73828125,0.7421875,0.74609375,0.748046875,
0.75,0.751953125,0.75390625,0.7578125,0.765625,0.7734375,0.77734375,0.779296875,
0.78125,0.783203125,0.78515625,0.7890625,0.796875,0.8046875,0.80859375,
0.810546875,0.8125,0.814453125,0.81640625,0.8203125,0.82421875,0.826171875,
0.8271484375,0.828125,0.8291015625,0.830078125,0.83203125,0.8359375,0.83984375,
0.841796875,0.8427734375,0.84375,0.8447265625,0.845703125,0.84765625,0.8515625,
0.85546875,0.857421875,0.8583984375,0.859375,0.8603515625,0.861328125,0.86328125,
0.8671875,0.87109375,0.873046875,0.8740234375,0.875,0.8759765625,0.876953125,
0.87890625,0.8828125,0.88671875,0.890625,0.89453125,0.8984375,0.900390625,
0.90234375,0.904296875,0.9052734375,0.90576171875,0.90625,0.90673828125,
0.9072265625,0.908203125,0.91015625,0.912109375,0.9140625,0.91796875,0.921875,
0.92578125,0.9296875,0.93359375,0.935546875,0.9365234375,0.9375,0.9384765625,
0.939453125,0.94140625,0.9453125,0.94921875,0.953125,0.9609375,0.96484375,
0.966796875,0.96875,0.970703125,0.97265625,0.9765625,0.984375,0.9921875,
1.),.UNSPECIFIED.);
#76=B_SPLINE_CURVE_WITH_KNOTS('',3,(#2278,#2279,#2280,#2281),
 .UNSPECIFIED.,.F.,.F.,(4,4),(-1.,0.),.UNSPECIFIED.);
#77=B_SPLINE_CURVE_WITH_KNOTS('',3,(#2597,#2598,#2599,#2600,#2601,#2602,
#2603,#2604,#2605,#2606,#2607,#2608,#2609,#2610,#2611,#2612,#2613,#2614,
#2615,#2616,#2617,#2618,#2619,#2620,#2621,#2622,#2623,#2624,#2625,#2626,
#2627,#2628,#2629,#2630,#2631,#2632,#2633,#2634,#2635,#2636,#2637,#2638,
#2639,#2640,#2641,#2642),.UNSPECIFIED.,.F.,.F.,(4,1,1,1,1,1,1,1,1,1,1,1,
1,1,1,1,1,1,1,1,1,1,1,1,1,1,1,1,1,1,1,1,1,1,1,1,1,1,1,1,1,1,1,4),(0.,0.0625,
0.125,0.1875,0.25,0.28125,0.3125,0.328125,0.34375,0.359375,0.375,0.40625,
0.4375,0.46875,0.5,0.53125,0.5625,0.59375,0.625,0.640625,0.65625,0.6875,
0.71875,0.75,0.78125,0.8125,0.84375,0.859375,0.875,0.890625,0.90625,0.921875,
0.9375,0.9453125,0.953125,0.9609375,0.96875,0.9765625,0.98046875,0.984375,
0.98828125,0.9921875,0.99609375,1.),.UNSPECIFIED.);
#78=B_SPLINE_CURVE_WITH_KNOTS('',3,(#2644,#2645,#2646,#2647,#2648,#2649,
#2650,#2651,#2652,#2653,#2654,#2655,#2656,#2657,#2658,#2659,#2660,#2661,
#2662,#2663,#2664,#2665,#2666,#2667,#2668,#2669,#2670,#2671,#2672,#2673,
#2674,#2675,#2676,#2677,#2678,#2679,#2680,#2681,#2682,#2683,#2684,#2685,
#2686,#2687,#2688,#2689,#2690,#2691,#2692,#2693,#2694,#2695,#2696,#2697,
#2698,#2699,#2700,#2701,#2702,#2703,#2704,#2705,#2706,#2707,#2708,#2709,
#2710,#2711,#2712,#2713,#2714,#2715,#2716,#2717,#2718,#2719,#2720,#2721,
#2722,#2723,#2724,#2725,#2726,#2727,#2728,#2729,#2730,#2731,#2732,#2733,
#2734,#2735,#2736,#2737,#2738,#2739,#2740,#2741,#2742,#2743,#2744,#2745,
#2746,#2747,#2748,#2749,#2750,#2751,#2752,#2753,#2754,#2755,#2756,#2757,
#2758,#2759,#2760,#2761,#2762,#2763,#2764,#2765,#2766,#2767,#2768,#2769,
#2770,#2771,#2772,#2773,#2774,#2775,#2776,#2777,#2778,#2779,#2780,#2781,
#2782,#2783,#2784,#2785,#2786,#2787,#2788,#2789,#2790,#2791,#2792,#2793,
#2794,#2795,#2796,#2797,#2798,#2799,#2800,#2801,#2802,#2803,#2804,#2805,
#2806,#2807,#2808,#2809,#2810,#2811,#2812,#2813,#2814,#2815,#2816,#2817,
#2818,#2819,#2820,#2821,#2822,#2823,#2824,#2825,#2826,#2827,#2828,#2829,
#2830,#2831,#2832,#2833,#2834,#2835,#2836,#2837,#2838,#2839,#2840,#2841,
#2842,#2843,#2844,#2845,#2846,#2847,#2848,#2849,#2850,#2851,#2852,#2853,
#2854,#2855,#2856,#2857,#2858,#2859,#2860,#2861,#2862,#2863,#2864,#2865,
#2866,#2867,#2868,#2869,#2870,#2871,#2872,#2873,#2874,#2875,#2876,#2877,
#2878,#2879,#2880,#2881,#2882,#2883,#2884,#2885,#2886,#2887,#2888,#2889,
#2890,#2891,#2892,#2893,#2894,#2895,#2896,#2897,#2898,#2899,#2900,#2901,
#2902,#2903,#2904,#2905,#2906,#2907,#2908,#2909,#2910,#2911,#2912,#2913,
#2914,#2915,#2916,#2917,#2918,#2919,#2920,#2921,#2922,#2923,#2924,#2925,
#2926,#2927,#2928,#2929,#2930,#2931,#2932,#2933,#2934,#2935,#2936,#2937,
#2938,#2939,#2940,#2941,#2942,#2943,#2944,#2945,#2946,#2947,#2948,#2949,
#2950,#2951,#2952,#2953,#2954,#2955,#2956,#2957,#2958,#2959,#2960,#2961,
#2962,#2963,#2964,#2965,#2966,#2967,#2968,#2969,#2970,#2971,#2972,#2973,
#2974,#2975,#2976,#2977,#2978,#2979,#2980,#2981,#2982,#2983,#2984,#2985,
#2986,#2987,#2988,#2989,#2990,#2991,#2992,#2993,#2994,#2995,#2996,#2997,
#2998,#2999,#3000,#3001,#3002,#3003,#3004,#3005,#3006,#3007,#3008,#3009,
#3010,#3011,#3012,#3013,#3014,#3015,#3016,#3017,#3018,#3019,#3020,#3021,
#3022,#3023,#3024,#3025,#3026,#3027,#3028,#3029,#3030,#3031,#3032,#3033,
#3034,#3035,#3036,#3037,#3038,#3039,#3040,#3041,#3042,#3043,#3044,#3045,
#3046,#3047,#3048,#3049,#3050,#3051,#3052,#3053,#3054,#3055,#3056,#3057,
#3058,#3059,#3060),.UNSPECIFIED.,.F.,.F.,(4,1,1,1,1,1,1,1,1,1,1,1,1,1,1,
1,1,1,1,1,1,1,1,1,1,1,1,1,1,1,1,1,1,1,1,1,1,1,1,1,1,1,1,1,1,1,1,1,1,1,1,
1,1,1,1,1,1,1,1,1,1,1,1,1,1,1,1,1,1,1,1,1,1,1,1,1,1,1,1,1,1,1,1,1,1,1,1,
1,1,1,1,1,1,1,1,1,1,1,1,1,1,1,1,1,1,1,1,1,1,1,1,1,1,1,1,1,1,1,1,1,1,1,1,
1,1,1,1,1,1,1,1,1,1,1,1,1,1,1,1,1,1,1,1,1,1,1,1,1,1,1,1,1,1,1,1,1,1,1,1,
1,1,1,1,1,1,1,1,1,1,1,1,1,1,1,1,1,1,1,1,1,1,1,1,1,1,1,1,1,1,1,1,1,1,1,1,
1,1,1,1,1,1,1,1,1,1,1,1,1,1,1,1,1,1,1,1,1,1,1,1,1,1,1,1,1,1,1,1,1,1,1,1,
1,1,1,1,1,1,1,1,1,1,1,1,1,1,1,1,1,1,1,1,1,1,1,1,1,1,1,1,1,1,1,1,1,1,1,1,
1,1,1,1,1,1,1,1,1,1,1,1,1,1,1,1,1,1,1,1,1,1,1,1,1,1,1,1,1,1,1,1,1,1,1,1,
1,1,1,1,1,1,1,1,1,1,1,1,1,1,1,1,1,1,1,1,1,1,1,1,1,1,1,1,1,1,1,1,1,1,1,1,
1,1,1,1,1,1,1,1,1,1,1,1,1,1,1,1,1,1,1,1,1,1,1,1,1,1,1,1,1,1,1,1,1,1,1,1,
1,1,1,1,1,1,1,1,1,1,1,1,1,1,1,1,1,1,1,1,1,1,1,1,1,1,1,1,1,1,1,1,1,1,1,1,
1,1,1,4),(0.,0.0078125,0.015625,0.0234375,0.02734375,0.029296875,0.03125,
0.033203125,0.03515625,0.0390625,0.046875,0.05078125,0.0546875,0.05859375,
0.060546875,0.0615234375,0.0625,0.0634765625,0.064453125,0.06640625,0.0703125,
0.07421875,0.078125,0.08203125,0.0859375,0.087890625,0.08984375,0.091796875,
0.0927734375,0.09326171875,0.09375,0.09423828125,0.0947265625,0.095703125,
0.09765625,0.099609375,0.1015625,0.10546875,0.109375,0.11328125,0.1171875,
0.12109375,0.123046875,0.1240234375,0.125,0.1259765625,0.126953125,0.12890625,
0.1328125,0.13671875,0.138671875,0.1396484375,0.140625,0.1416015625,0.142578125,
0.14453125,0.1484375,0.15234375,0.154296875,0.1552734375,0.15625,0.1572265625,
0.158203125,0.16015625,0.1640625,0.16796875,0.169921875,0.1708984375,0.171875,
0.1728515625,0.173828125,0.17578125,0.1796875,0.18359375,0.185546875,0.1875,
0.189453125,0.19140625,0.1953125,0.203125,0.2109375,0.21484375,0.216796875,
0.21875,0.220703125,0.22265625,0.2265625,0.234375,0.2421875,0.24609375,
0.248046875,0.25,0.251953125,0.25390625,0.2578125,0.26171875,0.265625,0.2734375,
0.28125,0.28515625,0.2890625,0.296875,0.30078125,0.3046875,0.30859375,0.310546875,
0.3115234375,0.3125,0.3134765625,0.314453125,0.31640625,0.3203125,0.32421875,
0.328125,0.33203125,0.3359375,0.33984375,0.341796875,0.3427734375,0.34375,
0.3447265625,0.345703125,0.34765625,0.3515625,0.35546875,0.359375,0.3671875,
0.37109375,0.373046875,0.375,0.376953125,0.37890625,0.380859375,0.3828125,
0.384765625,0.38671875,0.388671875,0.3896484375,0.390625,0.3916015625,0.392578125,
0.39453125,0.3984375,0.400390625,0.40234375,0.404296875,0.4052734375,0.40576171875,
0.40625,0.40673828125,0.4072265625,0.408203125,0.41015625,0.412109375,0.4140625,
0.416015625,0.41796875,0.419921875,0.4208984375,0.42138671875,0.421875,
0.42236328125,0.4228515625,0.423828125,0.42578125,0.427734375,0.4296875,
0.431640625,0.43359375,0.4345703125,0.435546875,0.4365234375,0.43701171875,
0.437255859375,0.4375,0.437744140625,0.43798828125,0.4384765625,0.439453125,
0.4404296875,0.44140625,0.443359375,0.4453125,0.447265625,0.44921875,0.4501953125,
0.451171875,0.4521484375,0.45263671875,0.452880859375,0.453125,0.453369140625,
0.45361328125,0.4541015625,0.455078125,0.4560546875,0.45703125,0.4580078125,
0.458984375,0.45947265625,0.4599609375,0.46044921875,0.460693359375,0.4608154296875,
0.4609375,0.4610595703125,0.461181640625,0.46142578125,0.4619140625,0.46240234375,
0.462890625,0.4638671875,0.46484375,0.4658203125,0.466796875,0.46728515625,
0.4677734375,0.468017578125,0.46826171875,0.468505859375,0.4686279296875,
0.46875,0.4688720703125,0.468994140625,0.46923828125,0.469482421875,0.4697265625,
0.47021484375,0.470703125,0.4716796875,0.47265625,0.4736328125,0.474609375,
0.4765625,0.478515625,0.48046875,0.4814453125,0.482421875,0.48291015625,
0.4833984375,0.48388671875,0.484130859375,0.4842529296875,0.484375,0.4844970703125,
0.484619140625,0.48486328125,0.4853515625,0.48583984375,0.486328125,0.4873046875,
0.48828125,0.490234375,0.4921875,0.494140625,0.49609375,0.4970703125,0.498046875,
0.4990234375,0.49951171875,0.499755859375,0.5,0.500244140625,0.50048828125,
0.5009765625,0.501953125,0.5029296875,0.50390625,0.505859375,0.5078125,
0.51171875,0.515625,0.517578125,0.51953125,0.521484375,0.5234375,0.525390625,
0.5263671875,0.52734375,0.5283203125,0.52880859375,0.529296875,0.52978515625,
0.5302734375,0.530517578125,0.53076171875,0.5308837890625,0.531005859375,
0.5311279296875,0.53118896484375,0.531219482421875,0.53125,0.531280517578125,
0.53131103515625,0.5313720703125,0.531494140625,0.5316162109375,0.53173828125,
0.531982421875,0.5322265625,0.53271484375,0.533203125,0.53369140625,0.5341796875,
0.53515625,0.5361328125,0.537109375,0.5390625,0.541015625,0.54296875,0.544921875,
0.546875,0.55078125,0.552734375,0.5546875,0.556640625,0.5576171875,0.55859375,
0.5595703125,0.56005859375,0.560546875,0.56103515625,0.5615234375,0.561767578125,
0.56201171875,0.562255859375,0.5623779296875,0.56243896484375,0.5625,0.56256103515625,
0.5626220703125,0.562744140625,0.56298828125,0.563232421875,0.5634765625,
0.56396484375,0.564453125,0.5654296875,0.56640625,0.5673828125,0.568359375,
0.5703125,0.572265625,0.57421875,0.576171875,0.578125,0.58203125,0.5859375,
0.58984375,0.59375,0.6015625,0.60546875,0.609375,0.61328125,0.6171875,0.619140625,
0.62109375,0.623046875,0.6240234375,0.62451171875,0.625,0.62548828125,0.6259765625,
0.626953125,0.62890625,0.630859375,0.6328125,0.63671875,0.640625,0.64453125,
0.6484375,0.65625,0.6640625,0.671875,0.6875,0.703125,0.7109375,0.71875,
0.7265625,0.73046875,0.734375,0.73828125,0.7421875,0.744140625,0.74609375,
0.7470703125,0.748046875,0.7490234375,0.74951171875,0.749755859375,0.75,
0.750244140625,0.75048828125,0.7509765625,0.751953125,0.7529296875,0.75390625,
0.755859375,0.7578125,0.76171875,0.765625,0.76953125,0.7734375,0.78125,
0.7890625,0.796875,0.8125,0.828125,0.84375,0.859375,0.875,0.90625,0.9375,
0.96875,1.),.UNSPECIFIED.);
#79=ORIENTED_EDGE('',*,*,#195,.T.);
#80=ORIENTED_EDGE('',*,*,#196,.T.);
#81=ORIENTED_EDGE('',*,*,#197,.T.);
#82=ORIENTED_EDGE('',*,*,#198,.T.);
#83=ORIENTED_EDGE('',*,*,#199,.T.);
#84=ORIENTED_EDGE('',*,*,#200,.T.);
#85=ORIENTED_EDGE('',*,*,#196,.F.);
#86=ORIENTED_EDGE('',*,*,#201,.T.);
#87=ORIENTED_EDGE('',*,*,#202,.T.);
#88=ORIENTED_EDGE('',*,*,#203,.T.);
#89=ORIENTED_EDGE('',*,*,#204,.T.);
#90=ORIENTED_EDGE('',*,*,#205,.T.);
#91=ORIENTED_EDGE('',*,*,#206,.T.);
#92=ORIENTED_EDGE('',*,*,#207,.T.);
#93=ORIENTED_EDGE('',*,*,#208,.T.);
#94=ORIENTED_EDGE('',*,*,#209,.T.);
#95=ORIENTED_EDGE('',*,*,#210,.T.);
#96=ORIENTED_EDGE('',*,*,#211,.T.);
#97=ORIENTED_EDGE('',*,*,#212,.T.);
#98=ORIENTED_EDGE('',*,*,#213,.T.);
#99=ORIENTED_EDGE('',*,*,#214,.T.);
#100=ORIENTED_EDGE('',*,*,#195,.F.);
#101=ORIENTED_EDGE('',*,*,#215,.T.);
#102=ORIENTED_EDGE('',*,*,#216,.T.);
#103=ORIENTED_EDGE('',*,*,#217,.T.);
#104=ORIENTED_EDGE('',*,*,#218,.T.);
#105=ORIENTED_EDGE('',*,*,#212,.F.);
#106=ORIENTED_EDGE('',*,*,#198,.F.);
#107=ORIENTED_EDGE('',*,*,#219,.T.);
#108=ORIENTED_EDGE('',*,*,#220,.T.);
#109=ORIENTED_EDGE('',*,*,#221,.T.);
#110=ORIENTED_EDGE('',*,*,#219,.F.);
#111=ORIENTED_EDGE('',*,*,#197,.F.);
#112=ORIENTED_EDGE('',*,*,#222,.T.);
#113=ORIENTED_EDGE('',*,*,#223,.T.);
#114=ORIENTED_EDGE('',*,*,#220,.F.);
#115=ORIENTED_EDGE('',*,*,#200,.F.);
#116=ORIENTED_EDGE('',*,*,#199,.F.);
#117=ORIENTED_EDGE('',*,*,#211,.F.);
#118=ORIENTED_EDGE('',*,*,#210,.F.);
#119=ORIENTED_EDGE('',*,*,#209,.F.);
#120=ORIENTED_EDGE('',*,*,#208,.F.);
#121=ORIENTED_EDGE('',*,*,#207,.F.);
#122=ORIENTED_EDGE('',*,*,#206,.F.);
#123=ORIENTED_EDGE('',*,*,#205,.F.);
#124=ORIENTED_EDGE('',*,*,#204,.F.);
#125=ORIENTED_EDGE('',*,*,#203,.F.);
#126=ORIENTED_EDGE('',*,*,#202,.F.);
#127=ORIENTED_EDGE('',*,*,#201,.F.);
#128=ORIENTED_EDGE('',*,*,#214,.F.);
#129=ORIENTED_EDGE('',*,*,#224,.T.);
#130=ORIENTED_EDGE('',*,*,#225,.T.);
#131=ORIENTED_EDGE('',*,*,#226,.T.);
#132=ORIENTED_EDGE('',*,*,#227,.T.);
#133=ORIENTED_EDGE('',*,*,#228,.T.);
#134=ORIENTED_EDGE('',*,*,#229,.T.);
#135=ORIENTED_EDGE('',*,*,#230,.T.);
#136=ORIENTED_EDGE('',*,*,#231,.T.);
#137=ORIENTED_EDGE('',*,*,#232,.T.);
#138=ORIENTED_EDGE('',*,*,#233,.T.);
#139=ORIENTED_EDGE('',*,*,#234,.T.);
#140=ORIENTED_EDGE('',*,*,#235,.T.);
#141=ORIENTED_EDGE('',*,*,#236,.T.);
#142=ORIENTED_EDGE('',*,*,#237,.T.);
#143=ORIENTED_EDGE('',*,*,#238,.F.);
#144=ORIENTED_EDGE('',*,*,#239,.T.);
#145=ORIENTED_EDGE('',*,*,#213,.F.);
#146=ORIENTED_EDGE('',*,*,#218,.F.);
#147=ORIENTED_EDGE('',*,*,#240,.T.);
#148=ORIENTED_EDGE('',*,*,#241,.F.);
#149=ORIENTED_EDGE('',*,*,#242,.T.);
#150=ORIENTED_EDGE('',*,*,#216,.F.);
#151=ORIENTED_EDGE('',*,*,#243,.T.);
#152=ORIENTED_EDGE('',*,*,#244,.T.);
#153=ORIENTED_EDGE('',*,*,#245,.T.);
#154=ORIENTED_EDGE('',*,*,#246,.T.);
#155=ORIENTED_EDGE('',*,*,#243,.F.);
#156=ORIENTED_EDGE('',*,*,#215,.F.);
#157=ORIENTED_EDGE('',*,*,#221,.F.);
#158=ORIENTED_EDGE('',*,*,#223,.F.);
#159=ORIENTED_EDGE('',*,*,#217,.F.);
#160=ORIENTED_EDGE('',*,*,#242,.F.);
#161=ORIENTED_EDGE('',*,*,#247,.T.);
#162=ORIENTED_EDGE('',*,*,#248,.T.);
#163=ORIENTED_EDGE('',*,*,#240,.F.);
#164=ORIENTED_EDGE('',*,*,#249,.T.);
#165=ORIENTED_EDGE('',*,*,#244,.F.);
#166=ORIENTED_EDGE('',*,*,#246,.F.);
#167=ORIENTED_EDGE('',*,*,#222,.F.);
#168=ORIENTED_EDGE('',*,*,#250,.T.);
#169=ORIENTED_EDGE('',*,*,#225,.F.);
#170=ORIENTED_EDGE('',*,*,#224,.F.);
#171=ORIENTED_EDGE('',*,*,#239,.F.);
#172=ORIENTED_EDGE('',*,*,#248,.F.);
#173=ORIENTED_EDGE('',*,*,#251,.T.);
#174=ORIENTED_EDGE('',*,*,#238,.T.);
#175=ORIENTED_EDGE('',*,*,#237,.F.);
#176=ORIENTED_EDGE('',*,*,#236,.F.);
#177=ORIENTED_EDGE('',*,*,#235,.F.);
#178=ORIENTED_EDGE('',*,*,#234,.F.);
#179=ORIENTED_EDGE('',*,*,#233,.F.);
#180=ORIENTED_EDGE('',*,*,#232,.F.);
#181=ORIENTED_EDGE('',*,*,#231,.F.);
#182=ORIENTED_EDGE('',*,*,#230,.F.);
#183=ORIENTED_EDGE('',*,*,#229,.F.);
#184=ORIENTED_EDGE('',*,*,#228,.F.);
#185=ORIENTED_EDGE('',*,*,#227,.F.);
#186=ORIENTED_EDGE('',*,*,#226,.F.);
#187=ORIENTED_EDGE('',*,*,#249,.F.);
#188=ORIENTED_EDGE('',*,*,#252,.T.);
#189=ORIENTED_EDGE('',*,*,#245,.F.);
#190=ORIENTED_EDGE('',*,*,#251,.F.);
#191=ORIENTED_EDGE('',*,*,#247,.F.);
#192=ORIENTED_EDGE('',*,*,#241,.T.);
#193=ORIENTED_EDGE('',*,*,#252,.F.);
#194=ORIENTED_EDGE('',*,*,#250,.F.);
#195=EDGE_CURVE('',#253,#254,#298,.F.);
#196=EDGE_CURVE('',#254,#255,#26,.T.);
#197=EDGE_CURVE('',#255,#256,#299,.T.);
#198=EDGE_CURVE('',#256,#253,#22,.T.);
#199=EDGE_CURVE('',#257,#258,#27,.T.);
#200=EDGE_CURVE('',#258,#255,#28,.T.);
#201=EDGE_CURVE('',#254,#259,#29,.T.);
#202=EDGE_CURVE('',#259,#260,#30,.T.);
#203=EDGE_CURVE('',#260,#261,#31,.T.);
#204=EDGE_CURVE('',#261,#262,#32,.T.);
#205=EDGE_CURVE('',#262,#263,#33,.T.);
#206=EDGE_CURVE('',#263,#264,#34,.T.);
#207=EDGE_CURVE('',#264,#265,#35,.T.);
#208=EDGE_CURVE('',#265,#266,#36,.T.);
#209=EDGE_CURVE('',#266,#267,#37,.T.);
#210=EDGE_CURVE('',#267,#268,#38,.T.);
#211=EDGE_CURVE('',#268,#257,#39,.T.);
#212=EDGE_CURVE('',#253,#269,#23,.T.);
#213=EDGE_CURVE('',#269,#270,#300,.F.);
#214=EDGE_CURVE('',#270,#254,#40,.T.);
#215=EDGE_CURVE('',#271,#272,#41,.T.);
#216=EDGE_CURVE('',#272,#273,#42,.T.);
#217=EDGE_CURVE('',#273,#274,#43,.T.);
#218=EDGE_CURVE('',#274,#269,#44,.T.);
#219=EDGE_CURVE('',#256,#271,#45,.T.);
#220=EDGE_CURVE('',#255,#275,#46,.T.);
#221=EDGE_CURVE('',#275,#271,#47,.T.);
#222=EDGE_CURVE('',#259,#276,#48,.T.);
#223=EDGE_CURVE('',#276,#275,#49,.T.);
#224=EDGE_CURVE('',#270,#277,#50,.T.);
#225=EDGE_CURVE('',#277,#278,#51,.T.);
#226=EDGE_CURVE('',#278,#279,#52,.T.);
#227=EDGE_CURVE('',#279,#280,#53,.T.);
#228=EDGE_CURVE('',#280,#281,#54,.T.);
#229=EDGE_CURVE('',#281,#282,#55,.T.);
#230=EDGE_CURVE('',#282,#283,#56,.T.);
#231=EDGE_CURVE('',#283,#284,#57,.T.);
#232=EDGE_CURVE('',#284,#285,#58,.T.);
#233=EDGE_CURVE('',#285,#286,#59,.T.);
#234=EDGE_CURVE('',#286,#287,#60,.T.);
#235=EDGE_CURVE('',#287,#288,#61,.T.);
#236=EDGE_CURVE('',#288,#289,#62,.T.);
#237=EDGE_CURVE('',#289,#290,#63,.T.);
#238=EDGE_CURVE('',#259,#290,#64,.F.);
#239=EDGE_CURVE('',#291,#270,#65,.T.);
#240=EDGE_CURVE('',#274,#291,#66,.T.);
#241=EDGE_CURVE('',#292,#293,#67,.F.);
#242=EDGE_CURVE('',#292,#273,#68,.T.);
#243=EDGE_CURVE('',#272,#294,#69,.T.);
#244=EDGE_CURVE('',#294,#295,#70,.T.);
#245=EDGE_CURVE('',#295,#293,#71,.F.);
#246=EDGE_CURVE('',#276,#294,#72,.T.);
#247=EDGE_CURVE('',#292,#296,#73,.T.);
#248=EDGE_CURVE('',#296,#291,#74,.T.);
#249=EDGE_CURVE('',#297,#295,#75,.F.);
#250=EDGE_CURVE('',#259,#297,#76,.T.);
#251=EDGE_CURVE('',#296,#259,#77,.T.);
#252=EDGE_CURVE('',#297,#293,#78,.T.);
#253=VERTEX_POINT('',#401);
#254=VERTEX_POINT('',#402);
#255=VERTEX_POINT('',#407);
#256=VERTEX_POINT('',#409);
#257=VERTEX_POINT('',#613);
#258=VERTEX_POINT('',#614);
#259=VERTEX_POINT('',#667);
#260=VERTEX_POINT('',#672);
#261=VERTEX_POINT('',#677);
#262=VERTEX_POINT('',#683);
#263=VERTEX_POINT('',#691);
#264=VERTEX_POINT('',#696);
#265=VERTEX_POINT('',#701);
#266=VERTEX_POINT('',#709);
#267=VERTEX_POINT('',#714);
#268=VERTEX_POINT('',#719);
#269=VERTEX_POINT('',#726);
#270=VERTEX_POINT('',#728);
#271=VERTEX_POINT('',#738);
#272=VERTEX_POINT('',#739);
#273=VERTEX_POINT('',#744);
#274=VERTEX_POINT('',#749);
#275=VERTEX_POINT('',#763);
#276=VERTEX_POINT('',#1137);
#277=VERTEX_POINT('',#1360);
#278=VERTEX_POINT('',#1365);
#279=VERTEX_POINT('',#1370);
#280=VERTEX_POINT('',#1375);
#281=VERTEX_POINT('',#1380);
#282=VERTEX_POINT('',#1388);
#283=VERTEX_POINT('',#1393);
#284=VERTEX_POINT('',#1398);
#285=VERTEX_POINT('',#1406);
#286=VERTEX_POINT('',#1411);
#287=VERTEX_POINT('',#1417);
#288=VERTEX_POINT('',#1422);
#289=VERTEX_POINT('',#1427);
#290=VERTEX_POINT('',#1432);
#291=VERTEX_POINT('',#1442);
#292=VERTEX_POINT('',#1460);
#293=VERTEX_POINT('',#1461);
#294=VERTEX_POINT('',#1486);
#295=VERTEX_POINT('',#1491);
#296=VERTEX_POINT('',#1552);
#297=VERTEX_POINT('',#2277);
#298=ELLIPSE('',#365,0.000614262155919487,0.000584200025682176);
#299=ELLIPSE('',#366,0.000591481643311787,0.000584200012834861);
#300=ELLIPSE('',#368,0.000591481643156438,0.000584200012834838);
#301=EDGE_LOOP('',(#79,#80,#81,#82));
#302=EDGE_LOOP('',(#83,#84,#85,#86,#87,#88,#89,#90,#91,#92,#93,#94,#95,
#96));
#303=EDGE_LOOP('',(#97,#98,#99,#100));
#304=EDGE_LOOP('',(#101,#102,#103,#104,#105,#106,#107));
#305=EDGE_LOOP('',(#108,#109,#110,#111));
#306=EDGE_LOOP('',(#112,#113,#114,#115,#116,#117,#118,#119,#120,#121,#122,
#123,#124,#125,#126));
#307=EDGE_LOOP('',(#127,#128,#129,#130,#131,#132,#133,#134,#135,#136,#137,
#138,#139,#140,#141,#142,#143));
#308=EDGE_LOOP('',(#144,#145,#146,#147));
#309=EDGE_LOOP('',(#148,#149,#150,#151,#152,#153));
#310=EDGE_LOOP('',(#154,#155,#156,#157,#158));
#311=EDGE_LOOP('',(#159,#160,#161,#162,#163));
#312=EDGE_LOOP('',(#164,#165,#166,#167,#168));
#313=EDGE_LOOP('',(#169,#170,#171,#172,#173,#174,#175,#176,#177,#178,#179,
#180,#181,#182,#183,#184,#185,#186));
#314=EDGE_LOOP('',(#187,#188,#189));
#315=EDGE_LOOP('',(#190,#191,#192,#193,#194));
#316=FACE_BOUND('',#301,.T.);
#317=FACE_BOUND('',#302,.T.);
#318=FACE_BOUND('',#303,.T.);
#319=FACE_BOUND('',#304,.T.);
#320=FACE_BOUND('',#305,.T.);
#321=FACE_BOUND('',#306,.T.);
#322=FACE_BOUND('',#307,.T.);
#323=FACE_BOUND('',#308,.T.);
#324=FACE_BOUND('',#309,.T.);
#325=FACE_BOUND('',#310,.T.);
#326=FACE_BOUND('',#311,.T.);
#327=FACE_BOUND('',#312,.T.);
#328=FACE_BOUND('',#313,.T.);
#329=FACE_BOUND('',#314,.T.);
#330=FACE_BOUND('',#315,.T.);
#331=CYLINDRICAL_SURFACE('',#364,0.000584200025682169);
#332=CYLINDRICAL_SURFACE('',#367,0.000584200025682182);
#333=CYLINDRICAL_SURFACE('',#370,0.000584199999987554);
#334=CYLINDRICAL_SURFACE('',#371,0.000584199999987493);
#335=CYLINDRICAL_SURFACE('',#372,0.00058419999999997);
#336=ADVANCED_FACE('',(#316),#331,.T.);
#337=ADVANCED_FACE('',(#317),#16,.T.);
#338=ADVANCED_FACE('',(#318),#332,.T.);
#339=ADVANCED_FACE('',(#319),#14,.T.);
#340=ADVANCED_FACE('',(#320),#333,.T.);
#341=ADVANCED_FACE('',(#321),#17,.T.);
#342=ADVANCED_FACE('',(#322),#18,.T.);
#343=ADVANCED_FACE('',(#323),#334,.T.);
#344=ADVANCED_FACE('',(#324),#335,.T.);
#345=ADVANCED_FACE('',(#325),#12,.T.);
#346=ADVANCED_FACE('',(#326),#13,.T.);
#347=ADVANCED_FACE('',(#327),#19,.T.);
#348=ADVANCED_FACE('',(#328),#20,.T.);
#349=ADVANCED_FACE('',(#329),#15,.T.);
#350=ADVANCED_FACE('',(#330),#21,.T.);
#351=CLOSED_SHELL('',(#336,#337,#338,#339,#340,#341,#342,#343,#344,#345,
#346,#347,#348,#349,#350));
#352=STYLED_ITEM('',(#353),#360);
#353=PRESENTATION_STYLE_ASSIGNMENT((#354));
#354=SURFACE_STYLE_USAGE(.BOTH.,#355);
#355=SURFACE_SIDE_STYLE('',(#356));
#356=SURFACE_STYLE_FILL_AREA(#357);
#357=FILL_AREA_STYLE('',(#358));
#358=FILL_AREA_STYLE_COLOUR('',#359);
#359=COLOUR_RGB('',0.615686274509804,0.811764705882353,0.929411764705882);
#360=MANIFOLD_SOLID_BREP('   Shell',#351);
#361=SHAPE_DEFINITION_REPRESENTATION(#3370,#362);
#362=SHAPE_REPRESENTATION('   Shell',(#363),#3365);
#363=AXIS2_PLACEMENT_3D('',#398,#374,#375);
#364=AXIS2_PLACEMENT_3D('',#399,#376,#377);
#365=AXIS2_PLACEMENT_3D('',#400,#378,#379);
#366=AXIS2_PLACEMENT_3D('',#408,#380,#381);
#367=AXIS2_PLACEMENT_3D('',#724,#383,#384);
#368=AXIS2_PLACEMENT_3D('',#727,#386,#387);
#369=AXIS2_PLACEMENT_3D('',#733,#388,#389);
#370=AXIS2_PLACEMENT_3D('',#758,#390,#391);
#371=AXIS2_PLACEMENT_3D('',#1437,#392,#393);
#372=AXIS2_PLACEMENT_3D('',#1455,#394,#395);
#373=AXIS2_PLACEMENT_3D('',#2643,#396,#397);
#374=DIRECTION('',(0.,0.,1.));
#375=DIRECTION('',(1.,0.,0.));
#376=DIRECTION('',(0.0268814106388668,0.951059771552569,-0.307835509154549));
#377=DIRECTION('',(0.,0.307946792014041,0.951403580657684));
#378=DIRECTION('',(-1.4227121698703E-16,1.,2.91838393819549E-17));
#379=DIRECTION('',(0.0869928926090084,0.,-0.996208932220304));
#380=DIRECTION('',(0.0136082365601394,0.987689159982647,-0.155836257496443));
#381=DIRECTION('',(-0.0859219370254517,0.156429291543414,0.983944763431881));
#382=DIRECTION('',(0.0268814106388668,0.951059771552569,-0.307835509154549));
#383=DIRECTION('',(-0.0268814106388671,0.951059771552569,0.307835509154549));
#384=DIRECTION('',(0.,-0.307946792014041,0.951403580657684));
#385=DIRECTION('',(-0.0268814106388671,0.951059771552569,0.307835509154549));
#386=DIRECTION('',(-0.0136082367026035,0.987689159723277,0.155836259127885));
#387=DIRECTION('',(0.0859219370028886,0.156429293181064,-0.983944763173494));
#388=DIRECTION('',(-0.996208932215319,0.,-0.0869928926660883));
#389=DIRECTION('',(0.,-1.,0.));
#390=DIRECTION('',(5.08379371816257E-9,1.,-5.82176380122525E-8));
#391=DIRECTION('',(0.,5.82176380122525E-8,1.));
#392=DIRECTION('',(-5.3722731565769E-9,1.,6.1521190611253E-8));
#393=DIRECTION('',(0.,-6.1521190611253E-8,1.));
#394=DIRECTION('',(0.,-1.,0.));
#395=DIRECTION('',(0.,0.,-1.));
#396=DIRECTION('',(0.,0.,1.));
#397=DIRECTION('',(1.,0.,0.));
#398=CARTESIAN_POINT('',(0.,0.,0.));
#399=CARTESIAN_POINT('',(-0.00657172662353656,-0.251357051278235,0.0819723608373368));
#400=CARTESIAN_POINT('',(0.0005328027809137,-3.33066907387547E-16,0.000614040178365638));
#401=CARTESIAN_POINT('',(-4.91825004095261E-5,-1.86969884019561E-12,0.000563218900044484));
#402=CARTESIAN_POINT('',(0.000537887676832747,-2.82976767018716E-17,4.97114014449268E-14));
#403=CARTESIAN_POINT('',(0.000537887673764294,-4.05246935184303E-13,-1.25344515582854E-12));
#404=CARTESIAN_POINT('',(-0.00240531505805111,-0.104109132138171,0.0336976588188078));
#405=CARTESIAN_POINT('',(-0.00534851778986651,-0.208218264000642,0.0673953184893951));
#406=CARTESIAN_POINT('',(-0.0082917205189741,-0.312327395587889,0.101092979010527));
#407=CARTESIAN_POINT('',(-0.00829106474341363,-0.312327413185459,0.101092981919116));
#408=CARTESIAN_POINT('',(-0.00829242933955623,-0.312235222472453,0.101677182117102));
#409=CARTESIAN_POINT('',(-0.00887441461214332,-0.312235222598669,0.10162636087404));
#410=CARTESIAN_POINT('',(-0.00715371190504731,-0.25135705128674,0.0819215395611633));
#411=CARTESIAN_POINT('',(0.,0.,0.));
#412=CARTESIAN_POINT('',(-0.00882783787804987,-0.312327413936536,0.101092982134112));
#413=CARTESIAN_POINT('',(-0.00888098085375829,-0.314207603459899,0.101701554922733));
#414=CARTESIAN_POINT('',(0.114567026068346,0.,0.));
#415=CARTESIAN_POINT('',(0.0560236022683757,-0.312327413936536,0.101092982134112));
#416=CARTESIAN_POINT('',(0.0556711748897515,-0.314207603459899,0.101701554922733));
#417=CARTESIAN_POINT('',(0.346823406833849,0.,0.));
#418=CARTESIAN_POINT('',(0.185762263175835,-0.312327413936536,0.101092982134112));
#419=CARTESIAN_POINT('',(0.184792686185642,-0.314207603459899,0.101701554922733));
#420=CARTESIAN_POINT('',(0.684015486307522,0.,0.));
#421=CARTESIAN_POINT('',(0.385754994451778,-0.312327413936536,0.101092982134112));
#422=CARTESIAN_POINT('',(0.383959486834056,-0.314207603459899,0.101701554922733));
#423=CARTESIAN_POINT('',(0.994922698994341,0.,0.));
#424=CARTESIAN_POINT('',(0.599018267123325,-0.312327413936536,0.101092982134112));
#425=CARTESIAN_POINT('',(0.596634949708356,-0.314207603459899,0.101701554922733));
#426=CARTESIAN_POINT('',(1.18146655471326,0.,0.));
#427=CARTESIAN_POINT('',(0.757617342406828,-0.312327413936536,0.101092982134112));
#428=CARTESIAN_POINT('',(0.755065799339002,-0.314207603459899,0.101701554922733));
#429=CARTESIAN_POINT('',(1.28272985654609,0.,0.));
#430=CARTESIAN_POINT('',(0.859557604167064,-0.312327413936536,0.101092982134112));
#431=CARTESIAN_POINT('',(0.857010136350189,-0.314207603459899,0.101701554922733));
#432=CARTESIAN_POINT('',(1.30833838026768,0.,2.24784308568644E-6));
#433=CARTESIAN_POINT('',(0.885797004079403,-0.312347444826079,0.101197100255144));
#434=CARTESIAN_POINT('',(0.883253334094088,-0.314227754931612,0.101806286296615));
#435=CARTESIAN_POINT('',(1.34594973005278,0.,4.13236077679613E-5));
#436=CARTESIAN_POINT('',(0.925641148226344,-0.312419637844371,0.101695350063818));
#437=CARTESIAN_POINT('',(0.923110919509257,-0.314300382549081,0.102307300299769));
#438=CARTESIAN_POINT('',(1.37668742684862,0.,0.00012490530829474));
#439=CARTESIAN_POINT('',(0.959247146369872,-0.312498300383548,0.102421009754442));
#440=CARTESIAN_POINT('',(0.956734184630404,-0.314379518629203,0.10303682525873));
#441=CARTESIAN_POINT('',(1.40094737843572,0.,0.000233778131100766));
#442=CARTESIAN_POINT('',(0.986372032468648,-0.312561469288073,0.103203367794074));
#443=CARTESIAN_POINT('',(0.983876317438962,-0.314443067806948,0.103823237630323));
#444=CARTESIAN_POINT('',(1.41898448517945,0.,0.000339037310955814));
#445=CARTESIAN_POINT('',(1.00683521936852,-0.312605958914344,0.103894859881339));
#446=CARTESIAN_POINT('',(1.0043541091746,-0.314487825258016,0.104518258801412));
#447=CARTESIAN_POINT('',(1.43687098094349,0.,0.000470501875714194));
#448=CARTESIAN_POINT('',(1.02741730358666,-0.312644777742094,0.104695244867988));
#449=CARTESIAN_POINT('',(1.02495242064641,-0.314526877773172,0.105322670644206));
#450=CARTESIAN_POINT('',(1.45461323572175,0.,0.000630363798293374));
#451=CARTESIAN_POINT('',(1.0481175685082,-0.312674398308578,0.105607840482603));
#452=CARTESIAN_POINT('',(1.04567049258904,-0.314556676650764,0.106239797662107));
#453=CARTESIAN_POINT('',(1.47221758240247,0.,0.00082146616480457));
#454=CARTESIAN_POINT('',(1.06893508903982,-0.312692541190896,0.106637828683251));
#455=CARTESIAN_POINT('',(1.06650735620546,-0.314574928754052,0.1072748358979));
#456=CARTESIAN_POINT('',(1.48968975790659,0.,0.00104479850740366));
#457=CARTESIAN_POINT('',(1.08986913602407,-0.312692219664664,0.107783791886697));
#458=CARTESIAN_POINT('',(1.0874622434163,-0.314574605291348,0.108426353275954));
#459=CARTESIAN_POINT('',(1.50703528104979,0.,0.00130711860035902));
#460=CARTESIAN_POINT('',(1.11091930451512,-0.312662024331477,0.109038205843929));
#461=CARTESIAN_POINT('',(1.10853471361802,-0.314544228184618,0.109686739569612));
#462=CARTESIAN_POINT('',(1.53000029129703,0.,0.00172512961158424));
#463=CARTESIAN_POINT('',(1.13914032038352,-0.312567716367622,0.110847061788291));
#464=CARTESIAN_POINT('',(1.13678737027647,-0.314449352494816,0.111503968305278));
#465=CARTESIAN_POINT('',(1.55273130554303,0.,0.00226681714483072));
#466=CARTESIAN_POINT('',(1.16759157217206,-0.312369700157197,0.112846500200917));
#467=CARTESIAN_POINT('',(1.16527305750367,-0.314250144238828,0.113512182275508));
#468=CARTESIAN_POINT('',(1.57524469778203,0.,0.00297305153996679));
#469=CARTESIAN_POINT('',(1.19627059016066,-0.312020885665632,0.115007383632377));
#470=CARTESIAN_POINT('',(1.19398919213456,-0.31389922990697,0.115681822596306));
#471=CARTESIAN_POINT('',(1.59202428508074,0.,0.00359451001444144));
#472=CARTESIAN_POINT('',(1.21789290450297,-0.311671237810316,0.116701077682403));
#473=CARTESIAN_POINT('',(1.21564065935939,-0.313547477197487,0.117381971430341));
#474=CARTESIAN_POINT('',(1.60870176962894,0.,0.00431726041186471));
#475=CARTESIAN_POINT('',(1.23962740237998,-0.311221231045044,0.118459496070893));
#476=CARTESIAN_POINT('',(1.23740560010635,-0.313094761421517,0.119146624467904));
#477=CARTESIAN_POINT('',(1.62527981267133,0.,0.00515010818577916));
#478=CARTESIAN_POINT('',(1.26147285570614,-0.310657145486014,0.120275183173203));
#479=CARTESIAN_POINT('',(1.25928276287953,-0.31252728010644,0.120968228196272));
#480=CARTESIAN_POINT('',(1.6417610754385,0.,0.00610185880853855));
#481=CARTESIAN_POINT('',(1.28342814713453,-0.30996691271139,0.122137537770775));
#482=CARTESIAN_POINT('',(1.28127100758414,-0.311832892175927,0.122836064565927));
#483=CARTESIAN_POINT('',(1.65814749341792,0.,0.00718087232429187));
#484=CARTESIAN_POINT('',(1.30549059436567,-0.309130298145366,0.124047582127783));
#485=CARTESIAN_POINT('',(1.3033676241193,-0.310991241251797,0.124751111673064));
#486=CARTESIAN_POINT('',(1.67444100208294,0.,0.00839550880070219));
#487=CARTESIAN_POINT('',(1.32765615318478,-0.308121882258331,0.126013535343181));
#488=CARTESIAN_POINT('',(1.32556853227849,-0.309976754769383,0.126721587761647));
#489=CARTESIAN_POINT('',(1.69064290794896,0.,0.00975320975848803));
#490=CARTESIAN_POINT('',(1.34992025875932,-0.306916886202894,0.12804153411061));
#491=CARTESIAN_POINT('',(1.34786913187436,-0.308764504722012,0.128753621674679));
#492=CARTESIAN_POINT('',(1.70675451752199,0.,0.0112614167324773));
#493=CARTESIAN_POINT('',(1.37227741203039,-0.305489314055549,0.130138796173836));
#494=CARTESIAN_POINT('',(1.37026388289054,-0.307328338685854,0.130854429811154));
#495=CARTESIAN_POINT('',(1.72277588772096,0.,0.0129320017994288));
#496=CARTESIAN_POINT('',(1.39472116143268,-0.303812564011859,0.132312291703121));
#497=CARTESIAN_POINT('',(1.39274629457364,-0.305641494723852,0.133030952827125));
#498=CARTESIAN_POINT('',(1.73870707548826,0.,0.0147768370125877));
#499=CARTESIAN_POINT('',(1.41724400779292,-0.301859640189885,0.13456915235138));
#500=CARTESIAN_POINT('',(1.41530882226594,-0.303676814431997,0.135290293840864));
#501=CARTESIAN_POINT('',(1.75454701899914,0.,0.0168078780000095));
#502=CARTESIAN_POINT('',(1.43983714649938,-0.299602351589309,0.136916764775581));
#503=CARTESIAN_POINT('',(1.43794261474167,-0.301405937111062,0.137639812002377));
#504=CARTESIAN_POINT('',(1.77029465645235,0.,0.0190370803615324));
#505=CARTESIAN_POINT('',(1.46249064979947,-0.297013341782195,0.139362035426716));
#506=CARTESIAN_POINT('',(1.46063769087637,-0.298801341642424,0.140086383370811));
#507=CARTESIAN_POINT('',(1.78594779342007,0.,0.0214759735270673));
#508=CARTESIAN_POINT('',(1.48519272431436,-0.294062276065627,0.14191297294533));
#509=CARTESIAN_POINT('',(1.4833821995113,-0.295832510717276,0.14263799538744));
#510=CARTESIAN_POINT('',(1.80150423548387,0.,0.0241360869218222));
#511=CARTESIAN_POINT('',(1.50793113990441,-0.290725526169654,0.144574570666536));
#512=CARTESIAN_POINT('',(1.50616385008551,-0.29247567381427,0.145299602043595));
#513=CARTESIAN_POINT('',(1.81696052650485,0.,0.0270286873435939));
#514=CARTESIAN_POINT('',(1.5307001487474,-0.28701581487429,0.147336115194075));
#515=CARTESIAN_POINT('',(1.5289768809865,-0.288743630314465,0.14806035762311));
#516=CARTESIAN_POINT('',(1.83231321035346,0.,0.0301650415995833));
#517=CARTESIAN_POINT('',(1.55349384126567,-0.282941593755761,0.150188713130621));
#518=CARTESIAN_POINT('',(1.55181536786676,-0.284644882663272,0.150911247367939));
#519=CARTESIAN_POINT('',(1.84755751857674,0.,0.0335559373961951));
#520=CARTESIAN_POINT('',(1.5763071889231,-0.278513853190914,0.153122332437304));
#521=CARTESIAN_POINT('',(1.57467428061891,-0.280190487405987,0.153842113900797));
#522=CARTESIAN_POINT('',(1.8626886827311,0.,0.0372121624257254));
#523=CARTESIAN_POINT('',(1.59913551120107,-0.273742811320835,0.156127252518521));
#524=CARTESIAN_POINT('',(1.59754893925942,-0.275390724192151,0.156843113170344));
#525=CARTESIAN_POINT('',(1.87770057596131,0.,0.0411437461827875));
#526=CARTESIAN_POINT('',(1.62197476989039,-0.268639674652445,0.159193256375987));
#527=CARTESIAN_POINT('',(1.62043531815199,-0.270256866993776,0.159903906296654));
#528=CARTESIAN_POINT('',(1.89258707140745,0.,0.0453607181619954));
#529=CARTESIAN_POINT('',(1.64482128927954,-0.263215415987949,0.162310229190809));
#530=CARTESIAN_POINT('',(1.64332975633514,-0.264799954665435,0.163014257193537));
#531=CARTESIAN_POINT('',(1.90734067618399,0.,0.0498726712053252));
#532=CARTESIAN_POINT('',(1.66767203622979,-0.257481787325567,0.165467568507572));
#533=CARTESIAN_POINT('',(1.66622924752311,-0.259031809951685,0.166163441826865));
#534=CARTESIAN_POINT('',(1.92195432059839,0.,0.0546866742011097));
#535=CARTESIAN_POINT('',(1.69052410333379,-0.25144991511987,0.168655060930398));
#536=CARTESIAN_POINT('',(1.68913090936378,-0.252963626290897,0.169341142769192));
#537=CARTESIAN_POINT('',(1.93642444068891,0.,0.0597969126779639));
#538=CARTESIAN_POINT('',(1.71337568781924,-0.245132866377884,0.171861157752286));
#539=CARTESIAN_POINT('',(1.71203294968731,-0.246608549352186,0.172535776791099));
#540=CARTESIAN_POINT('',(1.95074705318533,0.,0.0651999647809266));
#541=CARTESIAN_POINT('',(1.7362182542012,-0.238525200398709,0.175086737536329));
#542=CARTESIAN_POINT('',(1.73492680560656,-0.239961105678833,0.175748248340414));
#543=CARTESIAN_POINT('',(1.96491821026302,0.,0.070891901304062));
#544=CARTESIAN_POINT('',(1.7590420088343,-0.231619409054791,0.178334136751311));
#545=CARTESIAN_POINT('',(1.75780264828276,-0.233013741944789,0.178980931610319));
#546=CARTESIAN_POINT('',(1.9789339343611,0.,0.0768693113689215));
#547=CARTESIAN_POINT('',(1.78183708985792,-0.224408983382223,0.181605122973206));
#548=CARTESIAN_POINT('',(1.78065058042693,-0.22575991000657,0.182235625347186));
#549=CARTESIAN_POINT('',(1.99278992093707,0.,0.0831293177747306));
#550=CARTESIAN_POINT('',(1.80459309163204,-0.216887200323369,0.184901671612194));
#551=CARTESIAN_POINT('',(1.80346015967967,-0.218192846330315,0.185514334172474));
#552=CARTESIAN_POINT('',(2.00648217589002,0.,0.0896685300676315));
#553=CARTESIAN_POINT('',(1.82729925071237,-0.209047694582483,0.188225711360079));
#554=CARTESIAN_POINT('',(1.82622058184305,-0.210306147307016,0.18881901880338));
#555=CARTESIAN_POINT('',(2.02000564565981,0.,0.0964855361949726));
#556=CARTESIAN_POINT('',(1.84994447579365,-0.20088439308643,0.191578970965891));
#557=CARTESIAN_POINT('',(1.84892071926331,-0.202093703297064,0.192151426895013));
#558=CARTESIAN_POINT('',(2.03335943781925,0.,0.103570752809885));
#559=CARTESIAN_POINT('',(1.8725171274504,-0.192391269000756,0.194963569950039));
#560=CARTESIAN_POINT('',(1.87154886781871,-0.193549451191131,0.19551374841685));
#561=CARTESIAN_POINT('',(2.04654508866158,0.,0.110911315660437));
#562=CARTESIAN_POINT('',(1.89500557855045,-0.183563187076357,0.198380694556581));
#563=CARTESIAN_POINT('',(1.89409332113461,-0.184668224818853,0.198907254192031));
#564=CARTESIAN_POINT('',(2.05956398634416,0.,0.118495777480666));
#565=CARTESIAN_POINT('',(1.91739704634273,-0.174394131356532,0.201833389737878));
#566=CARTESIAN_POINT('',(1.91654121115608,-0.1754439720166,0.202335076424559));
#567=CARTESIAN_POINT('',(2.07241848388046,0.,0.126312528741276));
#568=CARTESIAN_POINT('',(1.93968153247976,-0.164883336589282,0.205317552813006));
#569=CARTESIAN_POINT('',(1.93888246517402,-0.165875922917685,0.205793157617849));
#570=CARTESIAN_POINT('',(2.08511103651042,0.,0.134350328223414));
#571=CARTESIAN_POINT('',(1.96185150409685,-0.155034245275197,0.208823857663606));
#572=CARTESIAN_POINT('',(1.96110949019968,-0.155967540754834,0.209272183181778));
#573=CARTESIAN_POINT('',(2.09764489064821,0.,0.14259853191235));
#574=CARTESIAN_POINT('',(1.9838985699557,-0.144848927582703,0.212344287151036));
#575=CARTESIAN_POINT('',(1.98321382493921,-0.145720908150478,0.212764151795053));
#576=CARTESIAN_POINT('',(2.11002329270799,0.,0.151046495793357));
#577=CARTESIAN_POINT('',(2.00581503778292,-0.134331014038076,0.21587055174607));
#578=CARTESIAN_POINT('',(2.00518771126503,-0.135139677489809,0.2162607880981));
#579=CARTESIAN_POINT('',(2.12225016414066,0.,0.159684403064094));
#580=CARTESIAN_POINT('',(2.02759243196118,-0.123482360128154,0.219393358847748));
#581=CARTESIAN_POINT('',(2.02702259893205,-0.124225715431181,0.219752802649464));
#582=CARTESIAN_POINT('',(2.134329426383,0.,0.16850243692222));
#583=CARTESIAN_POINT('',(2.04922644338153,-0.112315857325115,0.222911856073888));
#584=CARTESIAN_POINT('',(2.04871412928424,-0.112991991050028,0.223239397030543));
#585=CARTESIAN_POINT('',(2.14626549037066,0.,0.177491593344658));
#586=CARTESIAN_POINT('',(2.07071440233408,-0.100847300638017,0.226427755285492));
#587=CARTESIAN_POINT('',(2.07025958998952,-0.101454394440698,0.22672234761176));
#588=CARTESIAN_POINT('',(2.15806276702987,0.,0.186642868289515));
#589=CARTESIAN_POINT('',(2.09205380037056,-0.089091515277031,0.229941877110923));
#590=CARTESIAN_POINT('',(2.09165643093718,-0.0896278400637585,0.230202534160305));
#591=CARTESIAN_POINT('',(2.16972605414074,0.,0.195948084847341));
#592=CARTESIAN_POINT('',(2.11324292338201,-0.0770638371047202,0.233455605014048));
#593=CARTESIAN_POINT('',(2.1129028988245,-0.0775277560982503,0.233681397701949));
#594=CARTESIAN_POINT('',(2.1812601494693,0.,0.205399066108684));
#595=CARTESIAN_POINT('',(2.13428036775742,-0.0647793454605701,0.23697012557753));
#596=CARTESIAN_POINT('',(2.13399755270679,-0.0651693126571857,0.237160181180877));
#597=CARTESIAN_POINT('',(2.19647340051502,0.,0.21818481051719));
#598=CARTESIAN_POINT('',(2.16212715251103,-0.0480776979818469,0.241659077659273));
#599=CARTESIAN_POINT('',(2.16192039046219,-0.0483671224114861,0.241800391131236));
#600=CARTESIAN_POINT('',(2.2151921585449,0.,0.234494214484799));
#601=CARTESIAN_POINT('',(2.1965533806872,-0.0266338287559099,0.247529154312565));
#602=CARTESIAN_POINT('',(2.19644117652714,-0.0267941625702255,0.247607623753624));
#603=CARTESIAN_POINT('',(2.22987776095137,0.,0.247855185970214));
#604=CARTESIAN_POINT('',(2.22368812024253,-0.00895279089702252,0.252242605077264));
#605=CARTESIAN_POINT('',(2.22365085903017,-0.00900668608158276,0.252269017036936));
#606=CARTESIAN_POINT('',(2.23715522534647,0.,0.254605759486385));
#607=CARTESIAN_POINT('',(2.23715522534647,0.,0.254605759486385));
#608=CARTESIAN_POINT('',(2.23715522534647,0.,0.254605759486385));
#609=CARTESIAN_POINT('',(1.12991736509869,-0.312592340229305,0.110266496422298));
#610=CARTESIAN_POINT('',(1.09382609299728,-0.312747812212652,0.107893876469784));
#611=CARTESIAN_POINT('',(1.05823427083435,-0.312697292989403,0.105956387644316));
#612=CARTESIAN_POINT('',(1.02315509224031,-0.312635948877434,0.104538578670204));
#613=CARTESIAN_POINT('',(1.12991736518976,-0.312592341227247,0.110266496584173));
#614=CARTESIAN_POINT('',(1.02315509223455,-0.312635948983224,0.104538578968494));
#615=CARTESIAN_POINT('',(1.02315509224031,-0.312635948877434,0.104538578670204));
#616=CARTESIAN_POINT('',(0.995968939359492,-0.312588407555403,0.103439785223008));
#617=CARTESIAN_POINT('',(0.955655606464178,-0.312485152860034,0.102228005934703));
#618=CARTESIAN_POINT('',(0.90283870049077,-0.312374831614253,0.101370148603927));
#619=CARTESIAN_POINT('',(0.870242021187878,-0.312331884320316,0.101115667290243));
#620=CARTESIAN_POINT('',(0.844357794652096,-0.312326589524441,0.101088798746884));
#621=CARTESIAN_POINT('',(0.818794441330045,-0.312327889839488,0.101095397241193));
#622=CARTESIAN_POINT('',(0.787590865110961,-0.312327252482778,0.101092162981035));
#623=CARTESIAN_POINT('',(0.751190558085614,-0.312327456190834,0.101093196726957));
#624=CARTESIAN_POINT('',(0.703933492068034,-0.312327389476773,0.101092858218087));
#625=CARTESIAN_POINT('',(0.647003494732905,-0.312327422179945,0.101093024212468));
#626=CARTESIAN_POINT('',(0.581270194112603,-0.312327411651361,0.101092970834621));
#627=CARTESIAN_POINT('',(0.517474669906171,-0.31232741445914,0.101092985132441));
#628=CARTESIAN_POINT('',(0.455394987778367,-0.31232741369386,0.101092981298696));
#629=CARTESIAN_POINT('',(0.394740309638781,-0.312327413884453,0.101092982315547));
#630=CARTESIAN_POINT('',(0.315394070197307,-0.312327413804667,0.101092981976921));
#631=CARTESIAN_POINT('',(0.218584397101215,-0.31232741381957,0.101092982135353));
#632=CARTESIAN_POINT('',(0.104619224061147,-0.312327413788072,0.101092982074886));
#633=CARTESIAN_POINT('',(0.0293396789508087,-0.312327413776479,0.101092982082305));
#634=CARTESIAN_POINT('',(-0.00829106474341343,-0.312327413769507,0.101092982080048));
#635=CARTESIAN_POINT('',(0.000537887673764294,0.,0.));
#636=CARTESIAN_POINT('',(0.0627804871233005,0.,0.));
#637=CARTESIAN_POINT('',(0.18818791866492,0.,-1.54446507620406E-12));
#638=CARTESIAN_POINT('',(0.375734322359748,0.,5.40562776671421E-12));
#639=CARTESIAN_POINT('',(0.528896066635251,0.,-1.58307670310916E-11));
#640=CARTESIAN_POINT('',(0.648383260430573,0.,2.7414255102622E-11));
#641=CARTESIAN_POINT('',(0.736148985032418,0.,-1.04637508912825E-10));
#642=CARTESIAN_POINT('',(0.82190112956427,0.,3.91135780548678E-10));
#643=CARTESIAN_POINT('',(0.905558766019939,0.,-1.45990561328189E-9));
#644=CARTESIAN_POINT('',(0.987022127549324,0.,5.44848667257887E-9));
#645=CARTESIAN_POINT('',(1.06619321384802,0.,-2.03340410770336E-8));
#646=CARTESIAN_POINT('',(1.14309489515716,0.,7.58876776355554E-8));
#647=CARTESIAN_POINT('',(1.20531152362302,0.,-2.23365944948398E-7));
#648=CARTESIAN_POINT('',(1.25397652133449,0.,3.86881165380004E-7));
#649=CARTESIAN_POINT('',(1.30190888957757,0.,-2.09792104733163E-6));
#650=CARTESIAN_POINT('',(1.35996463565317,0.,4.06203061446102E-5));
#651=CARTESIAN_POINT('',(1.42726045314953,0.,0.000338449941271887));
#652=CARTESIAN_POINT('',(1.49252841294189,0.,0.00099713765811446));
#653=CARTESIAN_POINT('',(1.55607598859255,0.,0.00219882987356319));
#654=CARTESIAN_POINT('',(1.61812691663195,0.,0.00452048511544194));
#655=CARTESIAN_POINT('',(1.67883890020744,0.,0.00842784484377058));
#656=CARTESIAN_POINT('',(1.7383071222103,0.,0.0143122627743602));
#657=CARTESIAN_POINT('',(1.79653503784773,0.,0.0227382229677661));
#658=CARTESIAN_POINT('',(1.85341590870048,0.,0.0343054232578657));
#659=CARTESIAN_POINT('',(1.90872300683353,0.,0.0495775361777513));
#660=CARTESIAN_POINT('',(1.96210809339299,0.,0.0689961401412167));
#661=CARTESIAN_POINT('',(2.01337445791906,0.,0.0923335661373866));
#662=CARTESIAN_POINT('',(2.06230468098274,0.,0.119439095578269));
#663=CARTESIAN_POINT('',(2.10897760691015,0.,0.149693498463786));
#664=CARTESIAN_POINT('',(2.16842278352645,0.,0.193521694361795));
#665=CARTESIAN_POINT('',(2.21020151396429,0.,0.229603505907326));
#666=CARTESIAN_POINT('',(2.23715522534647,0.,0.254605759486385));
#667=CARTESIAN_POINT('',(2.23715522534647,0.,0.254605759486385));
#668=CARTESIAN_POINT('',(2.23715522534647,0.,0.254605759486385));
#669=CARTESIAN_POINT('',(2.21059263907931,-0.0176587191333943,0.249944875661776));
#670=CARTESIAN_POINT('',(2.1836393590481,-0.0348807314475742,0.245308727480773));
#671=CARTESIAN_POINT('',(2.15628891329577,-0.0515169453303569,0.240681749033114));
#672=CARTESIAN_POINT('',(2.15628891329012,-0.0515169453291494,0.240681749063406));
#673=CARTESIAN_POINT('',(2.15628891329577,-0.0515169453303569,0.240681749033114));
#674=CARTESIAN_POINT('',(2.13803547946037,-0.0626199280829454,0.237593884904694));
#675=CARTESIAN_POINT('',(2.1196052456766,-0.0734619865613326,0.234510207028811));
#676=CARTESIAN_POINT('',(2.10100039868367,-0.0839973420311606,0.231426577654949));
#677=CARTESIAN_POINT('',(2.10100039869535,-0.0839973420307806,0.231426577583536));
#678=CARTESIAN_POINT('',(2.10100039868367,-0.0839973420311606,0.231426577654949));
#679=CARTESIAN_POINT('',(2.0769750910535,-0.0976021384721547,0.22744454306182));
#680=CARTESIAN_POINT('',(2.02834270793142,-0.123794059079172,0.219484814215318));
#681=CARTESIAN_POINT('',(1.97859635422173,-0.147521382779586,0.211478006733452));
#682=CARTESIAN_POINT('',(1.95349038841719,-0.158729469125691,0.20750321308344));
#683=CARTESIAN_POINT('',(1.95349038956275,-0.158729470605389,0.20750321174954));
#684=CARTESIAN_POINT('',(1.95349038841717,-0.158729469125697,0.207503213083438));
#685=CARTESIAN_POINT('',(1.92992763997647,-0.169248615099901,0.203772742662011));
#686=CARTESIAN_POINT('',(1.88239058014491,-0.189134566435256,0.196381903514271));
#687=CARTESIAN_POINT('',(1.81016518767473,-0.215511270720466,0.185659872286717));
#688=CARTESIAN_POINT('',(1.73740887210919,-0.238633033487485,0.175220942382185));
#689=CARTESIAN_POINT('',(1.68878177630041,-0.252039237508285,0.168398926558022));
#690=CARTESIAN_POINT('',(1.66447776547364,-0.258251538008719,0.165029406500298));
#691=CARTESIAN_POINT('',(1.6644777654984,-0.258251538073853,0.165029406510046));
#692=CARTESIAN_POINT('',(1.66447776547364,-0.25825153800872,0.165029406500298));
#693=CARTESIAN_POINT('',(1.63792858718329,-0.265037720742131,0.161348614850686));
#694=CARTESIAN_POINT('',(1.61138218689206,-0.271216903050713,0.157731763089804));
#695=CARTESIAN_POINT('',(1.58486209091074,-0.276709153183021,0.154251771161429));
#696=CARTESIAN_POINT('',(1.5848620903444,-0.276709151748779,0.154251773213759));
#697=CARTESIAN_POINT('',(1.58486209091074,-0.276709153183021,0.154251771161429));
#698=CARTESIAN_POINT('',(1.58215085777063,-0.277270643982788,0.153896001109071));
#699=CARTESIAN_POINT('',(1.57943990949455,-0.277824958674225,0.153541658912995));
#700=CARTESIAN_POINT('',(1.57672927653366,-0.278372012751778,0.153188821616819));
#701=CARTESIAN_POINT('',(1.57672927652617,-0.27837201273253,0.153188821644515));
#702=CARTESIAN_POINT('',(1.57672927653366,-0.278372012751778,0.153188821616819));
#703=CARTESIAN_POINT('',(1.54569297311651,-0.284635684617677,0.149148887026061));
#704=CARTESIAN_POINT('',(1.48369585140073,-0.295261060523051,0.141463484371502));
#705=CARTESIAN_POINT('',(1.39132615458645,-0.304777593983257,0.131781569907974));
#706=CARTESIAN_POINT('',(1.30032109064445,-0.309752129377997,0.123491556153095));
#707=CARTESIAN_POINT('',(1.24081902965394,-0.311267133726251,0.118514970242317));
#708=CARTESIAN_POINT('',(1.21138282030095,-0.311770515731773,0.116194608030762));
#709=CARTESIAN_POINT('',(1.21138282031302,-0.311770515799666,0.116194607931254));
#710=CARTESIAN_POINT('',(1.21138282030095,-0.311770515731773,0.116194608030762));
#711=CARTESIAN_POINT('',(1.21126039360884,-0.311772609853544,0.11618495777362));
#712=CARTESIAN_POINT('',(1.2111379723127,-0.311774699337426,0.116175310742656));
#713=CARTESIAN_POINT('',(1.21101555641325,-0.311776784193454,0.116165666944634));
#714=CARTESIAN_POINT('',(1.21101555642204,-0.311776784206988,0.116165666835973));
#715=CARTESIAN_POINT('',(1.21101555641325,-0.311776784193454,0.116165666944634));
#716=CARTESIAN_POINT('',(1.18742159826299,-0.312178508971663,0.114306911686991));
#717=CARTESIAN_POINT('',(1.16402829781796,-0.312408691443466,0.112569010419434));
#718=CARTESIAN_POINT('',(1.14083993062148,-0.312538390936071,0.110996071445058));
#719=CARTESIAN_POINT('',(1.14083993076671,-0.312538390936251,0.110996069301288));
#720=CARTESIAN_POINT('',(1.14083993062148,-0.312538390936071,0.110996071445058));
#721=CARTESIAN_POINT('',(1.13719400869015,-0.312558783673969,0.110748757236855));
#722=CARTESIAN_POINT('',(1.13355314896385,-0.312576678200896,0.11050551081107));
#723=CARTESIAN_POINT('',(1.12991736509869,-0.312592340229305,0.110266496422298));
#724=CARTESIAN_POINT('',(-0.00657172662353658,0.251357051278235,0.081972360837337));
#725=CARTESIAN_POINT('',(-0.00715371190523853,0.251357051286026,0.0819215395633529));
#726=CARTESIAN_POINT('',(-0.00887441461255556,0.312235222598669,0.101626360878761));
#727=CARTESIAN_POINT('',(-0.00829242934038076,0.312235222501623,0.101677182126544));
#728=CARTESIAN_POINT('',(-0.00829131488313011,0.312327413362561,0.101092981998793));
#729=CARTESIAN_POINT('',(-0.00829061657271675,0.312327431128717,0.101092988093959));
#730=CARTESIAN_POINT('',(-0.00534778182398127,0.208218287458205,0.0673953252752892));
#731=CARTESIAN_POINT('',(-0.00240494707510182,0.104109143748769,0.0336976625768854));
#732=CARTESIAN_POINT('',(0.000537887673777638,4.05590491747709E-13,-1.25330594426959E-12));
#733=CARTESIAN_POINT('',(0.000209443578519437,0.350478990405191,-0.00239846680068283));
#734=CARTESIAN_POINT('',(-0.00887441468076092,-0.325836162879894,0.101626361659823));
#735=CARTESIAN_POINT('',(-0.0150658077494479,-0.330573869968918,0.172527798419224));
#736=CARTESIAN_POINT('',(-0.0237249397675947,-0.337197710282477,0.271688826376076));
#737=CARTESIAN_POINT('',(-0.0348518107352012,-0.345707683820571,0.39910944553038));
#738=CARTESIAN_POINT('',(-0.00887441468376315,-0.32583616053513,0.101626361694203));
#739=CARTESIAN_POINT('',(-0.0348518107353296,-0.345707683798374,0.399109445531852));
#740=CARTESIAN_POINT('',(-0.0348518107353939,-0.345707683787276,0.399109445532587));
#741=CARTESIAN_POINT('',(-0.0348518107353939,-0.115235894595759,0.399109445532587));
#742=CARTESIAN_POINT('',(-0.0348518107353939,0.115235894595759,0.399109445532587));
#743=CARTESIAN_POINT('',(-0.0348518107353939,0.345707683787276,0.399109445532587));
#744=CARTESIAN_POINT('',(-0.0348518107353296,0.345707683798374,0.399109445531852));
#745=CARTESIAN_POINT('',(-0.0348518107352011,0.345707683820571,0.39910944553038));
#746=CARTESIAN_POINT('',(-0.0237249397703126,0.337197710284556,0.2716888264072));
#747=CARTESIAN_POINT('',(-0.0150658077537485,0.330573869972208,0.172527798468472));
#748=CARTESIAN_POINT('',(-0.008874414685509,0.325836162883527,0.101626361714196));
#749=CARTESIAN_POINT('',(-0.00887441468622694,0.325836160535891,0.101626361722417));
#750=CARTESIAN_POINT('',(-0.00887441468694488,0.325836158188256,0.101626361730639));
#751=CARTESIAN_POINT('',(-0.00887441466214844,0.321302512991727,0.10162636144668));
#752=CARTESIAN_POINT('',(-0.008874414637352,0.316768867795198,0.10162636116272));
#753=CARTESIAN_POINT('',(-0.00887441461255556,0.312235222598669,0.101626360878761));
#754=CARTESIAN_POINT('',(-0.00887441461214333,-0.312235222598669,0.10162636087404));
#755=CARTESIAN_POINT('',(-0.00887441463701735,-0.316768867795901,0.101626361158888));
#756=CARTESIAN_POINT('',(-0.00887441466189136,-0.321302512993134,0.101626361443736));
#757=CARTESIAN_POINT('',(-0.00887441468676538,-0.325836158190366,0.101626361728583));
#758=CARTESIAN_POINT('',(-0.00829242944034837,-0.329332838349258,0.101677183111274));
#759=CARTESIAN_POINT('',(-0.00829172101829524,-0.312327413936536,0.101092982550695));
#760=CARTESIAN_POINT('',(-0.00829195715918759,-0.317011860821381,0.101092982537123));
#761=CARTESIAN_POINT('',(-0.00829219330025351,-0.321696307706226,0.101092982666699));
#762=CARTESIAN_POINT('',(-0.00829242944131942,-0.326380754591071,0.101092982939423));
#763=CARTESIAN_POINT('',(-0.00829238781336434,-0.326380754593197,0.101092506617706));
#764=CARTESIAN_POINT('',(-0.00829234214698442,-0.326380627888999,0.101092982945935));
#765=CARTESIAN_POINT('',(-0.00836564747279621,-0.326374834024526,0.101092971993923));
#766=CARTESIAN_POINT('',(-0.00848151879405438,-0.326343500030771,0.10111523763795));
#767=CARTESIAN_POINT('',(-0.00862242269999154,-0.326263997974549,0.101188831276607));
#768=CARTESIAN_POINT('',(-0.00872686958741343,-0.32617038374046,0.101280858000069));
#769=CARTESIAN_POINT('',(-0.0087684815636431,-0.326114468778957,0.101336904221291));
#770=CARTESIAN_POINT('',(-0.00880455422264922,-0.326059022572139,0.10139327416864));
#771=CARTESIAN_POINT('',(-0.00883415307337091,-0.325997336346196,0.101457041275117));
#772=CARTESIAN_POINT('',(-0.00883429044151461,-0.325995422760028,0.101458778495608));
#773=CARTESIAN_POINT('',(-0.00885419285551776,-0.325944047040723,0.101511294113499));
#774=CARTESIAN_POINT('',(-0.00886965435929356,-0.325886734512341,0.101571848301069));
#775=CARTESIAN_POINT('',(-0.00887441468076079,-0.325836162879894,0.101626361659823));
#776=CARTESIAN_POINT('',(-0.00882783787804987,-0.312327413936536,0.101092982134112));
#777=CARTESIAN_POINT('',(-0.0088278379532959,-0.326382628367224,0.10109298301355));
#778=CARTESIAN_POINT('',(-0.0088278379532959,-0.326467006407224,0.101092983016345));
#779=CARTESIAN_POINT('',(0.0625282444058342,-0.312327413936536,0.101092982134112));
#780=CARTESIAN_POINT('',(0.0623735845790363,-0.326382628367224,0.10109298301355));
#781=CARTESIAN_POINT('',(0.0623726561051622,-0.326467006407224,0.101092983016345));
#782=CARTESIAN_POINT('',(0.205240660149511,-0.312327413936536,0.101092982134112));
#783=CARTESIAN_POINT('',(0.204776428270461,-0.326382628367224,0.10109298301355));
#784=CARTESIAN_POINT('',(0.204773641333766,-0.326467006407224,0.101092983016345));
#785=CARTESIAN_POINT('',(0.419222268793305,-0.312327413936536,0.101092982134112));
#786=CARTESIAN_POINT('',(0.41846748304832,-0.326382628367224,0.10109298301355));
#787=CARTESIAN_POINT('',(0.418462951821536,-0.326467006407224,0.101092983016345));
#788=CARTESIAN_POINT('',(0.633029450956554,-0.312327413936536,0.101092982134112));
#789=CARTESIAN_POINT('',(0.63233247356631,-0.326382628367224,0.10109298301355));
#790=CARTESIAN_POINT('',(0.63232828938337,-0.326467006407224,0.101092983016345));
#791=CARTESIAN_POINT('',(0.77539362746917,-0.312327413936536,0.101092982134112));
#792=CARTESIAN_POINT('',(0.775083443676204,-0.326382628367224,0.10109298301355));
#793=CARTESIAN_POINT('',(0.775081581543106,-0.326467006407224,0.101092983016345));
#794=CARTESIAN_POINT('',(0.861779612948198,-0.312327413936536,0.101092982134112));
#795=CARTESIAN_POINT('',(0.86184617269692,-0.326382628367224,0.10109298301355));
#796=CARTESIAN_POINT('',(0.861846572276322,-0.326467006407224,0.101092983016345));
#797=CARTESIAN_POINT('',(0.884669458735441,-0.3123479607551,0.101199996775333));
#798=CARTESIAN_POINT('',(0.884843156463012,-0.326405738441367,0.101201123866614));
#799=CARTESIAN_POINT('',(0.884844199227022,-0.326490131869695,0.101201130634124));
#800=CARTESIAN_POINT('',(0.915185290048651,-0.312400789657618,0.101570514470958));
#801=CARTESIAN_POINT('',(0.91550438958701,-0.32646901539447,0.101575395797671));
#802=CARTESIAN_POINT('',(0.915506305245215,-0.326553471547358,0.101575425101185));
#803=CARTESIAN_POINT('',(0.9380691148283,-0.312449109466066,0.101965575639732));
#804=CARTESIAN_POINT('',(0.938500026355334,-0.326529201730283,0.10197447805247));
#805=CARTESIAN_POINT('',(0.938502613257736,-0.326613729122327,0.101974531496512));
#806=CARTESIAN_POINT('',(0.960949294714387,-0.312502108956009,0.102481066831706));
#807=CARTESIAN_POINT('',(0.961494373580929,-0.326598563057533,0.102495184898617));
#808=CARTESIAN_POINT('',(0.961497645869137,-0.326683188672116,0.102495269653226));
#809=CARTESIAN_POINT('',(0.983825074260412,-0.312555767582252,0.103120116757467));
#810=CARTESIAN_POINT('',(0.98448685818072,-0.326673614324008,0.103140764669055));
#811=CARTESIAN_POINT('',(0.984490831086523,-0.32675836836754,0.103140888625465));
#812=CARTESIAN_POINT('',(1.00669577186914,-0.31260591613228,0.103885588546784));
#813=CARTESIAN_POINT('',(1.00747660148345,-0.326750643013491,0.103914148553574));
#814=CARTESIAN_POINT('',(1.00748128905901,-0.326835558426219,0.103914320008344));
#815=CARTESIAN_POINT('',(1.02956055772279,-0.312648699399913,0.104780646948382));
#816=CARTESIAN_POINT('',(1.03046279967824,-0.326826346023345,0.104818603005299));
#817=CARTESIAN_POINT('',(1.03046821613225,-0.326911459066376,0.104818830867168));
#818=CARTESIAN_POINT('',(1.05241865242311,-0.31267960320257,0.105807380834028));
#819=CARTESIAN_POINT('',(1.05344457539183,-0.326896592257866,0.105856406040968));
#820=CARTESIAN_POINT('',(1.05345073434317,-0.326981941484484,0.105856700356377));
#821=CARTESIAN_POINT('',(1.07526908524475,-0.31269562687487,0.106969870155648));
#822=CARTESIAN_POINT('',(1.07642092953112,-0.32695910931555,0.107031672169241));
#823=CARTESIAN_POINT('',(1.07642784442815,-0.327044737656536,0.107032043188689));
#824=CARTESIAN_POINT('',(1.09811149686447,-0.312685542516503,0.108260264308143));
#825=CARTESIAN_POINT('',(1.099391514958,-0.326999729791612,0.108335832731089));
#826=CARTESIAN_POINT('',(1.09939919932456,-0.327085662533581,0.108336286394666));
#827=CARTESIAN_POINT('',(1.12094585028943,-0.312635445792169,0.109666964282552));
#828=CARTESIAN_POINT('',(1.12235630219486,-0.327001345539935,0.109757284259223));
#829=CARTESIAN_POINT('',(1.12236476959673,-0.327087588726405,0.109757826481861));
#830=CARTESIAN_POINT('',(1.14377213322162,-0.312532498042987,0.111179777069962));
#831=CARTESIAN_POINT('',(1.14531527357299,-0.326948018085523,0.111285581778739));
#832=CARTESIAN_POINT('',(1.14532453754797,-0.327034559159842,0.111286216957503));
#833=CARTESIAN_POINT('',(1.1665904096907,-0.312363315043532,0.112787974540002));
#834=CARTESIAN_POINT('',(1.16826846764656,-0.326823229121679,0.112909855720269));
#835=CARTESIAN_POINT('',(1.16827854157593,-0.326910036706193,0.112910587413622));
#836=CARTESIAN_POINT('',(1.18940076350192,-0.312114934105974,0.11448101506426));
#837=CARTESIAN_POINT('',(1.19121590644384,-0.32661083479881,0.114619336144873));
#838=CARTESIAN_POINT('',(1.19122680333991,-0.326697858423715,0.114620166530383));
#839=CARTESIAN_POINT('',(1.2122032226609,-0.311773996771944,0.11624861183496));
#840=CARTESIAN_POINT('',(1.21415751138449,-0.326294409602666,0.11640355580953));
#841=CARTESIAN_POINT('',(1.21416924361661,-0.326381580382479,0.116404485991355));
#842=CARTESIAN_POINT('',(1.23499783342514,-0.311327735574702,0.118079823911886));
#843=CARTESIAN_POINT('',(1.23709316020783,-0.325857857304975,0.118251304614319));
#844=CARTESIAN_POINT('',(1.23710573913904,-0.325945086370354,0.11825233406973));
#845=CARTESIAN_POINT('',(1.257784391022,-0.310762374459295,0.119965176184862));
#846=CARTESIAN_POINT('',(1.2600224126353,-0.325284568109291,0.120152946911683));
#847=CARTESIAN_POINT('',(1.26003584821141,-0.325371749578472,0.120154074161949));
#848=CARTESIAN_POINT('',(1.28056288679349,-0.310066191342495,0.121892101449719));
#849=CARTESIAN_POINT('',(1.28294493706712,-0.324558952912578,0.122095433024696));
#850=CARTESIAN_POINT('',(1.28295923729398,-0.324645957691322,0.122096653689523));
#851=CARTESIAN_POINT('',(1.30333206107425,-0.309220844574926,0.123858244068748));
#852=CARTESIAN_POINT('',(1.30585891827777,-0.323661711830944,0.124078468130054));
#853=CARTESIAN_POINT('',(1.30587408782638,-0.323748405072211,0.1240797902069));
#854=CARTESIAN_POINT('',(1.32608899131368,-0.308200733307593,0.12587245768116));
#855=CARTESIAN_POINT('',(1.32876115935554,-0.322570831124721,0.126110948399779));
#856=CARTESIAN_POINT('',(1.32877720125326,-0.322657099513946,0.126112380137684));
#857=CARTESIAN_POINT('',(1.34883045713272,-0.306982108058618,0.127940516826219));
#858=CARTESIAN_POINT('',(1.35164813558418,-0.321265078422986,0.12819891698731));
#859=CARTESIAN_POINT('',(1.35166505102741,-0.321350823757198,0.12820046824822));
#860=CARTESIAN_POINT('',(1.3715524247758,-0.305540408321037,0.13006944955248));
#861=CARTESIAN_POINT('',(1.3745155432113,-0.319722819498767,0.130349628379981));
#862=CARTESIAN_POINT('',(1.37453333177794,-0.319807961143683,0.130351310384379));
#863=CARTESIAN_POINT('',(1.39425011696734,-0.303851249955142,0.132265693429491));
#864=CARTESIAN_POINT('',(1.39735840863974,-0.317922634613858,0.132569671697521));
#865=CARTESIAN_POINT('',(1.39737706872807,-0.318007109730309,0.132571496577167));
#866=CARTESIAN_POINT('',(1.41691790712527,-0.301890372154153,0.134535789795754));
#867=CARTESIAN_POINT('',(1.42017092601851,-0.315843004291457,0.134865895625494));
#868=CARTESIAN_POINT('',(1.42019045495338,-0.315926766496423,0.134867877357072));
#869=CARTESIAN_POINT('',(1.439549142768,-0.299633073574074,0.136886288647772));
#870=CARTESIAN_POINT('',(1.44294646446162,-0.313462697035382,0.137244829147952));
#871=CARTESIAN_POINT('',(1.44296685969369,-0.313545720779485,0.137246981582355));
#872=CARTESIAN_POINT('',(1.45837177731806,-0.297485395005048,0.138917068540919));
#873=CARTESIAN_POINT('',(1.46188893759648,-0.311210776288157,0.139301718708366));
#874=CARTESIAN_POINT('',(1.46191005225876,-0.311293174234646,0.139304027891273));
#875=CARTESIAN_POINT('',(1.47340336475892,-0.29559455108021,0.140588316153756));
#876=CARTESIAN_POINT('',(1.47701640382294,-0.309238063276254,0.140994938068893));
#877=CARTESIAN_POINT('',(1.47703809407579,-0.309319969732671,0.140997379152557));
#878=CARTESIAN_POINT('',(1.4884157347573,-0.293585340716573,0.142291341227241));
#879=CARTESIAN_POINT('',(1.49212449271855,-0.307147127992218,0.142721344069262));
#880=CARTESIAN_POINT('',(1.49214675760317,-0.307228543830708,0.142723925517962));
#881=CARTESIAN_POINT('',(1.50714228207148,-0.290845829981768,0.144481008409523));
#882=CARTESIAN_POINT('',(1.5109715888882,-0.304312394645298,0.144939985873295));
#883=CARTESIAN_POINT('',(1.51099457746872,-0.30439323882905,0.144942741264616));
#884=CARTESIAN_POINT('',(1.52954925018119,-0.287209913593644,0.147194867231505));
#885=CARTESIAN_POINT('',(1.53352457948958,-0.30057007676753,0.147688747466333));
#886=CARTESIAN_POINT('',(1.53354844469048,-0.300650282188897,0.147691712390501));
#887=CARTESIAN_POINT('',(1.55188876944465,-0.283237524871394,0.149985736876743));
#888=CARTESIAN_POINT('',(1.55601178623214,-0.296499029149779,0.150513892509552));
#889=CARTESIAN_POINT('',(1.55603653804954,-0.29657864228962,0.150517063201249));
#890=CARTESIAN_POINT('',(1.57415923095151,-0.278942533381958,0.152843607964826));
#891=CARTESIAN_POINT('',(1.57843160064291,-0.29211140713714,0.153405299933937));
#892=CARTESIAN_POINT('',(1.57845724907293,-0.292190464186678,0.153408671954167));
#893=CARTESIAN_POINT('',(1.59635945350859,-0.274337617848808,0.155759053552432));
#894=CARTESIAN_POINT('',(1.6007828879555,-0.287418920801697,0.15635309270271));
#895=CARTESIAN_POINT('',(1.60080944327661,-0.287497452135061,0.156356658914979));
#896=CARTESIAN_POINT('',(1.61848897703355,-0.26943602105837,0.158722377470698));
#897=CARTESIAN_POINT('',(1.62306506849342,-0.282433288135177,0.159347349666115));
#898=CARTESIAN_POINT('',(1.62309254026566,-0.282511314974562,0.159351101578191));
#899=CARTESIAN_POINT('',(1.64054767298737,-0.264250125039068,0.161724368525445));
#900=CARTESIAN_POINT('',(1.6452779078277,-0.277165706915968,0.16237844202869));
#901=CARTESIAN_POINT('',(1.64530630497099,-0.277243243369439,0.162382368646513));
#902=CARTESIAN_POINT('',(1.66253619934003,-0.258793018440566,0.164755328290429));
#903=CARTESIAN_POINT('',(1.66742176443036,-0.271627610536547,0.165436474741642));
#904=CARTESIAN_POINT('',(1.66745109407281,-0.271704660783132,0.16544056388593));
#905=CARTESIAN_POINT('',(1.68445509259094,-0.253076018306187,0.167806667108279));
#906=CARTESIAN_POINT('',(1.68949701919204,-0.265829294989407,0.168512275202596));
#907=CARTESIAN_POINT('',(1.68952728752252,-0.265905857072371,0.168516511197101));
#908=CARTESIAN_POINT('',(1.70630647367136,-0.247113420325771,0.170867724198512));
#909=CARTESIAN_POINT('',(1.71150518201814,-0.259782804170885,0.171595247051067));
#910=CARTESIAN_POINT('',(1.71153639156084,-0.259858862618039,0.171599614608093));
#911=CARTESIAN_POINT('',(1.7280881509705,-0.240906728549631,0.173936340988037));
#912=CARTESIAN_POINT('',(1.73344199310463,-0.253484240765249,0.174686388481908));
#913=CARTESIAN_POINT('',(1.73347413396686,-0.253559747678499,0.174690891263346));
#914=CARTESIAN_POINT('',(1.74979478465005,-0.234449400157855,0.177015762672978));
#915=CARTESIAN_POINT('',(1.75530185391269,-0.246926968210156,0.177788806036349));
#916=CARTESIAN_POINT('',(1.75533491464755,-0.247001875123955,0.177793446868284));
#917=CARTESIAN_POINT('',(1.77142182392022,-0.227737613438146,0.180107396744197));
#918=CARTESIAN_POINT('',(1.7770793998998,-0.24010565794949,0.180904740413806));
#919=CARTESIAN_POINT('',(1.77711336417413,-0.240179907358171,0.180909527128772));
#920=CARTESIAN_POINT('',(1.79296402434525,-0.220766278848656,0.183213525991852));
#921=CARTESIAN_POINT('',(1.79876884904441,-0.233014639589175,0.184036800478349));
#922=CARTESIAN_POINT('',(1.79880369730203,-0.233088170498493,0.18404174286282));
#923=CARTESIAN_POINT('',(1.81441620582001,-0.213531081740428,0.18633589821162));
#924=CARTESIAN_POINT('',(1.82036432798573,-0.22564874154099,0.18718734916185));
#925=CARTESIAN_POINT('',(1.82040003650542,-0.225721487807686,0.187192460700529));
#926=CARTESIAN_POINT('',(1.83577280759327,-0.206027366294359,0.189476568254662));
#927=CARTESIAN_POINT('',(1.84185973873007,-0.218002948215811,0.190358781201726));
#928=CARTESIAN_POINT('',(1.84189628056479,-0.218074841541425,0.190364077414323));
#929=CARTESIAN_POINT('',(1.85702820208124,-0.198250871963382,0.192637255671182));
#930=CARTESIAN_POINT('',(1.86324879452444,-0.21007250175153,0.193553439693115));
#931=CARTESIAN_POINT('',(1.86328613877173,-0.210143470854978,0.193558939845091));
#932=CARTESIAN_POINT('',(1.87817637861326,-0.190197144846379,0.195820042466746));
#933=CARTESIAN_POINT('',(1.88452511538599,-0.201853113073435,0.196773513599096));
#934=CARTESIAN_POINT('',(1.88456322892671,-0.201923087657588,0.196779237598838));
#935=CARTESIAN_POINT('',(1.89921140140253,-0.181862309049215,0.19902630358361));
#936=CARTESIAN_POINT('',(1.90568200942306,-0.193340441224676,0.200021357574475));
#937=CARTESIAN_POINT('',(1.90572085459564,-0.193409348199867,0.200027331208963));
#938=CARTESIAN_POINT('',(1.92012653447734,-0.173241732206033,0.202258781118325));
#939=CARTESIAN_POINT('',(1.92671307451638,-0.184531471299566,0.203298650414331));
#940=CARTESIAN_POINT('',(1.92675261566629,-0.184599247289923,0.203304893088794));
#941=CARTESIAN_POINT('',(1.94091802847442,-0.164335868219621,0.205512944178988));
#942=CARTESIAN_POINT('',(1.94762065363881,-0.175439251653528,0.206594411857703));
#943=CARTESIAN_POINT('',(1.94766089168572,-0.175505908888647,0.206600904259159));
#944=CARTESIAN_POINT('',(1.95813912941228,-0.156678554639842,0.208237153448064));
#945=CARTESIAN_POINT('',(1.96494205186014,-0.167634773084176,0.209347766199571));
#946=CARTESIAN_POINT('',(1.96498289202536,-0.16770054683916,0.209354433572332));
#947=CARTESIAN_POINT('',(1.971851380651,-0.150411888011523,0.210420848349252));
#948=CARTESIAN_POINT('',(1.97873892888021,-0.161259010269952,0.211549294293985));
#949=CARTESIAN_POINT('',(1.97878027708111,-0.161324129085937,0.211556068725345));
#950=CARTESIAN_POINT('',(1.98210293406877,-0.145641776831214,0.212060032458408));
#951=CARTESIAN_POINT('',(1.98905655144736,-0.156411907576395,0.213198581615337));
#952=CARTESIAN_POINT('',(1.98909829628417,-0.156476564186255,0.213205416697117));
#953=CARTESIAN_POINT('',(1.99232153223289,-0.140801851098082,0.21369987869019));
#954=CARTESIAN_POINT('',(1.99934427997108,-0.151500430269051,0.21484461338013));
#955=CARTESIAN_POINT('',(1.99938643982034,-0.1515646573335,0.214851485597957));
#956=CARTESIAN_POINT('',(2.00250675803118,-0.135892164025169,0.215339485978245));
#957=CARTESIAN_POINT('',(2.00960211658647,-0.146525172636262,0.216486112903295));
#958=CARTESIAN_POINT('',(2.00964471234054,-0.146589006058604,0.216492996478576));
#959=CARTESIAN_POINT('',(2.01265819435146,-0.130912768820817,0.216977953260921));
#960=CARTESIAN_POINT('',(2.01983022241408,-0.141486936156279,0.218121485147976));
#961=CARTESIAN_POINT('',(2.0198732784399,-0.14155041633472,0.218128350142654));
#962=CARTESIAN_POINT('',(2.02277576046416,-0.125864602486055,0.218615082133281));
#963=CARTESIAN_POINT('',(2.03002625861956,-0.136382625918084,0.219752702956581));
#964=CARTESIAN_POINT('',(2.0300697857267,-0.13644576904601,0.219759532467255));
#965=CARTESIAN_POINT('',(2.03285937563971,-0.120748602012508,0.220250674195094));
#966=CARTESIAN_POINT('',(2.04018780278437,-0.131209282053748,0.221382119507211));
#967=CARTESIAN_POINT('',(2.04023179772465,-0.131272080933166,0.221388911943335));
#968=CARTESIAN_POINT('',(2.04290919806403,-0.115566251505591,0.221885003732199));
#969=CARTESIAN_POINT('',(2.0503127000601,-0.125964572943152,0.223011954129418));
#970=CARTESIAN_POINT('',(2.05035714570089,-0.126026997462695,0.223018719582157));
#971=CARTESIAN_POINT('',(2.0529253859372,-0.110319035080127,0.223518345049251));
#972=CARTESIAN_POINT('',(2.06039895357263,-0.120646630034867,0.224644485799324));
#973=CARTESIAN_POINT('',(2.06044381983892,-0.12070862995954,0.224651246390972));
#974=CARTESIAN_POINT('',(2.06290809548873,-0.105008235530217,0.225150832925975));
#975=CARTESIAN_POINT('',(2.07044486498646,-0.115254214342082,0.226281849575642));
#976=CARTESIAN_POINT('',(2.07049011067497,-0.115315724297346,0.22628863943726));
#977=CARTESIAN_POINT('',(2.0728574829623,-0.0996351356405589,0.226782602160908));
#978=CARTESIAN_POINT('',(2.08044894835732,-0.109786575972394,0.227926176745376));
#979=CARTESIAN_POINT('',(2.08049452240285,-0.109847518382066,0.227933041997225));
#980=CARTESIAN_POINT('',(2.08277374689451,-0.0942010832789511,0.228413850683996));
#981=CARTESIAN_POINT('',(2.0904101136573,-0.104243651484006,0.229579309490928));
#982=CARTESIAN_POINT('',(2.09045595725995,-0.104303940299236,0.229586306120805));
#983=CARTESIAN_POINT('',(2.09265708582669,-0.088707426303787,0.230044776429887));
#984=CARTESIAN_POINT('',(2.10032738929573,-0.0986256764910093,0.231243218698306));
#985=CARTESIAN_POINT('',(2.1003734366309,-0.0986852189848895,0.231250413338653));
#986=CARTESIAN_POINT('',(2.10250776288945,-0.0831554499546647,0.23167557089029));
#987=CARTESIAN_POINT('',(2.11020045470106,-0.0929338103040885,0.232919164728896));
#988=CARTESIAN_POINT('',(2.11024663644161,-0.0929925129949694,0.23292663042745));
#989=CARTESIAN_POINT('',(2.11232604121812,-0.0775464394899932,0.233306425556912));
#990=CARTESIAN_POINT('',(2.12002857039304,-0.0871687591306305,0.234609325776188));
#991=CARTESIAN_POINT('',(2.12007481119067,-0.0872265250566686,0.234617147511184));
#992=CARTESIAN_POINT('',(2.12211218394802,-0.0718816801446684,0.234937531912056));
#993=CARTESIAN_POINT('',(2.1298133838174,-0.0813342253286406,0.236312407124288));
#994=CARTESIAN_POINT('',(2.12985961663433,-0.0813909720441759,0.236320660951248));
#995=CARTESIAN_POINT('',(2.13186645420506,-0.0661624571676938,0.236569081452133));
#996=CARTESIAN_POINT('',(2.13955927398663,-0.0754367808147245,0.238022089796079));
#997=CARTESIAN_POINT('',(2.1396054564959,-0.0754924576067588,0.238030812677738));
#998=CARTESIAN_POINT('',(2.13996872811953,-0.0613520861184542,0.237929247050889));
#999=CARTESIAN_POINT('',(2.14765058904763,-0.0704730363210839,0.23944855610444));
#1000=CARTESIAN_POINT('',(2.14769670576585,-0.0705277923627593,0.239457677014089));
#1001=CARTESIAN_POINT('',(2.14643494192785,-0.0574777988127743,0.239017807118208));
#1002=CARTESIAN_POINT('',(2.15410672924836,-0.0664741724193357,0.240588120443011));
#1003=CARTESIAN_POINT('',(2.15415278549226,-0.0665281805882492,0.240597547545455));
#1004=CARTESIAN_POINT('',(2.15127684098778,-0.0545592432649475,0.239834466713219));
#1005=CARTESIAN_POINT('',(2.15894053861368,-0.063461272422741,0.241441436201178));
#1006=CARTESIAN_POINT('',(2.1589865462942,-0.0635147142089222,0.241451083363706));
#1007=CARTESIAN_POINT('',(2.15611102010734,-0.0516280028234774,0.240651391597468));
#1008=CARTESIAN_POINT('',(2.16376630075135,-0.0604349058298466,0.242292673988845));
#1009=CARTESIAN_POINT('',(2.16381225790058,-0.0604877765455157,0.242302527145325));
#1010=CARTESIAN_POINT('',(2.16093752065769,-0.0486842326503539,0.24146860752861));
#1011=CARTESIAN_POINT('',(2.16858414308112,-0.0573951748717725,0.243141192230254));
#1012=CARTESIAN_POINT('',(2.16863004825105,-0.0574474695020956,0.243151233303241));
#1013=CARTESIAN_POINT('',(2.16575638400066,-0.0457280879122708,0.242286140245485));
#1014=CARTESIAN_POINT('',(2.1733942113733,-0.054342186680036,0.243986246008643));
#1015=CARTESIAN_POINT('',(2.17344006374492,-0.0543938999278499,0.243996452300006));
#1016=CARTESIAN_POINT('',(2.17056765874516,-0.0427597173753071,0.243104016784927));
#1017=CARTESIAN_POINT('',(2.1781965881869,-0.0512759423457043,0.244827073575661));
#1018=CARTESIAN_POINT('',(2.17824238713964,-0.0513270680249291,0.244837417649169));
#1019=CARTESIAN_POINT('',(2.17537139350482,-0.0397792697914332,0.243922264164958));
#1020=CARTESIAN_POINT('',(2.18299133864735,-0.0481963956677228,0.245662828794546));
#1021=CARTESIAN_POINT('',(2.18303708366686,-0.0482469264238276,0.245673277969917));
#1022=CARTESIAN_POINT('',(2.18016763688389,-0.0367868939220252,0.24474090941301));
#1023=CARTESIAN_POINT('',(2.18777847651056,-0.0451034074879883,0.246492592502276));
#1024=CARTESIAN_POINT('',(2.18782416686446,-0.0451533342333337,0.246503108427492));
#1025=CARTESIAN_POINT('',(2.18495643750536,-0.0337827385190534,0.245559979561212));
#1026=CARTESIAN_POINT('',(2.19255798917282,-0.0419967711103942,0.24731533594471));
#1027=CARTESIAN_POINT('',(2.19260362376814,-0.0420460826300893,0.247325873922337));
#1028=CARTESIAN_POINT('',(2.18894094289155,-0.031269583370736,0.246242914619661));
#1029=CARTESIAN_POINT('',(2.19653449267179,-0.0393962605468057,0.247994140989117));
#1030=CARTESIAN_POINT('',(2.19658007922925,-0.0394450476417718,0.248004654174902));
#1031=CARTESIAN_POINT('',(2.19212487442829,-0.0292533182462061,0.246789502140632));
#1032=CARTESIAN_POINT('',(2.19971179935165,-0.037308672200915,0.24853243403814));
#1033=CARTESIAN_POINT('',(2.19975734613985,-0.037357031120185,0.248542897427799));
#1034=CARTESIAN_POINT('',(2.19451099277438,-0.0277382674917506,0.247199565897954));
#1035=CARTESIAN_POINT('',(2.20209277498988,-0.035739287261474,0.248933585817074));
#1036=CARTESIAN_POINT('',(2.20213829090359,-0.035787319995702,0.248943995703988));
#1037=CARTESIAN_POINT('',(2.19689528688425,-0.0262203834237605,0.24760975614383));
#1038=CARTESIAN_POINT('',(2.20447180454036,-0.03416622434844,0.249331980647774));
#1039=CARTESIAN_POINT('',(2.20451728884999,-0.0342139258240899,0.249342319723219));
#1040=CARTESIAN_POINT('',(2.19927776283871,-0.0246996846374082,0.248020076269035));
#1041=CARTESIAN_POINT('',(2.20684869065161,-0.0325892213893409,0.249727382784469));
#1042=CARTESIAN_POINT('',(2.20689414140323,-0.0326365848556745,0.249737632302918));
#1043=CARTESIAN_POINT('',(2.20165842671387,-0.0231761897231623,0.248430529640829));
#1044=CARTESIAN_POINT('',(2.20922371443333,-0.0310085212406973,0.250119589646069));
#1045=CARTESIAN_POINT('',(2.20926913132504,-0.0310555412831475,0.25012972962366));
#1046=CARTESIAN_POINT('',(2.20403728523487,-0.0216499166083868,0.248841119800475));
#1047=CARTESIAN_POINT('',(2.21159621620371,-0.029423351111803,0.250508277091544));
#1048=CARTESIAN_POINT('',(2.21164159493347,-0.0294700175749117,0.250518285582088));
#1049=CARTESIAN_POINT('',(2.20641434512679,-0.0201208832157422,0.249251850293944));
#1050=CARTESIAN_POINT('',(2.21396749399884,-0.0278351064588602,0.250893300799032));
#1051=CARTESIAN_POINT('',(2.21401283801612,-0.0278814174585704,0.250903154964628));
#1052=CARTESIAN_POINT('',(2.20878961312417,-0.0185891074584835,0.249662724662501));
#1053=CARTESIAN_POINT('',(2.21633327899462,-0.026238220717894,0.25127392078509));
#1054=CARTESIAN_POINT('',(2.21637856608487,-0.0262841408400853,0.25128359332089));
#1055=CARTESIAN_POINT('',(2.2111630959427,-0.0170546072733804,0.250073746438006));
#1056=CARTESIAN_POINT('',(2.21867863115544,-0.0246088875445529,0.251648378569107));
#1057=CARTESIAN_POINT('',(2.21872374936822,-0.024654238354499,0.251657831598298));
#1058=CARTESIAN_POINT('',(2.2143253684448,-0.015004998334186,0.250621976748838));
#1059=CARTESIAN_POINT('',(2.22175613045513,-0.0223658814657611,0.252136658764888));
#1060=CARTESIAN_POINT('',(2.22180073974332,-0.0224100712493885,0.252145751894482));
#1061=CARTESIAN_POINT('',(2.21748409750377,-0.0129500122158367,0.251170516043331));
#1062=CARTESIAN_POINT('',(2.224724183943,-0.0199689153622411,0.252604161414302));
#1063=CARTESIAN_POINT('',(2.22476764854641,-0.0200110521276146,0.252612768054682));
#1064=CARTESIAN_POINT('',(2.22063931003418,-0.0108897206042724,0.251719378491251));
#1065=CARTESIAN_POINT('',(2.2274881906378,-0.0173362297474545,0.253038861996862));
#1066=CARTESIAN_POINT('',(2.22752930670555,-0.0173749302445797,0.253046783287775));
#1067=CARTESIAN_POINT('',(2.22300396789164,-0.00934186707282821,0.252131190439292));
#1068=CARTESIAN_POINT('',(2.22943061903712,-0.0152302448884358,0.25334478746722));
#1069=CARTESIAN_POINT('',(2.22946920032152,-0.0152655947412709,0.253352073087389));
#1070=CARTESIAN_POINT('',(2.22536688093976,-0.00779139664009811,0.252543171046578));
#1071=CARTESIAN_POINT('',(2.23121556077666,-0.0129851998636112,0.253627125192311));
#1072=CARTESIAN_POINT('',(2.23125067231027,-0.0130163799602389,0.25363363252366));
#1073=CARTESIAN_POINT('',(2.22772805589893,-0.0062383272240399,0.252955323844968));
#1074=CARTESIAN_POINT('',(2.23281807311852,-0.0106033463253959,0.253882640571591));
#1075=CARTESIAN_POINT('',(2.23284863015417,-0.0106295509603337,0.253888207557272));
#1076=CARTESIAN_POINT('',(2.23008749949897,-0.00468267675672011,0.253367652385134));
#1077=CARTESIAN_POINT('',(2.23422049961765,-0.00809547138763139,0.254109090154463));
#1078=CARTESIAN_POINT('',(2.23424531136707,-0.00811595950873912,0.254113541247331));
#1079=CARTESIAN_POINT('',(2.23244521846971,-0.00312446315139369,0.25378016020364));
#1080=CARTESIAN_POINT('',(2.23541401743868,-0.00547945748265607,0.254305439157695));
#1081=CARTESIAN_POINT('',(2.23543184010843,-0.00549359528368033,0.254308592577006));
#1082=CARTESIAN_POINT('',(2.23480121953625,-0.00156370433542425,0.254192850841751));
#1083=CARTESIAN_POINT('',(2.23639958002391,-0.00277647980382095,0.254471993616246));
#1084=CARTESIAN_POINT('',(2.23640917550346,-0.00278376049301669,0.254473669401019));
#1085=CARTESIAN_POINT('',(2.23637074612632,-0.000521513596321249,0.254468102169702));
#1086=CARTESIAN_POINT('',(2.23692389049588,-0.000930685039341074,0.254564092813213));
#1087=CARTESIAN_POINT('',(2.23692721120211,-0.000933141430268768,0.25456466907746));
#1088=CARTESIAN_POINT('',(2.23715522534647,0.,0.254605759486385));
#1089=CARTESIAN_POINT('',(2.23715522534647,0.,0.254605759486385));
#1090=CARTESIAN_POINT('',(2.23715522534647,0.,0.254605759486385));
#1091=CARTESIAN_POINT('',(2.23715522534647,0.,0.254605759486385));
#1092=CARTESIAN_POINT('',(2.23642322690363,-0.00294493620235883,0.254473916192525));
#1093=CARTESIAN_POINT('',(2.234328006588,-0.00868835057675426,0.254120548632177));
#1094=CARTESIAN_POINT('',(2.229035188447,-0.0161542864927474,0.253280879020539));
#1095=CARTESIAN_POINT('',(2.2222339518256,-0.0221805457705678,0.252213805080716));
#1096=CARTESIAN_POINT('',(2.21479062159157,-0.0273077177219692,0.251031332540775));
#1097=CARTESIAN_POINT('',(2.20727435743106,-0.0323097067790787,0.249802403925737));
#1098=CARTESIAN_POINT('',(2.19724121996939,-0.0389529809833286,0.248121977510121));
#1099=CARTESIAN_POINT('',(2.18464494199843,-0.0471567170923281,0.24595742478468));
#1100=CARTESIAN_POINT('',(2.16945594244721,-0.056870639836794,0.243297837875518));
#1101=CARTESIAN_POINT('',(2.15418891230873,-0.0664513478672926,0.240602464672845));
#1102=CARTESIAN_POINT('',(2.13883932445712,-0.075895258655991,0.237893605604682));
#1103=CARTESIAN_POINT('',(2.11825340080854,-0.0882918449406695,0.234287193012303));
#1104=CARTESIAN_POINT('',(2.09225248162458,-0.103359072232549,0.229858070755943));
#1105=CARTESIAN_POINT('',(2.06060525271532,-0.120682258123235,0.224660527418651));
#1106=CARTESIAN_POINT('',(2.02855115587946,-0.137253881903514,0.219513084810897));
#1107=CARTESIAN_POINT('',(1.99615993916363,-0.153144450801815,0.214335733538163));
#1108=CARTESIAN_POINT('',(1.96347598241387,-0.16840471442493,0.209107993323592));
#1109=CARTESIAN_POINT('',(1.91949487148345,-0.187865300771032,0.2021379354827));
#1110=CARTESIAN_POINT('',(1.86372845352856,-0.210395167805786,0.193557741932668));
#1111=CARTESIAN_POINT('',(1.79566431101841,-0.234507241705324,0.183538720895594));
#1112=CARTESIAN_POINT('',(1.72666994109739,-0.25586912865549,0.173703783214851));
#1113=CARTESIAN_POINT('',(1.65693863339196,-0.274700902401229,0.163942790531052));
#1114=CARTESIAN_POINT('',(1.586531952387,-0.290921913440122,0.154372267493714));
#1115=CARTESIAN_POINT('',(1.52727899854804,-0.30192361811727,0.146843550520778));
#1116=CARTESIAN_POINT('',(1.47955495223963,-0.309031670424117,0.14124252957463));
#1117=CARTESIAN_POINT('',(1.4316334656691,-0.314949513714371,0.135975912941276));
#1118=CARTESIAN_POINT('',(1.3714552146015,-0.320330219382873,0.129949218560872));
#1119=CARTESIAN_POINT('',(1.29900792096222,-0.324228615954642,0.12341718473747));
#1120=CARTESIAN_POINT('',(1.22646157785209,-0.326267912308323,0.117305304608561));
#1121=CARTESIAN_POINT('',(1.15385858726353,-0.327029172547731,0.111740605099317));
#1122=CARTESIAN_POINT('',(1.08119762752183,-0.327003048465722,0.107097344568979));
#1123=CARTESIAN_POINT('',(1.00847673255074,-0.326752752291704,0.103749197055435));
#1124=CARTESIAN_POINT('',(0.935719914091753,-0.326508411588346,0.101740376379913));
#1125=CARTESIAN_POINT('',(0.875077786250816,-0.326377636744246,0.101064453085963));
#1126=CARTESIAN_POINT('',(0.826573809984986,-0.326383587275358,0.101098355908025));
#1127=CARTESIAN_POINT('',(0.790207047258991,-0.326382391007511,0.101091545657723));
#1128=CARTESIAN_POINT('',(0.753849405467086,-0.32638270867885,0.101093359542384));
#1129=CARTESIAN_POINT('',(0.705384703292574,-0.326382603453219,0.101092765824595));
#1130=CARTESIAN_POINT('',(0.644825231538928,-0.32638265297884,0.10109305506998));
#1131=CARTESIAN_POINT('',(0.547971083824761,-0.326382631025637,0.101092941411159));
#1132=CARTESIAN_POINT('',(0.42697162998662,-0.326382638309973,0.101092997152925));
#1133=CARTESIAN_POINT('',(0.281854082792075,-0.326382632158444,0.101092979206795));
#1134=CARTESIAN_POINT('',(0.136791029681014,-0.326382630016497,0.101092984101194));
#1135=CARTESIAN_POINT('',(0.0401005061381268,-0.326382627824802,0.10109298301355));
#1136=CARTESIAN_POINT('',(-0.00824473702419719,-0.326382626824421,0.101092983013549));
#1137=CARTESIAN_POINT('',(-0.00824480629033818,-0.326382660331197,0.101093463760095));
#1138=CARTESIAN_POINT('',(-0.00824473702419719,-0.326382626824421,0.101092983013549));
#1139=CARTESIAN_POINT('',(-0.00826063449702766,-0.326382090221963,0.101092983013516));
#1140=CARTESIAN_POINT('',(-0.00827653197381128,-0.326381553619505,0.101092983013482));
#1141=CARTESIAN_POINT('',(-0.00829242945454821,-0.326381017017046,0.101092983013449));
#1142=CARTESIAN_POINT('',(0.,0.,0.));
#1143=CARTESIAN_POINT('',(0.114567026068346,0.,0.));
#1144=CARTESIAN_POINT('',(0.346823406833849,0.,0.));
#1145=CARTESIAN_POINT('',(0.684015486307522,0.,0.));
#1146=CARTESIAN_POINT('',(0.994922698994341,0.,0.));
#1147=CARTESIAN_POINT('',(1.18146655471326,0.,0.));
#1148=CARTESIAN_POINT('',(1.28272985654609,0.,0.));
#1149=CARTESIAN_POINT('',(1.30833838026768,0.,2.24784308568644E-6));
#1150=CARTESIAN_POINT('',(1.34594973005278,0.,4.13236077679613E-5));
#1151=CARTESIAN_POINT('',(1.37668742684862,0.,0.00012490530829474));
#1152=CARTESIAN_POINT('',(1.40094737843572,0.,0.000233778131100766));
#1153=CARTESIAN_POINT('',(1.41898448517945,0.,0.000339037310955814));
#1154=CARTESIAN_POINT('',(1.43687098094349,0.,0.000470501875714194));
#1155=CARTESIAN_POINT('',(1.45461323572175,0.,0.000630363798293374));
#1156=CARTESIAN_POINT('',(1.47221758240247,0.,0.00082146616480457));
#1157=CARTESIAN_POINT('',(1.48968975790659,0.,0.00104479850740366));
#1158=CARTESIAN_POINT('',(1.50703528104979,0.,0.00130711860035902));
#1159=CARTESIAN_POINT('',(1.53000029129703,0.,0.00172512961158424));
#1160=CARTESIAN_POINT('',(1.55273130554303,0.,0.00226681714483072));
#1161=CARTESIAN_POINT('',(1.57524469778203,0.,0.00297305153996679));
#1162=CARTESIAN_POINT('',(1.59202428508074,0.,0.00359451001444144));
#1163=CARTESIAN_POINT('',(1.60870176962894,0.,0.00431726041186471));
#1164=CARTESIAN_POINT('',(1.62527981267133,0.,0.00515010818577916));
#1165=CARTESIAN_POINT('',(1.6417610754385,0.,0.00610185880853855));
#1166=CARTESIAN_POINT('',(1.65814749341792,0.,0.00718087232429187));
#1167=CARTESIAN_POINT('',(1.67444100208294,0.,0.00839550880070219));
#1168=CARTESIAN_POINT('',(1.69064290794896,0.,0.00975320975848803));
#1169=CARTESIAN_POINT('',(1.70675451752199,0.,0.0112614167324773));
#1170=CARTESIAN_POINT('',(1.72277588772096,0.,0.0129320017994288));
#1171=CARTESIAN_POINT('',(1.73870707548826,0.,0.0147768370125877));
#1172=CARTESIAN_POINT('',(1.75454701899914,0.,0.0168078780000095));
#1173=CARTESIAN_POINT('',(1.77029465645235,0.,0.0190370803615324));
#1174=CARTESIAN_POINT('',(1.78594779342007,0.,0.0214759735270673));
#1175=CARTESIAN_POINT('',(1.80150423548387,0.,0.0241360869218222));
#1176=CARTESIAN_POINT('',(1.81696052650485,0.,0.0270286873435939));
#1177=CARTESIAN_POINT('',(1.83231321035346,0.,0.0301650415995833));
#1178=CARTESIAN_POINT('',(1.84755751857674,0.,0.0335559373961951));
#1179=CARTESIAN_POINT('',(1.8626886827311,0.,0.0372121624257254));
#1180=CARTESIAN_POINT('',(1.87770057596131,0.,0.0411437461827875));
#1181=CARTESIAN_POINT('',(1.89258707140745,0.,0.0453607181619954));
#1182=CARTESIAN_POINT('',(1.90734067618399,0.,0.0498726712053252));
#1183=CARTESIAN_POINT('',(1.92195432059839,0.,0.0546866742011097));
#1184=CARTESIAN_POINT('',(1.93642444068891,0.,0.0597969126779639));
#1185=CARTESIAN_POINT('',(1.95074705318533,0.,0.0651999647809266));
#1186=CARTESIAN_POINT('',(1.96491821026302,0.,0.070891901304062));
#1187=CARTESIAN_POINT('',(1.9789339343611,0.,0.0768693113689215));
#1188=CARTESIAN_POINT('',(1.99278992093707,0.,0.0831293177747306));
#1189=CARTESIAN_POINT('',(2.00648217589002,0.,0.0896685300676315));
#1190=CARTESIAN_POINT('',(2.02000564565981,0.,0.0964855361949726));
#1191=CARTESIAN_POINT('',(2.03335943781925,0.,0.103570752809885));
#1192=CARTESIAN_POINT('',(2.04654508866158,0.,0.110911315660437));
#1193=CARTESIAN_POINT('',(2.05956398634416,0.,0.118495777480666));
#1194=CARTESIAN_POINT('',(2.07241848388046,0.,0.126312528741276));
#1195=CARTESIAN_POINT('',(2.08511103651042,0.,0.134350328223414));
#1196=CARTESIAN_POINT('',(2.09764489064821,0.,0.14259853191235));
#1197=CARTESIAN_POINT('',(2.11002329270799,0.,0.151046495793357));
#1198=CARTESIAN_POINT('',(2.12225016414066,0.,0.159684403064094));
#1199=CARTESIAN_POINT('',(2.134329426383,0.,0.16850243692222));
#1200=CARTESIAN_POINT('',(2.14626549037066,0.,0.177491593344658));
#1201=CARTESIAN_POINT('',(2.15806276702987,0.,0.186642868289515));
#1202=CARTESIAN_POINT('',(2.16972605414074,0.,0.195948084847341));
#1203=CARTESIAN_POINT('',(2.1812601494693,0.,0.205399066108684));
#1204=CARTESIAN_POINT('',(2.19647340051502,0.,0.21818481051719));
#1205=CARTESIAN_POINT('',(2.2151921585449,0.,0.234494214484799));
#1206=CARTESIAN_POINT('',(2.22987776095137,0.,0.247855185970214));
#1207=CARTESIAN_POINT('',(2.23715522534647,0.,0.254605759486385));
#1208=CARTESIAN_POINT('',(-0.00882783787804987,0.312327413936536,0.101092982134112));
#1209=CARTESIAN_POINT('',(0.0560236022683757,0.312327413936536,0.101092982134112));
#1210=CARTESIAN_POINT('',(0.185762263175835,0.312327413936536,0.101092982134112));
#1211=CARTESIAN_POINT('',(0.385754994451778,0.312327413936536,0.101092982134112));
#1212=CARTESIAN_POINT('',(0.599018267123325,0.312327413936536,0.101092982134112));
#1213=CARTESIAN_POINT('',(0.757617342406828,0.312327413936536,0.101092982134112));
#1214=CARTESIAN_POINT('',(0.859557604167064,0.312327413936536,0.101092982134112));
#1215=CARTESIAN_POINT('',(0.885797004079403,0.312347444826079,0.101197100255144));
#1216=CARTESIAN_POINT('',(0.925641148226344,0.312419637844371,0.101695350063818));
#1217=CARTESIAN_POINT('',(0.959247146369872,0.312498300383548,0.102421009754442));
#1218=CARTESIAN_POINT('',(0.986372032468648,0.312561469288073,0.103203367794074));
#1219=CARTESIAN_POINT('',(1.00683521936852,0.312605958914344,0.103894859881339));
#1220=CARTESIAN_POINT('',(1.02741730358666,0.312644777742094,0.104695244867988));
#1221=CARTESIAN_POINT('',(1.0481175685082,0.312674398308578,0.105607840482603));
#1222=CARTESIAN_POINT('',(1.06893508903982,0.312692541190896,0.106637828683251));
#1223=CARTESIAN_POINT('',(1.08986913602407,0.312692219664664,0.107783791886697));
#1224=CARTESIAN_POINT('',(1.11091930451512,0.312662024331477,0.109038205843929));
#1225=CARTESIAN_POINT('',(1.13914032038352,0.312567716367622,0.110847061788291));
#1226=CARTESIAN_POINT('',(1.16759157217206,0.312369700157197,0.112846500200917));
#1227=CARTESIAN_POINT('',(1.19627059016066,0.312020885665632,0.115007383632377));
#1228=CARTESIAN_POINT('',(1.21789290450297,0.311671237810316,0.116701077682403));
#1229=CARTESIAN_POINT('',(1.23962740237998,0.311221231045044,0.118459496070893));
#1230=CARTESIAN_POINT('',(1.26147285570614,0.310657145486014,0.120275183173203));
#1231=CARTESIAN_POINT('',(1.28342814713453,0.30996691271139,0.122137537770775));
#1232=CARTESIAN_POINT('',(1.30549059436567,0.309130298145366,0.124047582127783));
#1233=CARTESIAN_POINT('',(1.32765615318478,0.308121882258331,0.126013535343181));
#1234=CARTESIAN_POINT('',(1.34992025875932,0.306916886202894,0.12804153411061));
#1235=CARTESIAN_POINT('',(1.37227741203039,0.305489314055549,0.130138796173836));
#1236=CARTESIAN_POINT('',(1.39472116143268,0.303812564011859,0.132312291703121));
#1237=CARTESIAN_POINT('',(1.41724400779292,0.301859640189885,0.13456915235138));
#1238=CARTESIAN_POINT('',(1.43983714649938,0.299602351589309,0.136916764775581));
#1239=CARTESIAN_POINT('',(1.46249064979947,0.297013341782195,0.139362035426716));
#1240=CARTESIAN_POINT('',(1.48519272431436,0.294062276065627,0.14191297294533));
#1241=CARTESIAN_POINT('',(1.50793113990441,0.290725526169654,0.144574570666536));
#1242=CARTESIAN_POINT('',(1.5307001487474,0.28701581487429,0.147336115194075));
#1243=CARTESIAN_POINT('',(1.55349384126567,0.282941593755761,0.150188713130621));
#1244=CARTESIAN_POINT('',(1.5763071889231,0.278513853190914,0.153122332437304));
#1245=CARTESIAN_POINT('',(1.59913551120107,0.273742811320835,0.156127252518521));
#1246=CARTESIAN_POINT('',(1.62197476989039,0.268639674652445,0.159193256375987));
#1247=CARTESIAN_POINT('',(1.64482128927954,0.263215415987949,0.162310229190809));
#1248=CARTESIAN_POINT('',(1.66767203622979,0.257481787325567,0.165467568507572));
#1249=CARTESIAN_POINT('',(1.69052410333379,0.25144991511987,0.168655060930398));
#1250=CARTESIAN_POINT('',(1.71337568781924,0.245132866377884,0.171861157752286));
#1251=CARTESIAN_POINT('',(1.7362182542012,0.238525200398709,0.175086737536329));
#1252=CARTESIAN_POINT('',(1.7590420088343,0.231619409054791,0.178334136751311));
#1253=CARTESIAN_POINT('',(1.78183708985792,0.224408983382223,0.181605122973206));
#1254=CARTESIAN_POINT('',(1.80459309163204,0.216887200323369,0.184901671612194));
#1255=CARTESIAN_POINT('',(1.82729925071237,0.209047694582483,0.188225711360079));
#1256=CARTESIAN_POINT('',(1.84994447579365,0.20088439308643,0.191578970965891));
#1257=CARTESIAN_POINT('',(1.8725171274504,0.192391269000756,0.194963569950039));
#1258=CARTESIAN_POINT('',(1.89500557855045,0.183563187076357,0.198380694556581));
#1259=CARTESIAN_POINT('',(1.91739704634273,0.174394131356532,0.201833389737878));
#1260=CARTESIAN_POINT('',(1.93968153247976,0.164883336589282,0.205317552813006));
#1261=CARTESIAN_POINT('',(1.96185150409685,0.155034245275197,0.208823857663606));
#1262=CARTESIAN_POINT('',(1.9838985699557,0.144848927582703,0.212344287151036));
#1263=CARTESIAN_POINT('',(2.00581503778292,0.134331014038076,0.21587055174607));
#1264=CARTESIAN_POINT('',(2.02759243196118,0.123482360128154,0.219393358847748));
#1265=CARTESIAN_POINT('',(2.04922644338153,0.112315857325115,0.222911856073888));
#1266=CARTESIAN_POINT('',(2.07071440233408,0.100847300638017,0.226427755285492));
#1267=CARTESIAN_POINT('',(2.09205380037056,0.089091515277031,0.229941877110923));
#1268=CARTESIAN_POINT('',(2.11324292338201,0.0770638371047202,0.233455605014048));
#1269=CARTESIAN_POINT('',(2.13428036775742,0.0647793454605701,0.23697012557753));
#1270=CARTESIAN_POINT('',(2.16212715251103,0.0480776979818469,0.241659077659273));
#1271=CARTESIAN_POINT('',(2.1965533806872,0.0266338287559099,0.247529154312565));
#1272=CARTESIAN_POINT('',(2.22368812024253,0.00895279089702252,0.252242605077264));
#1273=CARTESIAN_POINT('',(2.23715522534647,0.,0.254605759486385));
#1274=CARTESIAN_POINT('',(-0.00891611625626601,0.315450688078582,0.10210391195296));
#1275=CARTESIAN_POINT('',(0.0554381680315988,0.315450688078582,0.10210391195296));
#1276=CARTESIAN_POINT('',(0.184151651743017,0.315450688078582,0.10210391195296));
#1277=CARTESIAN_POINT('',(0.382772389536371,0.315450688078582,0.10210391195296));
#1278=CARTESIAN_POINT('',(0.595059222802545,0.315450688078582,0.10210391195296));
#1279=CARTESIAN_POINT('',(0.753378850283012,0.315450688078582,0.10210391195296));
#1280=CARTESIAN_POINT('',(0.855325881640546,0.315450688078582,0.10210391195296));
#1281=CARTESIAN_POINT('',(0.881571590315358,0.315470919273024,0.102209048778089));
#1282=CARTESIAN_POINT('',(0.921438062405823,0.315543834225119,0.102711890324475));
#1283=CARTESIAN_POINT('',(0.955072743564567,0.31562328338616,0.103443970800079));
#1284=CARTESIAN_POINT('',(0.982226279010671,0.315687083981001,0.104233063687458));
#1285=CARTESIAN_POINT('',(1.00271372671262,0.315732018504052,0.104930418107278));
#1286=CARTESIAN_POINT('',(1.02332276681003,0.315771225521302,0.105737492300262));
#1287=CARTESIAN_POINT('',(1.04405261183922,0.31580114228903,0.106657615248976));
#1288=CARTESIAN_POINT('',(1.06490226410854,0.315819466603604,0.107695992308294));
#1289=CARTESIAN_POINT('',(1.08587092980543,0.315819141860605,0.10885118182096));
#1290=CARTESIAN_POINT('',(1.10695814475132,0.315788644574557,0.110115516716317));
#1291=CARTESIAN_POINT('',(1.13523172067293,0.315693393533556,0.111938281110999));
#1292=CARTESIAN_POINT('',(1.16374017484122,0.315493397158346,0.113952297028609));
#1293=CARTESIAN_POINT('',(1.19248084908718,0.315141094520077,0.116127726954288));
#1294=CARTESIAN_POINT('',(1.21415159069865,0.314787950189266,0.117832143359553));
#1295=CARTESIAN_POINT('',(1.23593665870561,0.314333443354742,0.119600918426449));
#1296=CARTESIAN_POINT('',(1.25783478613442,0.313763716940404,0.121426433923688));
#1297=CARTESIAN_POINT('',(1.27984481785055,0.313066581834507,0.123297894559127));
#1298=CARTESIAN_POINT('',(1.30196402537227,0.312221601129406,0.12521624922737));
#1299=CARTESIAN_POINT('',(1.32418830469717,0.311203101081526,0.127189715607101));
#1300=CARTESIAN_POINT('',(1.34651303226314,0.309986055067745,0.129224417350886));
#1301=CARTESIAN_POINT('',(1.36893264097481,0.30854420719427,0.131327569968626));
#1302=CARTESIAN_POINT('',(1.39144061416966,0.306850689652588,0.133506094603098));
#1303=CARTESIAN_POINT('',(1.41402937711799,0.304878236587458,0.135767075506931));
#1304=CARTESIAN_POINT('',(1.43669004777523,0.302598375103462,0.138117853643948));
#1305=CARTESIAN_POINT('',(1.45941260973017,0.299983475196961,0.140565284979766));
#1306=CARTESIAN_POINT('',(1.48218517362297,0.297002898829528,0.143117342939795));
#1307=CARTESIAN_POINT('',(1.50499540894523,0.293632781430504,0.145778955503278));
#1308=CARTESIAN_POINT('',(1.527837544967,0.28988597302562,0.148539189470933));
#1309=CARTESIAN_POINT('',(1.55070564757574,0.285771009692378,0.151388949847248));
#1310=CARTESIAN_POINT('',(1.5735946856252,0.281298991723247,0.154317996387622));
#1311=CARTESIAN_POINT('',(1.59649997948563,0.276480239433996,0.157316403418132));
#1312=CARTESIAN_POINT('',(1.6194175118333,0.271326071401086,0.160373751476979));
#1313=CARTESIAN_POINT('',(1.64234363145869,0.26584757014952,0.163479724302272));
#1314=CARTESIAN_POINT('',(1.66527534982983,0.260056605197694,0.16662351747829));
#1315=CARTESIAN_POINT('',(1.68820980115982,0.253964414270222,0.169794744797267));
#1316=CARTESIAN_POINT('',(1.71114520028866,0.247584195043544,0.172981800205334));
#1317=CARTESIAN_POINT('',(1.73407296621226,0.240910452404483,0.176185605263977));
#1318=CARTESIAN_POINT('',(1.75698324682377,0.233935603144068,0.179408559107805));
#1319=CARTESIAN_POINT('',(1.77986612141082,0.226653073215293,0.18265248109146));
#1320=CARTESIAN_POINT('',(1.80271112333705,0.219056072323498,0.185919395149393));
#1321=CARTESIAN_POINT('',(1.82550742146031,0.211138171528919,0.189211283172345));
#1322=CARTESIAN_POINT('',(1.84824386409509,0.202893237016072,0.192529905315152));
#1323=CARTESIAN_POINT('',(1.87090870434577,0.19431518169255,0.195877498124592));
#1324=CARTESIAN_POINT('',(1.89349018344672,0.185398818944441,0.199255388343143));
#1325=CARTESIAN_POINT('',(1.91597537694446,0.176138072669956,0.202666765861109));
#1326=CARTESIAN_POINT('',(1.9383541629658,0.166532169951413,0.206107603055463));
#1327=CARTESIAN_POINT('',(1.96061890877108,0.15658458772856,0.209568592957961));
#1328=CARTESIAN_POINT('',(1.98276110674929,0.146297416857777,0.213041744704928));
#1329=CARTESIAN_POINT('',(2.00477295523348,0.135674324176247,0.216518792305032));
#1330=CARTESIAN_POINT('',(2.0266458546385,0.124717183728354,0.219990448405725));
#1331=CARTESIAN_POINT('',(2.04837541355035,0.113439015896814,0.223455950266345));
#1332=CARTESIAN_POINT('',(2.06995889145734,0.101855773641482,0.226917116907629));
#1333=CARTESIAN_POINT('',(2.09139371070369,0.0899824304306948,0.230374867196316));
#1334=CARTESIAN_POINT('',(2.11267809207381,0.0778344754784011,0.233830680215151));
#1335=CARTESIAN_POINT('',(2.13381056993989,0.065427138912401,0.237285836171654));
#1336=CARTESIAN_POINT('',(2.16178369002883,0.0485584749598781,0.241893820331446));
#1337=CARTESIAN_POINT('',(2.19636699290693,0.0269001670426224,0.247659503712536));
#1338=CARTESIAN_POINT('',(2.22362622383281,0.00904231880589879,0.25228647926636));
#1339=CARTESIAN_POINT('',(2.23715522534647,0.,0.254605759486385));
#1340=CARTESIAN_POINT('',(-0.00829061607913216,0.312327413767706,0.101092982079465));
#1341=CARTESIAN_POINT('',(0.0293401103659761,0.312327413774753,0.101092982081746));
#1342=CARTESIAN_POINT('',(0.104619622379043,0.312327413786496,0.101092982074375));
#1343=CARTESIAN_POINT('',(0.218584748124751,0.312327413818219,0.101092982134917));
#1344=CARTESIAN_POINT('',(0.315394383963727,0.312327413803503,0.101092981976541));
#1345=CARTESIAN_POINT('',(0.394740593784664,0.312327413883441,0.101092982315225));
#1346=CARTESIAN_POINT('',(0.455395249831598,0.312327413692955,0.101092981298382));
#1347=CARTESIAN_POINT('',(0.517474909784246,0.312327414458367,0.10109298513227));
#1348=CARTESIAN_POINT('',(0.581270411260217,0.312327411650629,0.101092970834091));
#1349=CARTESIAN_POINT('',(0.647003688393984,0.312327422179595,0.101093024213448));
#1350=CARTESIAN_POINT('',(0.703933666383837,0.312327389475677,0.101092858214515));
#1351=CARTESIAN_POINT('',(0.751190716242647,0.312327456191526,0.101093196732753));
#1352=CARTESIAN_POINT('',(0.78759101080819,0.312327252478297,0.101092162958315));
#1353=CARTESIAN_POINT('',(0.818794575887397,0.312327889851414,0.101095397307764));
#1354=CARTESIAN_POINT('',(0.844357920561368,0.312326589503026,0.101088798631328));
#1355=CARTESIAN_POINT('',(0.870242135929417,0.312331884434854,0.101115667916353));
#1356=CARTESIAN_POINT('',(0.902838801468971,0.312374831795173,0.101370149839595));
#1357=CARTESIAN_POINT('',(0.955655684576505,0.312485153064184,0.102228007926192));
#1358=CARTESIAN_POINT('',(0.995968999720902,0.312588407687673,0.103439787333404));
#1359=CARTESIAN_POINT('',(1.02315514046572,0.312635948961767,0.104538580619349));
#1360=CARTESIAN_POINT('',(1.02315514045996,0.312635949067571,0.104538580917659));
#1361=CARTESIAN_POINT('',(1.02315514046572,0.312635948961767,0.104538580619349));
#1362=CARTESIAN_POINT('',(1.05823418151839,0.312697292798598,0.105956384459188));
#1363=CARTESIAN_POINT('',(1.09382586210222,0.312747811692077,0.107893863960833));
#1364=CARTESIAN_POINT('',(1.12991698873246,0.312592341850587,0.110266471680207));
#1365=CARTESIAN_POINT('',(1.12991698882351,0.312592342848494,0.110266471842152));
#1366=CARTESIAN_POINT('',(1.12991698873246,0.312592341850587,0.110266471680207));
#1367=CARTESIAN_POINT('',(1.1335530792553,0.312576678653949,0.110505505959544));
#1368=CARTESIAN_POINT('',(1.13719424649737,0.312558782590436,0.110748772996075));
#1369=CARTESIAN_POINT('',(1.14084047679833,0.312538387881121,0.110996108493958));
#1370=CARTESIAN_POINT('',(1.14084047694355,0.312538387881315,0.110996106350087));
#1371=CARTESIAN_POINT('',(1.14084047679833,0.312538387881121,0.110996108493958));
#1372=CARTESIAN_POINT('',(1.16402869481514,0.312408687653865,0.112569039714495));
#1373=CARTESIAN_POINT('',(1.18742184335896,0.312178505229616,0.114306930729032));
#1374=CARTESIAN_POINT('',(1.2110156469616,0.311776782651696,0.11616567407811));
#1375=CARTESIAN_POINT('',(1.2110156469704,0.311776782665234,0.116165673969368));
#1376=CARTESIAN_POINT('',(1.2110156469616,0.311776782651696,0.11616567407811));
#1377=CARTESIAN_POINT('',(1.21113804845637,0.31177469803873,0.116175316742718));
#1378=CARTESIAN_POINT('',(1.21126045534656,0.311772608798997,0.116184962639506));
#1379=CARTESIAN_POINT('',(1.21138286763144,0.311770514922466,0.116194611761711));
#1380=CARTESIAN_POINT('',(1.21138286764352,0.311770514990374,0.116194611662137));
#1381=CARTESIAN_POINT('',(1.21138286763144,0.311770514922466,0.116194611761711));
#1382=CARTESIAN_POINT('',(1.24081903588827,0.311267133338041,0.118514970907364));
#1383=CARTESIAN_POINT('',(1.30032101289783,0.309752131093051,0.123491549716095));
#1384=CARTESIAN_POINT('',(1.39132594605487,0.304777607446274,0.131781550354642));
#1385=CARTESIAN_POINT('',(1.48369550959263,0.295261104038684,0.141463446095024));
#1386=CARTESIAN_POINT('',(1.54569254293182,0.284635761824272,0.149148832985051));
#1387=CARTESIAN_POINT('',(1.57672880224519,0.278372108471656,0.153188759879772));
#1388=CARTESIAN_POINT('',(1.57672880223774,0.278372108452532,0.153188759907293));
#1389=CARTESIAN_POINT('',(1.57672880224519,0.278372108471656,0.153188759879772));
#1390=CARTESIAN_POINT('',(1.57943974571767,0.277824992566935,0.153541637423798));
#1391=CARTESIAN_POINT('',(1.58215100457938,0.277270614379656,0.153896020217062));
#1392=CARTESIAN_POINT('',(1.58486254836868,0.27670905844442,0.154251831189462));
#1393=CARTESIAN_POINT('',(1.58486254780233,0.27670905701013,0.15425183324186));
#1394=CARTESIAN_POINT('',(1.58486254836868,0.27670905844442,0.154251831189462));
#1395=CARTESIAN_POINT('',(1.61138250621919,0.271216829087992,0.157731806522118));
#1396=CARTESIAN_POINT('',(1.63792876794705,0.265037675179378,0.161348639844705));
#1397=CARTESIAN_POINT('',(1.66447780764504,0.258251527229471,0.16502941234704));
#1398=CARTESIAN_POINT('',(1.66447780766972,0.25825152729442,0.16502941235684));
#1399=CARTESIAN_POINT('',(1.66447780764504,0.258251527229471,0.16502941234704));
#1400=CARTESIAN_POINT('',(1.68836057569096,0.252146899191972,0.168340531158141));
#1401=CARTESIAN_POINT('',(1.73614426981755,0.238989153260545,0.175043319815076));
#1402=CARTESIAN_POINT('',(1.80764710978621,0.216347572812522,0.185295095457854));
#1403=CARTESIAN_POINT('',(1.87864901245531,0.190569627090952,0.195818438658088));
#1404=CARTESIAN_POINT('',(1.92540495132475,0.171167904034355,0.203066120954925));
#1405=CARTESIAN_POINT('',(1.94858677411667,0.160909045253929,0.206727764922509));
#1406=CARTESIAN_POINT('',(1.94858677603454,0.160909048033479,0.206727760567982));
#1407=CARTESIAN_POINT('',(1.94858677411667,0.160909045253929,0.206727764922509));
#1408=CARTESIAN_POINT('',(1.95022232676884,0.160185249552565,0.206986105759476));
#1409=CARTESIAN_POINT('',(1.95185691793399,0.159458701494813,0.207244600903922));
#1410=CARTESIAN_POINT('',(1.95349053247345,0.158729404814474,0.207503235890526));
#1411=CARTESIAN_POINT('',(1.95349053339543,0.158729406394113,0.207503234521324));
#1412=CARTESIAN_POINT('',(1.95349053247345,0.158729404814474,0.207503235890526));
#1413=CARTESIAN_POINT('',(1.97396341826928,0.149589667058721,0.210744516882441));
#1414=CARTESIAN_POINT('',(2.01460189602557,0.130444708269008,0.217270158130192));
#1415=CARTESIAN_POINT('',(2.05451486980427,0.10962232588765,0.223769194790105));
#1416=CARTESIAN_POINT('',(2.07428033983645,0.098847105028352,0.227017182274209));
#1417=CARTESIAN_POINT('',(2.07428034008744,0.0988471054915551,0.227017182892643));
#1418=CARTESIAN_POINT('',(2.07428033983646,0.0988471050283507,0.227017182274209));
#1419=CARTESIAN_POINT('',(2.08322555746541,0.0939705864758875,0.228487117950891));
#1420=CARTESIAN_POINT('',(2.09213171513105,0.0890193909173012,0.229956653009999));
#1421=CARTESIAN_POINT('',(2.10099827554548,0.0839985442975809,0.231426225759072));
#1422=CARTESIAN_POINT('',(2.10099827555704,0.0839985442976831,0.231426225687849));
#1423=CARTESIAN_POINT('',(2.10099827554549,0.0839985442975794,0.231426225759072));
#1424=CARTESIAN_POINT('',(2.11960497462068,0.0734621708964152,0.234510159896156));
#1425=CARTESIAN_POINT('',(2.13803702608036,0.0626190321168949,0.23759414239686));
#1426=CARTESIAN_POINT('',(2.15629224252933,0.051514920259477,0.240682312227298));
#1427=CARTESIAN_POINT('',(2.15629224252364,0.0515149202589977,0.240682312257322));
#1428=CARTESIAN_POINT('',(2.15629224252933,0.051514920259477,0.240682312227298));
#1429=CARTESIAN_POINT('',(2.18357337576817,0.0349207434722559,0.245297510348063));
#1430=CARTESIAN_POINT('',(2.21045928737624,0.0177438357208832,0.249921879717844));
#1431=CARTESIAN_POINT('',(2.23695638952045,0.000132171976211408,0.25457087143484));
#1432=CARTESIAN_POINT('',(2.23695638997191,0.000132172526845809,0.25457087094768));
#1433=CARTESIAN_POINT('',(2.23695638952045,0.000132171976211408,0.25457087143484));
#1434=CARTESIAN_POINT('',(2.23702267055017,8.81173822249447E-5,0.254582500635084));
#1435=CARTESIAN_POINT('',(2.2370889491588,4.40600560584316E-5,0.254594129985516));
#1436=CARTESIAN_POINT('',(2.23715522534647,0.,0.254605759486385));
#1437=CARTESIAN_POINT('',(-0.00829242933889812,0.309377203902908,0.101677181949504));
#1438=CARTESIAN_POINT('',(-0.00829242942539827,0.326380703928228,0.101092982995592));
#1439=CARTESIAN_POINT('',(-0.00829182497858583,0.321696273930997,0.101092982707405));
#1440=CARTESIAN_POINT('',(-0.0082912205317734,0.317011843933767,0.101092983357234));
#1441=CARTESIAN_POINT('',(-0.00829061608787242,0.312327413936536,0.101092984945074));
#1442=CARTESIAN_POINT('',(-0.00829238631105478,0.326380703933822,0.101092489458353));
#1443=CARTESIAN_POINT('',(-0.00887441468550887,0.325836162883527,0.101626361714196));
#1444=CARTESIAN_POINT('',(-0.00886965485717116,0.325886729210303,0.10157185400257));
#1445=CARTESIAN_POINT('',(-0.0088541949849834,0.325944039327132,0.101511302039073));
#1446=CARTESIAN_POINT('',(-0.00883429445277322,0.325995413483005,0.101458787858745));
#1447=CARTESIAN_POINT('',(-0.00883414834153726,0.325997345606457,0.101457031494826));
#1448=CARTESIAN_POINT('',(-0.00880456915047763,0.326058994544072,0.101393304216625));
#1449=CARTESIAN_POINT('',(-0.00876850854552985,0.326114432076498,0.101336939834734));
#1450=CARTESIAN_POINT('',(-0.00872685750340269,0.326170396378822,0.101280843697953));
#1451=CARTESIAN_POINT('',(-0.00862243654970167,0.326263993508692,0.101188843518515));
#1452=CARTESIAN_POINT('',(-0.00848153457595244,0.326343500577358,0.101115241205565));
#1453=CARTESIAN_POINT('',(-0.00836565795867981,0.326374833184485,0.101092972048531));
#1454=CARTESIAN_POINT('',(-0.00829234215205354,0.326380627886483,0.101092983002107));
#1455=CARTESIAN_POINT('',(-0.0342698254771938,0.358123953047065,0.399160266780482));
#1456=CARTESIAN_POINT('',(-0.0342698254771932,0.34633312946149,0.399744466780482));
#1457=CARTESIAN_POINT('',(-0.0342909802050857,0.346332719458075,0.399744466780483));
#1458=CARTESIAN_POINT('',(-0.0343121348839009,0.346332309454661,0.399743316586774));
#1459=CARTESIAN_POINT('',(-0.0343331649065859,0.346331899451246,0.399741022974323));
#1460=CARTESIAN_POINT('',(-0.0343331650437747,0.346332053198185,0.399741022955807));
#1461=CARTESIAN_POINT('',(-0.0342698254771936,0.346332821957207,0.399744466780483));
#1462=CARTESIAN_POINT('',(-0.0343331650900131,0.346331899444349,0.399741022954318));
#1463=CARTESIAN_POINT('',(-0.0344185676123555,0.346329935274303,0.399731708610463));
#1464=CARTESIAN_POINT('',(-0.0345562057482151,0.3462874348389,0.399679703845767));
#1465=CARTESIAN_POINT('',(-0.0346717041949111,0.346202791438742,0.399590332212817));
#1466=CARTESIAN_POINT('',(-0.0347603522405274,0.346099154595482,0.39948504129231));
#1467=CARTESIAN_POINT('',(-0.0347942167724031,0.346032929165357,0.399420084041452));
#1468=CARTESIAN_POINT('',(-0.034821389572958,0.345968431652089,0.399357112787484));
#1469=CARTESIAN_POINT('',(-0.0348407071503603,0.345895797402376,0.399287009036636));
#1470=CARTESIAN_POINT('',(-0.0348402470657227,0.34589481322382,0.399286459273157));
#1471=CARTESIAN_POINT('',(-0.0348514529281001,0.345834937435974,0.399230206737825));
#1472=CARTESIAN_POINT('',(-0.0348567441785489,0.345767486376653,0.39916594141141));
#1473=CARTESIAN_POINT('',(-0.0348518107352012,0.345707683820572,0.39910944553038));
#1474=CARTESIAN_POINT('',(-0.0348518107352012,-0.345707683820571,0.39910944553038));
#1475=CARTESIAN_POINT('',(-0.0348567438064039,-0.345767481757173,0.39916593714975));
#1476=CARTESIAN_POINT('',(-0.034851453450169,-0.345834930962253,0.399230200884203));
#1477=CARTESIAN_POINT('',(-0.0348402489928446,-0.345894804799858,0.399286451486616));
#1478=CARTESIAN_POINT('',(-0.0348407043711104,-0.345895807032527,0.399287018691724));
#1479=CARTESIAN_POINT('',(-0.0348213985737306,-0.345968401830131,0.399357082729568));
#1480=CARTESIAN_POINT('',(-0.0347942381601308,-0.346032887915395,0.399420045283998));
#1481=CARTESIAN_POINT('',(-0.0347603313506062,-0.346099181200905,0.39948506717897));
#1482=CARTESIAN_POINT('',(-0.0346717575332532,-0.346202740057618,0.399590280906409));
#1483=CARTESIAN_POINT('',(-0.0345561681281265,-0.346287465768024,0.399679735273275));
#1484=CARTESIAN_POINT('',(-0.0344185953968845,-0.346329934613782,0.39973170558017));
#1485=CARTESIAN_POINT('',(-0.0343331650900139,-0.346331899444349,0.399741022954318));
#1486=CARTESIAN_POINT('',(-0.0343331650437754,-0.346332053198185,0.399741022955807));
#1487=CARTESIAN_POINT('',(-0.0343331649065859,-0.346331899451246,0.399741022974323));
#1488=CARTESIAN_POINT('',(-0.0343121348839009,-0.34633230945466,0.399743316586774));
#1489=CARTESIAN_POINT('',(-0.0342909802050857,-0.346332719458075,0.399744466780483));
#1490=CARTESIAN_POINT('',(-0.0342698254771932,-0.346333129461489,0.399744466780482));
#1491=CARTESIAN_POINT('',(-0.0342698254771936,-0.346332821957207,0.399744466780483));
#1492=CARTESIAN_POINT('',(-0.0342698254771936,0.346332514452922,0.399744466780483));
#1493=CARTESIAN_POINT('',(-0.0342698254771936,0.115444171484308,0.399744466780483));
#1494=CARTESIAN_POINT('',(-0.0342698254771936,-0.115444171484307,0.399744466780483));
#1495=CARTESIAN_POINT('',(-0.0342698254771936,-0.346332514452922,0.399744466780483));
#1496=CARTESIAN_POINT('',(-0.0350624680013597,-0.345868795317488,0.401521810997853));
#1497=CARTESIAN_POINT('',(-0.0350591663784194,-0.34643925813386,0.401484000759542));
#1498=CARTESIAN_POINT('',(-0.0344896712313713,-0.346451570812211,0.40153290899135));
#1499=CARTESIAN_POINT('',(-0.0350104099823186,-0.345828981331504,0.400925662715242));
#1500=CARTESIAN_POINT('',(-0.0350071079419172,-0.346399453877392,0.40088784675728));
#1501=CARTESIAN_POINT('',(-0.034437603026341,-0.346411757044851,0.400936761570632));
#1502=CARTESIAN_POINT('',(-0.0349583519634616,-0.345789167318989,0.400329514434741));
#1503=CARTESIAN_POINT('',(-0.0349550499268183,-0.346359649953741,0.400291697739569));
#1504=CARTESIAN_POINT('',(-0.0343855347807623,-0.346371943251631,0.400340614154759));
#1505=CARTESIAN_POINT('',(-0.0349062939461973,-0.345749353275443,0.399733366172476));
#1506=CARTESIAN_POINT('',(-0.0349029917422884,-0.346319846375405,0.399695553887197));
#1507=CARTESIAN_POINT('',(-0.0343334658818947,-0.346332129444469,0.399744466780483));
#1508=CARTESIAN_POINT('',(-0.0261993732495656,-0.339090189758319,0.300025080768419));
#1509=CARTESIAN_POINT('',(-0.0261876328329632,-0.339656029892857,0.299890628331884));
#1510=CARTESIAN_POINT('',(-0.025624723012359,-0.33967300056743,0.300036334757446));
#1511=CARTESIAN_POINT('',(-0.0174540731486244,-0.332401427041803,0.19987728928272));
#1512=CARTESIAN_POINT('',(-0.0174159730270569,-0.33294916671828,0.199440986659338));
#1513=CARTESIAN_POINT('',(-0.0168773266733658,-0.332984292602738,0.199888719996124));
#1514=CARTESIAN_POINT('',(-0.00870879179467561,-0.325709426459262,0.0997297124803226));
#1515=CARTESIAN_POINT('',(-0.0087053613804343,-0.326288979156575,0.0996904265960999));
#1516=CARTESIAN_POINT('',(-0.00812673563377681,-0.32629232698586,0.0997415887168741));
#1517=CARTESIAN_POINT('',(-0.00867041106561525,-0.325680056093597,0.0992901912281482));
#1518=CARTESIAN_POINT('',(-0.00866698524453891,-0.326259636525619,0.0992509579161082));
#1519=CARTESIAN_POINT('',(-0.00808833068910792,-0.326262956747751,0.0993020694956329));
#1520=CARTESIAN_POINT('',(-0.00824490086162862,-0.326382693145146,0.101093945822031));
#1521=CARTESIAN_POINT('',(-0.0169431778565876,-0.333034645786137,0.200642640640394));
#1522=CARTESIAN_POINT('',(-0.0256383027968032,-0.339683384331374,0.30019181248508));
#1523=CARTESIAN_POINT('',(-0.0343331650900139,-0.346331899444349,0.399741022954318));
#1524=CARTESIAN_POINT('',(-0.0344896712313723,0.346451570812212,0.401532908991362));
#1525=CARTESIAN_POINT('',(-0.0350591663172419,0.346439258074149,0.401484000737511));
#1526=CARTESIAN_POINT('',(-0.0350624680013607,0.345868795317489,0.401521810997864));
#1527=CARTESIAN_POINT('',(-0.0344376030263418,0.346411757044852,0.400936761570639));
#1528=CARTESIAN_POINT('',(-0.0350071078266995,0.346399453767355,0.400887846588809));
#1529=CARTESIAN_POINT('',(-0.0350104099823192,0.345828981331504,0.40092566271525));
#1530=CARTESIAN_POINT('',(-0.0343855347807629,0.346371943251631,0.400340614154763));
#1531=CARTESIAN_POINT('',(-0.0349550497802466,0.346359649812247,0.400291697604539));
#1532=CARTESIAN_POINT('',(-0.0349583519634619,0.345789167318989,0.400329514434744));
#1533=CARTESIAN_POINT('',(-0.0343334658818939,0.346332129444469,0.399744466780483));
#1534=CARTESIAN_POINT('',(-0.0349029918817472,0.34631984651328,0.399695553845427));
#1535=CARTESIAN_POINT('',(-0.0349062939461973,0.345749353275444,0.399733366172476));
#1536=CARTESIAN_POINT('',(-0.0256247230123586,0.339673000567429,0.300036334757428));
#1537=CARTESIAN_POINT('',(-0.0261876344160318,0.339656031047596,0.299890649329883));
#1538=CARTESIAN_POINT('',(-0.026199373249564,0.339090189758318,0.300025080768401));
#1539=CARTESIAN_POINT('',(-0.01687732667331,0.332984292602696,0.199888719995493));
#1540=CARTESIAN_POINT('',(-0.0174159711492525,0.332949165334414,0.199440962537073));
#1541=CARTESIAN_POINT('',(-0.0174540731485693,0.332401427041762,0.199877289282089));
#1542=CARTESIAN_POINT('',(-0.00812673563366806,0.326292326985776,0.0997415887156292));
#1543=CARTESIAN_POINT('',(-0.0087053615170862,0.326288979239454,0.0996904292206224));
#1544=CARTESIAN_POINT('',(-0.00870879179456688,0.325709426459179,0.0997297124790775));
#1545=CARTESIAN_POINT('',(-0.00808833068894703,0.326262956747628,0.0993020694937917));
#1546=CARTESIAN_POINT('',(-0.00866698536315877,0.326259636594428,0.0992509603476625));
#1547=CARTESIAN_POINT('',(-0.00867041106545445,0.325680056093474,0.0992901912263069));
#1548=CARTESIAN_POINT('',(-0.034333165090013,0.346331899444349,0.399741022954318));
#1549=CARTESIAN_POINT('',(-0.0256383027967511,0.339683384331333,0.30019181248447));
#1550=CARTESIAN_POINT('',(-0.0169431778564803,0.333034645786056,0.200642640639175));
#1551=CARTESIAN_POINT('',(-0.00824490086146872,0.326382693145023,0.101093945820201));
#1552=CARTESIAN_POINT('',(-0.00824480629025646,0.326382660331135,0.101093463759179));
#1553=CARTESIAN_POINT('',(-0.00824490086146871,0.326382693145023,0.101093945820201));
#1554=CARTESIAN_POINT('',(-0.00826048022052226,0.326382647881791,0.101093268703685));
#1555=CARTESIAN_POINT('',(-0.00827631685224265,0.32638197870951,0.101092610929579));
#1556=CARTESIAN_POINT('',(-0.00829234200256413,0.326380627886544,0.101091982388682));
#1557=CARTESIAN_POINT('',(2.37877350709885,0.,0.399744466780483));
#1558=CARTESIAN_POINT('',(2.23715522534647,0.,0.254605759486385));
#1559=CARTESIAN_POINT('',(2.23573904252566,0.,0.253154372411939));
#1560=CARTESIAN_POINT('',(2.37846433674276,-0.000687364866731885,0.399744466780483));
#1561=CARTESIAN_POINT('',(2.23691063560425,-0.000984010894775025,0.254561705421685));
#1562=CARTESIAN_POINT('',(2.23549509859648,-0.000986977356137102,0.253109877805322));
#1563=CARTESIAN_POINT('',(2.37784225237662,-0.00206041349600363,0.399744466780483));
#1564=CARTESIAN_POINT('',(2.23635251221513,-0.00293472578055615,0.254463792124861));
#1565=CARTESIAN_POINT('',(2.23493761481262,-0.0029434689021788,0.253010985379105));
#1566=CARTESIAN_POINT('',(2.37689791556994,-0.00411488045915967,0.399744466780483));
#1567=CARTESIAN_POINT('',(2.23529182675744,-0.00578630205959967,0.254285025877298));
#1568=CARTESIAN_POINT('',(2.23387576586809,-0.00580301627400509,0.25283043146488));
#1569=CARTESIAN_POINT('',(2.37594238924782,-0.00616417875457741,0.399744466780483));
#1570=CARTESIAN_POINT('',(2.23399774368776,-0.00853810634291755,0.254072799451807));
#1571=CARTESIAN_POINT('',(2.23257829723555,-0.00856184561955342,0.252616082777204));
#1572=CARTESIAN_POINT('',(2.37497569414995,-0.00820824568351298,0.399744466780483));
#1573=CARTESIAN_POINT('',(2.23247070491654,-0.0111653000942134,0.253826965864699));
#1574=CARTESIAN_POINT('',(2.2310456550251,-0.0111948706362041,0.252367790855683));
#1575=CARTESIAN_POINT('',(2.37399785101131,-0.0102470185613314,0.399744466780483));
#1576=CARTESIAN_POINT('',(2.23072326379799,-0.0136480987041581,0.25354903876486));
#1577=CARTESIAN_POINT('',(2.22929051792731,-0.0136821095042225,0.252087084483058));
#1578=CARTESIAN_POINT('',(2.37300888056689,-0.0122804347033971,0.399744466780483));
#1579=CARTESIAN_POINT('',(2.2287789509092,-0.0159760993685374,0.253242032587689));
#1580=CARTESIAN_POINT('',(2.22733665161134,-0.0160130560125551,0.25177700824957));
#1581=CARTESIAN_POINT('',(2.37200880355636,-0.0143084314203719,0.399744466780483));
#1582=CARTESIAN_POINT('',(2.22666841392008,-0.0181504368678348,0.252909924061684));
#1583=CARTESIAN_POINT('',(2.22521501002664,-0.018188856919911,0.25144157863713));
#1584=CARTESIAN_POINT('',(2.37099764071941,-0.0163309460182149,0.399744466780483));
#1585=CARTESIAN_POINT('',(2.22442465264875,-0.0201830349210919,0.252556991915236));
#1586=CARTESIAN_POINT('',(2.22295892276635,-0.0202215558075341,0.251085117165596));
#1587=CARTESIAN_POINT('',(2.36997541278631,-0.0183479158169939,0.399744466780483));
#1588=CARTESIAN_POINT('',(2.22207918540385,-0.0220938153252359,0.252187290817607));
#1589=CARTESIAN_POINT('',(2.22060022312838,-0.0221312743210708,0.250711719057132));
#1590=CARTESIAN_POINT('',(2.36894214477637,-0.0203592800179267,0.399744466780483));
#1591=CARTESIAN_POINT('',(2.21966001826862,-0.023907416880713,0.2518043769379));
#1592=CARTESIAN_POINT('',(2.21816719700298,-0.0239428982466132,0.250324976039286));
#1593=CARTESIAN_POINT('',(2.36789786170889,-0.0223649778410427,0.399744466780483));
#1594=CARTESIAN_POINT('',(2.21719108365741,-0.0256503486512436,0.251411241168919));
#1595=CARTESIAN_POINT('',(2.2156840158752,-0.0256832023603801,0.249927908910452));
#1596=CARTESIAN_POINT('',(2.36701846745412,-0.0240316200496091,0.399744466780483));
#1597=CARTESIAN_POINT('',(2.21510915881588,-0.0270660928583219,0.25107719636537));
#1598=CARTESIAN_POINT('',(2.2135900657278,-0.0270964375877728,0.249590523663429));
#1599=CARTESIAN_POINT('',(2.36630946954083,-0.0253620398348859,0.399744466780483));
#1600=CARTESIAN_POINT('',(2.21343761907919,-0.0281892664651159,0.250807156562466));
#1601=CARTESIAN_POINT('',(2.21190890057232,-0.0282175387358387,0.249317783459675));
#1602=CARTESIAN_POINT('',(2.36559682078954,-0.026690520163473,0.399744466780483));
#1603=CARTESIAN_POINT('',(2.21176488476025,-0.0293104254632605,0.250535581087111));
#1604=CARTESIAN_POINT('',(2.2102265653977,-0.0293366245180926,0.249043492228578));
#1605=CARTESIAN_POINT('',(2.36469917234478,-0.0283474651121061,0.399744466780483));
#1606=CARTESIAN_POINT('',(2.20967245857514,-0.0307091938819658,0.250193420313979));
#1607=CARTESIAN_POINT('',(2.20812219143833,-0.0307328111706991,0.248697909849736));
#1608=CARTESIAN_POINT('',(2.36361107922604,-0.0303298895019765,0.399744466780483));
#1609=CARTESIAN_POINT('',(2.20715893399239,-0.0323831854678001,0.24977884141939));
#1610=CARTESIAN_POINT('',(2.20559441254165,-0.032403718426988,0.248279185167661));
#1611=CARTESIAN_POINT('',(2.36251209614154,-0.0323063435624463,0.399744466780483));
#1612=CARTESIAN_POINT('',(2.20464295524198,-0.0340529220183352,0.249360596919773));
#1613=CARTESIAN_POINT('',(2.2030642638328,-0.0340703878040696,0.247856758221636));
#1614=CARTESIAN_POINT('',(2.3614022481059,-0.0342767665041393,0.399744466780483));
#1615=CARTESIAN_POINT('',(2.20212452425679,-0.0357184472656155,0.248938968159986));
#1616=CARTESIAN_POINT('',(2.20053174701891,-0.0357328640733242,0.247430913173546));
#1617=CARTESIAN_POINT('',(2.36028158007861,-0.0362411101601988,0.399744466780483));
#1618=CARTESIAN_POINT('',(2.19960370583303,-0.0373798906045735,0.24851421133861));
#1619=CARTESIAN_POINT('',(2.19799692708902,-0.0373912784073713,0.247001908785037));
#1620=CARTESIAN_POINT('',(2.35915013702858,-0.0381993263731739,0.399744466780483));
#1621=CARTESIAN_POINT('',(2.19708052423286,-0.0390373217130216,0.248086571489595));
#1622=CARTESIAN_POINT('',(2.19545982810307,-0.0390457016644448,0.246569992535557));
#1623=CARTESIAN_POINT('',(2.35762723953949,-0.0408020471850566,0.399744466780483));
#1624=CARTESIAN_POINT('',(2.19371317509249,-0.0412419793786482,0.247512813591172));
#1625=CARTESIAN_POINT('',(2.19207403445202,-0.0412463787028885,0.245990497057774));
#1626=CARTESIAN_POINT('',(2.35569690491521,-0.0440398887920104,0.399744466780483));
#1627=CARTESIAN_POINT('',(2.1894982278143,-0.0439881267839591,0.246789473918673));
#1628=CARTESIAN_POINT('',(2.1878362410439,-0.0439876091666063,0.245259923990337));
#1629=CARTESIAN_POINT('',(2.35255186188404,-0.0491867282296616,0.399744466780483));
#1630=CARTESIAN_POINT('',(2.18274220703672,-0.0483618144569463,0.24562088518311));
#1631=CARTESIAN_POINT('',(2.18104411048801,-0.048353565320724,0.244079649369582));
#1632=CARTESIAN_POINT('',(2.34851550551608,-0.0555561134407141,0.399744466780483));
#1633=CARTESIAN_POINT('',(2.17427471564321,-0.0537918725859504,0.244142403414597));
#1634=CARTESIAN_POINT('',(2.17253230774485,-0.0537742301790017,0.242586382783901));
#1635=CARTESIAN_POINT('',(2.34350667127626,-0.0630936308744454,0.399744466780483));
#1636=CARTESIAN_POINT('',(2.16407785081448,-0.0602495258994349,0.242348384729174));
#1637=CARTESIAN_POINT('',(2.16228356261193,-0.0602210848518951,0.240774423910118));
#1638=CARTESIAN_POINT('',(2.33833550797567,-0.0705223211879205,0.399744466780483));
#1639=CARTESIAN_POINT('',(2.15384437509247,-0.0666480724129044,0.240541773462861));
#1640=CARTESIAN_POINT('',(2.15199946376326,-0.0666093299222385,0.238949746531237));
#1641=CARTESIAN_POINT('',(2.33300596334016,-0.0778402852139891,0.399744466780483));
#1642=CARTESIAN_POINT('',(2.14357300614867,-0.0729856745010455,0.23872885059354));
#1643=CARTESIAN_POINT('',(2.14167867657906,-0.0729371283902008,0.237118694432047));
#1644=CARTESIAN_POINT('',(2.3275219851003,-0.0850456237855012,0.399744466780483));
#1645=CARTESIAN_POINT('',(2.13326156102559,-0.0792589233970005,0.236915818974913));
#1646=CARTESIAN_POINT('',(2.13131895678573,-0.0792010563926922,0.235287532497186));
#1647=CARTESIAN_POINT('',(2.32188752098196,-0.0921364377306038,0.399744466780483));
#1648=CARTESIAN_POINT('',(2.12290746656338,-0.0854634369561356,0.235108231259845));
#1649=CARTESIAN_POINT('',(2.12091766601806,-0.0853967069491904,0.233461868906379));
#1650=CARTESIAN_POINT('',(2.31610651871098,-0.0991108278821464,0.399744466780483));
#1651=CARTESIAN_POINT('',(2.11250642232516,-0.0915921280523645,0.233313178200343));
#1652=CARTESIAN_POINT('',(2.11047042136483,-0.091516941056183,0.23164886531219));
#1653=CARTESIAN_POINT('',(2.3101834686546,-0.105968154785366,0.399744466780483));
#1654=CARTESIAN_POINT('',(2.10205532709338,-0.0976386525481816,0.231534703536184));
#1655=CARTESIAN_POINT('',(2.09997404567585,-0.0975553575255747,0.229852605903835));
#1656=CARTESIAN_POINT('',(2.30412286117533,-0.112707778976093,0.399744466780483));
#1657=CARTESIAN_POINT('',(2.09155543827602,-0.103601976163565,0.229770126331723));
#1658=CARTESIAN_POINT('',(2.08942976404562,-0.103510918131631,0.228070382925166));
#1659=CARTESIAN_POINT('',(2.29792918663098,-0.119329061004267,0.399744466780483));
#1660=CARTESIAN_POINT('',(2.08100741847539,-0.109480445395503,0.22801809958449));
#1661=CARTESIAN_POINT('',(2.07883820079034,-0.109381959241343,0.226300835909379));
#1662=CARTESIAN_POINT('',(2.29160693539346,-0.125831361405719,0.399744466780483));
#1663=CARTESIAN_POINT('',(2.07041277573923,-0.115273584181254,0.226276314158815));
#1664=CARTESIAN_POINT('',(2.06820083414156,-0.115168006409762,0.224541632634386));
#1665=CARTESIAN_POINT('',(2.28516068795123,-0.13221519424713,0.399744466780483));
#1666=CARTESIAN_POINT('',(2.05977315286213,-0.120981282379463,0.224542667262421));
#1667=CARTESIAN_POINT('',(2.05751927751025,-0.120868943259516,0.22279064926724));
#1668=CARTESIAN_POINT('',(2.2785950247927,-0.138481073595182,0.399744466780483));
#1669=CARTESIAN_POINT('',(2.04909072456216,-0.126604347013068,0.22281464291774));
#1670=CARTESIAN_POINT('',(2.04679568155928,-0.126485579748141,0.221045344679395));
#1671=CARTESIAN_POINT('',(2.2719145264063,-0.144629513511853,0.399744466780483));
#1672=CARTESIAN_POINT('',(2.03836787998029,-0.132144126490701,0.221089803854542));
#1673=CARTESIAN_POINT('',(2.03603241351424,-0.132019272622465,0.219303257225613));
#1674=CARTESIAN_POINT('',(2.26512377328049,-0.150661028063824,0.399744466780483));
#1675=CARTESIAN_POINT('',(2.02760747871445,-0.137602924299876,0.219365402892469));
#1676=CARTESIAN_POINT('',(2.02523231576521,-0.137472343264447,0.217561612251332));
#1677=CARTESIAN_POINT('',(2.25822706680209,-0.156577027210968,0.399744466780483));
#1678=CARTESIAN_POINT('',(2.01681238153355,-0.142983318764187,0.217639040642956));
#1679=CARTESIAN_POINT('',(2.01439823468091,-0.142847381679625,0.215817986383321));
#1680=CARTESIAN_POINT('',(2.25122870835325,-0.162378920908453,0.399744466780483));
#1681=CARTESIAN_POINT('',(2.00598616364865,-0.148289300970013,0.215907626662718));
#1682=CARTESIAN_POINT('',(2.00353373820174,-0.148148404768465,0.214069258256884));
#1683=CARTESIAN_POINT('',(2.24413299932082,-0.16806811911615,0.399744466780483));
#1684=CARTESIAN_POINT('',(1.99513099658926,-0.153522946287163,0.214170333781694));
#1685=CARTESIAN_POINT('',(1.9926409765626,-0.153377494560048,0.212314592448413));
#1686=CARTESIAN_POINT('',(2.23694424107754,-0.173646031793933,0.399744466780483));
#1687=CARTESIAN_POINT('',(1.98424681217309,-0.158682771607229,0.212429444827663));
#1688=CARTESIAN_POINT('',(1.98171983788207,-0.158533139009172,0.210556294604043));
#1689=CARTESIAN_POINT('',(2.22966626163755,-0.179114693532969,0.399744466780483));
#1690=CARTESIAN_POINT('',(1.97333411412518,-0.1637681470411,0.210686323451277));
#1691=CARTESIAN_POINT('',(1.97077079264996,-0.163614681575523,0.208795742017468));
#1692=CARTESIAN_POINT('',(2.22230288900559,-0.184476138943241,0.399744466780483));
#1693=CARTESIAN_POINT('',(1.96239303209914,-0.168777765019921,0.208942798173083));
#1694=CARTESIAN_POINT('',(1.95979393353177,-0.168620781281016,0.20703478148461));
#1695=CARTESIAN_POINT('',(2.21237630524671,-0.191484490500542,0.399744466780483));
#1696=CARTESIAN_POINT('',(1.94776755282183,-0.175354950925574,0.206619444274769));
#1697=CARTESIAN_POINT('',(1.9451214652988,-0.175193655528743,0.204688194052251));
#1698=CARTESIAN_POINT('',(2.199773732599,-0.199987062095212,0.399744466780483));
#1699=CARTESIAN_POINT('',(1.92941586642221,-0.183380816685653,0.203722183909473));
#1700=CARTESIAN_POINT('',(1.92671228775814,-0.183214754232592,0.201761961078035));
#1701=CARTESIAN_POINT('',(2.18436580572049,-0.209796892374812,0.399744466780483));
#1702=CARTESIAN_POINT('',(1.90728389070949,-0.192687887531082,0.200268450196754));
#1703=CARTESIAN_POINT('',(1.90451307156009,-0.192516797482457,0.198273690031246));
#1704=CARTESIAN_POINT('',(2.16869914816745,-0.219232799940122,0.399744466780483));
#1705=CARTESIAN_POINT('',(1.88504209263978,-0.201655167537831,0.196851471374669));
#1706=CARTESIAN_POINT('',(1.88220552208141,-0.201479391214278,0.194822541418964));
#1707=CARTESIAN_POINT('',(2.1527957400446,-0.228315565131016,0.399744466780483));
#1708=CARTESIAN_POINT('',(1.86270068797449,-0.210285378203851,0.193470369350413));
#1709=CARTESIAN_POINT('',(1.85979973745516,-0.210105076330864,0.19140762837282));
#1710=CARTESIAN_POINT('',(2.13667704952506,-0.237066564687303,0.399744466780483));
#1711=CARTESIAN_POINT('',(1.84027090985765,-0.218584303808061,0.190122434157486));
#1712=CARTESIAN_POINT('',(1.83730684846258,-0.218399481201385,0.188026213833044));
#1713=CARTESIAN_POINT('',(2.12036116687066,-0.24550654678589,0.399744466780483));
#1714=CARTESIAN_POINT('',(1.81776329821522,-0.226557322112775,0.186805521524242));
#1715=CARTESIAN_POINT('',(1.81473731952965,-0.226367829869947,0.184676132073468));
#1716=CARTESIAN_POINT('',(2.10386632605843,-0.253659484116558,0.399744466780483));
#1717=CARTESIAN_POINT('',(1.79518832034665,-0.234210658540796,0.183517170219298));
#1718=CARTESIAN_POINT('',(1.79210154029255,-0.23401617028692,0.181354897252557));
#1719=CARTESIAN_POINT('',(2.08719997264887,-0.261531094384313,0.399744466780483));
#1720=CARTESIAN_POINT('',(1.77255611571863,-0.241550945798107,0.180254871201828));
#1721=CARTESIAN_POINT('',(1.76940967715131,-0.241351144314785,0.178059975244348));
#1722=CARTESIAN_POINT('',(2.07036654320828,-0.269121120981424,0.399744466780483));
#1723=CARTESIAN_POINT('',(1.74987641306272,-0.248584887063289,0.177016305563587));
#1724=CARTESIAN_POINT('',(1.74667151175896,-0.248379524725283,0.174789023950712));
#1725=CARTESIAN_POINT('',(2.0533713777678,-0.276431945223303,0.399744466780483));
#1726=CARTESIAN_POINT('',(1.7271588923511,-0.255320297984959,0.173798552550466));
#1727=CARTESIAN_POINT('',(1.72389676749994,-0.255109181513469,0.171539093407978));
#1728=CARTESIAN_POINT('',(2.03621907184627,-0.283464852551772,0.399744466780483));
#1729=CARTESIAN_POINT('',(1.70441230788411,-0.261763691195269,0.170599834052048));
#1730=CARTESIAN_POINT('',(1.70109424024331,-0.261546679579257,0.168308387724152));
#1731=CARTESIAN_POINT('',(2.01891438767475,-0.290222161056776,0.399744466780483));
#1732=CARTESIAN_POINT('',(1.68164631716358,-0.267925224234038,0.167415878925683));
#1733=CARTESIAN_POINT('',(1.67827363645724,-0.26770225486882,0.165092593049768));
#1734=CARTESIAN_POINT('',(2.0014615450405,-0.296705507423844,0.399744466780483));
#1735=CARTESIAN_POINT('',(1.65886598238883,-0.27380375189921,0.164250810860044));
#1736=CARTESIAN_POINT('',(1.65544002676391,-0.273574734343776,0.161895874298911));
#1737=CARTESIAN_POINT('',(1.9838653076795,-0.302918677524653,0.399744466780483));
#1738=CARTESIAN_POINT('',(1.63607240263612,-0.27938675936725,0.161116982871512));
#1739=CARTESIAN_POINT('',(1.63259447358536,-0.27915144018831,0.158730708032516));
#1740=CARTESIAN_POINT('',(1.96613079499687,-0.308867625882237,0.399744466780483));
#1741=CARTESIAN_POINT('',(1.61326829927171,-0.284665071350442,0.158024190914579));
#1742=CARTESIAN_POINT('',(1.60973967431258,-0.284423045804371,0.155606988156579));
#1743=CARTESIAN_POINT('',(1.94826251084769,-0.314557705987367,0.399744466780483));
#1744=CARTESIAN_POINT('',(1.59045620885296,-0.289628073791374,0.154983236291664));
#1745=CARTESIAN_POINT('',(1.5868781458308,-0.289378777467203,0.15253562398447));
#1746=CARTESIAN_POINT('',(1.93026487882773,-0.319995407526857,0.399744466780483));
#1747=CARTESIAN_POINT('',(1.56763935643356,-0.294265829889121,0.152004311771831));
#1748=CARTESIAN_POINT('',(1.5640131012108,-0.294008534109123,0.149526910224801));
#1749=CARTESIAN_POINT('',(1.91214157369852,-0.325185968846258,0.399744466780483));
#1750=CARTESIAN_POINT('',(1.54482134018402,-0.298568485669813,0.149097610279342));
#1751=CARTESIAN_POINT('',(1.5411481378471,-0.298302310836262,0.146591141713155));
#1752=CARTESIAN_POINT('',(1.89389668181259,-0.330137656501247,0.399744466780483));
#1753=CARTESIAN_POINT('',(1.52200615109196,-0.302525733990435,0.146273446119689));
#1754=CARTESIAN_POINT('',(1.51828724578202,-0.302249614765514,0.143738735912611));
#1755=CARTESIAN_POINT('',(1.87553108024694,-0.334848133566859,0.399744466780483));
#1756=CARTESIAN_POINT('',(1.49919856345601,-0.30612886102358,0.143541325315053));
#1757=CARTESIAN_POINT('',(1.49543523828698,-0.305841668298476,0.140979293899882));
#1758=CARTESIAN_POINT('',(1.85704380993935,-0.339307401262962,0.399744466780483));
#1759=CARTESIAN_POINT('',(1.47640324169686,-0.309366284549553,0.140912145388697));
#1760=CARTESIAN_POINT('',(1.47259683601491,-0.30906687338557,0.138323822177977));
#1761=CARTESIAN_POINT('',(1.83843471403007,-0.34350735386284,0.399744466780483));
#1762=CARTESIAN_POINT('',(1.45362711203639,-0.312234976029028,0.138392502072591));
#1763=CARTESIAN_POINT('',(1.44977903601772,-0.311922252250314,0.135778982422596));
#1764=CARTESIAN_POINT('',(1.81970351781002,-0.34743828490773,0.399744466780483));
#1765=CARTESIAN_POINT('',(1.43088230448528,-0.314762692029446,0.135973487804347));
#1766=CARTESIAN_POINT('',(1.42699409234917,-0.314435936100663,0.13333577801769));
#1767=CARTESIAN_POINT('',(1.80085032454965,-0.351090607335494,0.399744466780483));
#1768=CARTESIAN_POINT('',(1.4081786116449,-0.316972132585886,0.133648671838295));
#1769=CARTESIAN_POINT('',(1.40425189451806,-0.316630947838249,0.130987713886945));
#1770=CARTESIAN_POINT('',(1.78187539720557,-0.354453920524052,0.399744466780483));
#1771=CARTESIAN_POINT('',(1.38552516952923,-0.31888814831163,0.131410431734071));
#1772=CARTESIAN_POINT('',(1.38156166725345,-0.318532490589836,0.128727091384595));
#1773=CARTESIAN_POINT('',(1.7627793244697,-0.357517513381553,0.399744466780483));
#1774=CARTESIAN_POINT('',(1.36292977774067,-0.320534158819423,0.129251789147818));
#1775=CARTESIAN_POINT('',(1.35893128227164,-0.320164325269992,0.126546862371397));
#1776=CARTESIAN_POINT('',(1.74356297796369,-0.360270042448617,0.399744466780483));
#1777=CARTESIAN_POINT('',(1.34039939120278,-0.321933912532993,0.127165414957553));
#1778=CARTESIAN_POINT('',(1.33636775533729,-0.321550551235765,0.124439624440453));
#1779=CARTESIAN_POINT('',(1.72422759911514,-0.36269977326875,0.399744466780483));
#1780=CARTESIAN_POINT('',(1.3179399746062,-0.323110368206742,0.125144372228242));
#1781=CARTESIAN_POINT('',(1.31387709835791,-0.322714474158614,0.122398371279899));
#1782=CARTESIAN_POINT('',(1.70801692618515,-0.364445203696153,0.399744466780483));
#1783=CARTESIAN_POINT('',(1.29928728655341,-0.323923685834547,0.123508568226617));
#1784=CARTESIAN_POINT('',(1.2951999901555,-0.323518470657811,0.12074620924089));
#1785=CARTESIAN_POINT('',(1.69499071320705,-0.365667675079461,0.399744466780483));
#1786=CARTESIAN_POINT('',(1.28440543396055,-0.324485096360039,0.122225760429315));
#1787=CARTESIAN_POINT('',(1.28029958117053,-0.324073270571434,0.11945057336618));
#1788=CARTESIAN_POINT('',(1.68519249390524,-0.366495566205399,0.399744466780483));
#1789=CARTESIAN_POINT('',(1.27326468529675,-0.324864304110033,0.121275564361055));
#1790=CARTESIAN_POINT('',(1.26914540721109,-0.32444799148607,0.118490875339024));
#1791=CARTESIAN_POINT('',(1.67536638381589,-0.367237045030835,0.399744466780483));
#1792=CARTESIAN_POINT('',(1.26214506926057,-0.325204433358272,0.120336270161516));
#1793=CARTESIAN_POINT('',(1.25801285611177,-0.324784107238724,0.11754218819796));
#1794=CARTESIAN_POINT('',(1.66222857298048,-0.368115679667655,0.399744466780483));
#1795=CARTESIAN_POINT('',(1.24734742162629,-0.325608675364157,0.119099617504643));
#1796=CARTESIAN_POINT('',(1.24319861011373,-0.325183605321827,0.11629316900864));
#1797=CARTESIAN_POINT('',(1.6457395952956,-0.369016513995866,0.399744466780483));
#1798=CARTESIAN_POINT('',(1.22890443206202,-0.326026935425591,0.117585570536761));
#1799=CARTESIAN_POINT('',(1.22473608042855,-0.325597039639841,0.114763981573289));
#1800=CARTESIAN_POINT('',(1.62584923274032,-0.369811753608123,0.399744466780483));
#1801=CARTESIAN_POINT('',(1.20686081364178,-0.326405838636142,0.11582952361586));
#1802=CARTESIAN_POINT('',(1.20267092945282,-0.325971779488257,0.11299037418365));
#1803=CARTESIAN_POINT('',(1.60585691348705,-0.370352212308067,0.399744466780483));
#1804=CARTESIAN_POINT('',(1.18490644219471,-0.32667736259149,0.114142479484342));
#1805=CARTESIAN_POINT('',(1.18069693747977,-0.326240614094512,0.111286459612885));
#1806=CARTESIAN_POINT('',(1.58576291857495,-0.370669862372988,0.399744466780483));
#1807=CARTESIAN_POINT('',(1.16304239886029,-0.326857459903476,0.112533539970999));
#1808=CARTESIAN_POINT('',(1.15881519366258,-0.326419335876382,0.10966143070455));
#1809=CARTESIAN_POINT('',(1.56556627138598,-0.37079737745301,0.399744466780483));
#1810=CARTESIAN_POINT('',(1.14126955114045,-0.326960971344087,0.111010735025109));
#1811=CARTESIAN_POINT('',(1.13702658393846,-0.326522607282199,0.10812339770953));
#1812=CARTESIAN_POINT('',(1.54526489678075,-0.370768494283387,0.399744466780483));
#1813=CARTESIAN_POINT('',(1.1195887665324,-0.327002737690015,0.10958209460065));
#1814=CARTESIAN_POINT('',(1.11533200523053,-0.326565080122388,0.106680470878711));
#1815=CARTESIAN_POINT('',(1.52485574222117,-0.370617369429828,0.399744466780483));
#1816=CARTESIAN_POINT('',(1.09800073008059,-0.326997276094235,0.108255618374487));
#1817=CARTESIAN_POINT('',(1.09373217995698,-0.326561075162524,0.105340729889581));
#1818=CARTESIAN_POINT('',(1.5043349640231,-0.370379997722949,0.399744466780483));
#1819=CARTESIAN_POINT('',(1.07650612681537,-0.326959103714424,0.107039306037592));
#1820=CARTESIAN_POINT('',(1.07222783844625,-0.326524894770529,0.104112254429034));
#1821=CARTESIAN_POINT('',(1.4836980426944,-0.370091634781191,0.399744466780483));
#1822=CARTESIAN_POINT('',(1.05510572250133,-0.326901224769514,0.105939863533835));
#1823=CARTESIAN_POINT('',(1.05081979929978,-0.326469320667563,0.103001817499252));
#1824=CARTESIAN_POINT('',(1.46294002500141,-0.369792685905223,0.399744466780483));
#1825=CARTESIAN_POINT('',(1.03380028289368,-0.326836643487837,0.104963996797682));
#1826=CARTESIAN_POINT('',(1.02950888546913,-0.326407083064181,0.102016192097713));
#1827=CARTESIAN_POINT('',(1.43509473580942,-0.369384487238012,0.399744466780483));
#1828=CARTESIAN_POINT('',(1.00552133078993,-0.326744830244548,0.103821883613145));
#1829=CARTESIAN_POINT('',(1.00122559673988,-0.326318433676071,0.100862657781095));
#1830=CARTESIAN_POINT('',(1.39996131060641,-0.368855807855299,0.399744466780483));
#1831=CARTESIAN_POINT('',(0.970416356581047,-0.326625426280742,0.102681711926345));
#1832=CARTESIAN_POINT('',(0.966120907040887,-0.32620312246542,0.0997110843803906));
#1833=CARTESIAN_POINT('',(1.35723579233903,-0.368197049934763,0.399744466780483));
#1834=CARTESIAN_POINT('',(0.928688006788159,-0.326498198974412,0.101744238384143));
#1835=CARTESIAN_POINT('',(0.924402528930157,-0.326081210462504,0.0987642361014969));
#1836=CARTESIAN_POINT('',(1.31389839152291,-0.367518574646621,0.399744466780483));
#1837=CARTESIAN_POINT('',(0.887364033423462,-0.326406762036455,0.101205887978843));
#1838=CARTESIAN_POINT('',(0.883098689838329,-0.325995643908425,0.0982205021869704));
#1839=CARTESIAN_POINT('',(1.28456602436333,-0.367056729580646,0.399744466780483));
#1840=CARTESIAN_POINT('',(0.860086254838719,-0.326382628367224,0.10109298301355));
#1841=CARTESIAN_POINT('',(0.855841457145683,-0.325975887356454,0.098106468173999));
#1842=CARTESIAN_POINT('',(1.17656855930538,-0.365359705433472,0.399744466780483));
#1843=CARTESIAN_POINT('',(0.761004349569217,-0.326382628367224,0.10109298301355));
#1844=CARTESIAN_POINT('',(0.756848707472466,-0.325992857595434,0.098106468173999));
#1845=CARTESIAN_POINT('',(0.980949498005499,-0.362285834487328,0.399744466780483));
#1846=CARTESIAN_POINT('',(0.604587974575639,-0.326382628367224,0.10109298301355));
#1847=CARTESIAN_POINT('',(0.600824359337907,-0.326023596308328,0.098106468173999));
#1848=CARTESIAN_POINT('',(0.659996157266874,-0.357242516403951,0.399744466780483));
#1849=CARTESIAN_POINT('',(0.390876459672033,-0.326382628367224,0.10109298301355));
#1850=CARTESIAN_POINT('',(0.388185262697777,-0.326074029485822,0.098106468173999));
#1851=CARTESIAN_POINT('',(0.316796744828064,-0.351849633442805,0.399744466780483));
#1852=CARTESIAN_POINT('',(0.188595356004383,-0.326382628367224,0.10109298301355));
#1853=CARTESIAN_POINT('',(0.187313342118404,-0.32612795831581,0.098106468173999));
#1854=CARTESIAN_POINT('',(0.0815740522378178,-0.348153448644273,0.399744466780483));
#1855=CARTESIAN_POINT('',(0.0569742900176267,-0.326382628367224,0.10109298301355));
#1856=CARTESIAN_POINT('',(0.0567282923989049,-0.326164920165912,0.098106468173999));
#1857=CARTESIAN_POINT('',(-0.0349072632950652,-0.346323113047065,0.399744466780483));
#1858=CARTESIAN_POINT('',(-0.0088278379532959,-0.326382628367224,0.10109298301355));
#1859=CARTESIAN_POINT('',(-0.00856704369907871,-0.326183223519768,0.098106468173999));
#1860=CARTESIAN_POINT('',(-0.0342698254771932,-0.346333129461489,0.399744466780483));
#1861=CARTESIAN_POINT('',(-0.00178511862747541,-0.346843579700139,0.399744466780483));
#1862=CARTESIAN_POINT('',(0.0631842935623066,-0.347864480153778,0.399744466780483));
#1863=CARTESIAN_POINT('',(0.160638407318032,-0.349395830763254,0.399744466780483));
#1864=CARTESIAN_POINT('',(0.258092516544772,-0.350927181301745,0.399744466780483));
#1865=CARTESIAN_POINT('',(0.339304270459686,-0.352203306691337,0.399744466780483));
#1866=CARTESIAN_POINT('',(0.404273671326926,-0.353224206967516,0.399744466780483));
#1867=CARTESIAN_POINT('',(0.453000720845701,-0.353989882156913,0.399744466780483));
#1868=CARTESIAN_POINT('',(0.501727769230007,-0.35475555732853,0.399744466780483));
#1869=CARTESIAN_POINT('',(0.55045481649041,-0.355521232482531,0.399744466780483));
#1870=CARTESIAN_POINT('',(0.591060688237953,-0.35615929509567,0.399744466780483));
#1871=CARTESIAN_POINT('',(0.623545385127925,-0.356669745178221,0.399744466780483));
#1872=CARTESIAN_POINT('',(0.64790890735373,-0.357052582733205,0.399744466780483));
#1873=CARTESIAN_POINT('',(0.668211842810539,-0.357371614033256,0.399744466780482));
#1874=CARTESIAN_POINT('',(0.684454189902913,-0.357626839053298,0.399744466780483));
#1875=CARTESIAN_POINT('',(0.696635953243345,-0.357818257865806,0.399744466780483));
#1876=CARTESIAN_POINT('',(0.708817704711119,-0.358009676491754,0.399744466780483));
#1877=CARTESIAN_POINT('',(0.718969200971672,-0.358169192590132,0.399744466780483));
#1878=CARTESIAN_POINT('',(0.72709031561437,-0.358296804174577,0.399744466780482));
#1879=CARTESIAN_POINT('',(0.732166199695694,-0.358376564360041,0.399744466780483));
#1880=CARTESIAN_POINT('',(0.736226477667987,-0.358440365762698,0.399744466780483));
#1881=CARTESIAN_POINT('',(0.739272861527918,-0.3584882352841,0.399744466780483));
#1882=CARTESIAN_POINT('',(0.741807775658691,-0.358528067797603,0.399744466780483));
#1883=CARTESIAN_POINT('',(0.743589553389819,-0.358556065860604,0.399744466780483));
#1884=CARTESIAN_POINT('',(0.744596254660519,-0.358571884716743,0.399744466780483));
#1885=CARTESIAN_POINT('',(0.745383556383862,-0.358584256025951,0.399744466780483));
#1886=CARTESIAN_POINT('',(0.746047483740678,-0.358594688685217,0.399744466780483));
#1887=CARTESIAN_POINT('',(0.746975754577319,-0.358609275120385,0.399744466780483));
#1888=CARTESIAN_POINT('',(0.748580178034964,-0.358634486317185,0.399744466780482));
#1889=CARTESIAN_POINT('',(0.750882694176653,-0.358670667032013,0.399744466780482));
#1890=CARTESIAN_POINT('',(0.753641226648089,-0.358714013384677,0.399744466780483));
#1891=CARTESIAN_POINT('',(0.75732083712352,-0.358771833147534,0.399744466780482));
#1892=CARTESIAN_POINT('',(0.761919813612907,-0.358844099419136,0.399744466780482));
#1893=CARTESIAN_POINT('',(0.769278475906934,-0.358959730166366,0.399744466780483));
#1894=CARTESIAN_POINT('',(0.778476700861516,-0.359104266983275,0.399744466780483));
#1895=CARTESIAN_POINT('',(0.78951461492267,-0.35927771185678,0.399744466780482));
#1896=CARTESIAN_POINT('',(0.800552517181923,-0.359451156544835,0.399744466780483));
#1897=CARTESIAN_POINT('',(0.815269724316862,-0.35968241619369,0.399744466780482));
#1898=CARTESIAN_POINT('',(0.833666231820772,-0.359971490732527,0.399744466780483));
#1899=CARTESIAN_POINT('',(0.855742041432426,-0.360318380188668,0.399744466780483));
#1900=CARTESIAN_POINT('',(0.885176454028998,-0.360780899460083,0.399744466780483));
#1901=CARTESIAN_POINT('',(0.921969469899558,-0.361359048551314,0.399744466780482));
#1902=CARTESIAN_POINT('',(0.958762485544446,-0.361937197638998,0.399744466780483));
#1903=CARTESIAN_POINT('',(0.988196898502093,-0.362399716916087,0.399744466780483));
#1904=CARTESIAN_POINT('',(1.01027270703052,-0.362746606355208,0.399744466780483));
#1905=CARTESIAN_POINT('',(1.02866921791951,-0.363035680947236,0.399744466780483));
#1906=CARTESIAN_POINT('',(1.04338641814889,-0.36326694048758,0.399744466780483));
#1907=CARTESIAN_POINT('',(1.05442434149717,-0.363440385507018,0.399744466780482));
#1908=CARTESIAN_POINT('',(1.0654621763814,-0.363613829136372,0.399744466780483));
#1909=CARTESIAN_POINT('',(1.07466064768489,-0.363758369824299,0.399744466780482));
#1910=CARTESIAN_POINT('',(1.08201880759978,-0.363873992677367,0.399744466780483));
#1911=CARTESIAN_POINT('',(1.08753911357967,-0.363960736310909,0.399744466780482));
#1912=CARTESIAN_POINT('',(1.0921340055538,-0.364032938400254,0.399744466780483));
#1913=CARTESIAN_POINT('',(1.09536095461069,-0.364083645242857,0.399744466780482));
#1914=CARTESIAN_POINT('',(1.09718849210309,-0.364112362354393,0.399744466780483));
#1915=CARTESIAN_POINT('',(1.09860543836414,-0.364134627617883,0.399744466780483));
#1916=CARTESIAN_POINT('',(1.09984542875679,-0.364154112275567,0.399744466780483));
#1917=CARTESIAN_POINT('',(1.10156047346934,-0.364181061725596,0.399744466780482));
#1918=CARTESIAN_POINT('',(1.10453304327111,-0.364227771365732,0.399744466780483));
#1919=CARTESIAN_POINT('',(1.10879460680934,-0.3642947356803,0.399744466780483));
#1920=CARTESIAN_POINT('',(1.11390204744428,-0.364374991731454,0.399744466780483));
#1921=CARTESIAN_POINT('',(1.12071421634923,-0.364482035124648,0.399744466780483));
#1922=CARTESIAN_POINT('',(1.12922865606996,-0.36461582724454,0.399744466780483));
#1923=CARTESIAN_POINT('',(1.1394463144175,-0.36477638298461,0.399744466780483));
#1924=CARTESIAN_POINT('',(1.14966388429113,-0.364936937334441,0.399744466780483));
#1925=CARTESIAN_POINT('',(1.16328734173994,-0.365151010287226,0.399744466780483));
#1926=CARTESIAN_POINT('',(1.17691079043275,-0.365365083102424,0.399744466780483));
#1927=CARTESIAN_POINT('',(1.19053424218059,-0.365579155965627,0.399744466780483));
#1928=CARTESIAN_POINT('',(1.20075183058235,-0.3657397106066,0.399744466780483));
#1929=CARTESIAN_POINT('',(1.2109694190931,-0.365900265249286,0.399744466780483));
#1930=CARTESIAN_POINT('',(1.21948407616302,-0.366034060784506,0.399744466780483));
#1931=CARTESIAN_POINT('',(1.22629580181815,-0.36614109721267,0.399744466780483));
#1932=CARTESIAN_POINT('',(1.23140459607535,-0.366221374534042,0.399744466780483));
#1933=CARTESIAN_POINT('',(1.23651339026954,-0.366301651854423,0.399744466780482));
#1934=CARTESIAN_POINT('',(1.24162218469993,-0.366381929178516,0.399744466780483));
#1935=CARTESIAN_POINT('',(1.24587951265708,-0.366448826937047,0.399744466780483));
#1936=CARTESIAN_POINT('',(1.24928537666832,-0.366502345169729,0.399744466780483));
#1937=CARTESIAN_POINT('',(1.2518397701811,-0.366542483773597,0.399744466780483));
#1938=CARTESIAN_POINT('',(1.25439418085371,-0.366582622647107,0.399744466780483));
#1939=CARTESIAN_POINT('',(1.25652280296116,-0.366616070868429,0.399744466780483));
#1940=CARTESIAN_POINT('',(1.25822582035455,-0.366642831326513,0.399744466780482));
#1941=CARTESIAN_POINT('',(1.25928993368337,-0.366659552330218,0.399744466780483));
#1942=CARTESIAN_POINT('',(1.26014184852049,-0.366672938941161,0.399744466780483));
#1943=CARTESIAN_POINT('',(1.26077907565136,-0.366682952044988,0.399744466780483));
#1944=CARTESIAN_POINT('',(1.26131553484445,-0.366691381726121,0.399744466780482));
#1945=CARTESIAN_POINT('',(1.26168038713933,-0.366697114853022,0.399744466780483));
#1946=CARTESIAN_POINT('',(1.26190553314454,-0.366700652696968,0.399744466780483));
#1947=CARTESIAN_POINT('',(1.26202746403554,-0.366702568665605,0.399744466780483));
#1948=CARTESIAN_POINT('',(1.26232877988837,-0.366707303405819,0.399744466780483));
#1949=CARTESIAN_POINT('',(1.26266723624137,-0.366712621742364,0.399744466780483));
#1950=CARTESIAN_POINT('',(1.26328724638758,-0.366722364250899,0.399744466780482));
#1951=CARTESIAN_POINT('',(1.26415337713976,-0.366735974086055,0.399744466780482));
#1952=CARTESIAN_POINT('',(1.26519236220993,-0.36675229991895,0.399744466780483));
#1953=CARTESIAN_POINT('',(1.26656617590375,-0.366773886825565,0.399744466780482));
#1954=CARTESIAN_POINT('',(1.26826694816383,-0.36680061094943,0.399744466780483));
#1955=CARTESIAN_POINT('',(1.27027989286642,-0.366832239694695,0.399744466780483));
#1956=CARTESIAN_POINT('',(1.27226528148033,-0.366863434929328,0.399744466780483));
#1957=CARTESIAN_POINT('',(1.2748755735869,-0.366904448184486,0.399744466780483));
#1958=CARTESIAN_POINT('',(1.27806933453614,-0.36695462761474,0.399744466780483));
#1959=CARTESIAN_POINT('',(1.28179125913161,-0.367013103165803,0.399744466780483));
#1960=CARTESIAN_POINT('',(1.28660638162689,-0.367088751002162,0.399744466780483));
#1961=CARTESIAN_POINT('',(1.29234882436296,-0.367178961556981,0.399744466780482));
#1962=CARTESIAN_POINT('',(1.29879742015427,-0.36728025545537,0.399744466780483));
#1963=CARTESIAN_POINT('',(1.30680576682184,-0.367406035623771,0.399744466780483));
#1964=CARTESIAN_POINT('',(1.31392944205563,-0.367517898250315,0.399744466780483));
#1965=CARTESIAN_POINT('',(1.32016844582431,-0.36761584333451,0.399744466780483));
#1966=CARTESIAN_POINT('',(1.32440536292283,-0.367682343376552,0.399744466780482));
#1967=CARTESIAN_POINT('',(1.32819994429448,-0.367741884647509,0.399744466780483));
#1968=CARTESIAN_POINT('',(1.33155218993022,-0.367794467147239,0.399744466780482));
#1969=CARTESIAN_POINT('',(1.33397711487593,-0.367832486921448,0.399744466780483));
#1970=CARTESIAN_POINT('',(1.33569588691653,-0.367859423354451,0.399744466780483));
#1971=CARTESIAN_POINT('',(1.33687438215605,-0.367877885988631,0.399744466780482));
#1972=CARTESIAN_POINT('',(1.33776430779638,-0.367891821766118,0.399744466780483));
#1973=CARTESIAN_POINT('',(1.33842095734992,-0.367902100557451,0.399744466780482));
#1974=CARTESIAN_POINT('',(1.33888579577949,-0.367909374684766,0.399744466780483));
#1975=CARTESIAN_POINT('',(1.33932299873256,-0.367916214052981,0.399744466780483));
#1976=CARTESIAN_POINT('',(1.33966426347961,-0.367921550579344,0.399744466780483));
#1977=CARTESIAN_POINT('',(1.3399235255796,-0.367925603483558,0.399744466780482));
#1978=CARTESIAN_POINT('',(1.34007963794161,-0.367928043333468,0.399744466780483));
#1979=CARTESIAN_POINT('',(1.34020145424953,-0.367929946816758,0.399744466780483));
#1980=CARTESIAN_POINT('',(1.34029004223037,-0.367931330903977,0.399744466780483));
#1981=CARTESIAN_POINT('',(1.34036575433739,-0.367932513645919,0.399744466780483));
#1982=CARTESIAN_POINT('',(1.34041146441936,-0.367933227647544,0.399744466780483));
#1983=CARTESIAN_POINT('',(1.34044756835902,-0.367933791554703,0.399744466780483));
#1984=CARTESIAN_POINT('',(1.34044580510421,-0.367933764024036,0.399744466780483));
#1985=CARTESIAN_POINT('',(1.34055376678851,-0.367935450190885,0.399744466780483));
#1986=CARTESIAN_POINT('',(1.34065940856147,-0.367937100070252,0.399744466780483));
#1987=CARTESIAN_POINT('',(1.34086204673442,-0.367940264702075,0.399744466780482));
#1988=CARTESIAN_POINT('',(1.34114200399431,-0.367944636484079,0.399744466780482));
#1989=CARTESIAN_POINT('',(1.34148162194584,-0.367949939383328,0.399744466780483));
#1990=CARTESIAN_POINT('',(1.34193262251415,-0.367956980708279,0.399744466780482));
#1991=CARTESIAN_POINT('',(1.34249604558445,-0.367965775879912,0.399744466780482));
#1992=CARTESIAN_POINT('',(1.34339553845736,-0.367979814249962,0.399744466780483));
#1993=CARTESIAN_POINT('',(1.34451677622992,-0.367997307883767,0.399744466780483));
#1994=CARTESIAN_POINT('',(1.34585707053467,-0.368018210417777,0.399744466780482));
#1995=CARTESIAN_POINT('',(1.34719222355736,-0.368039023902099,0.399744466780483));
#1996=CARTESIAN_POINT('',(1.34896555488023,-0.368066656205715,0.399744466780482));
#1997=CARTESIAN_POINT('',(1.35116934084156,-0.368100973570753,0.399744466780483));
#1998=CARTESIAN_POINT('',(1.35379327633572,-0.368141797545771,0.399744466780483));
#1999=CARTESIAN_POINT('',(1.35726438102258,-0.36819575370926,0.399744466780483));
#2000=CARTESIAN_POINT('',(1.36155174400887,-0.368262306775991,0.399744466780482));
#2001=CARTESIAN_POINT('',(1.36661415116417,-0.368340743038452,0.399744466780483));
#2002=CARTESIAN_POINT('',(1.37159412973045,-0.368417751880855,0.399744466780482));
#2003=CARTESIAN_POINT('',(1.37649168018343,-0.368493333310375,0.399744466780483));
#2004=CARTESIAN_POINT('',(1.38291184098021,-0.36859220529755,0.399744466780482));
#2005=CARTESIAN_POINT('',(1.3907309835693,-0.368712226928294,0.399744466780483));
#2006=CARTESIAN_POINT('',(1.39827531563413,-0.368827489760341,0.399744466780483));
#2007=CARTESIAN_POINT('',(1.40414603147444,-0.36891684680397,0.399744466780482));
#2008=CARTESIAN_POINT('',(1.40774629504362,-0.368971501772197,0.399744466780483));
#2009=CARTESIAN_POINT('',(1.41058584909745,-0.369014520438615,0.399744466780483));
#2010=CARTESIAN_POINT('',(1.41269338125436,-0.369046404581821,0.399744466780483));
#2011=CARTESIAN_POINT('',(1.41443734072696,-0.369072750495183,0.399744466780483));
#2012=CARTESIAN_POINT('',(1.41563956840325,-0.369090892910991,0.399744466780482));
#2013=CARTESIAN_POINT('',(1.41633885746979,-0.369101439617883,0.399744466780483));
#2014=CARTESIAN_POINT('',(1.41682012556817,-0.369108695716196,0.399744466780483));
#2015=CARTESIAN_POINT('',(1.41746030989093,-0.369118343915384,0.399744466780482));
#2016=CARTESIAN_POINT('',(1.41825736723661,-0.369130350865671,0.399744466780483));
#2017=CARTESIAN_POINT('',(1.41967588166334,-0.36915170630508,0.399744466780482));
#2018=CARTESIAN_POINT('',(1.42168229351412,-0.369181873393472,0.399744466780482));
#2019=CARTESIAN_POINT('',(1.42408542321853,-0.369217943349723,0.399744466780483));
#2020=CARTESIAN_POINT('',(1.42727374540412,-0.369265715336784,0.399744466780482));
#2021=CARTESIAN_POINT('',(1.43123392543019,-0.369324895712852,0.399744466780483));
#2022=CARTESIAN_POINT('',(1.43594436900104,-0.369395035443059,0.399744466780483));
#2023=CARTESIAN_POINT('',(1.44061343530401,-0.369464304403012,0.399744466780483));
#2024=CARTESIAN_POINT('',(1.44446970563389,-0.369521300848909,0.399744466780483));
#2025=CARTESIAN_POINT('',(1.44753408262645,-0.369566463327022,0.399744466780482));
#2026=CARTESIAN_POINT('',(1.44944046822842,-0.369594505095125,0.399744466780483));
#2027=CARTESIAN_POINT('',(1.45096087364206,-0.36961683652461,0.399744466780482));
#2028=CARTESIAN_POINT('',(1.45209726971973,-0.36963351132387,0.399744466780483));
#2029=CARTESIAN_POINT('',(1.45304629311715,-0.369647422839693,0.399744466780483));
#2030=CARTESIAN_POINT('',(1.45370125947315,-0.369657016801287,0.399744466780483));
#2031=CARTESIAN_POINT('',(1.45408803067228,-0.369662680013273,0.399744466780483));
#2032=CARTESIAN_POINT('',(1.45434180842675,-0.369666395086622,0.399744466780483));
#2033=CARTESIAN_POINT('',(1.45473356443917,-0.369672128586912,0.399744466780483));
#2034=CARTESIAN_POINT('',(1.4552058545924,-0.369679038922669,0.399744466780482));
#2035=CARTESIAN_POINT('',(1.45605097122906,-0.369691399959972,0.399744466780483));
#2036=CARTESIAN_POINT('',(1.45723502926698,-0.369708705540949,0.399744466780482));
#2037=CARTESIAN_POINT('',(1.45864266913319,-0.369729258272919,0.399744466780483));
#2038=CARTESIAN_POINT('',(1.46049336925744,-0.369756252012371,0.399744466780482));
#2039=CARTESIAN_POINT('',(1.46276162609376,-0.36978928297806,0.399744466780482));
#2040=CARTESIAN_POINT('',(1.46629295553882,-0.369840591431995,0.399744466780483));
#2041=CARTESIAN_POINT('',(1.47052433982894,-0.369901848435882,0.399744466780483));
#2042=CARTESIAN_POINT('',(1.47530932090644,-0.369970747684101,0.399744466780483));
#2043=CARTESIAN_POINT('',(1.47905295940807,-0.370024323554754,0.399744466780483));
#2044=CARTESIAN_POINT('',(1.48190155040375,-0.370064879970936,0.399744466780483));
#2045=CARTESIAN_POINT('',(1.48396484331115,-0.370094145276737,0.399744466780483));
#2046=CARTESIAN_POINT('',(1.4859549526828,-0.37012225811533,0.399744466780482));
#2047=CARTESIAN_POINT('',(1.48755249356443,-0.370144726516202,0.399744466780483));
#2048=CARTESIAN_POINT('',(1.48879376626701,-0.370162122669238,0.399744466780482));
#2049=CARTESIAN_POINT('',(1.48955473326156,-0.370172760968626,0.399744466780483));
#2050=CARTESIAN_POINT('',(1.49015341702532,-0.370181114481986,0.399744466780483));
#2051=CARTESIAN_POINT('',(1.49060044533591,-0.370187343513897,0.399744466780483));
#2052=CARTESIAN_POINT('',(1.49096092635731,-0.370192360153792,0.399744466780482));
#2053=CARTESIAN_POINT('',(1.49126548857548,-0.370196593625565,0.399744466780483));
#2054=CARTESIAN_POINT('',(1.49144231580976,-0.370199050767011,0.399744466780482));
#2055=CARTESIAN_POINT('',(1.4918105735485,-0.370204161668179,0.399744466780483));
#2056=CARTESIAN_POINT('',(1.49223257435532,-0.370210007615473,0.399744466780482));
#2057=CARTESIAN_POINT('',(1.49277999024799,-0.370217574258977,0.399744466780483));
#2058=CARTESIAN_POINT('',(1.49342191591337,-0.370226417949584,0.399744466780482));
#2059=CARTESIAN_POINT('',(1.49427448547122,-0.370238125689228,0.399744466780483));
#2060=CARTESIAN_POINT('',(1.4953262951389,-0.370252496733399,0.399744466780482));
#2061=CARTESIAN_POINT('',(1.49698271463304,-0.370274972225209,0.399744466780483));
#2062=CARTESIAN_POINT('',(1.4990021348691,-0.370302074680508,0.399744466780483));
#2063=CARTESIAN_POINT('',(1.50134411327787,-0.370333016733624,0.399744466780483));
#2064=CARTESIAN_POINT('',(1.50360470890524,-0.370362376978902,0.399744466780483));
#2065=CARTESIAN_POINT('',(1.5054205420198,-0.3703855235905,0.399744466780483));
#2066=CARTESIAN_POINT('',(1.50683286523696,-0.370403254188441,0.399744466780483));
#2067=CARTESIAN_POINT('',(1.5078707655845,-0.370416144703106,0.399744466780483));
#2068=CARTESIAN_POINT('',(1.50872187143753,-0.370426595108531,0.399744466780483));
#2069=CARTESIAN_POINT('',(1.50930256147021,-0.3704336629587,0.399744466780482));
#2070=CARTESIAN_POINT('',(1.50964148984397,-0.370437768451263,0.399744466780483));
#2071=CARTESIAN_POINT('',(1.50986723124854,-0.370440495623926,0.399744466780482));
#2072=CARTESIAN_POINT('',(1.51019560733072,-0.370444448903797,0.399744466780483));
#2073=CARTESIAN_POINT('',(1.51059655070621,-0.370449256249389,0.399744466780482));
#2074=CARTESIAN_POINT('',(1.511312716418,-0.370457796913694,0.399744466780483));
#2075=CARTESIAN_POINT('',(1.51232054715144,-0.370469677767202,0.399744466780483));
#2076=CARTESIAN_POINT('',(1.5135233211588,-0.370483637611797,0.399744466780483));
#2077=CARTESIAN_POINT('',(1.51511186452153,-0.370501778118336,0.399744466780483));
#2078=CARTESIAN_POINT('',(1.51707206825685,-0.370523603007574,0.399744466780483));
#2079=CARTESIAN_POINT('',(1.51938249095292,-0.370548419367083,0.399744466780483));
#2080=CARTESIAN_POINT('',(1.5216518455382,-0.370571869603394,0.399744466780483));
#2081=CARTESIAN_POINT('',(1.52387817834797,-0.370593936496274,0.399744466780483));
#2082=CARTESIAN_POINT('',(1.52570348836261,-0.370611224034612,0.399744466780483));
#2083=CARTESIAN_POINT('',(1.5269539705338,-0.370622646918317,0.399744466780483));
#2084=CARTESIAN_POINT('',(1.52767750101712,-0.370629126199844,0.399744466780483));
#2085=CARTESIAN_POINT('',(1.52817766790882,-0.370633552978386,0.399744466780483));
#2086=CARTESIAN_POINT('',(1.52882770431203,-0.370639220693652,0.399744466780483));
#2087=CARTESIAN_POINT('',(1.52963948078561,-0.370646173805354,0.399744466780482));
#2088=CARTESIAN_POINT('',(1.53107916335133,-0.370658204171073,0.399744466780483));
#2089=CARTESIAN_POINT('',(1.53310715598646,-0.37067425983732,0.399744466780482));
#2090=CARTESIAN_POINT('',(1.53552092991186,-0.370691949070383,0.399744466780483));
#2091=CARTESIAN_POINT('',(1.53870360324613,-0.370713349134127,0.399744466780483));
#2092=CARTESIAN_POINT('',(1.54261929559559,-0.370736039072994,0.399744466780483));
#2093=CARTESIAN_POINT('',(1.54721652300383,-0.370756758954713,0.399744466780483));
#2094=CARTESIAN_POINT('',(1.55171259231435,-0.370770973786303,0.399744466780483));
#2095=CARTESIAN_POINT('',(1.55537467103179,-0.37077739847123,0.399744466780483));
#2096=CARTESIAN_POINT('',(1.55825415742799,-0.370779284436037,0.399744466780482));
#2097=CARTESIAN_POINT('',(1.56038716038885,-0.370779075318217,0.399744466780483));
#2098=CARTESIAN_POINT('',(1.5621476486655,-0.370777536797939,0.399744466780483));
#2099=CARTESIAN_POINT('',(1.56336088364806,-0.37077576580724,0.399744466780483));
#2100=CARTESIAN_POINT('',(1.56406352844718,-0.370774523155697,0.399744466780483));
#2101=CARTESIAN_POINT('',(1.56455362257459,-0.370773566584297,0.399744466780483));
#2102=CARTESIAN_POINT('',(1.56517709371518,-0.370772213774559,0.399744466780483));
#2103=CARTESIAN_POINT('',(1.56596014930364,-0.37077032210323,0.399744466780483));
#2104=CARTESIAN_POINT('',(1.56734876832862,-0.370766498611164,0.399744466780483));
#2105=CARTESIAN_POINT('',(1.56931088994144,-0.370759714387552,0.399744466780483));
#2106=CARTESIAN_POINT('',(1.57165400375227,-0.370749412838237,0.399744466780483));
#2107=CARTESIAN_POINT('',(1.57475468309637,-0.370732812915274,0.399744466780483));
#2108=CARTESIAN_POINT('',(1.57859034420732,-0.370706683982659,0.399744466780483));
#2109=CARTESIAN_POINT('',(1.5831274751882,-0.370666728395589,0.399744466780483));
#2110=CARTESIAN_POINT('',(1.58759985823575,-0.370618160069816,0.399744466780483));
#2111=CARTESIAN_POINT('',(1.59200519711583,-0.370561020910094,0.399744466780483));
#2112=CARTESIAN_POINT('',(1.59562733480768,-0.370506132791832,0.399744466780483));
#2113=CARTESIAN_POINT('',(1.59812364891679,-0.370464147455435,0.399744466780483));
#2114=CARTESIAN_POINT('',(1.59955853372662,-0.370438767352535,0.399744466780483));
#2115=CARTESIAN_POINT('',(1.60058391174465,-0.370420076284346,0.399744466780483));
#2116=CARTESIAN_POINT('',(1.60178374117695,-0.370397477005222,0.399744466780483));
#2117=CARTESIAN_POINT('',(1.60331760973223,-0.370367566203207,0.399744466780482));
#2118=CARTESIAN_POINT('',(1.60602020600825,-0.370312321985072,0.399744466780483));
#2119=CARTESIAN_POINT('',(1.60983593108618,-0.370226889411406,0.399744466780483));
#2120=CARTESIAN_POINT('',(1.61437322611439,-0.370113392529775,0.399744466780483));
#2121=CARTESIAN_POINT('',(1.61886063120157,-0.369989071851567,0.399744466780483));
#2122=CARTESIAN_POINT('',(1.623300778124,-0.369853869564127,0.399744466780483));
#2123=CARTESIAN_POINT('',(1.62769145465225,-0.369707862921423,0.399744466780483));
#2124=CARTESIAN_POINT('',(1.63131430738188,-0.369576977753763,0.399744466780483));
#2125=CARTESIAN_POINT('',(1.63382146884733,-0.369480927136594,0.399744466780483));
#2126=CARTESIAN_POINT('',(1.63526030436057,-0.369424184473537,0.399744466780483));
#2127=CARTESIAN_POINT('',(1.63630211739485,-0.369382355021801,0.399744466780483));
#2128=CARTESIAN_POINT('',(1.63747207436024,-0.369334471524089,0.399744466780483));
#2129=CARTESIAN_POINT('',(1.63898331860725,-0.369271359912219,0.399744466780482));
#2130=CARTESIAN_POINT('',(1.64164088945969,-0.369157195014689,0.399744466780483));
#2131=CARTESIAN_POINT('',(1.64540251795662,-0.368986353244217,0.399744466780483));
#2132=CARTESIAN_POINT('',(1.64988331942054,-0.368768028972561,0.399744466780483));
#2133=CARTESIAN_POINT('',(1.65580462179423,-0.368459560680541,0.399744466780483));
#2134=CARTESIAN_POINT('',(1.66165427174022,-0.368124572199041,0.399744466780483));
#2135=CARTESIAN_POINT('',(1.66669603520774,-0.367809201188019,0.399744466780482));
#2136=CARTESIAN_POINT('',(1.66957311268848,-0.367621391049657,0.399744466780483));
#2137=CARTESIAN_POINT('',(1.6716790159523,-0.367480180963125,0.399744466780483));
#2138=CARTESIAN_POINT('',(1.67393743429035,-0.367324509365852,0.399744466780482));
#2139=CARTESIAN_POINT('',(1.6768814737818,-0.36711577891153,0.399744466780483));
#2140=CARTESIAN_POINT('',(1.68055838313417,-0.366844485160898,0.399744466780483));
#2141=CARTESIAN_POINT('',(1.68493563642809,-0.366504156151072,0.399744466780483));
#2142=CARTESIAN_POINT('',(1.68925688222317,-0.366151067239071,0.399744466780483));
#2143=CARTESIAN_POINT('',(1.69363601270894,-0.365775319414025,0.399744466780483));
#2144=CARTESIAN_POINT('',(1.69800319985896,-0.365382357980313,0.399744466780483));
#2145=CARTESIAN_POINT('',(1.70236250482763,-0.364972232618112,0.399744466780483));
#2146=CARTESIAN_POINT('',(1.70676751102383,-0.364539299302336,0.399744466780483));
#2147=CARTESIAN_POINT('',(1.71099982365764,-0.364106084453148,0.399744466780483));
#2148=CARTESIAN_POINT('',(1.71671208244039,-0.363498821220257,0.399744466780483));
#2149=CARTESIAN_POINT('',(1.72669809621998,-0.362377068223154,0.399744466780483));
#2150=CARTESIAN_POINT('',(1.73816583783706,-0.360952370405451,0.399744466780483));
#2151=CARTESIAN_POINT('',(1.74967114444221,-0.359386746273327,0.399744466780482));
#2152=CARTESIAN_POINT('',(1.75832337291191,-0.358141515058711,0.399744466780483));
#2153=CARTESIAN_POINT('',(1.76554658168356,-0.357045648478601,0.399744466780483));
#2154=CARTESIAN_POINT('',(1.770621054893,-0.35624613342161,0.399744466780482));
#2155=CARTESIAN_POINT('',(1.77350948919132,-0.355782716383158,0.399744466780483));
#2156=CARTESIAN_POINT('',(1.77571634483653,-0.355424286633321,0.399744466780482));
#2157=CARTESIAN_POINT('',(1.77777467554846,-0.355086080144474,0.399744466780483));
#2158=CARTESIAN_POINT('',(1.78057275266218,-0.354621268263975,0.399744466780482));
#2159=CARTESIAN_POINT('',(1.7854488774159,-0.353797611370095,0.399744466780483));
#2160=CARTESIAN_POINT('',(1.79243836226119,-0.352578376103111,0.399744466780483));
#2161=CARTESIAN_POINT('',(1.80083766334261,-0.351051354572765,0.399744466780483));
#2162=CARTESIAN_POINT('',(1.80925591568181,-0.349459245564913,0.399744466780483));
#2163=CARTESIAN_POINT('',(1.81769081979288,-0.347802449261378,0.399744466780483));
#2164=CARTESIAN_POINT('',(1.82614454162877,-0.34608051320241,0.399744466780483));
#2165=CARTESIAN_POINT('',(1.83319968765774,-0.344592458071391,0.399744466780483));
#2166=CARTESIAN_POINT('',(1.83815392820602,-0.343520668612767,0.399744466780483));
#2167=CARTESIAN_POINT('',(1.84097457140617,-0.342902904140598,0.399744466780483));
#2168=CARTESIAN_POINT('',(1.84312642516574,-0.342427668839772,0.399744466780483));
#2169=CARTESIAN_POINT('',(1.8451444926913,-0.341978426976238,0.399744466780483));
#2170=CARTESIAN_POINT('',(1.84788317892031,-0.341364155018308,0.399744466780482));
#2171=CARTESIAN_POINT('',(1.85265664655905,-0.340281069792239,0.399744466780483));
#2172=CARTESIAN_POINT('',(1.85949481034171,-0.338694334552758,0.399744466780483));
#2173=CARTESIAN_POINT('',(1.86770781758547,-0.336732183733903,0.399744466780483));
#2174=CARTESIAN_POINT('',(1.8786758171542,-0.334036884419662,0.399744466780483));
#2175=CARTESIAN_POINT('',(1.88966968410967,-0.331222809898908,0.399744466780483));
#2176=CARTESIAN_POINT('',(1.90068112766571,-0.328292258461467,0.399744466780483));
#2177=CARTESIAN_POINT('',(1.91173200322862,-0.325276480028722,0.399744466780483));
#2178=CARTESIAN_POINT('',(1.92540817220263,-0.321404678593336,0.399744466780482));
#2179=CARTESIAN_POINT('',(1.93889394769363,-0.31739825416297,0.399744466780482));
#2180=CARTESIAN_POINT('',(1.94956852266338,-0.314112437669874,0.399744466780483));
#2181=CARTESIAN_POINT('',(1.95752012862519,-0.311606803804208,0.399744466780482));
#2182=CARTESIAN_POINT('',(1.96409134916881,-0.309487698109165,0.399744466780483));
#2183=CARTESIAN_POINT('',(1.96933753831391,-0.307766276524746,0.399744466780482));
#2184=CARTESIAN_POINT('',(1.97320993829073,-0.306481248870967,0.399744466780483));
#2185=CARTESIAN_POINT('',(1.97725158316974,-0.305124456236697,0.399744466780483));
#2186=CARTESIAN_POINT('',(1.98256018944082,-0.303321107024585,0.399744466780483));
#2187=CARTESIAN_POINT('',(1.99183580372996,-0.300115182147307,0.399744466780483));
#2188=CARTESIAN_POINT('',(2.00494413520764,-0.295425908673385,0.399744466780482));
#2189=CARTESIAN_POINT('',(2.017893734244,-0.290580057802662,0.399744466780483));
#2190=CARTESIAN_POINT('',(2.02686206997604,-0.287110719210499,0.399744466780483));
#2191=CARTESIAN_POINT('',(2.03197275172619,-0.285100791745541,0.399744466780483));
#2192=CARTESIAN_POINT('',(2.03576208064676,-0.283594341363661,0.399744466780483));
#2193=CARTESIAN_POINT('',(2.03965753647318,-0.282028688239086,0.399744466780483));
#2194=CARTESIAN_POINT('',(2.04479567579671,-0.279940667938544,0.399744466780483));
#2195=CARTESIAN_POINT('',(2.05376751382054,-0.276235026845372,0.399744466780482));
#2196=CARTESIAN_POINT('',(2.0664620595404,-0.270819930839144,0.399744466780482));
#2197=CARTESIAN_POINT('',(2.07901432604105,-0.265234467277397,0.399744466780483));
#2198=CARTESIAN_POINT('',(2.08771659438217,-0.261239571605371,0.399744466780482));
#2199=CARTESIAN_POINT('',(2.09267565102047,-0.258927533870284,0.399744466780483));
#2200=CARTESIAN_POINT('',(2.09635959010254,-0.257192438854003,0.399744466780482));
#2201=CARTESIAN_POINT('',(2.10012481103675,-0.255400835207895,0.399744466780483));
#2202=CARTESIAN_POINT('',(2.10508915650291,-0.253014172438856,0.399744466780483));
#2203=CARTESIAN_POINT('',(2.11126447725577,-0.249999631931242,0.399744466780483));
#2204=CARTESIAN_POINT('',(2.11738365392362,-0.246950844065739,0.399744466780482));
#2205=CARTESIAN_POINT('',(2.12163349056879,-0.244800967894555,0.399744466780483));
#2206=CARTESIAN_POINT('',(2.12406243219121,-0.243562772623535,0.399744466780483));
#2207=CARTESIAN_POINT('',(2.12585536536242,-0.242644240047969,0.399744466780483));
#2208=CARTESIAN_POINT('',(2.12773850646677,-0.241674457469733,0.399744466780483));
#2209=CARTESIAN_POINT('',(2.13020525049597,-0.240397186917812,0.399744466780482));
#2210=CARTESIAN_POINT('',(2.13451178424935,-0.238149370596351,0.399744466780482));
#2211=CARTESIAN_POINT('',(2.1405794682483,-0.234930525081893,0.399744466780483));
#2212=CARTESIAN_POINT('',(2.14655415725875,-0.231691090280504,0.399744466780482));
#2213=CARTESIAN_POINT('',(2.15067547662399,-0.229419393831123,0.399744466780483));
#2214=CARTESIAN_POINT('',(2.15302774807049,-0.228111885456418,0.399744466780483));
#2215=CARTESIAN_POINT('',(2.15475008691712,-0.227149317740908,0.399744466780483));
#2216=CARTESIAN_POINT('',(2.15659621061613,-0.226111664518047,0.399744466780483));
#2217=CARTESIAN_POINT('',(2.15900197139391,-0.224751354076409,0.399744466780482));
#2218=CARTESIAN_POINT('',(2.16320739576859,-0.222352638595059,0.399744466780483));
#2219=CARTESIAN_POINT('',(2.16912839114604,-0.218915092019036,0.399744466780482));
#2220=CARTESIAN_POINT('',(2.17495769011194,-0.215449439865926,0.399744466780483));
#2221=CARTESIAN_POINT('',(2.17897818221763,-0.213015900189765,0.399744466780482));
#2222=CARTESIAN_POINT('',(2.18127172724575,-0.211614949479313,0.399744466780483));
#2223=CARTESIAN_POINT('',(2.1829535336098,-0.210581578894964,0.399744466780482));
#2224=CARTESIAN_POINT('',(2.18474593094027,-0.20947342082116,0.399744466780483));
#2225=CARTESIAN_POINT('',(2.18708453658088,-0.208018204552013,0.399744466780482));
#2226=CARTESIAN_POINT('',(2.19117009333387,-0.20545183664903,0.399744466780483));
#2227=CARTESIAN_POINT('',(2.19691997777345,-0.201770233763736,0.399744466780482));
#2228=CARTESIAN_POINT('',(2.20257787907041,-0.198053243498198,0.399744466780483));
#2229=CARTESIAN_POINT('',(2.20647593595137,-0.195442311051861,0.399744466780482));
#2230=CARTESIAN_POINT('',(2.20870254332726,-0.193936130224946,0.399744466780483));
#2231=CARTESIAN_POINT('',(2.21032513619118,-0.192831569778552,0.399744466780482));
#2232=CARTESIAN_POINT('',(2.21209242425204,-0.191620374512109,0.399744466780483));
#2233=CARTESIAN_POINT('',(2.2143852629651,-0.190037758659777,0.399744466780482));
#2234=CARTESIAN_POINT('',(2.21839530685997,-0.187241159924568,0.399744466780483));
#2235=CARTESIAN_POINT('',(2.22403326123315,-0.183225798541345,0.399744466780483));
#2236=CARTESIAN_POINT('',(2.230680008335,-0.178357125608648,0.399744466780483));
#2237=CARTESIAN_POINT('',(2.23720090065294,-0.173443016777255,0.399744466780483));
#2238=CARTESIAN_POINT('',(2.24359787526502,-0.168482145290785,0.399744466780483));
#2239=CARTESIAN_POINT('',(2.24882484629164,-0.16430953654899,0.399744466780483));
#2240=CARTESIAN_POINT('',(2.25294453323237,-0.160947976129115,0.399744466780483));
#2241=CARTESIAN_POINT('',(2.25600247214935,-0.158415826024359,0.399744466780483));
#2242=CARTESIAN_POINT('',(2.25852718486992,-0.156294008847018,0.399744466780483));
#2243=CARTESIAN_POINT('',(2.26027629565282,-0.154807606078487,0.399744466780483));
#2244=CARTESIAN_POINT('',(2.26127906300116,-0.153950612917493,0.399744466780482));
#2245=CARTESIAN_POINT('',(2.2620090211626,-0.153324518469598,0.399744466780483));
#2246=CARTESIAN_POINT('',(2.2628141526279,-0.152631277006715,0.399744466780483));
#2247=CARTESIAN_POINT('',(2.26385797683793,-0.151728826314032,0.399744466780483));
#2248=CARTESIAN_POINT('',(2.26569001515313,-0.150135548974732,0.399744466780482));
#2249=CARTESIAN_POINT('',(2.26828006302443,-0.147855848850423,0.399744466780483));
#2250=CARTESIAN_POINT('',(2.27135798966224,-0.145103053070865,0.399744466780483));
#2251=CARTESIAN_POINT('',(2.27541698860292,-0.141413840126425,0.399744466780483));
#2252=CARTESIAN_POINT('',(2.28040873807569,-0.136765152625392,0.399744466780483));
#2253=CARTESIAN_POINT('',(2.28626686782775,-0.131127938199004,0.399744466780483));
#2254=CARTESIAN_POINT('',(2.2919935138929,-0.125431436091298,0.399744466780483));
#2255=CARTESIAN_POINT('',(2.29758750344809,-0.119676954639335,0.399744466780483));
#2256=CARTESIAN_POINT('',(2.30214211878898,-0.114829291399085,0.399744466780483));
#2257=CARTESIAN_POINT('',(2.30526730587455,-0.111416203578689,0.399744466780483));
#2258=CARTESIAN_POINT('',(2.30704508452297,-0.109448998188959,0.399744466780483));
#2259=CARTESIAN_POINT('',(2.30834644352977,-0.107996657971753,0.399744466780483));
#2260=CARTESIAN_POINT('',(2.30973031367172,-0.106438377231942,0.399744466780483));
#2261=CARTESIAN_POINT('',(2.3115321701722,-0.104390418660201,0.399744466780482));
#2262=CARTESIAN_POINT('',(2.31467001586303,-0.100774977933372,0.399744466780483));
#2263=CARTESIAN_POINT('',(2.31905856238828,-0.0955758889910332,0.399744466780482));
#2264=CARTESIAN_POINT('',(2.32419004824877,-0.0892646811693124,0.399744466780483));
#2265=CARTESIAN_POINT('',(2.33084644366497,-0.0807600430504921,0.399744466780482));
#2266=CARTESIAN_POINT('',(2.33722826648929,-0.0721158674119988,0.399744466780483));
#2267=CARTESIAN_POINT('',(2.34256708748522,-0.064437723430999,0.399744466780482));
#2268=CARTESIAN_POINT('',(2.34555398821367,-0.0600078857354211,0.399744466780483));
#2269=CARTESIAN_POINT('',(2.34774499937061,-0.056691017180011,0.399744466780482));
#2270=CARTESIAN_POINT('',(2.34995739178355,-0.0532704849540716,0.399744466780483));
#2271=CARTESIAN_POINT('',(2.35284113813814,-0.0487146546746432,0.399744466780483));
#2272=CARTESIAN_POINT('',(2.35777479988487,-0.0406630428993083,0.399744466780482));
#2273=CARTESIAN_POINT('',(2.36446943088562,-0.0289820215126485,0.399744466780483));
#2274=CARTESIAN_POINT('',(2.37194716856397,-0.0146641576001227,0.399744466780483));
#2275=CARTESIAN_POINT('',(2.37656001484754,-0.00492116005416516,0.399744466780483));
#2276=CARTESIAN_POINT('',(2.37877350709885,0.,0.399744466780483));
#2277=CARTESIAN_POINT('',(2.37877350709885,0.,0.399744466780483));
#2278=CARTESIAN_POINT('',(2.23715522534647,0.,0.254605759486385));
#2279=CARTESIAN_POINT('',(2.28436131926393,0.,0.302985328584418));
#2280=CARTESIAN_POINT('',(2.3315674131814,0.,0.35136489768245));
#2281=CARTESIAN_POINT('',(2.37877350709885,0.,0.399744466780483));
#2282=CARTESIAN_POINT('',(-0.00882783787804987,0.312327413936536,0.101092982134112));
#2283=CARTESIAN_POINT('',(0.0625282444058342,0.312327413936536,0.101092982134112));
#2284=CARTESIAN_POINT('',(0.205240660149511,0.312327413936536,0.101092982134112));
#2285=CARTESIAN_POINT('',(0.419222268793305,0.312327413936536,0.101092982134112));
#2286=CARTESIAN_POINT('',(0.633029450956554,0.312327413936536,0.101092982134112));
#2287=CARTESIAN_POINT('',(0.77539362746917,0.312327413936536,0.101092982134112));
#2288=CARTESIAN_POINT('',(0.861779612948198,0.312327413936536,0.101092982134112));
#2289=CARTESIAN_POINT('',(0.884669458735441,0.312347960755099,0.101199996775333));
#2290=CARTESIAN_POINT('',(0.915185290048651,0.312400789657619,0.101570514470958));
#2291=CARTESIAN_POINT('',(0.9380691148283,0.312449109466066,0.101965575639732));
#2292=CARTESIAN_POINT('',(0.960949294714387,0.312502108956009,0.102481066831706));
#2293=CARTESIAN_POINT('',(0.983825074260412,0.312555767582252,0.103120116757467));
#2294=CARTESIAN_POINT('',(1.00669577186914,0.31260591613228,0.103885588546784));
#2295=CARTESIAN_POINT('',(1.02956055772279,0.312648699399913,0.104780646948382));
#2296=CARTESIAN_POINT('',(1.05241865242311,0.31267960320257,0.105807380834028));
#2297=CARTESIAN_POINT('',(1.07526908524475,0.31269562687487,0.106969870155648));
#2298=CARTESIAN_POINT('',(1.09811149686447,0.312685542516503,0.108260264308143));
#2299=CARTESIAN_POINT('',(1.12094585028943,0.312635445792169,0.109666964282552));
#2300=CARTESIAN_POINT('',(1.14377213322162,0.312532498042987,0.111179777069962));
#2301=CARTESIAN_POINT('',(1.1665904096907,0.312363315043532,0.112787974540002));
#2302=CARTESIAN_POINT('',(1.18940076350192,0.312114934105974,0.11448101506426));
#2303=CARTESIAN_POINT('',(1.2122032226609,0.311773996771944,0.11624861183496));
#2304=CARTESIAN_POINT('',(1.23499783342514,0.311327735574702,0.118079823911886));
#2305=CARTESIAN_POINT('',(1.257784391022,0.310762374459295,0.119965176184862));
#2306=CARTESIAN_POINT('',(1.28056288679349,0.310066191342495,0.121892101449719));
#2307=CARTESIAN_POINT('',(1.30333206107425,0.309220844574926,0.123858244068748));
#2308=CARTESIAN_POINT('',(1.32608899131368,0.308200733307593,0.12587245768116));
#2309=CARTESIAN_POINT('',(1.34883045713272,0.306982108058618,0.127940516826219));
#2310=CARTESIAN_POINT('',(1.3715524247758,0.305540408321037,0.13006944955248));
#2311=CARTESIAN_POINT('',(1.39425011696734,0.303851249955143,0.132265693429491));
#2312=CARTESIAN_POINT('',(1.41691790712527,0.301890372154153,0.134535789795754));
#2313=CARTESIAN_POINT('',(1.439549142768,0.299633073574073,0.136886288647772));
#2314=CARTESIAN_POINT('',(1.45837177731806,0.297485395005048,0.138917068540919));
#2315=CARTESIAN_POINT('',(1.47340336475892,0.29559455108021,0.140588316153756));
#2316=CARTESIAN_POINT('',(1.4884157347573,0.293585340716573,0.142291341227241));
#2317=CARTESIAN_POINT('',(1.50714228207148,0.290845829981768,0.144481008409523));
#2318=CARTESIAN_POINT('',(1.52954925018119,0.287209913593644,0.147194867231505));
#2319=CARTESIAN_POINT('',(1.55188876944465,0.283237524871394,0.149985736876743));
#2320=CARTESIAN_POINT('',(1.57415923095151,0.278942533381958,0.152843607964826));
#2321=CARTESIAN_POINT('',(1.59635945350859,0.274337617848808,0.155759053552432));
#2322=CARTESIAN_POINT('',(1.61848897703355,0.26943602105837,0.158722377470698));
#2323=CARTESIAN_POINT('',(1.64054767298737,0.264250125039068,0.161724368525445));
#2324=CARTESIAN_POINT('',(1.66253619934003,0.258793018440565,0.164755328290429));
#2325=CARTESIAN_POINT('',(1.68445509259094,0.253076018306188,0.167806667108279));
#2326=CARTESIAN_POINT('',(1.70630647367136,0.247113420325771,0.170867724198512));
#2327=CARTESIAN_POINT('',(1.7280881509705,0.240906728549631,0.173936340988037));
#2328=CARTESIAN_POINT('',(1.74979478465005,0.234449400157855,0.177015762672978));
#2329=CARTESIAN_POINT('',(1.77142182392022,0.227737613438146,0.180107396744197));
#2330=CARTESIAN_POINT('',(1.79296402434525,0.220766278848656,0.183213525991852));
#2331=CARTESIAN_POINT('',(1.81441620582001,0.213531081740428,0.18633589821162));
#2332=CARTESIAN_POINT('',(1.83577280759327,0.206027366294359,0.189476568254662));
#2333=CARTESIAN_POINT('',(1.85702820208124,0.198250871963382,0.192637255671182));
#2334=CARTESIAN_POINT('',(1.87817637861326,0.190197144846379,0.195820042466746));
#2335=CARTESIAN_POINT('',(1.89921140140253,0.181862309049215,0.19902630358361));
#2336=CARTESIAN_POINT('',(1.92012653447734,0.173241732206033,0.202258781118325));
#2337=CARTESIAN_POINT('',(1.94091802847442,0.164335868219621,0.205512944178988));
#2338=CARTESIAN_POINT('',(1.95813912941228,0.156678554639842,0.208237153448064));
#2339=CARTESIAN_POINT('',(1.971851380651,0.150411888011523,0.210420848349252));
#2340=CARTESIAN_POINT('',(1.98210293406877,0.145641776831214,0.212060032458408));
#2341=CARTESIAN_POINT('',(1.99232153223289,0.140801851098081,0.21369987869019));
#2342=CARTESIAN_POINT('',(2.00250675803118,0.135892164025169,0.215339485978245));
#2343=CARTESIAN_POINT('',(2.01265819435146,0.130912768820817,0.216977953260921));
#2344=CARTESIAN_POINT('',(2.02277576046416,0.125864602486055,0.218615082133281));
#2345=CARTESIAN_POINT('',(2.03285937563971,0.120748602012508,0.220250674195094));
#2346=CARTESIAN_POINT('',(2.04290919806403,0.115566251505591,0.221885003732199));
#2347=CARTESIAN_POINT('',(2.0529253859372,0.110319035080127,0.223518345049251));
#2348=CARTESIAN_POINT('',(2.06290809548873,0.105008235530217,0.225150832925975));
#2349=CARTESIAN_POINT('',(2.0728574829623,0.0996351356405589,0.226782602160908));
#2350=CARTESIAN_POINT('',(2.08277374689451,0.0942010832789511,0.228413850683996));
#2351=CARTESIAN_POINT('',(2.09265708582669,0.088707426303787,0.230044776429887));
#2352=CARTESIAN_POINT('',(2.10250776288945,0.0831554499546647,0.23167557089029));
#2353=CARTESIAN_POINT('',(2.11232604121812,0.0775464394899932,0.233306425556912));
#2354=CARTESIAN_POINT('',(2.12211218394802,0.0718816801446684,0.234937531912056));
#2355=CARTESIAN_POINT('',(2.13186645420506,0.0661624571676938,0.236569081452133));
#2356=CARTESIAN_POINT('',(2.13996872811953,0.0613520861184542,0.237929247050889));
#2357=CARTESIAN_POINT('',(2.14643494192785,0.0574777988127743,0.239017807118208));
#2358=CARTESIAN_POINT('',(2.15127684098778,0.0545592432649475,0.239834466713219));
#2359=CARTESIAN_POINT('',(2.15611102010734,0.0516280028234774,0.240651391597468));
#2360=CARTESIAN_POINT('',(2.16093752065769,0.0486842326503539,0.24146860752861));
#2361=CARTESIAN_POINT('',(2.16575638400066,0.0457280879122708,0.242286140245485));
#2362=CARTESIAN_POINT('',(2.17056765874516,0.0427597173753071,0.243104016784927));
#2363=CARTESIAN_POINT('',(2.17537139350482,0.0397792697914332,0.243922264164958));
#2364=CARTESIAN_POINT('',(2.18016763688389,0.0367868939220252,0.24474090941301));
#2365=CARTESIAN_POINT('',(2.18495643750536,0.0337827385190534,0.245559979561212));
#2366=CARTESIAN_POINT('',(2.18894094289155,0.031269583370736,0.246242914619661));
#2367=CARTESIAN_POINT('',(2.19212487442829,0.0292533182462061,0.246789502140632));
#2368=CARTESIAN_POINT('',(2.19451099277438,0.0277382674917506,0.247199565897954));
#2369=CARTESIAN_POINT('',(2.19689528688425,0.0262203834237605,0.24760975614383));
#2370=CARTESIAN_POINT('',(2.19927776283871,0.0246996846374082,0.248020076269035));
#2371=CARTESIAN_POINT('',(2.20165842671387,0.0231761897231623,0.248430529640829));
#2372=CARTESIAN_POINT('',(2.20403728523487,0.0216499166083868,0.248841119800475));
#2373=CARTESIAN_POINT('',(2.20641434512679,0.0201208832157422,0.249251850293944));
#2374=CARTESIAN_POINT('',(2.20878961312417,0.0185891074584835,0.249662724662501));
#2375=CARTESIAN_POINT('',(2.2111630959427,0.0170546072733804,0.250073746438006));
#2376=CARTESIAN_POINT('',(2.2143253684448,0.015004998334186,0.250621976748838));
#2377=CARTESIAN_POINT('',(2.21748409750377,0.0129500122158367,0.251170516043331));
#2378=CARTESIAN_POINT('',(2.22063931003418,0.0108897206042724,0.251719378491251));
#2379=CARTESIAN_POINT('',(2.22300396789164,0.00934186707282821,0.252131190439292));
#2380=CARTESIAN_POINT('',(2.22536688093976,0.00779139664009811,0.252543171046578));
#2381=CARTESIAN_POINT('',(2.22772805589893,0.0062383272240399,0.252955323844968));
#2382=CARTESIAN_POINT('',(2.23008749949897,0.00468267675672011,0.253367652385134));
#2383=CARTESIAN_POINT('',(2.23244521846971,0.00312446315139369,0.25378016020364));
#2384=CARTESIAN_POINT('',(2.23480121953625,0.00156370433542425,0.254192850841751));
#2385=CARTESIAN_POINT('',(2.23637074612632,0.000521513596321249,0.254468102169702));
#2386=CARTESIAN_POINT('',(2.23715522534647,0.,0.254605759486385));
#2387=CARTESIAN_POINT('',(-0.0088278379532959,0.326382628367224,0.10109298301355));
#2388=CARTESIAN_POINT('',(0.0623735845790363,0.326382628367224,0.10109298301355));
#2389=CARTESIAN_POINT('',(0.204776428270461,0.326382628367224,0.10109298301355));
#2390=CARTESIAN_POINT('',(0.41846748304832,0.326382628367224,0.10109298301355));
#2391=CARTESIAN_POINT('',(0.63233247356631,0.326382628367224,0.10109298301355));
#2392=CARTESIAN_POINT('',(0.775083443676204,0.326382628367224,0.10109298301355));
#2393=CARTESIAN_POINT('',(0.86184617269692,0.326382628367224,0.10109298301355));
#2394=CARTESIAN_POINT('',(0.884843156463012,0.326405738441367,0.101201123866614));
#2395=CARTESIAN_POINT('',(0.91550438958701,0.32646901539447,0.101575395797671));
#2396=CARTESIAN_POINT('',(0.938500026355334,0.326529201730284,0.10197447805247));
#2397=CARTESIAN_POINT('',(0.961494373580929,0.326598563057533,0.102495184898617));
#2398=CARTESIAN_POINT('',(0.98448685818072,0.326673614324008,0.103140764669055));
#2399=CARTESIAN_POINT('',(1.00747660148345,0.326750643013491,0.103914148553574));
#2400=CARTESIAN_POINT('',(1.03046279967824,0.326826346023345,0.104818603005299));
#2401=CARTESIAN_POINT('',(1.05344457539183,0.326896592257866,0.105856406040968));
#2402=CARTESIAN_POINT('',(1.07642092953112,0.32695910931555,0.107031672169241));
#2403=CARTESIAN_POINT('',(1.099391514958,0.326999729791612,0.108335832731089));
#2404=CARTESIAN_POINT('',(1.12235630219486,0.327001345539935,0.109757284259223));
#2405=CARTESIAN_POINT('',(1.14531527357299,0.326948018085523,0.111285581778739));
#2406=CARTESIAN_POINT('',(1.16826846764656,0.326823229121679,0.112909855720269));
#2407=CARTESIAN_POINT('',(1.19121590644384,0.32661083479881,0.114619336144873));
#2408=CARTESIAN_POINT('',(1.21415751138449,0.326294409602666,0.11640355580953));
#2409=CARTESIAN_POINT('',(1.23709316020783,0.325857857304975,0.118251304614319));
#2410=CARTESIAN_POINT('',(1.2600224126353,0.325284568109291,0.120152946911683));
#2411=CARTESIAN_POINT('',(1.28294493706712,0.324558952912578,0.122095433024696));
#2412=CARTESIAN_POINT('',(1.30585891827777,0.323661711830944,0.124078468130054));
#2413=CARTESIAN_POINT('',(1.32876115935554,0.32257083112472,0.126110948399779));
#2414=CARTESIAN_POINT('',(1.35164813558418,0.321265078422986,0.12819891698731));
#2415=CARTESIAN_POINT('',(1.3745155432113,0.319722819498767,0.130349628379981));
#2416=CARTESIAN_POINT('',(1.39735840863974,0.317922634613858,0.132569671697521));
#2417=CARTESIAN_POINT('',(1.42017092601851,0.315843004291457,0.134865895625494));
#2418=CARTESIAN_POINT('',(1.44294646446162,0.313462697035382,0.137244829147952));
#2419=CARTESIAN_POINT('',(1.46188893759648,0.311210776288158,0.139301718708366));
#2420=CARTESIAN_POINT('',(1.47701640382294,0.309238063276254,0.140994938068893));
#2421=CARTESIAN_POINT('',(1.49212449271855,0.307147127992218,0.142721344069262));
#2422=CARTESIAN_POINT('',(1.5109715888882,0.304312394645298,0.144939985873295));
#2423=CARTESIAN_POINT('',(1.53352457948958,0.30057007676753,0.147688747466333));
#2424=CARTESIAN_POINT('',(1.55601178623214,0.296499029149779,0.150513892509552));
#2425=CARTESIAN_POINT('',(1.57843160064291,0.29211140713714,0.153405299933937));
#2426=CARTESIAN_POINT('',(1.6007828879555,0.287418920801697,0.15635309270271));
#2427=CARTESIAN_POINT('',(1.62306506849342,0.282433288135177,0.159347349666115));
#2428=CARTESIAN_POINT('',(1.6452779078277,0.277165706915968,0.16237844202869));
#2429=CARTESIAN_POINT('',(1.66742176443036,0.271627610536546,0.165436474741642));
#2430=CARTESIAN_POINT('',(1.68949701919204,0.265829294989407,0.168512275202596));
#2431=CARTESIAN_POINT('',(1.71150518201814,0.259782804170885,0.171595247051067));
#2432=CARTESIAN_POINT('',(1.73344199310463,0.253484240765249,0.174686388481908));
#2433=CARTESIAN_POINT('',(1.75530185391269,0.246926968210156,0.177788806036349));
#2434=CARTESIAN_POINT('',(1.7770793998998,0.24010565794949,0.180904740413806));
#2435=CARTESIAN_POINT('',(1.79876884904441,0.233014639589175,0.184036800478349));
#2436=CARTESIAN_POINT('',(1.82036432798573,0.22564874154099,0.18718734916185));
#2437=CARTESIAN_POINT('',(1.84185973873007,0.218002948215811,0.190358781201726));
#2438=CARTESIAN_POINT('',(1.86324879452444,0.21007250175153,0.193553439693115));
#2439=CARTESIAN_POINT('',(1.88452511538599,0.201853113073435,0.196773513599096));
#2440=CARTESIAN_POINT('',(1.90568200942306,0.193340441224676,0.200021357574475));
#2441=CARTESIAN_POINT('',(1.92671307451638,0.184531471299566,0.203298650414331));
#2442=CARTESIAN_POINT('',(1.94762065363881,0.175439251653528,0.206594411857703));
#2443=CARTESIAN_POINT('',(1.96494205186014,0.167634773084176,0.209347766199571));
#2444=CARTESIAN_POINT('',(1.97873892888021,0.161259010269952,0.211549294293985));
#2445=CARTESIAN_POINT('',(1.98905655144736,0.156411907576395,0.213198581615337));
#2446=CARTESIAN_POINT('',(1.99934427997108,0.151500430269051,0.21484461338013));
#2447=CARTESIAN_POINT('',(2.00960211658647,0.146525172636262,0.216486112903295));
#2448=CARTESIAN_POINT('',(2.01983022241408,0.141486936156279,0.218121485147976));
#2449=CARTESIAN_POINT('',(2.03002625861956,0.136382625918084,0.219752702956581));
#2450=CARTESIAN_POINT('',(2.04018780278437,0.131209282053749,0.221382119507211));
#2451=CARTESIAN_POINT('',(2.0503127000601,0.125964572943152,0.223011954129418));
#2452=CARTESIAN_POINT('',(2.06039895357263,0.120646630034866,0.224644485799324));
#2453=CARTESIAN_POINT('',(2.07044486498646,0.115254214342082,0.226281849575642));
#2454=CARTESIAN_POINT('',(2.08044894835732,0.109786575972394,0.227926176745376));
#2455=CARTESIAN_POINT('',(2.0904101136573,0.104243651484006,0.229579309490928));
#2456=CARTESIAN_POINT('',(2.10032738929573,0.0986256764910093,0.231243218698306));
#2457=CARTESIAN_POINT('',(2.11020045470106,0.0929338103040885,0.232919164728896));
#2458=CARTESIAN_POINT('',(2.12002857039304,0.0871687591306305,0.234609325776188));
#2459=CARTESIAN_POINT('',(2.1298133838174,0.0813342253286406,0.236312407124288));
#2460=CARTESIAN_POINT('',(2.13955927398663,0.0754367808147245,0.238022089796079));
#2461=CARTESIAN_POINT('',(2.14765058904763,0.0704730363210839,0.23944855610444));
#2462=CARTESIAN_POINT('',(2.15410672924836,0.0664741724193357,0.240588120443011));
#2463=CARTESIAN_POINT('',(2.15894053861368,0.063461272422741,0.241441436201178));
#2464=CARTESIAN_POINT('',(2.16376630075135,0.0604349058298466,0.242292673988845));
#2465=CARTESIAN_POINT('',(2.16858414308112,0.0573951748717725,0.243141192230254));
#2466=CARTESIAN_POINT('',(2.1733942113733,0.054342186680036,0.243986246008643));
#2467=CARTESIAN_POINT('',(2.1781965881869,0.0512759423457043,0.244827073575661));
#2468=CARTESIAN_POINT('',(2.18299133864735,0.0481963956677228,0.245662828794546));
#2469=CARTESIAN_POINT('',(2.18777847651056,0.0451034074879883,0.246492592502276));
#2470=CARTESIAN_POINT('',(2.19255798917282,0.0419967711103942,0.24731533594471));
#2471=CARTESIAN_POINT('',(2.19653449267179,0.0393962605468057,0.247994140989117));
#2472=CARTESIAN_POINT('',(2.19971179935165,0.037308672200915,0.24853243403814));
#2473=CARTESIAN_POINT('',(2.20209277498988,0.035739287261474,0.248933585817074));
#2474=CARTESIAN_POINT('',(2.20447180454036,0.03416622434844,0.249331980647774));
#2475=CARTESIAN_POINT('',(2.20684869065161,0.0325892213893409,0.249727382784469));
#2476=CARTESIAN_POINT('',(2.20922371443333,0.0310085212406973,0.250119589646069));
#2477=CARTESIAN_POINT('',(2.21159621620371,0.029423351111803,0.250508277091544));
#2478=CARTESIAN_POINT('',(2.21396749399884,0.0278351064588602,0.250893300799032));
#2479=CARTESIAN_POINT('',(2.21633327899462,0.026238220717894,0.25127392078509));
#2480=CARTESIAN_POINT('',(2.21867863115544,0.0246088875445529,0.251648378569107));
#2481=CARTESIAN_POINT('',(2.22175613045513,0.0223658814657611,0.252136658764888));
#2482=CARTESIAN_POINT('',(2.224724183943,0.0199689153622411,0.252604161414302));
#2483=CARTESIAN_POINT('',(2.2274881906378,0.0173362297474545,0.253038861996862));
#2484=CARTESIAN_POINT('',(2.22943061903712,0.0152302448884358,0.25334478746722));
#2485=CARTESIAN_POINT('',(2.23121556077666,0.0129851998636112,0.253627125192311));
#2486=CARTESIAN_POINT('',(2.23281807311852,0.0106033463253959,0.253882640571591));
#2487=CARTESIAN_POINT('',(2.23422049961765,0.00809547138763139,0.254109090154463));
#2488=CARTESIAN_POINT('',(2.23541401743868,0.00547945748265607,0.254305439157695));
#2489=CARTESIAN_POINT('',(2.23639958002391,0.00277647980382095,0.254471993616246));
#2490=CARTESIAN_POINT('',(2.23692389049588,0.000930685039341074,0.254564092813213));
#2491=CARTESIAN_POINT('',(2.23715522534647,0.,0.254605759486385));
#2492=CARTESIAN_POINT('',(-0.0088278379532959,0.326552364810543,0.101092983022955));
#2493=CARTESIAN_POINT('',(0.0623717168459099,0.326552364810543,0.101092983022955));
#2494=CARTESIAN_POINT('',(0.204770822018915,0.326552364810543,0.101092983022955));
#2495=CARTESIAN_POINT('',(0.418458367948012,0.326552364810543,0.101092983022955));
#2496=CARTESIAN_POINT('',(0.632324056589143,0.326552364810543,0.101092983022955));
#2497=CARTESIAN_POINT('',(0.775079697774269,0.326552364810543,0.101092983022955));
#2498=CARTESIAN_POINT('',(0.861846976498392,0.326552364810543,0.101092983022955));
#2499=CARTESIAN_POINT('',(0.884845254105641,0.326575505839015,0.101201137476737));
#2500=CARTESIAN_POINT('',(0.915508243161293,0.326638908965581,0.101575454748222));
#2501=CARTESIAN_POINT('',(0.938505230214694,0.326699238607434,0.10197458556492));
#2502=CARTESIAN_POINT('',(0.961500956173063,0.326768797526022,0.102495355391984));
#2503=CARTESIAN_POINT('',(0.98449485014957,0.326844107135588,0.10314101402495));
#2504=CARTESIAN_POINT('',(1.007486031098,0.326921460445796,0.103914493453099));
#2505=CARTESIAN_POINT('',(1.03047369551788,0.326997561003874,0.104819061375819));
#2506=CARTESIAN_POINT('',(1.0534569648555,0.327068282355856,0.105856998090741));
#2507=CARTESIAN_POINT('',(1.07643483966507,0.327131360885212,0.107032418515675));
#2508=CARTESIAN_POINT('',(1.09940697297307,0.327172593694552,0.108336745328896));
#2509=CARTESIAN_POINT('',(1.12237333538184,0.327174833942492,0.109758375001976));
#2510=CARTESIAN_POINT('',(1.14533390915682,0.327122105723847,0.11128685951725));
#2511=CARTESIAN_POINT('',(1.16828873255121,0.326997852878471,0.112911327607613));
#2512=CARTESIAN_POINT('',(1.19123782684083,0.326785893143678,0.114621006564131));
#2513=CARTESIAN_POINT('',(1.21418111216143,0.326469763970068,0.116405426975757));
#2514=CARTESIAN_POINT('',(1.23711846422069,0.32603332891978,0.118253375483474));
#2515=CARTESIAN_POINT('',(1.26004943989013,0.325459943978242,0.120155214506849));
#2516=CARTESIAN_POINT('',(1.28297370366656,0.324733973347561,0.122097888537383));
#2517=CARTESIAN_POINT('',(1.30588943362286,0.323836105570067,0.1240811276441));
#2518=CARTESIAN_POINT('',(1.32879342953652,0.322744370224281,0.126113828511634));
#2519=CARTESIAN_POINT('',(1.35168216300421,0.321437565333974,0.128202037529001));
#2520=CARTESIAN_POINT('',(1.37455132702386,0.319894092018984,0.13035301193472));
#2521=CARTESIAN_POINT('',(1.39739594562337,0.318092566329996,0.132573342659126));
#2522=CARTESIAN_POINT('',(1.42021021078841,0.31601150190786,0.134869882112461));
#2523=CARTESIAN_POINT('',(1.44298749189166,0.313629709149615,0.137249159024821));
#2524=CARTESIAN_POINT('',(1.46193141224258,0.311376529531818,0.139306363898968));
#2525=CARTESIAN_POINT('',(1.47706003634064,0.309402827834277,0.140999848595763));
#2526=CARTESIAN_POINT('',(1.49216928117497,0.307310905609371,0.142726536956812));
#2527=CARTESIAN_POINT('',(1.51101783314342,0.304475022315191,0.144945528668935));
#2528=CARTESIAN_POINT('',(1.53357258717285,0.300731419489403,0.147694711761944));
#2529=CARTESIAN_POINT('',(1.55606157744824,0.296659180430918,0.150520270728801));
#2530=CARTESIAN_POINT('',(1.57848319550604,0.292270439773363,0.153412083155469));
#2531=CARTESIAN_POINT('',(1.60083630713481,0.287576895897473,0.156360266559237));
#2532=CARTESIAN_POINT('',(1.62312033122367,0.282590248378512,0.159354897086197));
#2533=CARTESIAN_POINT('',(1.64533503205035,0.277321680693422,0.162386340885296));
#2534=CARTESIAN_POINT('',(1.66748076448449,0.27178260625216,0.165444700542193));
#2535=CARTESIAN_POINT('',(1.68955790753087,0.265983308706872,0.168520796409606));
#2536=CARTESIAN_POINT('',(1.71156796371607,0.259935804761865,0.171604032912427));
#2537=CARTESIAN_POINT('',(1.73350664826379,0.253636131877218,0.174695446357621));
#2538=CARTESIAN_POINT('',(1.7553683595031,0.247077652357197,0.177798141616894));
#2539=CARTESIAN_POINT('',(1.77714772306716,0.240255019445553,0.180914369458521));
#2540=CARTESIAN_POINT('',(1.79883895044916,0.233162555736224,0.184046742673475));
#2541=CARTESIAN_POINT('',(1.82043615991249,0.225795079289958,0.18719763162887));
#2542=CARTESIAN_POINT('',(1.8419332469641,0.218147570172172,0.190369435163037));
#2543=CARTESIAN_POINT('',(1.86332391690781,0.210215264524594,0.193564503900416));
#2544=CARTESIAN_POINT('',(1.88460178529306,0.20199387525242,0.196785028102078));
#2545=CARTESIAN_POINT('',(1.9057601510952,0.193479055783567,0.200033374250564));
#2546=CARTESIAN_POINT('',(1.92679261623003,0.184667810743395,0.203311208297401));
#2547=CARTESIAN_POINT('',(1.94770159724689,0.175573340592443,0.206607472097292));
#2548=CARTESIAN_POINT('',(1.96502420669865,0.167767084796814,0.209361178407109));
#2549=CARTESIAN_POINT('',(1.97882210569132,0.16139000449537,0.21156292186503));
#2550=CARTESIAN_POINT('',(1.98914052613902,0.156541972019698,0.213212331193097));
#2551=CARTESIAN_POINT('',(1.9994290895079,0.151629630629418,0.214858437658373));
#2552=CARTESIAN_POINT('',(2.00968780300275,0.146653581140463,0.216499960032813));
#2553=CARTESIAN_POINT('',(2.0199168347185,0.14161463406531,0.218135294899035));
#2554=CARTESIAN_POINT('',(2.03011381855821,0.136509645813471,0.219766441327386));
#2555=CARTESIAN_POINT('',(2.04027630382496,0.131335609450632,0.221395783299809));
#2556=CARTESIAN_POINT('',(2.05040210773525,0.126090147268489,0.223025563641419));
#2557=CARTESIAN_POINT('',(2.06048920739395,0.120771350242662,0.224658085529343));
#2558=CARTESIAN_POINT('',(2.07053588205634,0.115377948916405,0.226295508190372));
#2559=CARTESIAN_POINT('',(2.08054062595556,0.109909168862412,0.227939987013751));
#2560=CARTESIAN_POINT('',(2.09050233350185,0.104364929590958,0.229593384042127));
#2561=CARTESIAN_POINT('',(2.10042001897712,0.0987454532800191,0.231257691569001));
#2562=CARTESIAN_POINT('',(2.11029335475079,0.0930518977306558,0.232934182869854));
#2563=CARTESIAN_POINT('',(2.12012158924213,0.0872849621429698,0.234625060122848));
#2564=CARTESIAN_POINT('',(2.12990638661556,0.0814483780798271,0.236329010675317));
#2565=CARTESIAN_POINT('',(2.13965217558361,0.0755487812899701,0.238039636908649));
#2566=CARTESIAN_POINT('',(2.14774335830097,0.0705831845968028,0.239466903895772));
#2567=CARTESIAN_POINT('',(2.15419937684771,0.0665828162591054,0.240607084179429));
#2568=CARTESIAN_POINT('',(2.15903308852018,0.0635687769155344,0.241460842614618));
#2569=CARTESIAN_POINT('',(2.16385874900989,0.060541261546397,0.2423124947774));
#2570=CARTESIAN_POINT('',(2.1686764867759,0.0575003717244109,0.243161391035987));
#2571=CARTESIAN_POINT('',(2.17348644885834,0.0544462140120451,0.244006777171333));
#2572=CARTESIAN_POINT('',(2.17828871821592,0.0513787877179768,0.244847881907055));
#2573=CARTESIAN_POINT('',(2.18308336018102,0.048298044275605,0.24568384855314));
#2574=CARTESIAN_POINT('',(2.18787038808159,0.0452038410608066,0.246513746532685));
#2575=CARTESIAN_POINT('',(2.19264978858024,0.042095967079046,0.247336534337349));
#2576=CARTESIAN_POINT('',(2.19662619543982,0.039494401575701,0.248015289507755));
#2577=CARTESIAN_POINT('',(2.19980342211905,0.0374059519027593,0.248553482385518));
#2578=CARTESIAN_POINT('',(2.2021843356511,0.0358359108086419,0.248954526543835));
#2579=CARTESIAN_POINT('',(2.2045633016281,0.0342621815309876,0.249352778924418));
#2580=CARTESIAN_POINT('',(2.20694012022956,0.0326844986206591,0.24974800090804));
#2581=CARTESIAN_POINT('',(2.20931507589954,0.0311031076383309,0.250139987416382));
#2582=CARTESIAN_POINT('',(2.21168750090016,0.0295172262417556,0.250528410357997));
#2583=CARTESIAN_POINT('',(2.21405870887169,0.0279282665306133,0.250913123619229));
#2584=CARTESIAN_POINT('',(2.21642437934773,0.0263305944922809,0.251293378238845));
#2585=CARTESIAN_POINT('',(2.2187693917916,0.0247001160792598,0.25166739446042));
#2586=CARTESIAN_POINT('',(2.2218458673316,0.0224547744581493,0.252154950676647));
#2587=CARTESIAN_POINT('',(2.22481161815026,0.0200536784675653,0.252621474690469));
#2588=CARTESIAN_POINT('',(2.22757090048623,0.01741408039151,0.253054796615501));
#2589=CARTESIAN_POINT('',(2.22950822986741,0.0153013553140595,0.25335944335504));
#2590=CARTESIAN_POINT('',(2.23128619179109,0.0130479223288137,0.253640215459764));
#2591=CARTESIAN_POINT('',(2.23287954222022,0.0106560600591822,0.253893839224714));
#2592=CARTESIAN_POINT('',(2.23427041139668,0.00813668567234197,0.254118044058991));
#2593=CARTESIAN_POINT('',(2.23544986985681,0.00550789734507113,0.254311782636798));
#2594=CARTESIAN_POINT('',(2.23641888247087,0.00279112577327539,0.254475364656632));
#2595=CARTESIAN_POINT('',(2.23693057049399,0.000935626360643758,0.254565252034543));
#2596=CARTESIAN_POINT('',(2.23715522534647,0.,0.254605759486385));
#2597=CARTESIAN_POINT('',(-0.00824473702419415,0.326382626824419,0.10109298301355));
#2598=CARTESIAN_POINT('',(0.0401005061380807,0.326382628369512,0.10109298301355));
#2599=CARTESIAN_POINT('',(0.136791029655747,0.32638263165063,0.101092984101194));
#2600=CARTESIAN_POINT('',(0.281854082666253,0.326382635426712,0.101092979206795));
#2601=CARTESIAN_POINT('',(0.42697162973564,0.326382643212377,0.101092997152925));
#2602=CARTESIAN_POINT('',(0.547971083501744,0.32638263728982,0.101092941411159));
#2603=CARTESIAN_POINT('',(0.64482523122236,0.326382660332449,0.101093055069981));
#2604=CARTESIAN_POINT('',(0.705384703018266,0.326382611487711,0.101092765824594));
#2605=CARTESIAN_POINT('',(0.753849405257036,0.326382717258067,0.101093359542388));
#2606=CARTESIAN_POINT('',(0.790207047114559,0.326382399995223,0.101091545657713));
#2607=CARTESIAN_POINT('',(0.826573809925241,0.326383596671748,0.101098355908067));
#2608=CARTESIAN_POINT('',(0.875077786334911,0.326377646684633,0.101064453085747));
#2609=CARTESIAN_POINT('',(0.935719914397947,0.326508422222225,0.101740376384671));
#2610=CARTESIAN_POINT('',(1.00847673318007,0.326752763794372,0.10374919707639));
#2611=CARTESIAN_POINT('',(1.08119762853856,0.327003060903207,0.107097344622905));
#2612=CARTESIAN_POINT('',(1.15385858873386,0.327029185977736,0.111740605201385));
#2613=CARTESIAN_POINT('',(1.22646157984651,0.32626792669058,0.117305304770342));
#2614=CARTESIAN_POINT('',(1.29900792355101,0.324228631121626,0.123417184959536));
#2615=CARTESIAN_POINT('',(1.37145521784416,0.320330235087451,0.129949218862218));
#2616=CARTESIAN_POINT('',(1.43163346949859,0.314949529736871,0.135975913334197));
#2617=CARTESIAN_POINT('',(1.47955495656196,0.309031686666207,0.141242530062371));
#2618=CARTESIAN_POINT('',(1.52727900338227,0.301923634586668,0.146843551115938));
#2619=CARTESIAN_POINT('',(1.58653195790746,0.290921930238668,0.154372268226893));
#2620=CARTESIAN_POINT('',(1.65693863981221,0.274700919616827,0.163942791429155));
#2621=CARTESIAN_POINT('',(1.72666994849375,0.255869146268511,0.173703784248947));
#2622=CARTESIAN_POINT('',(1.79566431942148,0.234507259562948,0.18353872208085));
#2623=CARTESIAN_POINT('',(1.86372846294152,0.210395185713303,0.193557743304558));
#2624=CARTESIAN_POINT('',(1.9194948816911,0.187865318489392,0.202137937082563));
#2625=CARTESIAN_POINT('',(1.96347599326965,0.168404731955054,0.20910799509952));
#2626=CARTESIAN_POINT('',(1.99615995054636,0.153144468236131,0.214335735411261));
#2627=CARTESIAN_POINT('',(2.02855116786893,0.137253899344502,0.219513086700961));
#2628=CARTESIAN_POINT('',(2.0606052653323,0.12068227556382,0.224660529302557));
#2629=CARTESIAN_POINT('',(2.09225249476116,0.103359089464298,0.22985807273116));
#2630=CARTESIAN_POINT('',(2.11825341421703,0.0882918617475514,0.234287195240264));
#2631=CARTESIAN_POINT('',(2.13883933798831,0.0758952749923632,0.237893608148503));
#2632=CARTESIAN_POINT('',(2.15418892591238,0.0664513638194967,0.240602467461679));
#2633=CARTESIAN_POINT('',(2.16945595611396,0.0568706553815642,0.243297840884716));
#2634=CARTESIAN_POINT('',(2.18464495572452,0.0471567322036236,0.245957427947282));
#2635=CARTESIAN_POINT('',(2.19724123374634,0.0389529957083407,0.248121980702214));
#2636=CARTESIAN_POINT('',(2.20727437123507,0.0323097211479959,0.249802407043284));
#2637=CARTESIAN_POINT('',(2.21479063543301,0.0273077318365227,0.251031335541929));
#2638=CARTESIAN_POINT('',(2.22223396560387,0.0221805594496362,0.252213807876474));
#2639=CARTESIAN_POINT('',(2.22903520101062,0.0161542981245385,0.253280881393532));
#2640=CARTESIAN_POINT('',(2.23432801516647,0.00868835752597609,0.254120550154793));
#2641=CARTESIAN_POINT('',(2.23642323015961,0.00294493861086866,0.254473916757553));
#2642=CARTESIAN_POINT('',(2.23715522534647,0.,0.254605759486385));
#2643=CARTESIAN_POINT('',(-0.0349072632950652,-0.388445881962678,0.399744466780483));
#2644=CARTESIAN_POINT('',(2.37877350709885,0.,0.399744466780483));
#2645=CARTESIAN_POINT('',(2.37656005047283,0.00492108085003642,0.399744466780483));
#2646=CARTESIAN_POINT('',(2.37194725794056,0.0146639591055425,0.399744466780483));
#2647=CARTESIAN_POINT('',(2.364469545571,0.0289817657941346,0.399744466780483));
#2648=CARTESIAN_POINT('',(2.35777489661329,0.0406628300248225,0.399744466780483));
#2649=CARTESIAN_POINT('',(2.35284118822382,0.048714540294003,0.399744466780482));
#2650=CARTESIAN_POINT('',(2.34995742522349,0.0532704159196456,0.399744466780483));
#2651=CARTESIAN_POINT('',(2.34774496998077,0.0566910622193867,0.399744466780483));
#2652=CARTESIAN_POINT('',(2.3455540723331,0.060007774612348,0.399744466780483));
#2653=CARTESIAN_POINT('',(2.34256724475791,0.0644375200377269,0.399744466780482));
#2654=CARTESIAN_POINT('',(2.33722854744707,0.0721155014989279,0.399744466780483));
#2655=CARTESIAN_POINT('',(2.33084677340936,0.0807596145633157,0.399744466780483));
#2656=CARTESIAN_POINT('',(2.32419035257745,0.0892642856390366,0.399744466780483));
#2657=CARTESIAN_POINT('',(2.31905880597212,0.0955755722455204,0.399744466780482));
#2658=CARTESIAN_POINT('',(2.314670180433,0.100774764493014,0.399744466780482));
#2659=CARTESIAN_POINT('',(2.31153225321092,0.104390310093293,0.399744466780483));
#2660=CARTESIAN_POINT('',(2.30973035898308,0.106438319458357,0.399744466780483));
#2661=CARTESIAN_POINT('',(2.3083464191481,0.10799668538237,0.399744466780482));
#2662=CARTESIAN_POINT('',(2.30704513673831,0.109448946320075,0.399744466780483));
#2663=CARTESIAN_POINT('',(2.30526740428373,0.111416108156571,0.399744466780482));
#2664=CARTESIAN_POINT('',(2.30214231207484,0.114829102525824,0.399744466780483));
#2665=CARTESIAN_POINT('',(2.29758779041527,0.119676674934485,0.399744466780483));
#2666=CARTESIAN_POINT('',(2.29199387203465,0.125431086812631,0.399744466780483));
#2667=CARTESIAN_POINT('',(2.28626724899364,0.13112756651226,0.399744466780483));
#2668=CARTESIAN_POINT('',(2.28040909601713,0.136764803577692,0.399744466780483));
#2669=CARTESIAN_POINT('',(2.27541728806686,0.141413548094543,0.399744466780483));
#2670=CARTESIAN_POINT('',(2.27135821931891,0.145102829135287,0.399744466780483));
#2671=CARTESIAN_POINT('',(2.26828022784072,0.147855688071472,0.399744466780483));
#2672=CARTESIAN_POINT('',(2.26569011879324,0.150135448079733,0.399744466780483));
#2673=CARTESIAN_POINT('',(2.26385802748099,0.151728776692724,0.399744466780483));
#2674=CARTESIAN_POINT('',(2.26281417944098,0.152631251274781,0.399744466780482));
#2675=CARTESIAN_POINT('',(2.26200900708315,0.153324530613072,0.399744466780483));
#2676=CARTESIAN_POINT('',(2.26127909250589,0.153950590075531,0.399744466780483));
#2677=CARTESIAN_POINT('',(2.26027635243361,0.154807563047138,0.399744466780483));
#2678=CARTESIAN_POINT('',(2.25852730039511,0.156293920712791,0.399744466780482));
#2679=CARTESIAN_POINT('',(2.25600265620506,0.158415685902536,0.399744466780483));
#2680=CARTESIAN_POINT('',(2.25294478959921,0.160947780871319,0.399744466780483));
#2681=CARTESIAN_POINT('',(2.24882518061203,0.164309281944169,0.399744466780483));
#2682=CARTESIAN_POINT('',(2.24359827487056,0.168481840958314,0.399744466780483));
#2683=CARTESIAN_POINT('',(2.23720132612902,0.173442692734009,0.399744466780483));
#2684=CARTESIAN_POINT('',(2.23068040833089,0.178356821012855,0.399744466780483));
#2685=CARTESIAN_POINT('',(2.22403358093518,0.183225554935343,0.399744466780483));
#2686=CARTESIAN_POINT('',(2.21839552458139,0.187240994485123,0.399744466780483));
#2687=CARTESIAN_POINT('',(2.21438537012501,0.190037676529738,0.399744466780483));
#2688=CARTESIAN_POINT('',(2.21209248728291,0.191620327419479,0.399744466780483));
#2689=CARTESIAN_POINT('',(2.21032509085675,0.192831600823909,0.399744466780483));
#2690=CARTESIAN_POINT('',(2.20870266163411,0.193936053136152,0.399744466780483));
#2691=CARTESIAN_POINT('',(2.20647615430741,0.195442169827282,0.399744466780482));
#2692=CARTESIAN_POINT('',(2.20257827104047,0.198052989369647,0.399744466780483));
#2693=CARTESIAN_POINT('',(2.19692045216652,0.201769926394258,0.399744466780482));
#2694=CARTESIAN_POINT('',(2.19117048702626,0.205451581773288,0.399744466780483));
#2695=CARTESIAN_POINT('',(2.18708475243953,0.20801806441086,0.399744466780483));
#2696=CARTESIAN_POINT('',(2.18474605363909,0.20947334182703,0.399744466780482));
#2697=CARTESIAN_POINT('',(2.18295347148259,0.210581617225426,0.399744466780483));
#2698=CARTESIAN_POINT('',(2.18127185305581,0.211614875151596,0.399744466780483));
#2699=CARTESIAN_POINT('',(2.17897840464673,0.213015769921426,0.399744466780482));
#2700=CARTESIAN_POINT('',(2.17495809519392,0.215449201926223,0.399744466780483));
#2701=CARTESIAN_POINT('',(2.16912887882794,0.218914805801199,0.399744466780482));
#2702=CARTESIAN_POINT('',(2.16320780101817,0.222352400917723,0.399744466780483));
#2703=CARTESIAN_POINT('',(2.15900219357997,0.224751223427638,0.399744466780482));
#2704=CARTESIAN_POINT('',(2.1565963368536,0.226111590859365,0.399744466780483));
#2705=CARTESIAN_POINT('',(2.15475002315569,0.227149353513298,0.399744466780482));
#2706=CARTESIAN_POINT('',(2.15302787687875,0.228111816025543,0.399744466780483));
#2707=CARTESIAN_POINT('',(2.1506757042457,0.229419272122236,0.399744466780482));
#2708=CARTESIAN_POINT('',(2.14655457186632,0.231690867987596,0.399744466780483));
#2709=CARTESIAN_POINT('',(2.14057996735255,0.234930257692804,0.399744466780482));
#2710=CARTESIAN_POINT('',(2.1345121990489,0.238149148512538,0.399744466780483));
#2711=CARTESIAN_POINT('',(2.13020547783934,0.240397064905737,0.399744466780482));
#2712=CARTESIAN_POINT('',(2.12773863576455,0.24167438857205,0.399744466780483));
#2713=CARTESIAN_POINT('',(2.1258552997293,0.242644273781687,0.399744466780482));
#2714=CARTESIAN_POINT('',(2.12406256542593,0.243562706586354,0.399744466780483));
#2715=CARTESIAN_POINT('',(2.12163372636106,0.244800851871987,0.399744466780482));
#2716=CARTESIAN_POINT('',(2.11738408204423,0.246950632870015,0.399744466780483));
#2717=CARTESIAN_POINT('',(2.11126500225558,0.24999937329491,0.399744466780482));
#2718=CARTESIAN_POINT('',(2.10508956212477,0.253013972196966,0.399744466780483));
#2719=CARTESIAN_POINT('',(2.10012505985129,0.25540071306459,0.399744466780482));
#2720=CARTESIAN_POINT('',(2.09635949301383,0.257192484787501,0.399744466780483));
#2721=CARTESIAN_POINT('',(2.09267579056075,0.258927472279601,0.399744466780482));
#2722=CARTESIAN_POINT('',(2.08771682129239,0.261239473613341,0.399744466780483));
#2723=CARTESIAN_POINT('',(2.07901475154188,0.265234282078506,0.399744466780482));
#2724=CARTESIAN_POINT('',(2.06646256645356,0.270819710731273,0.399744466780483));
#2725=CARTESIAN_POINT('',(2.05376793607857,0.276234843671242,0.399744466780483));
#2726=CARTESIAN_POINT('',(2.04479590740898,0.279940567010611,0.399744466780482));
#2727=CARTESIAN_POINT('',(2.03965766774434,0.282028631811543,0.399744466780483));
#2728=CARTESIAN_POINT('',(2.0357620151753,0.283594367555743,0.399744466780482));
#2729=CARTESIAN_POINT('',(2.03197288234086,0.285100743404763,0.399744466780483));
#2730=CARTESIAN_POINT('',(2.02686230021694,0.28711063537401,0.399744466780482));
#2731=CARTESIAN_POINT('',(2.01789415397717,0.290579904122991,0.399744466780483));
#2732=CARTESIAN_POINT('',(2.00494464032875,0.295425724016139,0.399744466780482));
#2733=CARTESIAN_POINT('',(1.99183622355457,0.300115028879273,0.399744466780483));
#2734=CARTESIAN_POINT('',(1.98256041954913,0.303321022591221,0.399744466780482));
#2735=CARTESIAN_POINT('',(1.97725171401759,0.305124408945596,0.399744466780483));
#2736=CARTESIAN_POINT('',(1.97320987192774,0.306481271049579,0.399744466780482));
#2737=CARTESIAN_POINT('',(1.96933767291804,0.307766235101401,0.399744466780483));
#2738=CARTESIAN_POINT('',(1.96409158717256,0.309487626107333,0.399744466780483));
#2739=CARTESIAN_POINT('',(1.95752050653849,0.311606688868194,0.399744466780483));
#2740=CARTESIAN_POINT('',(1.94956899045194,0.314112295638603,0.399744466780483));
#2741=CARTESIAN_POINT('',(1.93889444211336,0.317398103604317,0.399744466780482));
#2742=CARTESIAN_POINT('',(1.92540868169415,0.321404526476483,0.399744466780482));
#2743=CARTESIAN_POINT('',(1.91173180488729,0.325276532612666,0.399744466780483));
#2744=CARTESIAN_POINT('',(1.90068138278179,0.328292194233742,0.399744466780482));
#2745=CARTESIAN_POINT('',(1.88967010874682,0.331222704279083,0.399744466780483));
#2746=CARTESIAN_POINT('',(1.87867634221011,0.334036753349305,0.399744466780483));
#2747=CARTESIAN_POINT('',(1.86770829857177,0.336732063738639,0.399744466780483));
#2748=CARTESIAN_POINT('',(1.85949519609571,0.338694238260375,0.399744466780482));
#2749=CARTESIAN_POINT('',(1.8526569066746,0.340281004997491,0.399744466780483));
#2750=CARTESIAN_POINT('',(1.84788331075893,0.341364121971127,0.399744466780482));
#2751=CARTESIAN_POINT('',(1.845144563656,0.341978409534091,0.399744466780483));
#2752=CARTESIAN_POINT('',(1.84312638941958,0.342427676746679,0.399744466780482));
#2753=CARTESIAN_POINT('',(1.84097464342612,0.342902889955122,0.399744466780483));
#2754=CARTESIAN_POINT('',(1.83815406239189,0.343520642816311,0.399744466780482));
#2755=CARTESIAN_POINT('',(1.83319995217855,0.344592406819498,0.399744466780483));
#2756=CARTESIAN_POINT('',(1.82614493387745,0.346080437397051,0.399744466780482));
#2757=CARTESIAN_POINT('',(1.81769130949303,0.347802354568766,0.399744466780483));
#2758=CARTESIAN_POINT('',(1.80925643672018,0.349459144821664,0.399744466780483));
#2759=CARTESIAN_POINT('',(1.80083815304916,0.351051259898044,0.399744466780483));
#2760=CARTESIAN_POINT('',(1.79243875448431,0.352578300226184,0.399744466780483));
#2761=CARTESIAN_POINT('',(1.78544914201234,0.353797560329925,0.399744466780483));
#2762=CARTESIAN_POINT('',(1.78057288674287,0.354621242173042,0.399744466780483));
#2763=CARTESIAN_POINT('',(1.77777474775294,0.355086066475635,0.399744466780483));
#2764=CARTESIAN_POINT('',(1.77571630838495,0.355424292565376,0.399744466780483));
#2765=CARTESIAN_POINT('',(1.77350956279316,0.355782706323778,0.399744466780483));
#2766=CARTESIAN_POINT('',(1.77062119208239,0.356246115366479,0.399744466780482));
#2767=CARTESIAN_POINT('',(1.76554685210997,0.357045612451341,0.399744466780483));
#2768=CARTESIAN_POINT('',(1.75832377376498,0.358141461862967,0.399744466780483));
#2769=CARTESIAN_POINT('',(1.74967164558148,0.359386679732489,0.399744466780483));
#2770=CARTESIAN_POINT('',(1.73816637839818,0.360952298535566,0.399744466780483));
#2771=CARTESIAN_POINT('',(1.72669857144875,0.362377005696031,0.399744466780483));
#2772=CARTESIAN_POINT('',(1.7167123235427,0.363498788406711,0.399744466780482));
#2773=CARTESIAN_POINT('',(1.71099999310006,0.364106063349138,0.399744466780483));
#2774=CARTESIAN_POINT('',(1.70676734409577,0.364539316130365,0.399744466780482));
#2775=CARTESIAN_POINT('',(1.70236300309746,0.364972186410012,0.399744466780483));
#2776=CARTESIAN_POINT('',(1.69800373041038,0.36538230910936,0.399744466780483));
#2777=CARTESIAN_POINT('',(1.69363653450367,0.36577527193884,0.399744466780483));
#2778=CARTESIAN_POINT('',(1.68925662119551,0.366151089135442,0.399744466780483));
#2779=CARTESIAN_POINT('',(1.68493615874399,0.366504116040778,0.399744466780483));
#2780=CARTESIAN_POINT('',(1.68055894118766,0.366844443131322,0.399744466780483));
#2781=CARTESIAN_POINT('',(1.67688192278187,0.367115744792227,0.399744466780483));
#2782=CARTESIAN_POINT('',(1.67393770762424,0.367324488899321,0.399744466780482));
#2783=CARTESIAN_POINT('',(1.67167890953538,0.367480188200302,0.399744466780483));
#2784=CARTESIAN_POINT('',(1.66957326502229,0.367621382567485,0.399744466780483));
#2785=CARTESIAN_POINT('',(1.66669628264061,0.36780918833221,0.399744466780482));
#2786=CARTESIAN_POINT('',(1.66165473574199,0.368124547467529,0.399744466780483));
#2787=CARTESIAN_POINT('',(1.65580515789289,0.368459532333196,0.399744466780483));
#2788=CARTESIAN_POINT('',(1.64988381527708,0.368768002728276,0.399744466780482));
#2789=CARTESIAN_POINT('',(1.6454029147979,0.368986332227279,0.399744466780483));
#2790=CARTESIAN_POINT('',(1.6416411571189,0.369157180894792,0.399744466780483));
#2791=CARTESIAN_POINT('',(1.6389834544249,0.369271352660003,0.399744466780483));
#2792=CARTESIAN_POINT('',(1.63747214717862,0.36933446778266,0.399744466780483));
#2793=CARTESIAN_POINT('',(1.63630208145127,0.369382356494179,0.399744466780482));
#2794=CARTESIAN_POINT('',(1.63526037531651,0.369424182325455,0.399744466780483));
#2795=CARTESIAN_POINT('',(1.63382160052005,0.369480923431486,0.399744466780482));
#2796=CARTESIAN_POINT('',(1.63131456728301,0.369576970262607,0.399744466780483));
#2797=CARTESIAN_POINT('',(1.62769183988767,0.369707851904207,0.399744466780483));
#2798=CARTESIAN_POINT('',(1.62330125911426,0.369853855784302,0.399744466780483));
#2799=CARTESIAN_POINT('',(1.61886114296288,0.369989057194795,0.399744466780483));
#2800=CARTESIAN_POINT('',(1.61437370710051,0.370113378757186,0.399744466780483));
#2801=CARTESIAN_POINT('',(1.60983631633818,0.370226878365249,0.399744466780483));
#2802=CARTESIAN_POINT('',(1.60602046586034,0.370312314579535,0.399744466780483));
#2803=CARTESIAN_POINT('',(1.60331774147315,0.370367562379018,0.399744466780483));
#2804=CARTESIAN_POINT('',(1.60178381201323,0.370397475066061,0.399744466780483));
#2805=CARTESIAN_POINT('',(1.60058387625845,0.370420076958123,0.399744466780483));
#2806=CARTESIAN_POINT('',(1.59955860483513,0.370438766596592,0.399744466780483));
#2807=CARTESIAN_POINT('',(1.59812378126383,0.37046414626539,0.399744466780482));
#2808=CARTESIAN_POINT('',(1.59562759579137,0.370506130308247,0.399744466780483));
#2809=CARTESIAN_POINT('',(1.5920055840838,0.370561017294259,0.399744466780483));
#2810=CARTESIAN_POINT('',(1.58760034132424,0.37061815553701,0.399744466780483));
#2811=CARTESIAN_POINT('',(1.58312798930026,0.370666723576048,0.399744466780483));
#2812=CARTESIAN_POINT('',(1.57859082700021,0.370706679455922,0.399744466780483));
#2813=CARTESIAN_POINT('',(1.57475508702053,0.370732809127393,0.399744466780483));
#2814=CARTESIAN_POINT('',(1.57165431350382,0.37074940993513,0.399744466780483));
#2815=CARTESIAN_POINT('',(1.56931111228637,0.370759712298378,0.399744466780483));
#2816=CARTESIAN_POINT('',(1.56734890800105,0.370766497314682,0.399744466780483));
#2817=CARTESIAN_POINT('',(1.56596021777509,0.370770321443013,0.399744466780483));
#2818=CARTESIAN_POINT('',(1.56517712959332,0.370772213470129,0.399744466780482));
#2819=CARTESIAN_POINT('',(1.56455360468302,0.370773566629855,0.399744466780483));
#2820=CARTESIAN_POINT('',(1.56406356413532,0.370774523277898,0.399744466780483));
#2821=CARTESIAN_POINT('',(1.56336095168627,0.370775766119863,0.399744466780483));
#2822=CARTESIAN_POINT('',(1.56214778749898,0.370777537385261,0.399744466780482));
#2823=CARTESIAN_POINT('',(1.56038738137587,0.370779076278536,0.399744466780483));
#2824=CARTESIAN_POINT('',(1.55825446529364,0.370779285766494,0.399744466780483));
#2825=CARTESIAN_POINT('',(1.55537507249816,0.370777400208389,0.399744466780483));
#2826=CARTESIAN_POINT('',(1.55171307214514,0.370770975861528,0.399744466780483));
#2827=CARTESIAN_POINT('',(1.54721703406537,0.37075676116524,0.399744466780483));
#2828=CARTESIAN_POINT('',(1.54261977544202,0.370736041148696,0.399744466780483));
#2829=CARTESIAN_POINT('',(1.53870400466296,0.370713350869772,0.399744466780483));
#2830=CARTESIAN_POINT('',(1.53552123786356,0.370691950403469,0.399744466780482));
#2831=CARTESIAN_POINT('',(1.53310737664496,0.370674260787599,0.399744466780483));
#2832=CARTESIAN_POINT('',(1.53107930315343,0.370658204787995,0.399744466780483));
#2833=CARTESIAN_POINT('',(1.52963954747682,0.370646174076813,0.399744466780483));
#2834=CARTESIAN_POINT('',(1.52882774236337,0.370639220888071,0.399744466780483));
#2835=CARTESIAN_POINT('',(1.5281776409839,0.370633552747889,0.399744466780483));
#2836=CARTESIAN_POINT('',(1.52767757066545,0.370629126927414,0.399744466780483));
#2837=CARTESIAN_POINT('',(1.52695410589291,0.370622648369462,0.399744466780483));
#2838=CARTESIAN_POINT('',(1.52570375167091,0.370611226835023,0.399744466780483));
#2839=CARTESIAN_POINT('',(1.52387857052335,0.370593940678326,0.399744466780483));
#2840=CARTESIAN_POINT('',(1.52165233462981,0.370571874815821,0.399744466780482));
#2841=CARTESIAN_POINT('',(1.51938301157109,0.37054842491622,0.399744466780483));
#2842=CARTESIAN_POINT('',(1.5170725571299,0.37052360821822,0.399744466780483));
#2843=CARTESIAN_POINT('',(1.51511227354175,0.370501782477754,0.399744466780483));
#2844=CARTESIAN_POINT('',(1.51352363481178,0.370483640955073,0.399744466780483));
#2845=CARTESIAN_POINT('',(1.51232077231509,0.370469680166295,0.399744466780483));
#2846=CARTESIAN_POINT('',(1.51131285780673,0.370457798423073,0.399744466780483));
#2847=CARTESIAN_POINT('',(1.51059662010329,0.370449256985734,0.399744466780483));
#2848=CARTESIAN_POINT('',(1.51019564355196,0.370444449295691,0.399744466780482));
#2849=CARTESIAN_POINT('',(1.50986721354909,0.370440495412992,0.399744466780483));
#2850=CARTESIAN_POINT('',(1.50964152442054,0.370437768903108,0.399744466780483));
#2851=CARTESIAN_POINT('',(1.50930262711697,0.370433663831751,0.399744466780483));
#2852=CARTESIAN_POINT('',(1.50872200556415,0.370426596882627,0.399744466780482));
#2853=CARTESIAN_POINT('',(1.50787097899242,0.370416147530723,0.399744466780483));
#2854=CARTESIAN_POINT('',(1.50683316256905,0.370403258126624,0.399744466780483));
#2855=CARTESIAN_POINT('',(1.50542092974318,0.370385528726342,0.399744466780483));
#2856=CARTESIAN_POINT('',(1.50360517230924,0.370362383117022,0.399744466780483));
#2857=CARTESIAN_POINT('',(1.50134460686206,0.370333023271563,0.399744466780483));
#2858=CARTESIAN_POINT('',(1.49900259823493,0.37030208081816,0.399744466780483));
#2859=CARTESIAN_POINT('',(1.49698310247728,0.370274977362536,0.399744466780483));
#2860=CARTESIAN_POINT('',(1.49532659226108,0.370252500669004,0.399744466780482));
#2861=CARTESIAN_POINT('',(1.49427471349941,0.37023812870971,0.399744466780483));
#2862=CARTESIAN_POINT('',(1.49342208065525,0.370226420131618,0.399744466780482));
#2863=CARTESIAN_POINT('',(1.49278010499677,0.370217575779327,0.399744466780483));
#2864=CARTESIAN_POINT('',(1.49223264032166,0.370210008488046,0.399744466780483));
#2865=CARTESIAN_POINT('',(1.49181060751228,0.370204162120144,0.399744466780483));
#2866=CARTESIAN_POINT('',(1.491442300475,0.370199050555922,0.399744466780483));
#2867=CARTESIAN_POINT('',(1.49126551595072,0.370196594017957,0.399744466780482));
#2868=CARTESIAN_POINT('',(1.49096097792252,0.370192360899505,0.399744466780483));
#2869=CARTESIAN_POINT('',(1.49060053729296,0.370187344840461,0.399744466780483));
#2870=CARTESIAN_POINT('',(1.49015355124738,0.370181116419161,0.399744466780483));
#2871=CARTESIAN_POINT('',(1.48955492353677,0.370172763714522,0.399744466780483));
#2872=CARTESIAN_POINT('',(1.48879402237568,0.370162126365321,0.399744466780482));
#2873=CARTESIAN_POINT('',(1.48755284750207,0.370144731624072,0.399744466780483));
#2874=CARTESIAN_POINT('',(1.48595541413297,0.370122264774797,0.399744466780483));
#2875=CARTESIAN_POINT('',(1.483965410359,0.370094153460141,0.399744466780483));
#2876=CARTESIAN_POINT('',(1.48190219957282,0.370064889339481,0.399744466780483));
#2877=CARTESIAN_POINT('',(1.47905368679137,0.370024334052055,0.399744466780482));
#2878=CARTESIAN_POINT('',(1.47531008739467,0.369970758745749,0.399744466780483));
#2879=CARTESIAN_POINT('',(1.47052505939458,0.369901858820363,0.399744466780483));
#2880=CARTESIAN_POINT('',(1.46629355776853,0.369840600123129,0.399744466780483));
#2881=CARTESIAN_POINT('',(1.46276208757249,0.369789289637939,0.399744466780483));
#2882=CARTESIAN_POINT('',(1.46049372310955,0.36975625711901,0.399744466780483));
#2883=CARTESIAN_POINT('',(1.4586429253901,0.369729261971135,0.399744466780483));
#2884=CARTESIAN_POINT('',(1.45723520580961,0.369708708088668,0.399744466780482));
#2885=CARTESIAN_POINT('',(1.45605107852856,0.369691401508692,0.399744466780483));
#2886=CARTESIAN_POINT('',(1.45520590678566,0.3696790396756,0.399744466780482));
#2887=CARTESIAN_POINT('',(1.45473359076435,0.369672128967357,0.399744466780483));
#2888=CARTESIAN_POINT('',(1.45434179708369,0.3696663949209,0.399744466780483));
#2889=CARTESIAN_POINT('',(1.45408804971936,0.369662680295719,0.399744466780483));
#2890=CARTESIAN_POINT('',(1.45370129487635,0.369657017328144,0.399744466780483));
#2891=CARTESIAN_POINT('',(1.45304636736189,0.36964742394334,0.399744466780483));
#2892=CARTESIAN_POINT('',(1.45209739112444,0.369633513129169,0.399744466780482));
#2893=CARTESIAN_POINT('',(1.45096105008486,0.369616839148148,0.399744466780483));
#2894=CARTESIAN_POINT('',(1.44944071180337,0.36959450871691,0.399744466780482));
#2895=CARTESIAN_POINT('',(1.44753440031827,0.369566468050845,0.399744466780482));
#2896=CARTESIAN_POINT('',(1.44447012020928,0.369521307013322,0.399744466780483));
#2897=CARTESIAN_POINT('',(1.44061393066141,0.369464311768586,0.399744466780483));
#2898=CARTESIAN_POINT('',(1.43594489664997,0.369395043288783,0.399744466780483));
#2899=CARTESIAN_POINT('',(1.43123442080773,0.369324903078732,0.399744466780483));
#2900=CARTESIAN_POINT('',(1.4272741599157,0.369265721500232,0.399744466780482));
#2901=CARTESIAN_POINT('',(1.42408574102119,0.369217948075223,0.399744466780483));
#2902=CARTESIAN_POINT('',(1.42168252184253,0.369181876788445,0.399744466780483));
#2903=CARTESIAN_POINT('',(1.4196760244813,0.369151708428941,0.399744466780483));
#2904=CARTESIAN_POINT('',(1.41825743820063,0.369130351920476,0.399744466780482));
#2905=CARTESIAN_POINT('',(1.41746034547391,0.369118344445133,0.399744466780483));
#2906=CARTESIAN_POINT('',(1.41682011192198,0.369108695510776,0.399744466780482));
#2907=CARTESIAN_POINT('',(1.41633887647155,0.369101439909815,0.399744466780483));
#2908=CARTESIAN_POINT('',(1.41563960196849,0.369090893429852,0.399744466780482));
#2909=CARTESIAN_POINT('',(1.41443741227638,0.369072751598999,0.399744466780483));
#2910=CARTESIAN_POINT('',(1.41269349766735,0.369046406378859,0.399744466780483));
#2911=CARTESIAN_POINT('',(1.41058601845777,0.369014523052662,0.399744466780483));
#2912=CARTESIAN_POINT('',(1.4077465287899,0.368971505380127,0.399744466780483));
#2913=CARTESIAN_POINT('',(1.40414633637162,0.368916851510085,0.399744466780482));
#2914=CARTESIAN_POINT('',(1.39827571350381,0.368827495901512,0.399744466780483));
#2915=CARTESIAN_POINT('',(1.3907314589683,0.368712234266131,0.399744466780482));
#2916=CARTESIAN_POINT('',(1.3829123422102,0.368592213034094,0.399744466780483));
#2917=CARTESIAN_POINT('',(1.37649217107951,0.368493340887414,0.399744466780483));
#2918=CARTESIAN_POINT('',(1.37159459737342,0.368417759098979,0.399744466780483));
#2919=CARTESIAN_POINT('',(1.36661458005223,0.368340749658389,0.399744466780483));
#2920=CARTESIAN_POINT('',(1.36155211863999,0.368262312558466,0.399744466780483));
#2921=CARTESIAN_POINT('',(1.35726469752129,0.368195758594455,0.399744466780482));
#2922=CARTESIAN_POINT('',(1.35379353857751,0.368141801593504,0.399744466780483));
#2923=CARTESIAN_POINT('',(1.35116955851517,0.368100976930571,0.399744466780483));
#2924=CARTESIAN_POINT('',(1.34896573218408,0.368066658942422,0.399744466780482));
#2925=CARTESIAN_POINT('',(1.34719236662771,0.368039026110408,0.399744466780483));
#2926=CARTESIAN_POINT('',(1.3458571869609,0.368018212214831,0.399744466780483));
#2927=CARTESIAN_POINT('',(1.34451686504364,0.367997309254617,0.399744466780483));
#2928=CARTESIAN_POINT('',(1.34339560345175,0.367979815253159,0.399744466780483));
#2929=CARTESIAN_POINT('',(1.34249609104229,0.36796577658156,0.399744466780482));
#2930=CARTESIAN_POINT('',(1.3419326555522,0.367956981218225,0.399744466780483));
#2931=CARTESIAN_POINT('',(1.34148164494434,0.367949939738314,0.399744466780483));
#2932=CARTESIAN_POINT('',(1.34114201935497,0.367944636721171,0.399744466780483));
#2933=CARTESIAN_POINT('',(1.34086205583126,0.367940264842495,0.399744466780483));
#2934=CARTESIAN_POINT('',(1.34065941294979,0.367937100137975,0.399744466780483));
#2935=CARTESIAN_POINT('',(1.34055376894299,0.367935450224161,0.399744466780483));
#2936=CARTESIAN_POINT('',(1.34044580427156,0.367933764011109,0.399744466780483));
#2937=CARTESIAN_POINT('',(1.34044756953515,0.367933791573142,0.399744466780483));
#2938=CARTESIAN_POINT('',(1.34041146652807,0.367933227680697,0.399744466780483));
#2939=CARTESIAN_POINT('',(1.34036575888379,0.367932513717333,0.399744466780482));
#2940=CARTESIAN_POINT('',(1.34029004981583,0.36793133102316,0.399744466780482));
#2941=CARTESIAN_POINT('',(1.34020146563365,0.367929946995615,0.399744466780483));
#2942=CARTESIAN_POINT('',(1.34007965428719,0.367928043590278,0.399744466780482));
#2943=CARTESIAN_POINT('',(1.33992354807382,0.367925603836969,0.399744466780482));
#2944=CARTESIAN_POINT('',(1.3396642956397,0.367921551084616,0.399744466780483));
#2945=CARTESIAN_POINT('',(1.33932304267951,0.367916214743438,0.399744466780483));
#2946=CARTESIAN_POINT('',(1.33888585338949,0.367909375589885,0.399744466780482));
#2947=CARTESIAN_POINT('',(1.33842102814401,0.367902101669707,0.399744466780483));
#2948=CARTESIAN_POINT('',(1.33776439552988,0.367891823144511,0.399744466780482));
#2949=CARTESIAN_POINT('',(1.33687448986531,0.367877887680866,0.399744466780483));
#2950=CARTESIAN_POINT('',(1.33569601667902,0.367859425393167,0.399744466780483));
#2951=CARTESIAN_POINT('',(1.33397727148583,0.367832489381966,0.399744466780483));
#2952=CARTESIAN_POINT('',(1.3315523753052,0.36779447005969,0.399744466780482));
#2953=CARTESIAN_POINT('',(1.32820015651688,0.367741887981763,0.399744466780483));
#2954=CARTESIAN_POINT('',(1.32440559432195,0.367682347012094,0.399744466780483));
#2955=CARTESIAN_POINT('',(1.32016868872946,0.367615847150824,0.399744466780483));
#2956=CARTESIAN_POINT('',(1.31392969007457,0.367517902146973,0.399744466780483));
#2957=CARTESIAN_POINT('',(1.3068060046132,0.367406039359742,0.399744466780483));
#2958=CARTESIAN_POINT('',(1.29879763237667,0.367280258789624,0.399744466780483));
#2959=CARTESIAN_POINT('',(1.29234900973795,0.367178964469432,0.399744466780483));
#2960=CARTESIAN_POINT('',(1.28660653823679,0.367088753462681,0.399744466780482));
#2961=CARTESIAN_POINT('',(1.28179138889409,0.367013105204518,0.399744466780483));
#2962=CARTESIAN_POINT('',(1.27806944224541,0.366954629306974,0.399744466780483));
#2963=CARTESIAN_POINT('',(1.27487566132036,0.366904449562878,0.399744466780483));
#2964=CARTESIAN_POINT('',(1.27226535227447,0.366863436041584,0.399744466780483));
#2965=CARTESIAN_POINT('',(1.27027995047622,0.366832240599811,0.399744466780483));
#2966=CARTESIAN_POINT('',(1.26826699211152,0.366800611639898,0.399744466780483));
#2967=CARTESIAN_POINT('',(1.26656620806167,0.366773887330803,0.399744466780483));
#2968=CARTESIAN_POINT('',(1.26519238470789,0.36675230027242,0.399744466780483));
#2969=CARTESIAN_POINT('',(1.26415339224132,0.366735974323319,0.399744466780483));
#2970=CARTESIAN_POINT('',(1.26328725532601,0.366722364391332,0.399744466780483));
#2971=CARTESIAN_POINT('',(1.26266724061612,0.366712621811097,0.399744466780483));
#2972=CARTESIAN_POINT('',(1.262328781948,0.366707303438179,0.399744466780483));
#2973=CARTESIAN_POINT('',(1.2620274634846,0.36670256865695,0.399744466780483));
#2974=CARTESIAN_POINT('',(1.26190553328867,0.366700652699234,0.399744466780483));
#2975=CARTESIAN_POINT('',(1.26168038705717,0.366697114851733,0.399744466780482));
#2976=CARTESIAN_POINT('',(1.26131553490352,0.36669138172705,0.399744466780483));
#2977=CARTESIAN_POINT('',(1.26077907563132,0.366682952044674,0.399744466780483));
#2978=CARTESIAN_POINT('',(1.26014184852574,0.366672938941244,0.399744466780483));
#2979=CARTESIAN_POINT('',(1.25928993368034,0.366659552330171,0.399744466780483));
#2980=CARTESIAN_POINT('',(1.25822582035555,0.36664283132653,0.399744466780482));
#2981=CARTESIAN_POINT('',(1.25652280296058,0.366616070868421,0.399744466780483));
#2982=CARTESIAN_POINT('',(1.25439418085391,0.366582622647111,0.399744466780483));
#2983=CARTESIAN_POINT('',(1.25183977018105,0.366542483773597,0.399744466780482));
#2984=CARTESIAN_POINT('',(1.24928537666833,0.36650234516973,0.399744466780483));
#2985=CARTESIAN_POINT('',(1.24587951265707,0.366448826937047,0.399744466780482));
#2986=CARTESIAN_POINT('',(1.24162218469993,0.366381929178517,0.399744466780483));
#2987=CARTESIAN_POINT('',(1.23651339026954,0.366301651854424,0.399744466780482));
#2988=CARTESIAN_POINT('',(1.23140459607535,0.366221374534042,0.399744466780483));
#2989=CARTESIAN_POINT('',(1.22629580181815,0.366141097212671,0.399744466780483));
#2990=CARTESIAN_POINT('',(1.21948407616302,0.366034060784507,0.399744466780483));
#2991=CARTESIAN_POINT('',(1.2109694190931,0.365900265249287,0.399744466780483));
#2992=CARTESIAN_POINT('',(1.20075183058235,0.365739710606601,0.399744466780483));
#2993=CARTESIAN_POINT('',(1.19053424218059,0.365579155965628,0.399744466780483));
#2994=CARTESIAN_POINT('',(1.17691079043275,0.365365083102424,0.399744466780483));
#2995=CARTESIAN_POINT('',(1.16328734173994,0.365151010287227,0.399744466780483));
#2996=CARTESIAN_POINT('',(1.14966388429114,0.364936937334441,0.399744466780482));
#2997=CARTESIAN_POINT('',(1.13944631441747,0.36477638298461,0.399744466780483));
#2998=CARTESIAN_POINT('',(1.12922865607007,0.364615827244542,0.399744466780483));
#2999=CARTESIAN_POINT('',(1.12071421634893,0.364482035124644,0.399744466780482));
#3000=CARTESIAN_POINT('',(1.11390204744481,0.364374991731462,0.399744466780483));
#3001=CARTESIAN_POINT('',(1.10879460680732,0.364294735680269,0.399744466780483));
#3002=CARTESIAN_POINT('',(1.10453304327708,0.364227771365826,0.399744466780483));
#3003=CARTESIAN_POINT('',(1.10156047346104,0.364181061725467,0.399744466780483));
#3004=CARTESIAN_POINT('',(1.09984542877136,0.364154112275795,0.399744466780483));
#3005=CARTESIAN_POINT('',(1.09860543830848,0.364134627617014,0.399744466780483));
#3006=CARTESIAN_POINT('',(1.09718849231117,0.364112362357644,0.399744466780483));
#3007=CARTESIAN_POINT('',(1.09536095505139,0.364083645249742,0.399744466780482));
#3008=CARTESIAN_POINT('',(1.09213400645081,0.364032938414268,0.399744466780483));
#3009=CARTESIAN_POINT('',(1.08753911508488,0.363960736334423,0.399744466780483));
#3010=CARTESIAN_POINT('',(1.0820188098228,0.363873992712095,0.399744466780483));
#3011=CARTESIAN_POINT('',(1.07466065082839,0.363758369873406,0.399744466780483));
#3012=CARTESIAN_POINT('',(1.06546218061635,0.36361382920253,0.399744466780483));
#3013=CARTESIAN_POINT('',(1.05442434694426,0.363440385592112,0.399744466780483));
#3014=CARTESIAN_POINT('',(1.0433864247113,0.363266940590096,0.399744466780483));
#3015=CARTESIAN_POINT('',(1.02866922583964,0.363035681070963,0.399744466780483));
#3016=CARTESIAN_POINT('',(1.01027271640538,0.362746606501659,0.399744466780483));
#3017=CARTESIAN_POINT('',(0.988196909234687,0.362399717083749,0.399744466780483));
#3018=CARTESIAN_POINT('',(0.958762497570125,0.36193719782686,0.399744466780483));
#3019=CARTESIAN_POINT('',(0.921969482571778,0.361359048749276,0.399744466780482));
#3020=CARTESIAN_POINT('',(0.885176466054676,0.360780899647945,0.399744466780483));
#3021=CARTESIAN_POINT('',(0.85574205216502,0.36031838035633,0.399744466780483));
#3022=CARTESIAN_POINT('',(0.833666241195628,0.359971490878978,0.399744466780483));
#3023=CARTESIAN_POINT('',(0.815269732236999,0.359682416317416,0.399744466780483));
#3024=CARTESIAN_POINT('',(0.800552523744322,0.359451156647352,0.399744466780483));
#3025=CARTESIAN_POINT('',(0.789514620369786,0.359277711941874,0.399744466780482));
#3026=CARTESIAN_POINT('',(0.77847670509636,0.359104267049431,0.399744466780483));
#3027=CARTESIAN_POINT('',(0.769278479050757,0.358959730215479,0.399744466780483));
#3028=CARTESIAN_POINT('',(0.761919815835371,0.358844099453855,0.399744466780483));
#3029=CARTESIAN_POINT('',(0.757320838750047,0.358771833172944,0.399744466780482));
#3030=CARTESIAN_POINT('',(0.753641227785477,0.358714013402446,0.399744466780483));
#3031=CARTESIAN_POINT('',(0.750882694941855,0.358670667043968,0.399744466780483));
#3032=CARTESIAN_POINT('',(0.74858017848264,0.35863448632418,0.399744466780483));
#3033=CARTESIAN_POINT('',(0.746975754804627,0.358609275123937,0.399744466780483));
#3034=CARTESIAN_POINT('',(0.746047483834195,0.358594688686679,0.399744466780483));
#3035=CARTESIAN_POINT('',(0.745383556396684,0.358584256026155,0.399744466780483));
#3036=CARTESIAN_POINT('',(0.744596254515715,0.358571884714474,0.399744466780483));
#3037=CARTESIAN_POINT('',(0.743589553062146,0.35855606585547,0.399744466780483));
#3038=CARTESIAN_POINT('',(0.741807774999418,0.358528067787271,0.399744466780482));
#3039=CARTESIAN_POINT('',(0.739272860404256,0.35848823526649,0.399744466780482));
#3040=CARTESIAN_POINT('',(0.736226475988671,0.358440365736378,0.399744466780483));
#3041=CARTESIAN_POINT('',(0.732166197282386,0.358376564322218,0.399744466780482));
#3042=CARTESIAN_POINT('',(0.727090312294292,0.358296804122541,0.399744466780482));
#3043=CARTESIAN_POINT('',(0.718969196224538,0.35816919251573,0.399744466780483));
#3044=CARTESIAN_POINT('',(0.708817698224329,0.358009676390086,0.399744466780483));
#3045=CARTESIAN_POINT('',(0.696635944739759,0.357818257732528,0.399744466780482));
#3046=CARTESIAN_POINT('',(0.68445417945329,0.35762683888952,0.399744466780483));
#3047=CARTESIAN_POINT('',(0.668211829860555,0.35737161383029,0.399744466780482));
#3048=CARTESIAN_POINT('',(0.647908891455207,0.357052582484026,0.399744466780483));
#3049=CARTESIAN_POINT('',(0.623545365974215,0.356669744878022,0.399744466780483));
#3050=CARTESIAN_POINT('',(0.591060665121407,0.356159294733361,0.399744466780483));
#3051=CARTESIAN_POINT('',(0.550454789127968,0.355521232053675,0.399744466780482));
#3052=CARTESIAN_POINT('',(0.501727737904728,0.354755556837563,0.399744466780483));
#3053=CARTESIAN_POINT('',(0.453000686689825,0.353989881621582,0.399744466780482));
#3054=CARTESIAN_POINT('',(0.404273635472691,0.353224206405566,0.399744466780483));
#3055=CARTESIAN_POINT('',(0.339304233850625,0.352203306117557,0.399744466780482));
#3056=CARTESIAN_POINT('',(0.258092481822775,0.350927180757541,0.399744466780483));
#3057=CARTESIAN_POINT('',(0.16063837938947,0.349395830325524,0.399744466780483));
#3058=CARTESIAN_POINT('',(0.0631842769561346,0.347864479893507,0.399744466780483));
#3059=CARTESIAN_POINT('',(-0.00178512466608341,0.346843579605495,0.399744466780483));
#3060=CARTESIAN_POINT('',(-0.0342698254771932,0.34633312946149,0.399744466780483));
#3061=CARTESIAN_POINT('',(2.37877350709885,0.,0.399744466780483));
#3062=CARTESIAN_POINT('',(2.37846433674276,0.000687364866731885,0.399744466780483));
#3063=CARTESIAN_POINT('',(2.37784225237662,0.00206041349600363,0.399744466780483));
#3064=CARTESIAN_POINT('',(2.37689791556994,0.00411488045915967,0.399744466780483));
#3065=CARTESIAN_POINT('',(2.37594238924782,0.00616417875457741,0.399744466780483));
#3066=CARTESIAN_POINT('',(2.37497569414995,0.00820824568351298,0.399744466780483));
#3067=CARTESIAN_POINT('',(2.37399785101131,0.0102470185613314,0.399744466780483));
#3068=CARTESIAN_POINT('',(2.37300888056689,0.0122804347033971,0.399744466780483));
#3069=CARTESIAN_POINT('',(2.37200880355636,0.0143084314203719,0.399744466780483));
#3070=CARTESIAN_POINT('',(2.37099764071941,0.0163309460182149,0.399744466780483));
#3071=CARTESIAN_POINT('',(2.36997541278631,0.0183479158169939,0.399744466780483));
#3072=CARTESIAN_POINT('',(2.36894214477637,0.0203592800179267,0.399744466780483));
#3073=CARTESIAN_POINT('',(2.36789786170889,0.0223649778410427,0.399744466780483));
#3074=CARTESIAN_POINT('',(2.36701846745412,0.0240316200496091,0.399744466780483));
#3075=CARTESIAN_POINT('',(2.36630946954083,0.0253620398348859,0.399744466780483));
#3076=CARTESIAN_POINT('',(2.36559682078954,0.026690520163473,0.399744466780483));
#3077=CARTESIAN_POINT('',(2.36469917234478,0.0283474651121061,0.399744466780483));
#3078=CARTESIAN_POINT('',(2.36361107922604,0.0303298895019765,0.399744466780483));
#3079=CARTESIAN_POINT('',(2.36251209614154,0.0323063435624463,0.399744466780483));
#3080=CARTESIAN_POINT('',(2.3614022481059,0.0342767665041393,0.399744466780483));
#3081=CARTESIAN_POINT('',(2.36028158007861,0.0362411101601988,0.399744466780483));
#3082=CARTESIAN_POINT('',(2.35915013702858,0.0381993263731739,0.399744466780483));
#3083=CARTESIAN_POINT('',(2.35762723953949,0.0408020471850566,0.399744466780483));
#3084=CARTESIAN_POINT('',(2.35569690491521,0.0440398887920104,0.399744466780483));
#3085=CARTESIAN_POINT('',(2.35255186188404,0.0491867282296616,0.399744466780483));
#3086=CARTESIAN_POINT('',(2.34851550551608,0.0555561134407141,0.399744466780483));
#3087=CARTESIAN_POINT('',(2.34350667127626,0.0630936308744454,0.399744466780483));
#3088=CARTESIAN_POINT('',(2.33833550797567,0.0705223211879205,0.399744466780483));
#3089=CARTESIAN_POINT('',(2.33300596334016,0.0778402852139891,0.399744466780483));
#3090=CARTESIAN_POINT('',(2.3275219851003,0.0850456237855012,0.399744466780483));
#3091=CARTESIAN_POINT('',(2.32188752098196,0.0921364377306038,0.399744466780483));
#3092=CARTESIAN_POINT('',(2.31610651871098,0.0991108278821464,0.399744466780483));
#3093=CARTESIAN_POINT('',(2.3101834686546,0.105968154785366,0.399744466780483));
#3094=CARTESIAN_POINT('',(2.30412286117533,0.112707778976093,0.399744466780483));
#3095=CARTESIAN_POINT('',(2.29792918663098,0.119329061004267,0.399744466780483));
#3096=CARTESIAN_POINT('',(2.29160693539346,0.125831361405719,0.399744466780483));
#3097=CARTESIAN_POINT('',(2.28516068795123,0.13221519424713,0.399744466780483));
#3098=CARTESIAN_POINT('',(2.2785950247927,0.138481073595182,0.399744466780483));
#3099=CARTESIAN_POINT('',(2.2719145264063,0.144629513511853,0.399744466780483));
#3100=CARTESIAN_POINT('',(2.26512377328049,0.150661028063824,0.399744466780483));
#3101=CARTESIAN_POINT('',(2.25822706680209,0.156577027210968,0.399744466780483));
#3102=CARTESIAN_POINT('',(2.25122870835325,0.162378920908452,0.399744466780483));
#3103=CARTESIAN_POINT('',(2.24413299932082,0.16806811911615,0.399744466780483));
#3104=CARTESIAN_POINT('',(2.23694424107754,0.173646031793933,0.399744466780483));
#3105=CARTESIAN_POINT('',(2.22966626163755,0.179114693532969,0.399744466780483));
#3106=CARTESIAN_POINT('',(2.22230288900559,0.184476138943241,0.399744466780483));
#3107=CARTESIAN_POINT('',(2.21237630524671,0.191484490500542,0.399744466780483));
#3108=CARTESIAN_POINT('',(2.199773732599,0.199987062095212,0.399744466780483));
#3109=CARTESIAN_POINT('',(2.18436580572049,0.209796892374812,0.399744466780483));
#3110=CARTESIAN_POINT('',(2.16869914816745,0.219232799940122,0.399744466780483));
#3111=CARTESIAN_POINT('',(2.1527957400446,0.228315565131016,0.399744466780483));
#3112=CARTESIAN_POINT('',(2.13667704952506,0.237066564687303,0.399744466780483));
#3113=CARTESIAN_POINT('',(2.12036116687066,0.24550654678589,0.399744466780483));
#3114=CARTESIAN_POINT('',(2.10386632605843,0.253659484116558,0.399744466780483));
#3115=CARTESIAN_POINT('',(2.08719997264887,0.261531094384313,0.399744466780483));
#3116=CARTESIAN_POINT('',(2.07036654320828,0.269121120981424,0.399744466780483));
#3117=CARTESIAN_POINT('',(2.0533713777678,0.276431945223303,0.399744466780483));
#3118=CARTESIAN_POINT('',(2.03621907184627,0.283464852551772,0.399744466780483));
#3119=CARTESIAN_POINT('',(2.01891438767475,0.290222161056776,0.399744466780483));
#3120=CARTESIAN_POINT('',(2.0014615450405,0.296705507423844,0.399744466780483));
#3121=CARTESIAN_POINT('',(1.9838653076795,0.302918677524653,0.399744466780483));
#3122=CARTESIAN_POINT('',(1.96613079499687,0.308867625882238,0.399744466780483));
#3123=CARTESIAN_POINT('',(1.94826251084769,0.314557705987367,0.399744466780483));
#3124=CARTESIAN_POINT('',(1.93026487882773,0.319995407526857,0.399744466780483));
#3125=CARTESIAN_POINT('',(1.91214157369852,0.325185968846259,0.399744466780483));
#3126=CARTESIAN_POINT('',(1.89389668181259,0.330137656501247,0.399744466780483));
#3127=CARTESIAN_POINT('',(1.87553108024694,0.334848133566859,0.399744466780483));
#3128=CARTESIAN_POINT('',(1.85704380993935,0.339307401262962,0.399744466780483));
#3129=CARTESIAN_POINT('',(1.83843471403007,0.343507353862839,0.399744466780483));
#3130=CARTESIAN_POINT('',(1.81970351781002,0.34743828490773,0.399744466780483));
#3131=CARTESIAN_POINT('',(1.80085032454965,0.351090607335494,0.399744466780483));
#3132=CARTESIAN_POINT('',(1.78187539720557,0.354453920524052,0.399744466780483));
#3133=CARTESIAN_POINT('',(1.7627793244697,0.357517513381553,0.399744466780483));
#3134=CARTESIAN_POINT('',(1.74356297796369,0.360270042448617,0.399744466780483));
#3135=CARTESIAN_POINT('',(1.72422759911514,0.36269977326875,0.399744466780483));
#3136=CARTESIAN_POINT('',(1.70801692618515,0.364445203696153,0.399744466780483));
#3137=CARTESIAN_POINT('',(1.69499071320705,0.365667675079461,0.399744466780483));
#3138=CARTESIAN_POINT('',(1.68519249390524,0.366495566205399,0.399744466780483));
#3139=CARTESIAN_POINT('',(1.67536638381589,0.367237045030835,0.399744466780483));
#3140=CARTESIAN_POINT('',(1.66222857298048,0.368115679667655,0.399744466780483));
#3141=CARTESIAN_POINT('',(1.6457395952956,0.369016513995866,0.399744466780483));
#3142=CARTESIAN_POINT('',(1.62584923274032,0.369811753608123,0.399744466780483));
#3143=CARTESIAN_POINT('',(1.60585691348705,0.370352212308067,0.399744466780483));
#3144=CARTESIAN_POINT('',(1.58576291857495,0.370669862372989,0.399744466780483));
#3145=CARTESIAN_POINT('',(1.56556627138598,0.37079737745301,0.399744466780483));
#3146=CARTESIAN_POINT('',(1.54526489678075,0.370768494283386,0.399744466780483));
#3147=CARTESIAN_POINT('',(1.52485574222117,0.370617369429828,0.399744466780483));
#3148=CARTESIAN_POINT('',(1.5043349640231,0.370379997722949,0.399744466780483));
#3149=CARTESIAN_POINT('',(1.4836980426944,0.370091634781191,0.399744466780483));
#3150=CARTESIAN_POINT('',(1.46294002500141,0.369792685905223,0.399744466780483));
#3151=CARTESIAN_POINT('',(1.43509473580942,0.369384487238012,0.399744466780483));
#3152=CARTESIAN_POINT('',(1.39996131060641,0.368855807855299,0.399744466780483));
#3153=CARTESIAN_POINT('',(1.35723579233903,0.368197049934763,0.399744466780483));
#3154=CARTESIAN_POINT('',(1.31389839152291,0.367518574646621,0.399744466780483));
#3155=CARTESIAN_POINT('',(1.28456602436333,0.367056729580646,0.399744466780483));
#3156=CARTESIAN_POINT('',(1.17656855930538,0.365359705433472,0.399744466780483));
#3157=CARTESIAN_POINT('',(0.980949498005499,0.362285834487328,0.399744466780483));
#3158=CARTESIAN_POINT('',(0.659996157266874,0.357242516403951,0.399744466780483));
#3159=CARTESIAN_POINT('',(0.316796744828064,0.351849633442805,0.399744466780483));
#3160=CARTESIAN_POINT('',(0.0815740522378178,0.348153448644273,0.399744466780483));
#3161=CARTESIAN_POINT('',(-0.0349072632950652,0.346323113047065,0.399744466780483));
#3162=CARTESIAN_POINT('',(2.23715522534647,0.,0.254605759486385));
#3163=CARTESIAN_POINT('',(2.23691063560425,0.000984010894775025,0.254561705421685));
#3164=CARTESIAN_POINT('',(2.23635251221513,0.00293472578055615,0.254463792124861));
#3165=CARTESIAN_POINT('',(2.23529182675744,0.00578630205959967,0.254285025877298));
#3166=CARTESIAN_POINT('',(2.23399774368776,0.00853810634291755,0.254072799451807));
#3167=CARTESIAN_POINT('',(2.23247070491654,0.0111653000942134,0.253826965864699));
#3168=CARTESIAN_POINT('',(2.23072326379799,0.0136480987041581,0.25354903876486));
#3169=CARTESIAN_POINT('',(2.2287789509092,0.0159760993685374,0.253242032587689));
#3170=CARTESIAN_POINT('',(2.22666841392008,0.0181504368678348,0.252909924061684));
#3171=CARTESIAN_POINT('',(2.22442465264875,0.0201830349210919,0.252556991915236));
#3172=CARTESIAN_POINT('',(2.22207918540385,0.0220938153252359,0.252187290817607));
#3173=CARTESIAN_POINT('',(2.21966001826862,0.023907416880713,0.2518043769379));
#3174=CARTESIAN_POINT('',(2.21719108365741,0.0256503486512436,0.251411241168919));
#3175=CARTESIAN_POINT('',(2.21510915881588,0.0270660928583219,0.25107719636537));
#3176=CARTESIAN_POINT('',(2.21343761907919,0.0281892664651159,0.250807156562466));
#3177=CARTESIAN_POINT('',(2.21176488476025,0.0293104254632605,0.250535581087111));
#3178=CARTESIAN_POINT('',(2.20967245857514,0.0307091938819658,0.250193420313979));
#3179=CARTESIAN_POINT('',(2.20715893399239,0.0323831854678001,0.24977884141939));
#3180=CARTESIAN_POINT('',(2.20464295524198,0.0340529220183352,0.249360596919773));
#3181=CARTESIAN_POINT('',(2.20212452425679,0.0357184472656155,0.248938968159986));
#3182=CARTESIAN_POINT('',(2.19960370583303,0.0373798906045735,0.24851421133861));
#3183=CARTESIAN_POINT('',(2.19708052423286,0.0390373217130216,0.248086571489595));
#3184=CARTESIAN_POINT('',(2.19371317509249,0.0412419793786482,0.247512813591172));
#3185=CARTESIAN_POINT('',(2.1894982278143,0.0439881267839591,0.246789473918673));
#3186=CARTESIAN_POINT('',(2.18274220703672,0.0483618144569463,0.24562088518311));
#3187=CARTESIAN_POINT('',(2.17427471564321,0.0537918725859504,0.244142403414597));
#3188=CARTESIAN_POINT('',(2.16407785081448,0.0602495258994349,0.242348384729174));
#3189=CARTESIAN_POINT('',(2.15384437509247,0.0666480724129044,0.240541773462861));
#3190=CARTESIAN_POINT('',(2.14357300614867,0.0729856745010455,0.23872885059354));
#3191=CARTESIAN_POINT('',(2.13326156102559,0.0792589233970005,0.236915818974913));
#3192=CARTESIAN_POINT('',(2.12290746656338,0.0854634369561356,0.235108231259845));
#3193=CARTESIAN_POINT('',(2.11250642232516,0.0915921280523645,0.233313178200343));
#3194=CARTESIAN_POINT('',(2.10205532709338,0.0976386525481816,0.231534703536184));
#3195=CARTESIAN_POINT('',(2.09155543827602,0.103601976163565,0.229770126331723));
#3196=CARTESIAN_POINT('',(2.08100741847539,0.109480445395503,0.22801809958449));
#3197=CARTESIAN_POINT('',(2.07041277573923,0.115273584181255,0.226276314158815));
#3198=CARTESIAN_POINT('',(2.05977315286213,0.120981282379463,0.224542667262421));
#3199=CARTESIAN_POINT('',(2.04909072456216,0.126604347013068,0.22281464291774));
#3200=CARTESIAN_POINT('',(2.03836787998029,0.132144126490701,0.221089803854542));
#3201=CARTESIAN_POINT('',(2.02760747871445,0.137602924299876,0.219365402892469));
#3202=CARTESIAN_POINT('',(2.01681238153355,0.142983318764187,0.217639040642956));
#3203=CARTESIAN_POINT('',(2.00598616364865,0.148289300970013,0.215907626662718));
#3204=CARTESIAN_POINT('',(1.99513099658926,0.153522946287163,0.214170333781694));
#3205=CARTESIAN_POINT('',(1.98424681217309,0.158682771607229,0.212429444827663));
#3206=CARTESIAN_POINT('',(1.97333411412518,0.1637681470411,0.210686323451277));
#3207=CARTESIAN_POINT('',(1.96239303209914,0.168777765019921,0.208942798173083));
#3208=CARTESIAN_POINT('',(1.94776755282183,0.175354950925574,0.206619444274769));
#3209=CARTESIAN_POINT('',(1.92941586642221,0.183380816685653,0.203722183909473));
#3210=CARTESIAN_POINT('',(1.90728389070949,0.192687887531082,0.200268450196754));
#3211=CARTESIAN_POINT('',(1.88504209263978,0.201655167537831,0.196851471374669));
#3212=CARTESIAN_POINT('',(1.86270068797449,0.210285378203851,0.193470369350413));
#3213=CARTESIAN_POINT('',(1.84027090985765,0.218584303808061,0.190122434157486));
#3214=CARTESIAN_POINT('',(1.81776329821522,0.226557322112775,0.186805521524242));
#3215=CARTESIAN_POINT('',(1.79518832034665,0.234210658540796,0.183517170219298));
#3216=CARTESIAN_POINT('',(1.77255611571863,0.241550945798107,0.180254871201828));
#3217=CARTESIAN_POINT('',(1.74987641306272,0.248584887063289,0.177016305563587));
#3218=CARTESIAN_POINT('',(1.7271588923511,0.255320297984958,0.173798552550466));
#3219=CARTESIAN_POINT('',(1.70441230788411,0.261763691195268,0.170599834052048));
#3220=CARTESIAN_POINT('',(1.68164631716358,0.267925224234038,0.167415878925683));
#3221=CARTESIAN_POINT('',(1.65886598238883,0.27380375189921,0.164250810860044));
#3222=CARTESIAN_POINT('',(1.63607240263612,0.279386759367251,0.161116982871512));
#3223=CARTESIAN_POINT('',(1.61326829927171,0.284665071350441,0.158024190914579));
#3224=CARTESIAN_POINT('',(1.59045620885296,0.289628073791374,0.154983236291664));
#3225=CARTESIAN_POINT('',(1.56763935643356,0.294265829889121,0.152004311771831));
#3226=CARTESIAN_POINT('',(1.54482134018402,0.298568485669813,0.149097610279342));
#3227=CARTESIAN_POINT('',(1.52200615109196,0.302525733990435,0.146273446119689));
#3228=CARTESIAN_POINT('',(1.49919856345601,0.30612886102358,0.143541325315053));
#3229=CARTESIAN_POINT('',(1.47640324169686,0.309366284549553,0.140912145388697));
#3230=CARTESIAN_POINT('',(1.45362711203639,0.312234976029028,0.138392502072591));
#3231=CARTESIAN_POINT('',(1.43088230448528,0.314762692029446,0.135973487804347));
#3232=CARTESIAN_POINT('',(1.4081786116449,0.316972132585886,0.133648671838295));
#3233=CARTESIAN_POINT('',(1.38552516952923,0.31888814831163,0.131410431734071));
#3234=CARTESIAN_POINT('',(1.36292977774067,0.320534158819423,0.129251789147818));
#3235=CARTESIAN_POINT('',(1.34039939120278,0.321933912532993,0.127165414957553));
#3236=CARTESIAN_POINT('',(1.3179399746062,0.323110368206741,0.125144372228242));
#3237=CARTESIAN_POINT('',(1.29928728655341,0.323923685834547,0.123508568226617));
#3238=CARTESIAN_POINT('',(1.28440543396055,0.324485096360039,0.122225760429315));
#3239=CARTESIAN_POINT('',(1.27326468529675,0.324864304110033,0.121275564361055));
#3240=CARTESIAN_POINT('',(1.26214506926057,0.325204433358272,0.120336270161516));
#3241=CARTESIAN_POINT('',(1.24734742162629,0.325608675364157,0.119099617504643));
#3242=CARTESIAN_POINT('',(1.22890443206202,0.326026935425591,0.117585570536761));
#3243=CARTESIAN_POINT('',(1.20686081364178,0.326405838636141,0.11582952361586));
#3244=CARTESIAN_POINT('',(1.18490644219471,0.32667736259149,0.114142479484342));
#3245=CARTESIAN_POINT('',(1.16304239886029,0.326857459903476,0.112533539970999));
#3246=CARTESIAN_POINT('',(1.14126955114045,0.326960971344087,0.111010735025109));
#3247=CARTESIAN_POINT('',(1.1195887665324,0.327002737690015,0.10958209460065));
#3248=CARTESIAN_POINT('',(1.09800073008059,0.326997276094235,0.108255618374487));
#3249=CARTESIAN_POINT('',(1.07650612681537,0.326959103714424,0.107039306037592));
#3250=CARTESIAN_POINT('',(1.05510572250133,0.326901224769513,0.105939863533835));
#3251=CARTESIAN_POINT('',(1.03380028289368,0.326836643487837,0.104963996797682));
#3252=CARTESIAN_POINT('',(1.00552133078993,0.326744830244548,0.103821883613145));
#3253=CARTESIAN_POINT('',(0.970416356581047,0.326625426280742,0.102681711926345));
#3254=CARTESIAN_POINT('',(0.928688006788159,0.326498198974412,0.101744238384143));
#3255=CARTESIAN_POINT('',(0.887364033423462,0.326406762036455,0.101205887978843));
#3256=CARTESIAN_POINT('',(0.860086254838719,0.326382628367224,0.10109298301355));
#3257=CARTESIAN_POINT('',(0.761004349569217,0.326382628367224,0.10109298301355));
#3258=CARTESIAN_POINT('',(0.604587974575639,0.326382628367224,0.10109298301355));
#3259=CARTESIAN_POINT('',(0.390876459672033,0.326382628367224,0.10109298301355));
#3260=CARTESIAN_POINT('',(0.188595356004383,0.326382628367224,0.10109298301355));
#3261=CARTESIAN_POINT('',(0.0569742900176267,0.326382628367224,0.10109298301355));
#3262=CARTESIAN_POINT('',(-0.0088278379532959,0.326382628367224,0.10109298301355));
#3263=CARTESIAN_POINT('',(2.23573904252566,0.,0.253154372411939));
#3264=CARTESIAN_POINT('',(2.23549509859648,0.000986977356137102,0.253109877805322));
#3265=CARTESIAN_POINT('',(2.23493761481262,0.0029434689021788,0.253010985379105));
#3266=CARTESIAN_POINT('',(2.23387576586809,0.00580301627400509,0.25283043146488));
#3267=CARTESIAN_POINT('',(2.23257829723555,0.00856184561955342,0.252616082777204));
#3268=CARTESIAN_POINT('',(2.2310456550251,0.0111948706362041,0.252367790855683));
#3269=CARTESIAN_POINT('',(2.22929051792731,0.0136821095042225,0.252087084483058));
#3270=CARTESIAN_POINT('',(2.22733665161134,0.0160130560125551,0.25177700824957));
#3271=CARTESIAN_POINT('',(2.22521501002664,0.018188856919911,0.25144157863713));
#3272=CARTESIAN_POINT('',(2.22295892276635,0.0202215558075341,0.251085117165596));
#3273=CARTESIAN_POINT('',(2.22060022312838,0.0221312743210708,0.250711719057132));
#3274=CARTESIAN_POINT('',(2.21816719700298,0.0239428982466132,0.250324976039286));
#3275=CARTESIAN_POINT('',(2.2156840158752,0.0256832023603801,0.249927908910452));
#3276=CARTESIAN_POINT('',(2.2135900657278,0.0270964375877728,0.249590523663429));
#3277=CARTESIAN_POINT('',(2.21190890057232,0.0282175387358387,0.249317783459675));
#3278=CARTESIAN_POINT('',(2.2102265653977,0.0293366245180926,0.249043492228578));
#3279=CARTESIAN_POINT('',(2.20812219143833,0.0307328111706991,0.248697909849736));
#3280=CARTESIAN_POINT('',(2.20559441254165,0.032403718426988,0.248279185167661));
#3281=CARTESIAN_POINT('',(2.2030642638328,0.0340703878040696,0.247856758221636));
#3282=CARTESIAN_POINT('',(2.20053174701891,0.0357328640733242,0.247430913173546));
#3283=CARTESIAN_POINT('',(2.19799692708902,0.0373912784073713,0.247001908785037));
#3284=CARTESIAN_POINT('',(2.19545982810307,0.0390457016644448,0.246569992535557));
#3285=CARTESIAN_POINT('',(2.19207403445202,0.0412463787028885,0.245990497057774));
#3286=CARTESIAN_POINT('',(2.1878362410439,0.0439876091666063,0.245259923990337));
#3287=CARTESIAN_POINT('',(2.18104411048801,0.048353565320724,0.244079649369582));
#3288=CARTESIAN_POINT('',(2.17253230774485,0.0537742301790017,0.242586382783901));
#3289=CARTESIAN_POINT('',(2.16228356261193,0.0602210848518951,0.240774423910118));
#3290=CARTESIAN_POINT('',(2.15199946376326,0.0666093299222385,0.238949746531237));
#3291=CARTESIAN_POINT('',(2.14167867657906,0.0729371283902008,0.237118694432047));
#3292=CARTESIAN_POINT('',(2.13131895678573,0.0792010563926922,0.235287532497186));
#3293=CARTESIAN_POINT('',(2.12091766601806,0.0853967069491904,0.233461868906379));
#3294=CARTESIAN_POINT('',(2.11047042136483,0.091516941056183,0.23164886531219));
#3295=CARTESIAN_POINT('',(2.09997404567585,0.0975553575255747,0.229852605903835));
#3296=CARTESIAN_POINT('',(2.08942976404562,0.103510918131631,0.228070382925166));
#3297=CARTESIAN_POINT('',(2.07883820079034,0.109381959241343,0.226300835909379));
#3298=CARTESIAN_POINT('',(2.06820083414156,0.115168006409762,0.224541632634386));
#3299=CARTESIAN_POINT('',(2.05751927751025,0.120868943259516,0.22279064926724));
#3300=CARTESIAN_POINT('',(2.04679568155928,0.126485579748141,0.221045344679395));
#3301=CARTESIAN_POINT('',(2.03603241351424,0.132019272622465,0.219303257225613));
#3302=CARTESIAN_POINT('',(2.02523231576521,0.137472343264447,0.217561612251332));
#3303=CARTESIAN_POINT('',(2.01439823468091,0.142847381679625,0.215817986383321));
#3304=CARTESIAN_POINT('',(2.00353373820174,0.148148404768465,0.214069258256884));
#3305=CARTESIAN_POINT('',(1.9926409765626,0.153377494560048,0.212314592448413));
#3306=CARTESIAN_POINT('',(1.98171983788207,0.158533139009172,0.210556294604043));
#3307=CARTESIAN_POINT('',(1.97077079264996,0.163614681575523,0.208795742017468));
#3308=CARTESIAN_POINT('',(1.95979393353177,0.168620781281016,0.20703478148461));
#3309=CARTESIAN_POINT('',(1.9451214652988,0.175193655528743,0.204688194052251));
#3310=CARTESIAN_POINT('',(1.92671228775814,0.183214754232592,0.201761961078035));
#3311=CARTESIAN_POINT('',(1.90451307156009,0.192516797482457,0.198273690031246));
#3312=CARTESIAN_POINT('',(1.88220552208141,0.201479391214278,0.194822541418964));
#3313=CARTESIAN_POINT('',(1.85979973745516,0.210105076330864,0.19140762837282));
#3314=CARTESIAN_POINT('',(1.83730684846258,0.218399481201385,0.188026213833044));
#3315=CARTESIAN_POINT('',(1.81473731952965,0.226367829869947,0.184676132073468));
#3316=CARTESIAN_POINT('',(1.79210154029255,0.23401617028692,0.181354897252557));
#3317=CARTESIAN_POINT('',(1.76940967715131,0.241351144314785,0.178059975244348));
#3318=CARTESIAN_POINT('',(1.74667151175896,0.248379524725283,0.174789023950712));
#3319=CARTESIAN_POINT('',(1.72389676749994,0.255109181513469,0.171539093407978));
#3320=CARTESIAN_POINT('',(1.70109424024331,0.261546679579257,0.168308387724152));
#3321=CARTESIAN_POINT('',(1.67827363645724,0.26770225486882,0.165092593049768));
#3322=CARTESIAN_POINT('',(1.65544002676391,0.273574734343776,0.161895874298911));
#3323=CARTESIAN_POINT('',(1.63259447358536,0.27915144018831,0.158730708032516));
#3324=CARTESIAN_POINT('',(1.60973967431258,0.284423045804371,0.155606988156579));
#3325=CARTESIAN_POINT('',(1.5868781458308,0.289378777467203,0.15253562398447));
#3326=CARTESIAN_POINT('',(1.5640131012108,0.294008534109123,0.149526910224801));
#3327=CARTESIAN_POINT('',(1.5411481378471,0.298302310836261,0.146591141713155));
#3328=CARTESIAN_POINT('',(1.51828724578202,0.302249614765514,0.143738735912611));
#3329=CARTESIAN_POINT('',(1.49543523828698,0.305841668298476,0.140979293899882));
#3330=CARTESIAN_POINT('',(1.47259683601491,0.30906687338557,0.138323822177977));
#3331=CARTESIAN_POINT('',(1.44977903601772,0.311922252250314,0.135778982422596));
#3332=CARTESIAN_POINT('',(1.42699409234917,0.314435936100663,0.13333577801769));
#3333=CARTESIAN_POINT('',(1.40425189451806,0.316630947838249,0.130987713886945));
#3334=CARTESIAN_POINT('',(1.38156166725345,0.318532490589836,0.128727091384595));
#3335=CARTESIAN_POINT('',(1.35893128227164,0.320164325269993,0.126546862371397));
#3336=CARTESIAN_POINT('',(1.33636775533729,0.321550551235765,0.124439624440453));
#3337=CARTESIAN_POINT('',(1.31387709835791,0.322714474158614,0.122398371279899));
#3338=CARTESIAN_POINT('',(1.2951999901555,0.323518470657812,0.12074620924089));
#3339=CARTESIAN_POINT('',(1.28029958117053,0.324073270571434,0.11945057336618));
#3340=CARTESIAN_POINT('',(1.26914540721109,0.324447991486071,0.118490875339024));
#3341=CARTESIAN_POINT('',(1.25801285611177,0.324784107238724,0.11754218819796));
#3342=CARTESIAN_POINT('',(1.24319861011373,0.325183605321827,0.11629316900864));
#3343=CARTESIAN_POINT('',(1.22473608042855,0.325597039639841,0.114763981573289));
#3344=CARTESIAN_POINT('',(1.20267092945282,0.325971779488256,0.11299037418365));
#3345=CARTESIAN_POINT('',(1.18069693747977,0.326240614094512,0.111286459612885));
#3346=CARTESIAN_POINT('',(1.15881519366258,0.326419335876382,0.10966143070455));
#3347=CARTESIAN_POINT('',(1.13702658393846,0.326522607282199,0.10812339770953));
#3348=CARTESIAN_POINT('',(1.11533200523053,0.326565080122388,0.106680470878711));
#3349=CARTESIAN_POINT('',(1.09373217995698,0.326561075162524,0.105340729889581));
#3350=CARTESIAN_POINT('',(1.07222783844625,0.326524894770529,0.104112254429034));
#3351=CARTESIAN_POINT('',(1.05081979929978,0.326469320667563,0.103001817499252));
#3352=CARTESIAN_POINT('',(1.02950888546913,0.326407083064181,0.102016192097713));
#3353=CARTESIAN_POINT('',(1.00122559673988,0.326318433676071,0.100862657781095));
#3354=CARTESIAN_POINT('',(0.966120907040887,0.32620312246542,0.0997110843803906));
#3355=CARTESIAN_POINT('',(0.924402528930157,0.326081210462504,0.0987642361014969));
#3356=CARTESIAN_POINT('',(0.883098689838329,0.325995643908425,0.0982205021869704));
#3357=CARTESIAN_POINT('',(0.855841457145683,0.325975887356454,0.098106468173999));
#3358=CARTESIAN_POINT('',(0.756848707472466,0.325992857595434,0.098106468173999));
#3359=CARTESIAN_POINT('',(0.600824359337907,0.326023596308328,0.098106468173999));
#3360=CARTESIAN_POINT('',(0.388185262697777,0.326074029485822,0.098106468173999));
#3361=CARTESIAN_POINT('',(0.187313342118404,0.32612795831581,0.098106468173999));
#3362=CARTESIAN_POINT('',(0.0567282923989049,0.326164920165912,0.098106468173999));
#3363=CARTESIAN_POINT('',(-0.00856704369907871,0.326183223519768,0.098106468173999));
#3364=MECHANICAL_DESIGN_GEOMETRIC_PRESENTATION_REPRESENTATION('',(#352),
#3365);
#3365=(
GEOMETRIC_REPRESENTATION_CONTEXT(3)
GLOBAL_UNCERTAINTY_ASSIGNED_CONTEXT((#3366))
GLOBAL_UNIT_ASSIGNED_CONTEXT((#3369,#3368,#3367))
REPRESENTATION_CONTEXT('   Shell','TOP_LEVEL_ASSEMBLY_PART')
);
#3366=UNCERTAINTY_MEASURE_WITH_UNIT(LENGTH_MEASURE(2.E-5),#3369,
'DISTANCE_ACCURACY_VALUE','Maximum Tolerance applied to model');
#3367=(
NAMED_UNIT(*)
SI_UNIT($,.STERADIAN.)
SOLID_ANGLE_UNIT()
);
#3368=(
NAMED_UNIT(*)
PLANE_ANGLE_UNIT()
SI_UNIT($,.RADIAN.)
);
#3369=(
LENGTH_UNIT()
NAMED_UNIT(*)
SI_UNIT($,.METRE.)
);
#3370=PRODUCT_DEFINITION_SHAPE('','',#3371);
#3371=PRODUCT_DEFINITION('','',#3373,#3372);
#3372=PRODUCT_DEFINITION_CONTEXT('',#3379,'design');
#3373=PRODUCT_DEFINITION_FORMATION_WITH_SPECIFIED_SOURCE('','',#3375,
 .NOT_KNOWN.);
#3374=PRODUCT_RELATED_PRODUCT_CATEGORY('','',(#3375));
#3375=PRODUCT('   Shell','   Shell','   Shell',(#3377));
#3376=PRODUCT_CATEGORY('','');
#3377=PRODUCT_CONTEXT('',#3379,'mechanical');
#3378=APPLICATION_PROTOCOL_DEFINITION('international standard',
'ap242_managed_model_based_3d_engineering',2011,#3379);
#3379=APPLICATION_CONTEXT('managed model based 3d engineering');
ENDSEC;
END-ISO-10303-21;
