ISO-10303-21;
HEADER;
/* Generated by software containing ST-Developer
 * from STEP Tools, Inc. (www.steptools.com) 
 */
/* OPTION: using custom renumber hook */

FILE_DESCRIPTION(
/* description */ ('STEP AP242 Edition 2',
'CAx-IF Rec.Pracs.---Representation and Presentation of Product Manufa
cturing Information (PMI)---4.0---2014-10-13',
'CAx-IF Rec.Pracs.---3D Tessellated Geometry---0.4---2014-09-14','2;1',
'CAx-IF Rec.Pracs.---User Defined Attributes---1.5---2016-08-15'),
/* implementation_level */ '2;1');

FILE_NAME(
/* name */ 'Part 1(1) - Part 1',
/* time_stamp */ '2026-09-29T03:13:46Z',
/* author */ (''),
/* organization */ (''),
/* preprocessor_version */ 'ST-DEVELOPER v20',
/* originating_system */ 'ONSHAPE BY PTC INC, 1.221',
/* authorisation */ '  ');

FILE_SCHEMA (('AP242_MANAGED_MODEL_BASED_3D_ENGINEERING_MIM_LF { 1 0 10303 442 3 1 4 }'));
ENDSEC;

DATA;
#10=SHAPE_REPRESENTATION_RELATIONSHIP('','',#1102,#11);
#11=ADVANCED_BREP_SHAPE_REPRESENTATION('',(#1100),#3841);
#12=PLANE('',#1108);
#13=PLANE('',#1109);
#14=CIRCLE('',#1104,1.64089870561036);
#15=CIRCLE('',#1105,1.90172729472389);
#16=CIRCLE('',#1106,1.90173887548844);
#17=CIRCLE('',#1107,1.64089869077167);
#18=B_SPLINE_CURVE_WITH_KNOTS('',3,(#1449,#1450,#1451,#1452,#1453,#1454,
#1455,#1456,#1457,#1458,#1459,#1460,#1461,#1462,#1463,#1464,#1465,#1466,
#1467,#1468,#1469,#1470,#1471,#1472),.UNSPECIFIED.,.F.,.F.,(4,1,1,1,1,1,
1,1,1,1,1,1,1,1,1,1,1,1,1,1,1,4),(0.,0.125,0.1875,0.25,0.3125,0.375,0.40625,
0.4375,0.46875,0.484375,0.4921875,0.5,0.5078125,0.515625,0.53125,0.5625,
0.59375,0.625,0.6875,0.75,0.875,1.),.UNSPECIFIED.);
#19=B_SPLINE_CURVE_WITH_KNOTS('',3,(#1474,#1475,#1476,#1477),
 .UNSPECIFIED.,.F.,.F.,(4,4),(0.,1.),.UNSPECIFIED.);
#20=B_SPLINE_CURVE_WITH_KNOTS('',3,(#1479,#1480,#1481,#1482),
 .UNSPECIFIED.,.F.,.F.,(4,4),(0.,1.),.UNSPECIFIED.);
#21=B_SPLINE_CURVE_WITH_KNOTS('',3,(#1484,#1485,#1486,#1487,#1488,#1489,
#1490,#1491,#1492,#1493,#1494,#1495,#1496,#1497,#1498,#1499,#1500,#1501,
#1502,#1503,#1504,#1505,#1506,#1507),.UNSPECIFIED.,.F.,.F.,(4,1,1,1,1,1,
1,1,1,1,1,1,1,1,1,1,1,1,1,1,1,4),(0.,0.125,0.25,0.3125,0.375,0.40625,0.4375,
0.46875,0.484375,0.4921875,0.5,0.5078125,0.515625,0.53125,0.5625,0.59375,
0.625,0.6875,0.75,0.8125,0.875,1.),.UNSPECIFIED.);
#22=B_SPLINE_CURVE_WITH_KNOTS('',3,(#1509,#1510,#1511,#1512,#1513,#1514,
#1515,#1516,#1517,#1518,#1519,#1520,#1521,#1522,#1523,#1524,#1525,#1526,
#1527),.UNSPECIFIED.,.F.,.F.,(4,1,1,1,1,1,1,1,1,1,1,1,1,1,1,1,4),(0.,0.125,
0.25,0.3125,0.375,0.4375,0.46875,0.484375,0.5,0.515625,0.53125,0.5625,0.625,
0.6875,0.75,0.875,1.),.UNSPECIFIED.);
#23=B_SPLINE_CURVE_WITH_KNOTS('',3,(#1529,#1530,#1531,#1532,#1533,#1534,
#1535,#1536,#1537,#1538,#1539,#1540,#1541,#1542,#1543),.UNSPECIFIED.,.F.,
 .F.,(4,1,1,1,1,1,1,1,1,1,1,1,4),(0.,0.125,0.25,0.375,0.4375,0.46875,0.5,
0.53125,0.5625,0.625,0.75,0.875,1.),.UNSPECIFIED.);
#24=B_SPLINE_CURVE_WITH_KNOTS('',3,(#1545,#1546,#1547,#1548),
 .UNSPECIFIED.,.F.,.F.,(4,4),(0.,1.),.UNSPECIFIED.);
#25=B_SPLINE_CURVE_WITH_KNOTS('',3,(#1550,#1551,#1552,#1553),
 .UNSPECIFIED.,.F.,.F.,(4,4),(0.,1.),.UNSPECIFIED.);
#26=B_SPLINE_CURVE_WITH_KNOTS('',3,(#1555,#1556,#1557,#1558),
 .UNSPECIFIED.,.F.,.F.,(4,4),(0.,1.),.UNSPECIFIED.);
#27=B_SPLINE_CURVE_WITH_KNOTS('',3,(#1560,#1561,#1562,#1563),
 .UNSPECIFIED.,.F.,.F.,(4,4),(0.,1.),.UNSPECIFIED.);
#28=B_SPLINE_CURVE_WITH_KNOTS('',3,(#1565,#1566,#1567,#1568),
 .UNSPECIFIED.,.F.,.F.,(4,4),(0.,1.),.UNSPECIFIED.);
#29=B_SPLINE_CURVE_WITH_KNOTS('',3,(#1570,#1571,#1572,#1573),
 .UNSPECIFIED.,.F.,.F.,(4,4),(0.,1.),.UNSPECIFIED.);
#30=B_SPLINE_CURVE_WITH_KNOTS('',3,(#1575,#1576,#1577,#1578),
 .UNSPECIFIED.,.F.,.F.,(4,4),(0.,1.),.UNSPECIFIED.);
#31=B_SPLINE_CURVE_WITH_KNOTS('',3,(#1580,#1581,#1582,#1583),
 .UNSPECIFIED.,.F.,.F.,(4,4),(0.,1.),.UNSPECIFIED.);
#32=B_SPLINE_CURVE_WITH_KNOTS('',3,(#1585,#1586,#1587,#1588),
 .UNSPECIFIED.,.F.,.F.,(4,4),(0.,1.),.UNSPECIFIED.);
#33=B_SPLINE_CURVE_WITH_KNOTS('',3,(#1590,#1591,#1592,#1593),
 .UNSPECIFIED.,.F.,.F.,(4,4),(0.,1.),.UNSPECIFIED.);
#34=B_SPLINE_CURVE_WITH_KNOTS('',3,(#1595,#1596,#1597,#1598),
 .UNSPECIFIED.,.F.,.F.,(4,4),(0.,1.),.UNSPECIFIED.);
#35=B_SPLINE_CURVE_WITH_KNOTS('',3,(#1600,#1601,#1602,#1603),
 .UNSPECIFIED.,.F.,.F.,(4,4),(0.,1.),.UNSPECIFIED.);
#36=B_SPLINE_CURVE_WITH_KNOTS('',3,(#1605,#1606,#1607,#1608),
 .UNSPECIFIED.,.F.,.F.,(4,4),(0.,1.),.UNSPECIFIED.);
#37=B_SPLINE_CURVE_WITH_KNOTS('',3,(#1610,#1611,#1612,#1613),
 .UNSPECIFIED.,.F.,.F.,(4,4),(0.,1.),.UNSPECIFIED.);
#38=B_SPLINE_CURVE_WITH_KNOTS('',3,(#1615,#1616,#1617,#1618),
 .UNSPECIFIED.,.F.,.F.,(4,4),(0.,1.),.UNSPECIFIED.);
#39=B_SPLINE_CURVE_WITH_KNOTS('',3,(#1620,#1621,#1622,#1623),
 .UNSPECIFIED.,.F.,.F.,(4,4),(0.,1.),.UNSPECIFIED.);
#40=B_SPLINE_CURVE_WITH_KNOTS('',3,(#1625,#1626,#1627,#1628),
 .UNSPECIFIED.,.F.,.F.,(4,4),(0.,1.),.UNSPECIFIED.);
#41=B_SPLINE_CURVE_WITH_KNOTS('',3,(#1630,#1631,#1632,#1633),
 .UNSPECIFIED.,.F.,.F.,(4,4),(0.,1.),.UNSPECIFIED.);
#42=B_SPLINE_CURVE_WITH_KNOTS('',3,(#1635,#1636,#1637,#1638),
 .UNSPECIFIED.,.F.,.F.,(4,4),(0.,1.),.UNSPECIFIED.);
#43=B_SPLINE_CURVE_WITH_KNOTS('',3,(#1640,#1641,#1642,#1643),
 .UNSPECIFIED.,.F.,.F.,(4,4),(0.,1.),.UNSPECIFIED.);
#44=B_SPLINE_CURVE_WITH_KNOTS('',3,(#1645,#1646,#1647,#1648),
 .UNSPECIFIED.,.F.,.F.,(4,4),(0.,1.),.UNSPECIFIED.);
#45=B_SPLINE_CURVE_WITH_KNOTS('',3,(#1650,#1651,#1652,#1653),
 .UNSPECIFIED.,.F.,.F.,(4,4),(0.,1.),.UNSPECIFIED.);
#46=B_SPLINE_CURVE_WITH_KNOTS('',3,(#1655,#1656,#1657,#1658),
 .UNSPECIFIED.,.F.,.F.,(4,4),(0.,1.),.UNSPECIFIED.);
#47=B_SPLINE_CURVE_WITH_KNOTS('',3,(#1660,#1661,#1662,#1663),
 .UNSPECIFIED.,.F.,.F.,(4,4),(0.,1.),.UNSPECIFIED.);
#48=B_SPLINE_CURVE_WITH_KNOTS('',3,(#1665,#1666,#1667,#1668),
 .UNSPECIFIED.,.F.,.F.,(4,4),(0.,1.),.UNSPECIFIED.);
#49=B_SPLINE_CURVE_WITH_KNOTS('',3,(#1670,#1671,#1672,#1673),
 .UNSPECIFIED.,.F.,.F.,(4,4),(0.,1.),.UNSPECIFIED.);
#50=B_SPLINE_CURVE_WITH_KNOTS('',3,(#1675,#1676,#1677,#1678),
 .UNSPECIFIED.,.F.,.F.,(4,4),(0.,1.),.UNSPECIFIED.);
#51=B_SPLINE_CURVE_WITH_KNOTS('',3,(#1680,#1681,#1682,#1683),
 .UNSPECIFIED.,.F.,.F.,(4,4),(0.,1.),.UNSPECIFIED.);
#52=B_SPLINE_CURVE_WITH_KNOTS('',3,(#1685,#1686,#1687,#1688),
 .UNSPECIFIED.,.F.,.F.,(4,4),(0.,1.),.UNSPECIFIED.);
#53=B_SPLINE_CURVE_WITH_KNOTS('',3,(#1690,#1691,#1692,#1693),
 .UNSPECIFIED.,.F.,.F.,(4,4),(0.,1.),.UNSPECIFIED.);
#54=B_SPLINE_CURVE_WITH_KNOTS('',3,(#1695,#1696,#1697,#1698),
 .UNSPECIFIED.,.F.,.F.,(4,4),(0.,1.),.UNSPECIFIED.);
#55=B_SPLINE_CURVE_WITH_KNOTS('',3,(#1700,#1701,#1702,#1703),
 .UNSPECIFIED.,.F.,.F.,(4,4),(0.,1.),.UNSPECIFIED.);
#56=B_SPLINE_CURVE_WITH_KNOTS('',3,(#1705,#1706,#1707,#1708),
 .UNSPECIFIED.,.F.,.F.,(4,4),(0.,1.),.UNSPECIFIED.);
#57=B_SPLINE_CURVE_WITH_KNOTS('',3,(#1710,#1711,#1712,#1713),
 .UNSPECIFIED.,.F.,.F.,(4,4),(0.,1.),.UNSPECIFIED.);
#58=B_SPLINE_CURVE_WITH_KNOTS('',3,(#1715,#1716,#1717,#1718),
 .UNSPECIFIED.,.F.,.F.,(4,4),(0.,1.),.UNSPECIFIED.);
#59=B_SPLINE_CURVE_WITH_KNOTS('',3,(#1720,#1721,#1722,#1723),
 .UNSPECIFIED.,.F.,.F.,(4,4),(0.,1.),.UNSPECIFIED.);
#60=B_SPLINE_CURVE_WITH_KNOTS('',3,(#1725,#1726,#1727,#1728),
 .UNSPECIFIED.,.F.,.F.,(4,4),(0.,1.),.UNSPECIFIED.);
#61=B_SPLINE_CURVE_WITH_KNOTS('',3,(#1730,#1731,#1732,#1733),
 .UNSPECIFIED.,.F.,.F.,(4,4),(0.,1.),.UNSPECIFIED.);
#62=B_SPLINE_CURVE_WITH_KNOTS('',3,(#1735,#1736,#1737,#1738),
 .UNSPECIFIED.,.F.,.F.,(4,4),(0.,1.),.UNSPECIFIED.);
#63=B_SPLINE_CURVE_WITH_KNOTS('',3,(#1740,#1741,#1742,#1743),
 .UNSPECIFIED.,.F.,.F.,(4,4),(0.,1.),.UNSPECIFIED.);
#64=B_SPLINE_CURVE_WITH_KNOTS('',3,(#1745,#1746,#1747,#1748),
 .UNSPECIFIED.,.F.,.F.,(4,4),(0.,1.),.UNSPECIFIED.);
#65=B_SPLINE_CURVE_WITH_KNOTS('',3,(#1750,#1751,#1752,#1753),
 .UNSPECIFIED.,.F.,.F.,(4,4),(0.,1.),.UNSPECIFIED.);
#66=B_SPLINE_CURVE_WITH_KNOTS('',3,(#1757,#1758,#1759,#1760),
 .UNSPECIFIED.,.F.,.F.,(4,4),(0.,0.000464651557623263),.UNSPECIFIED.);
#67=B_SPLINE_CURVE_WITH_KNOTS('',3,(#1762,#1763,#1764,#1765),
 .UNSPECIFIED.,.F.,.F.,(4,4),(0.000464651557623263,0.000929704912599188),
 .UNSPECIFIED.);
#68=B_SPLINE_CURVE_WITH_KNOTS('',3,(#1767,#1768,#1769,#1770),
 .UNSPECIFIED.,.F.,.F.,(4,4),(0.000929704912599188,0.00185486309481117),
 .UNSPECIFIED.);
#69=B_SPLINE_CURVE_WITH_KNOTS('',3,(#1772,#1773,#1774,#1775),
 .UNSPECIFIED.,.F.,.F.,(4,4),(0.00185486309481117,0.00369589463596552),
 .UNSPECIFIED.);
#70=B_SPLINE_CURVE_WITH_KNOTS('',3,(#1777,#1778,#1779,#1780),
 .UNSPECIFIED.,.F.,.F.,(4,4),(0.00369589463596552,0.00737859757394757),
 .UNSPECIFIED.);
#71=B_SPLINE_CURVE_WITH_KNOTS('',3,(#1782,#1783,#1784,#1785),
 .UNSPECIFIED.,.F.,.F.,(4,4),(0.00737859757394757,0.0110901873589559),
 .UNSPECIFIED.);
#72=B_SPLINE_CURVE_WITH_KNOTS('',3,(#1787,#1788,#1789,#1790),
 .UNSPECIFIED.,.F.,.F.,(4,4),(0.0110901873589559,0.0147749893509655),
 .UNSPECIFIED.);
#73=B_SPLINE_CURVE_WITH_KNOTS('',3,(#1792,#1793,#1794,#1795),
 .UNSPECIFIED.,.F.,.F.,(4,4),(0.0147749893509655,0.0221875058075536),
 .UNSPECIFIED.);
#74=B_SPLINE_CURVE_WITH_KNOTS('',3,(#1797,#1798,#1799,#1800),
 .UNSPECIFIED.,.F.,.F.,(4,4),(0.0221875058075536,0.0295987516028006),
 .UNSPECIFIED.);
#75=B_SPLINE_CURVE_WITH_KNOTS('',3,(#1802,#1803,#1804,#1805),
 .UNSPECIFIED.,.F.,.F.,(4,4),(0.0295987516028006,0.0592297538155603),
 .UNSPECIFIED.);
#76=B_SPLINE_CURVE_WITH_KNOTS('',3,(#1807,#1808,#1809,#1810),
 .UNSPECIFIED.,.F.,.F.,(4,4),(0.0592297538155603,0.0888456197896506),
 .UNSPECIFIED.);
#77=B_SPLINE_CURVE_WITH_KNOTS('',3,(#1812,#1813,#1814,#1815),
 .UNSPECIFIED.,.F.,.F.,(4,4),(0.0888456197896506,0.118456299785625),
 .UNSPECIFIED.);
#78=B_SPLINE_CURVE_WITH_KNOTS('',3,(#1817,#1818,#1819,#1820),
 .UNSPECIFIED.,.F.,.F.,(4,4),(0.118456299785625,0.14807102685952),
 .UNSPECIFIED.);
#79=B_SPLINE_CURVE_WITH_KNOTS('',3,(#1822,#1823,#1824,#1825),
 .UNSPECIFIED.,.F.,.F.,(4,4),(0.14807102685952,0.177717623597309),
 .UNSPECIFIED.);
#80=B_SPLINE_CURVE_WITH_KNOTS('',3,(#1827,#1828,#1829,#1830),
 .UNSPECIFIED.,.F.,.F.,(4,4),(0.177717623597309,0.236885406102847),
 .UNSPECIFIED.);
#81=B_SPLINE_CURVE_WITH_KNOTS('',3,(#1832,#1833,#1834,#1835,#1836),
 .UNSPECIFIED.,.F.,.F.,(4,1,4),(0.236885406102847,0.296123366972196,0.355361327841547),
 .UNSPECIFIED.);
#82=B_SPLINE_CURVE_WITH_KNOTS('',3,(#1838,#1839,#1840,#1841,#1842),
 .UNSPECIFIED.,.F.,.F.,(4,1,4),(0.355361327841547,0.41557793621436,0.475794544587173),
 .UNSPECIFIED.);
#83=B_SPLINE_CURVE_WITH_KNOTS('',3,(#1844,#1845,#1846,#1847),
 .UNSPECIFIED.,.F.,.F.,(4,4),(0.475794544587173,0.537433888306752),
 .UNSPECIFIED.);
#84=B_SPLINE_CURVE_WITH_KNOTS('',3,(#1849,#1850,#1851,#1852),
 .UNSPECIFIED.,.F.,.F.,(4,4),(0.537433888306752,0.568736200640638),
 .UNSPECIFIED.);
#85=B_SPLINE_CURVE_WITH_KNOTS('',3,(#1854,#1855,#1856,#1857),
 .UNSPECIFIED.,.F.,.F.,(4,4),(0.568736200640638,0.600215968872731),
 .UNSPECIFIED.);
#86=B_SPLINE_CURVE_WITH_KNOTS('',3,(#1859,#1860,#1861,#1862,#1863),
 .UNSPECIFIED.,.F.,.F.,(4,1,4),(0.600215968872731,0.664307489064415,0.728399009256099),
 .UNSPECIFIED.);
#87=B_SPLINE_CURVE_WITH_KNOTS('',3,(#1865,#1866,#1867,#1868,#1869,#1870,
#1871,#1872),.UNSPECIFIED.,.F.,.F.,(4,1,1,1,1,4),(0.728399009256099,0.796299256942074,
0.830249380785062,0.86419950462805,0.932099752314025,1.),.UNSPECIFIED.);
#88=B_SPLINE_CURVE_WITH_KNOTS('',3,(#2075,#2076,#2077,#2078),
 .UNSPECIFIED.,.F.,.F.,(4,4),(0.,1.),.UNSPECIFIED.);
#89=B_SPLINE_CURVE_WITH_KNOTS('',3,(#2081,#2082,#2083,#2084),
 .UNSPECIFIED.,.F.,.F.,(4,4),(0.,1.),.UNSPECIFIED.);
#90=B_SPLINE_CURVE_WITH_KNOTS('',3,(#2088,#2089,#2090,#2091),
 .UNSPECIFIED.,.F.,.F.,(4,4),(0.,1.),.UNSPECIFIED.);
#91=B_SPLINE_CURVE_WITH_KNOTS('',3,(#2093,#2094,#2095,#2096),
 .UNSPECIFIED.,.F.,.F.,(4,4),(0.,1.),.UNSPECIFIED.);
#92=B_SPLINE_CURVE_WITH_KNOTS('',3,(#2098,#2099,#2100,#2101),
 .UNSPECIFIED.,.F.,.F.,(4,4),(0.,1.),.UNSPECIFIED.);
#93=B_SPLINE_CURVE_WITH_KNOTS('',3,(#2103,#2104,#2105,#2106),
 .UNSPECIFIED.,.F.,.F.,(4,4),(0.,1.),.UNSPECIFIED.);
#94=B_SPLINE_CURVE_WITH_KNOTS('',3,(#2108,#2109,#2110,#2111),
 .UNSPECIFIED.,.F.,.F.,(4,4),(0.,1.),.UNSPECIFIED.);
#95=B_SPLINE_CURVE_WITH_KNOTS('',3,(#2113,#2114,#2115,#2116),
 .UNSPECIFIED.,.F.,.F.,(4,4),(0.,1.),.UNSPECIFIED.);
#96=B_SPLINE_CURVE_WITH_KNOTS('',3,(#2120,#2121,#2122,#2123),
 .UNSPECIFIED.,.F.,.F.,(4,4),(0.,1.),.UNSPECIFIED.);
#97=B_SPLINE_CURVE_WITH_KNOTS('',3,(#2125,#2126,#2127,#2128),
 .UNSPECIFIED.,.F.,.F.,(4,4),(0.,1.),.UNSPECIFIED.);
#98=B_SPLINE_CURVE_WITH_KNOTS('',3,(#2130,#2131,#2132,#2133),
 .UNSPECIFIED.,.F.,.F.,(4,4),(0.,1.),.UNSPECIFIED.);
#99=B_SPLINE_CURVE_WITH_KNOTS('',3,(#2135,#2136,#2137,#2138),
 .UNSPECIFIED.,.F.,.F.,(4,4),(0.,1.),.UNSPECIFIED.);
#100=B_SPLINE_CURVE_WITH_KNOTS('',3,(#2146,#2147,#2148,#2149,#2150,#2151,
#2152,#2153,#2154,#2155,#2156,#2157,#2158,#2159,#2160,#2161,#2162,#2163,
#2164,#2165,#2166,#2167,#2168,#2169,#2170,#2171,#2172,#2173,#2174,#2175,
#2176,#2177,#2178,#2179,#2180,#2181,#2182,#2183,#2184,#2185,#2186,#2187,
#2188,#2189,#2190,#2191,#2192,#2193,#2194,#2195,#2196,#2197,#2198,#2199,
#2200,#2201,#2202,#2203,#2204,#2205,#2206),.UNSPECIFIED.,.F.,.F.,(4,1,1,
1,1,1,1,1,1,1,1,1,1,1,1,1,1,1,1,1,1,1,1,1,1,1,1,1,1,1,1,1,1,1,1,1,1,1,1,
1,1,1,1,1,1,1,1,1,1,1,1,1,1,1,1,1,1,1,4),(-1.5399,-1.523028125,-1.50615625,
-1.4977203125,-1.489284375,-1.4808484375,-1.4724125,-1.4639765625,-1.455540625,
-1.4471046875,-1.43866875,-1.4302328125,-1.421796875,-1.4133609375,-1.404925,
-1.3964890625,-1.388053125,-1.3796171875,-1.37118125,-1.3627453125,-1.354309375,
-1.3458734375,-1.3374375,-1.3290015625,-1.320565625,-1.3121296875,-1.30369375,
-1.2952578125,-1.286821875,-1.2783859375,-1.26995,-1.2615140625,-1.253078125,
-1.2446421875,-1.23620625,-1.2277703125,-1.219334375,-1.2108984375,-1.2024625,
-1.1940265625,-1.185590625,-1.1771546875,-1.16871875,-1.1602828125,-1.151846875,
-1.1434109375,-1.134975,-1.118103125,-1.1096671875,-1.10123125,-1.0927953125,
-1.084359375,-1.0759234375,-1.0674875,-1.0590515625,-1.050615625,-1.03374375,
-1.016871875,-1.),.UNSPECIFIED.);
#101=B_SPLINE_CURVE_WITH_KNOTS('',3,(#2207,#2208,#2209,#2210),
 .UNSPECIFIED.,.F.,.F.,(4,4),(0.,1.),.UNSPECIFIED.);
#102=B_SPLINE_CURVE_WITH_KNOTS('',3,(#2212,#2213,#2214,#2215),
 .UNSPECIFIED.,.F.,.F.,(4,4),(0.,1.),.UNSPECIFIED.);
#103=B_SPLINE_CURVE_WITH_KNOTS('',3,(#2217,#2218,#2219,#2220),
 .UNSPECIFIED.,.F.,.F.,(4,4),(0.,1.),.UNSPECIFIED.);
#104=B_SPLINE_CURVE_WITH_KNOTS('',3,(#2224,#2225,#2226,#2227,#2228),
 .UNSPECIFIED.,.F.,.F.,(4,1,4),(0.,0.5,1.),.UNSPECIFIED.);
#105=B_SPLINE_CURVE_WITH_KNOTS('',3,(#2230,#2231,#2232,#2233),
 .UNSPECIFIED.,.F.,.F.,(4,4),(0.,0.0173340281499098),.UNSPECIFIED.);
#106=B_SPLINE_CURVE_WITH_KNOTS('',3,(#2235,#2236,#2237,#2238),
 .UNSPECIFIED.,.F.,.F.,(4,4),(0.0173340281499098,0.112703397417794),
 .UNSPECIFIED.);
#107=B_SPLINE_CURVE_WITH_KNOTS('',3,(#2240,#2241,#2242,#2243),
 .UNSPECIFIED.,.F.,.F.,(4,4),(0.112703397417794,0.699979574012063),
 .UNSPECIFIED.);
#108=B_SPLINE_CURVE_WITH_KNOTS('',3,(#2245,#2246,#2247,#2248),
 .UNSPECIFIED.,.F.,.F.,(4,4),(0.699979574012063,0.849493740953818),
 .UNSPECIFIED.);
#109=B_SPLINE_CURVE_WITH_KNOTS('',3,(#2250,#2251,#2252,#2253),
 .UNSPECIFIED.,.F.,.F.,(4,4),(0.849493740953818,0.999966782420238),
 .UNSPECIFIED.);
#110=B_SPLINE_CURVE_WITH_KNOTS('',3,(#2255,#2256,#2257,#2258),
 .UNSPECIFIED.,.F.,.F.,(4,4),(0.999966782420238,1.),.UNSPECIFIED.);
#111=B_SPLINE_CURVE_WITH_KNOTS('',3,(#2457,#2458,#2459,#2460),
 .UNSPECIFIED.,.F.,.F.,(4,4),(0.,3.30578846993657E-5),.UNSPECIFIED.);
#112=B_SPLINE_CURVE_WITH_KNOTS('',3,(#2463,#2464,#2465,#2466),
 .UNSPECIFIED.,.F.,.F.,(4,4),(3.30578846993657E-5,0.150505951040044),
 .UNSPECIFIED.);
#113=B_SPLINE_CURVE_WITH_KNOTS('',3,(#2468,#2469,#2470,#2471),
 .UNSPECIFIED.,.F.,.F.,(4,4),(0.150505951040044,0.300020082568438),
 .UNSPECIFIED.);
#114=B_SPLINE_CURVE_WITH_KNOTS('',3,(#2473,#2474,#2475,#2476),
 .UNSPECIFIED.,.F.,.F.,(4,4),(0.300020082568438,0.887296120046566),
 .UNSPECIFIED.);
#115=B_SPLINE_CURVE_WITH_KNOTS('',3,(#2478,#2479,#2480,#2481),
 .UNSPECIFIED.,.F.,.F.,(4,4),(0.887296120046566,0.982667694699945),
 .UNSPECIFIED.);
#116=B_SPLINE_CURVE_WITH_KNOTS('',3,(#2483,#2484,#2485,#2486),
 .UNSPECIFIED.,.F.,.F.,(4,4),(0.982667694699945,1.),.UNSPECIFIED.);
#117=B_SPLINE_CURVE_WITH_KNOTS('',3,(#2488,#2489,#2490,#2491,#2492,#2493,
#2494,#2495,#2496,#2497,#2498,#2499,#2500,#2501,#2502,#2503,#2504,#2505,
#2506,#2507,#2508,#2509,#2510,#2511,#2512,#2513,#2514,#2515,#2516,#2517,
#2518,#2519,#2520,#2521,#2522,#2523),.UNSPECIFIED.,.F.,.F.,(4,1,1,1,1,1,
1,1,1,1,1,1,1,1,1,1,1,1,1,1,1,1,1,1,1,1,1,1,1,1,1,1,1,4),(0.,0.125,0.1875,
0.25,0.3125,0.34375,0.375,0.40625,0.4375,0.453125,0.46875,0.4765625,0.484375,
0.4921875,0.49609375,0.498046875,0.5,0.501953125,0.50390625,0.5078125,0.515625,
0.5234375,0.53125,0.546875,0.5625,0.59375,0.625,0.65625,0.6875,0.75,0.8125,
0.875,0.9375,1.),.UNSPECIFIED.);
#118=B_SPLINE_CURVE_WITH_KNOTS('',3,(#2527,#2528,#2529,#2530),
 .UNSPECIFIED.,.F.,.F.,(4,4),(0.,1.),.UNSPECIFIED.);
#119=B_SPLINE_CURVE_WITH_KNOTS('',3,(#2532,#2533,#2534,#2535),
 .UNSPECIFIED.,.F.,.F.,(4,4),(0.,1.),.UNSPECIFIED.);
#120=B_SPLINE_CURVE_WITH_KNOTS('',3,(#2537,#2538,#2539,#2540),
 .UNSPECIFIED.,.F.,.F.,(4,4),(0.,1.),.UNSPECIFIED.);
#121=B_SPLINE_CURVE_WITH_KNOTS('',3,(#2547,#2548,#2549,#2550),
 .UNSPECIFIED.,.F.,.F.,(4,4),(0.,1.),.UNSPECIFIED.);
#122=B_SPLINE_CURVE_WITH_KNOTS('',3,(#2552,#2553,#2554,#2555),
 .UNSPECIFIED.,.F.,.F.,(4,4),(0.,1.),.UNSPECIFIED.);
#123=B_SPLINE_CURVE_WITH_KNOTS('',3,(#2557,#2558,#2559,#2560),
 .UNSPECIFIED.,.F.,.F.,(4,4),(0.,1.),.UNSPECIFIED.);
#124=B_SPLINE_CURVE_WITH_KNOTS('',3,(#2562,#2563,#2564,#2565),
 .UNSPECIFIED.,.F.,.F.,(4,4),(0.,1.),.UNSPECIFIED.);
#125=B_SPLINE_CURVE_WITH_KNOTS('',3,(#2569,#2570,#2571,#2572),
 .UNSPECIFIED.,.F.,.F.,(4,4),(0.,1.),.UNSPECIFIED.);
#126=B_SPLINE_CURVE_WITH_KNOTS('',3,(#2574,#2575,#2576,#2577),
 .UNSPECIFIED.,.F.,.F.,(4,4),(0.,1.),.UNSPECIFIED.);
#127=B_SPLINE_CURVE_WITH_KNOTS('',3,(#2579,#2580,#2581,#2582),
 .UNSPECIFIED.,.F.,.F.,(4,4),(0.,1.),.UNSPECIFIED.);
#128=B_SPLINE_CURVE_WITH_KNOTS('',3,(#2584,#2585,#2586,#2587),
 .UNSPECIFIED.,.F.,.F.,(4,4),(0.,1.),.UNSPECIFIED.);
#129=B_SPLINE_CURVE_WITH_KNOTS('',3,(#2589,#2590,#2591,#2592),
 .UNSPECIFIED.,.F.,.F.,(4,4),(0.,1.),.UNSPECIFIED.);
#130=B_SPLINE_CURVE_WITH_KNOTS('',3,(#2594,#2595,#2596,#2597),
 .UNSPECIFIED.,.F.,.F.,(4,4),(0.,1.),.UNSPECIFIED.);
#131=B_SPLINE_CURVE_WITH_KNOTS('',3,(#2601,#2602,#2603,#2604),
 .UNSPECIFIED.,.F.,.F.,(4,4),(0.,1.),.UNSPECIFIED.);
#132=B_SPLINE_CURVE_WITH_KNOTS('',3,(#2606,#2607,#2608,#2609),
 .UNSPECIFIED.,.F.,.F.,(4,4),(0.,1.),.UNSPECIFIED.);
#133=B_SPLINE_CURVE_WITH_KNOTS('',3,(#2817,#2818,#2819,#2820),
 .UNSPECIFIED.,.F.,.F.,(4,4),(0.,1.),.UNSPECIFIED.);
#134=B_SPLINE_CURVE_WITH_KNOTS('',3,(#2822,#2823,#2824,#2825),
 .UNSPECIFIED.,.F.,.F.,(4,4),(0.,1.),.UNSPECIFIED.);
#135=B_SPLINE_CURVE_WITH_KNOTS('',3,(#2827,#2828,#2829,#2830),
 .UNSPECIFIED.,.F.,.F.,(4,4),(0.,1.),.UNSPECIFIED.);
#136=B_SPLINE_CURVE_WITH_KNOTS('',3,(#2832,#2833,#2834,#2835),
 .UNSPECIFIED.,.F.,.F.,(4,4),(0.,1.),.UNSPECIFIED.);
#137=B_SPLINE_CURVE_WITH_KNOTS('',3,(#2837,#2838,#2839,#2840),
 .UNSPECIFIED.,.F.,.F.,(4,4),(0.,1.),.UNSPECIFIED.);
#138=B_SPLINE_CURVE_WITH_KNOTS('',3,(#2842,#2843,#2844,#2845),
 .UNSPECIFIED.,.F.,.F.,(4,4),(0.,1.),.UNSPECIFIED.);
#139=B_SPLINE_CURVE_WITH_KNOTS('',3,(#2847,#2848,#2849,#2850),
 .UNSPECIFIED.,.F.,.F.,(4,4),(0.,1.),.UNSPECIFIED.);
#140=B_SPLINE_CURVE_WITH_KNOTS('',3,(#2852,#2853,#2854,#2855),
 .UNSPECIFIED.,.F.,.F.,(4,4),(0.,1.),.UNSPECIFIED.);
#141=B_SPLINE_CURVE_WITH_KNOTS('',3,(#2857,#2858,#2859,#2860),
 .UNSPECIFIED.,.F.,.F.,(4,4),(0.,1.),.UNSPECIFIED.);
#142=B_SPLINE_CURVE_WITH_KNOTS('',3,(#2862,#2863,#2864,#2865),
 .UNSPECIFIED.,.F.,.F.,(4,4),(0.,1.),.UNSPECIFIED.);
#143=B_SPLINE_CURVE_WITH_KNOTS('',3,(#2867,#2868,#2869,#2870),
 .UNSPECIFIED.,.F.,.F.,(4,4),(0.,1.),.UNSPECIFIED.);
#144=B_SPLINE_CURVE_WITH_KNOTS('',3,(#2872,#2873,#2874,#2875),
 .UNSPECIFIED.,.F.,.F.,(4,4),(0.,1.),.UNSPECIFIED.);
#145=B_SPLINE_CURVE_WITH_KNOTS('',3,(#2877,#2878,#2879,#2880),
 .UNSPECIFIED.,.F.,.F.,(4,4),(0.,1.),.UNSPECIFIED.);
#146=B_SPLINE_CURVE_WITH_KNOTS('',3,(#2882,#2883,#2884,#2885),
 .UNSPECIFIED.,.F.,.F.,(4,4),(0.,1.),.UNSPECIFIED.);
#147=B_SPLINE_CURVE_WITH_KNOTS('',3,(#2887,#2888,#2889,#2890),
 .UNSPECIFIED.,.F.,.F.,(4,4),(0.,1.),.UNSPECIFIED.);
#148=B_SPLINE_CURVE_WITH_KNOTS('',3,(#2892,#2893,#2894,#2895,#2896),
 .UNSPECIFIED.,.F.,.F.,(4,1,4),(0.,0.5,1.),.UNSPECIFIED.);
#149=B_SPLINE_CURVE_WITH_KNOTS('',3,(#2898,#2899,#2900,#2901,#2902),
 .UNSPECIFIED.,.F.,.F.,(4,1,4),(0.,0.5,1.),.UNSPECIFIED.);
#150=B_SPLINE_CURVE_WITH_KNOTS('',3,(#2904,#2905,#2906,#2907),
 .UNSPECIFIED.,.F.,.F.,(4,4),(0.,1.),.UNSPECIFIED.);
#151=B_SPLINE_CURVE_WITH_KNOTS('',3,(#2909,#2910,#2911,#2912),
 .UNSPECIFIED.,.F.,.F.,(4,4),(0.,1.),.UNSPECIFIED.);
#152=B_SPLINE_CURVE_WITH_KNOTS('',3,(#2914,#2915,#2916,#2917),
 .UNSPECIFIED.,.F.,.F.,(4,4),(0.,1.),.UNSPECIFIED.);
#153=B_SPLINE_CURVE_WITH_KNOTS('',3,(#2919,#2920,#2921,#2922,#2923),
 .UNSPECIFIED.,.F.,.F.,(4,1,4),(0.,0.5,1.),.UNSPECIFIED.);
#154=B_SPLINE_CURVE_WITH_KNOTS('',3,(#2925,#2926,#2927,#2928,#2929,#2930,
#2931),.UNSPECIFIED.,.F.,.F.,(4,1,1,1,4),(0.,0.25,0.5,0.75,1.),
 .UNSPECIFIED.);
#155=B_SPLINE_CURVE_WITH_KNOTS('',3,(#3252,#3253,#3254,#3255),
 .UNSPECIFIED.,.F.,.F.,(4,4),(0.,1.),.UNSPECIFIED.);
#156=B_SPLINE_CURVE_WITH_KNOTS('',3,(#3257,#3258,#3259,#3260),
 .UNSPECIFIED.,.F.,.F.,(4,4),(0.,1.),.UNSPECIFIED.);
#157=B_SPLINE_CURVE_WITH_KNOTS('',3,(#3262,#3263,#3264,#3265),
 .UNSPECIFIED.,.F.,.F.,(4,4),(0.,1.),.UNSPECIFIED.);
#158=B_SPLINE_CURVE_WITH_KNOTS('',3,(#3267,#3268,#3269,#3270,#3271,#3272,
#3273,#3274,#3275,#3276,#3277,#3278,#3279,#3280,#3281,#3282,#3283,#3284,
#3285,#3286,#3287,#3288,#3289,#3290),.UNSPECIFIED.,.F.,.F.,(4,1,1,1,1,1,
1,1,1,1,1,1,1,1,1,1,1,1,1,1,1,4),(0.,0.125,0.1875,0.25,0.3125,0.375,0.40625,
0.4375,0.46875,0.484375,0.4921875,0.5,0.5078125,0.515625,0.53125,0.5625,
0.59375,0.625,0.6875,0.75,0.875,1.),.UNSPECIFIED.);
#159=B_SPLINE_CURVE_WITH_KNOTS('',3,(#3292,#3293,#3294,#3295,#3296,#3297,
#3298,#3299,#3300,#3301,#3302,#3303,#3304,#3305,#3306,#3307,#3308,#3309,
#3310),.UNSPECIFIED.,.F.,.F.,(4,1,1,1,1,1,1,1,1,1,1,1,1,1,1,1,4),(0.,0.125,
0.25,0.3125,0.375,0.4375,0.46875,0.484375,0.5,0.515625,0.53125,0.5625,0.625,
0.6875,0.75,0.875,1.),.UNSPECIFIED.);
#160=B_SPLINE_CURVE_WITH_KNOTS('',3,(#3312,#3313,#3314,#3315,#3316,#3317,
#3318,#3319,#3320,#3321,#3322,#3323,#3324,#3325,#3326),.UNSPECIFIED.,.F.,
 .F.,(4,1,1,1,1,1,1,1,1,1,1,1,4),(0.,0.125,0.25,0.375,0.4375,0.46875,0.5,
0.53125,0.5625,0.625,0.75,0.875,1.),.UNSPECIFIED.);
#161=B_SPLINE_CURVE_WITH_KNOTS('',3,(#3328,#3329,#3330,#3331),
 .UNSPECIFIED.,.F.,.F.,(4,4),(0.,1.),.UNSPECIFIED.);
#162=B_SPLINE_CURVE_WITH_KNOTS('',3,(#3333,#3334,#3335,#3336),
 .UNSPECIFIED.,.F.,.F.,(4,4),(0.,1.),.UNSPECIFIED.);
#163=B_SPLINE_CURVE_WITH_KNOTS('',3,(#3338,#3339,#3340,#3341),
 .UNSPECIFIED.,.F.,.F.,(4,4),(0.,1.),.UNSPECIFIED.);
#164=B_SPLINE_CURVE_WITH_KNOTS('',3,(#3343,#3344,#3345,#3346),
 .UNSPECIFIED.,.F.,.F.,(4,4),(0.,1.),.UNSPECIFIED.);
#165=B_SPLINE_CURVE_WITH_KNOTS('',3,(#3348,#3349,#3350,#3351),
 .UNSPECIFIED.,.F.,.F.,(4,4),(0.,1.),.UNSPECIFIED.);
#166=B_SPLINE_CURVE_WITH_KNOTS('',3,(#3353,#3354,#3355,#3356),
 .UNSPECIFIED.,.F.,.F.,(4,4),(0.,1.),.UNSPECIFIED.);
#167=B_SPLINE_CURVE_WITH_KNOTS('',3,(#3358,#3359,#3360,#3361),
 .UNSPECIFIED.,.F.,.F.,(4,4),(0.,1.),.UNSPECIFIED.);
#168=B_SPLINE_CURVE_WITH_KNOTS('',3,(#3363,#3364,#3365,#3366),
 .UNSPECIFIED.,.F.,.F.,(4,4),(0.,1.),.UNSPECIFIED.);
#169=B_SPLINE_CURVE_WITH_KNOTS('',3,(#3368,#3369,#3370,#3371),
 .UNSPECIFIED.,.F.,.F.,(4,4),(0.,1.),.UNSPECIFIED.);
#170=B_SPLINE_CURVE_WITH_KNOTS('',3,(#3373,#3374,#3375,#3376),
 .UNSPECIFIED.,.F.,.F.,(4,4),(0.,1.),.UNSPECIFIED.);
#171=B_SPLINE_CURVE_WITH_KNOTS('',3,(#3378,#3379,#3380,#3381),
 .UNSPECIFIED.,.F.,.F.,(4,4),(0.,1.),.UNSPECIFIED.);
#172=B_SPLINE_CURVE_WITH_KNOTS('',3,(#3383,#3384,#3385,#3386),
 .UNSPECIFIED.,.F.,.F.,(4,4),(0.,1.),.UNSPECIFIED.);
#173=B_SPLINE_CURVE_WITH_KNOTS('',3,(#3388,#3389,#3390,#3391),
 .UNSPECIFIED.,.F.,.F.,(4,4),(0.,1.),.UNSPECIFIED.);
#174=B_SPLINE_CURVE_WITH_KNOTS('',3,(#3393,#3394,#3395,#3396),
 .UNSPECIFIED.,.F.,.F.,(4,4),(0.,1.),.UNSPECIFIED.);
#175=B_SPLINE_CURVE_WITH_KNOTS('',3,(#3398,#3399,#3400,#3401),
 .UNSPECIFIED.,.F.,.F.,(4,4),(0.,1.),.UNSPECIFIED.);
#176=B_SPLINE_CURVE_WITH_KNOTS('',3,(#3403,#3404,#3405,#3406),
 .UNSPECIFIED.,.F.,.F.,(4,4),(0.,1.),.UNSPECIFIED.);
#177=B_SPLINE_CURVE_WITH_KNOTS('',3,(#3408,#3409,#3410,#3411),
 .UNSPECIFIED.,.F.,.F.,(4,4),(0.,1.),.UNSPECIFIED.);
#178=B_SPLINE_CURVE_WITH_KNOTS('',3,(#3413,#3414,#3415,#3416),
 .UNSPECIFIED.,.F.,.F.,(4,4),(0.,1.),.UNSPECIFIED.);
#179=B_SPLINE_CURVE_WITH_KNOTS('',3,(#3418,#3419,#3420,#3421),
 .UNSPECIFIED.,.F.,.F.,(4,4),(0.,1.),.UNSPECIFIED.);
#180=B_SPLINE_CURVE_WITH_KNOTS('',3,(#3423,#3424,#3425,#3426),
 .UNSPECIFIED.,.F.,.F.,(4,4),(0.,1.),.UNSPECIFIED.);
#181=B_SPLINE_CURVE_WITH_KNOTS('',3,(#3428,#3429,#3430,#3431),
 .UNSPECIFIED.,.F.,.F.,(4,4),(0.,1.),.UNSPECIFIED.);
#182=B_SPLINE_CURVE_WITH_KNOTS('',3,(#3433,#3434,#3435,#3436),
 .UNSPECIFIED.,.F.,.F.,(4,4),(0.,1.),.UNSPECIFIED.);
#183=B_SPLINE_CURVE_WITH_KNOTS('',3,(#3438,#3439,#3440,#3441),
 .UNSPECIFIED.,.F.,.F.,(4,4),(0.,1.),.UNSPECIFIED.);
#184=B_SPLINE_CURVE_WITH_KNOTS('',3,(#3443,#3444,#3445,#3446),
 .UNSPECIFIED.,.F.,.F.,(4,4),(0.,1.),.UNSPECIFIED.);
#185=B_SPLINE_CURVE_WITH_KNOTS('',3,(#3448,#3449,#3450,#3451),
 .UNSPECIFIED.,.F.,.F.,(4,4),(0.,1.),.UNSPECIFIED.);
#186=B_SPLINE_CURVE_WITH_KNOTS('',3,(#3453,#3454,#3455,#3456),
 .UNSPECIFIED.,.F.,.F.,(4,4),(0.,1.),.UNSPECIFIED.);
#187=B_SPLINE_CURVE_WITH_KNOTS('',3,(#3458,#3459,#3460,#3461),
 .UNSPECIFIED.,.F.,.F.,(4,4),(0.,1.),.UNSPECIFIED.);
#188=B_SPLINE_CURVE_WITH_KNOTS('',3,(#3463,#3464,#3465,#3466),
 .UNSPECIFIED.,.F.,.F.,(4,4),(0.,1.),.UNSPECIFIED.);
#189=B_SPLINE_CURVE_WITH_KNOTS('',3,(#3468,#3469,#3470,#3471),
 .UNSPECIFIED.,.F.,.F.,(4,4),(0.,1.),.UNSPECIFIED.);
#190=B_SPLINE_CURVE_WITH_KNOTS('',3,(#3473,#3474,#3475,#3476),
 .UNSPECIFIED.,.F.,.F.,(4,4),(0.,1.),.UNSPECIFIED.);
#191=B_SPLINE_CURVE_WITH_KNOTS('',3,(#3478,#3479,#3480,#3481),
 .UNSPECIFIED.,.F.,.F.,(4,4),(0.,1.),.UNSPECIFIED.);
#192=B_SPLINE_CURVE_WITH_KNOTS('',3,(#3483,#3484,#3485,#3486),
 .UNSPECIFIED.,.F.,.F.,(4,4),(0.,1.),.UNSPECIFIED.);
#193=B_SPLINE_CURVE_WITH_KNOTS('',3,(#3488,#3489,#3490,#3491),
 .UNSPECIFIED.,.F.,.F.,(4,4),(0.,1.),.UNSPECIFIED.);
#194=B_SPLINE_CURVE_WITH_KNOTS('',3,(#3493,#3494,#3495,#3496),
 .UNSPECIFIED.,.F.,.F.,(4,4),(0.,1.),.UNSPECIFIED.);
#195=B_SPLINE_CURVE_WITH_KNOTS('',3,(#3498,#3499,#3500,#3501),
 .UNSPECIFIED.,.F.,.F.,(4,4),(0.,1.),.UNSPECIFIED.);
#196=B_SPLINE_CURVE_WITH_KNOTS('',3,(#3503,#3504,#3505,#3506),
 .UNSPECIFIED.,.F.,.F.,(4,4),(0.,1.),.UNSPECIFIED.);
#197=B_SPLINE_CURVE_WITH_KNOTS('',3,(#3508,#3509,#3510,#3511),
 .UNSPECIFIED.,.F.,.F.,(4,4),(0.,1.),.UNSPECIFIED.);
#198=B_SPLINE_CURVE_WITH_KNOTS('',3,(#3513,#3514,#3515,#3516),
 .UNSPECIFIED.,.F.,.F.,(4,4),(0.,1.),.UNSPECIFIED.);
#199=B_SPLINE_CURVE_WITH_KNOTS('',3,(#3518,#3519,#3520,#3521),
 .UNSPECIFIED.,.F.,.F.,(4,4),(0.,1.),.UNSPECIFIED.);
#200=B_SPLINE_CURVE_WITH_KNOTS('',3,(#3523,#3524,#3525,#3526),
 .UNSPECIFIED.,.F.,.F.,(4,4),(0.,1.),.UNSPECIFIED.);
#201=B_SPLINE_CURVE_WITH_KNOTS('',3,(#3528,#3529,#3530,#3531),
 .UNSPECIFIED.,.F.,.F.,(4,4),(0.,1.),.UNSPECIFIED.);
#202=B_SPLINE_CURVE_WITH_KNOTS('',3,(#3533,#3534,#3535,#3536),
 .UNSPECIFIED.,.F.,.F.,(4,4),(0.,1.),.UNSPECIFIED.);
#203=ORIENTED_EDGE('',*,*,#617,.T.);
#204=ORIENTED_EDGE('',*,*,#618,.T.);
#205=ORIENTED_EDGE('',*,*,#619,.T.);
#206=ORIENTED_EDGE('',*,*,#620,.T.);
#207=ORIENTED_EDGE('',*,*,#621,.T.);
#208=ORIENTED_EDGE('',*,*,#622,.T.);
#209=ORIENTED_EDGE('',*,*,#623,.T.);
#210=ORIENTED_EDGE('',*,*,#624,.T.);
#211=ORIENTED_EDGE('',*,*,#625,.T.);
#212=ORIENTED_EDGE('',*,*,#626,.T.);
#213=ORIENTED_EDGE('',*,*,#627,.T.);
#214=ORIENTED_EDGE('',*,*,#628,.T.);
#215=ORIENTED_EDGE('',*,*,#629,.T.);
#216=ORIENTED_EDGE('',*,*,#630,.T.);
#217=ORIENTED_EDGE('',*,*,#631,.T.);
#218=ORIENTED_EDGE('',*,*,#632,.T.);
#219=ORIENTED_EDGE('',*,*,#633,.T.);
#220=ORIENTED_EDGE('',*,*,#634,.T.);
#221=ORIENTED_EDGE('',*,*,#635,.T.);
#222=ORIENTED_EDGE('',*,*,#636,.T.);
#223=ORIENTED_EDGE('',*,*,#637,.T.);
#224=ORIENTED_EDGE('',*,*,#638,.T.);
#225=ORIENTED_EDGE('',*,*,#639,.T.);
#226=ORIENTED_EDGE('',*,*,#640,.T.);
#227=ORIENTED_EDGE('',*,*,#641,.T.);
#228=ORIENTED_EDGE('',*,*,#642,.T.);
#229=ORIENTED_EDGE('',*,*,#643,.T.);
#230=ORIENTED_EDGE('',*,*,#644,.T.);
#231=ORIENTED_EDGE('',*,*,#645,.T.);
#232=ORIENTED_EDGE('',*,*,#646,.T.);
#233=ORIENTED_EDGE('',*,*,#647,.T.);
#234=ORIENTED_EDGE('',*,*,#648,.T.);
#235=ORIENTED_EDGE('',*,*,#649,.T.);
#236=ORIENTED_EDGE('',*,*,#650,.T.);
#237=ORIENTED_EDGE('',*,*,#651,.T.);
#238=ORIENTED_EDGE('',*,*,#652,.T.);
#239=ORIENTED_EDGE('',*,*,#653,.T.);
#240=ORIENTED_EDGE('',*,*,#654,.T.);
#241=ORIENTED_EDGE('',*,*,#655,.T.);
#242=ORIENTED_EDGE('',*,*,#656,.T.);
#243=ORIENTED_EDGE('',*,*,#657,.T.);
#244=ORIENTED_EDGE('',*,*,#658,.T.);
#245=ORIENTED_EDGE('',*,*,#659,.T.);
#246=ORIENTED_EDGE('',*,*,#660,.T.);
#247=ORIENTED_EDGE('',*,*,#661,.T.);
#248=ORIENTED_EDGE('',*,*,#662,.T.);
#249=ORIENTED_EDGE('',*,*,#663,.T.);
#250=ORIENTED_EDGE('',*,*,#664,.T.);
#251=ORIENTED_EDGE('',*,*,#665,.T.);
#252=ORIENTED_EDGE('',*,*,#666,.T.);
#253=ORIENTED_EDGE('',*,*,#667,.T.);
#254=ORIENTED_EDGE('',*,*,#668,.T.);
#255=ORIENTED_EDGE('',*,*,#669,.T.);
#256=ORIENTED_EDGE('',*,*,#670,.T.);
#257=ORIENTED_EDGE('',*,*,#671,.T.);
#258=ORIENTED_EDGE('',*,*,#672,.T.);
#259=ORIENTED_EDGE('',*,*,#673,.T.);
#260=ORIENTED_EDGE('',*,*,#674,.T.);
#261=ORIENTED_EDGE('',*,*,#675,.T.);
#262=ORIENTED_EDGE('',*,*,#676,.T.);
#263=ORIENTED_EDGE('',*,*,#677,.T.);
#264=ORIENTED_EDGE('',*,*,#678,.T.);
#265=ORIENTED_EDGE('',*,*,#679,.T.);
#266=ORIENTED_EDGE('',*,*,#680,.T.);
#267=ORIENTED_EDGE('',*,*,#681,.T.);
#268=ORIENTED_EDGE('',*,*,#682,.T.);
#269=ORIENTED_EDGE('',*,*,#683,.T.);
#270=ORIENTED_EDGE('',*,*,#684,.T.);
#271=ORIENTED_EDGE('',*,*,#685,.T.);
#272=ORIENTED_EDGE('',*,*,#686,.T.);
#273=ORIENTED_EDGE('',*,*,#687,.T.);
#274=ORIENTED_EDGE('',*,*,#688,.T.);
#275=ORIENTED_EDGE('',*,*,#689,.T.);
#276=ORIENTED_EDGE('',*,*,#690,.T.);
#277=ORIENTED_EDGE('',*,*,#691,.T.);
#278=ORIENTED_EDGE('',*,*,#692,.T.);
#279=ORIENTED_EDGE('',*,*,#693,.F.);
#280=ORIENTED_EDGE('',*,*,#694,.F.);
#281=ORIENTED_EDGE('',*,*,#695,.F.);
#282=ORIENTED_EDGE('',*,*,#696,.F.);
#283=ORIENTED_EDGE('',*,*,#697,.F.);
#284=ORIENTED_EDGE('',*,*,#698,.F.);
#285=ORIENTED_EDGE('',*,*,#699,.F.);
#286=ORIENTED_EDGE('',*,*,#700,.F.);
#287=ORIENTED_EDGE('',*,*,#701,.T.);
#288=ORIENTED_EDGE('',*,*,#702,.F.);
#289=ORIENTED_EDGE('',*,*,#703,.T.);
#290=ORIENTED_EDGE('',*,*,#704,.T.);
#291=ORIENTED_EDGE('',*,*,#705,.F.);
#292=ORIENTED_EDGE('',*,*,#706,.F.);
#293=ORIENTED_EDGE('',*,*,#707,.F.);
#294=ORIENTED_EDGE('',*,*,#708,.F.);
#295=ORIENTED_EDGE('',*,*,#709,.T.);
#296=ORIENTED_EDGE('',*,*,#710,.T.);
#297=ORIENTED_EDGE('',*,*,#711,.F.);
#298=ORIENTED_EDGE('',*,*,#712,.F.);
#299=ORIENTED_EDGE('',*,*,#713,.F.);
#300=ORIENTED_EDGE('',*,*,#714,.F.);
#301=ORIENTED_EDGE('',*,*,#715,.F.);
#302=ORIENTED_EDGE('',*,*,#716,.F.);
#303=ORIENTED_EDGE('',*,*,#717,.F.);
#304=ORIENTED_EDGE('',*,*,#718,.F.);
#305=ORIENTED_EDGE('',*,*,#719,.F.);
#306=ORIENTED_EDGE('',*,*,#720,.F.);
#307=ORIENTED_EDGE('',*,*,#721,.F.);
#308=ORIENTED_EDGE('',*,*,#722,.F.);
#309=ORIENTED_EDGE('',*,*,#723,.F.);
#310=ORIENTED_EDGE('',*,*,#724,.F.);
#311=ORIENTED_EDGE('',*,*,#725,.F.);
#312=ORIENTED_EDGE('',*,*,#726,.F.);
#313=ORIENTED_EDGE('',*,*,#727,.F.);
#314=ORIENTED_EDGE('',*,*,#728,.F.);
#315=ORIENTED_EDGE('',*,*,#729,.T.);
#316=ORIENTED_EDGE('',*,*,#730,.T.);
#317=ORIENTED_EDGE('',*,*,#731,.F.);
#318=ORIENTED_EDGE('',*,*,#708,.T.);
#319=ORIENTED_EDGE('',*,*,#707,.T.);
#320=ORIENTED_EDGE('',*,*,#732,.F.);
#321=ORIENTED_EDGE('',*,*,#733,.F.);
#322=ORIENTED_EDGE('',*,*,#734,.T.);
#323=ORIENTED_EDGE('',*,*,#735,.T.);
#324=ORIENTED_EDGE('',*,*,#736,.F.);
#325=ORIENTED_EDGE('',*,*,#737,.T.);
#326=ORIENTED_EDGE('',*,*,#738,.F.);
#327=ORIENTED_EDGE('',*,*,#739,.F.);
#328=ORIENTED_EDGE('',*,*,#740,.F.);
#329=ORIENTED_EDGE('',*,*,#741,.F.);
#330=ORIENTED_EDGE('',*,*,#742,.F.);
#331=ORIENTED_EDGE('',*,*,#743,.F.);
#332=ORIENTED_EDGE('',*,*,#744,.F.);
#333=ORIENTED_EDGE('',*,*,#745,.F.);
#334=ORIENTED_EDGE('',*,*,#746,.T.);
#335=ORIENTED_EDGE('',*,*,#747,.T.);
#336=ORIENTED_EDGE('',*,*,#748,.F.);
#337=ORIENTED_EDGE('',*,*,#690,.F.);
#338=ORIENTED_EDGE('',*,*,#749,.F.);
#339=ORIENTED_EDGE('',*,*,#732,.T.);
#340=ORIENTED_EDGE('',*,*,#706,.T.);
#341=ORIENTED_EDGE('',*,*,#750,.F.);
#342=ORIENTED_EDGE('',*,*,#751,.F.);
#343=ORIENTED_EDGE('',*,*,#718,.T.);
#344=ORIENTED_EDGE('',*,*,#717,.T.);
#345=ORIENTED_EDGE('',*,*,#716,.T.);
#346=ORIENTED_EDGE('',*,*,#715,.T.);
#347=ORIENTED_EDGE('',*,*,#714,.T.);
#348=ORIENTED_EDGE('',*,*,#713,.T.);
#349=ORIENTED_EDGE('',*,*,#712,.T.);
#350=ORIENTED_EDGE('',*,*,#711,.T.);
#351=ORIENTED_EDGE('',*,*,#710,.F.);
#352=ORIENTED_EDGE('',*,*,#709,.F.);
#353=ORIENTED_EDGE('',*,*,#752,.F.);
#354=ORIENTED_EDGE('',*,*,#753,.F.);
#355=ORIENTED_EDGE('',*,*,#754,.F.);
#356=ORIENTED_EDGE('',*,*,#755,.F.);
#357=ORIENTED_EDGE('',*,*,#756,.F.);
#358=ORIENTED_EDGE('',*,*,#757,.F.);
#359=ORIENTED_EDGE('',*,*,#758,.F.);
#360=ORIENTED_EDGE('',*,*,#759,.F.);
#361=ORIENTED_EDGE('',*,*,#760,.F.);
#362=ORIENTED_EDGE('',*,*,#761,.F.);
#363=ORIENTED_EDGE('',*,*,#762,.F.);
#364=ORIENTED_EDGE('',*,*,#763,.F.);
#365=ORIENTED_EDGE('',*,*,#764,.F.);
#366=ORIENTED_EDGE('',*,*,#765,.F.);
#367=ORIENTED_EDGE('',*,*,#766,.F.);
#368=ORIENTED_EDGE('',*,*,#767,.F.);
#369=ORIENTED_EDGE('',*,*,#768,.F.);
#370=ORIENTED_EDGE('',*,*,#769,.F.);
#371=ORIENTED_EDGE('',*,*,#770,.F.);
#372=ORIENTED_EDGE('',*,*,#771,.F.);
#373=ORIENTED_EDGE('',*,*,#772,.F.);
#374=ORIENTED_EDGE('',*,*,#773,.F.);
#375=ORIENTED_EDGE('',*,*,#774,.F.);
#376=ORIENTED_EDGE('',*,*,#750,.T.);
#377=ORIENTED_EDGE('',*,*,#705,.T.);
#378=ORIENTED_EDGE('',*,*,#704,.F.);
#379=ORIENTED_EDGE('',*,*,#703,.F.);
#380=ORIENTED_EDGE('',*,*,#702,.T.);
#381=ORIENTED_EDGE('',*,*,#701,.F.);
#382=ORIENTED_EDGE('',*,*,#700,.T.);
#383=ORIENTED_EDGE('',*,*,#699,.T.);
#384=ORIENTED_EDGE('',*,*,#698,.T.);
#385=ORIENTED_EDGE('',*,*,#697,.T.);
#386=ORIENTED_EDGE('',*,*,#696,.T.);
#387=ORIENTED_EDGE('',*,*,#695,.T.);
#388=ORIENTED_EDGE('',*,*,#694,.T.);
#389=ORIENTED_EDGE('',*,*,#693,.T.);
#390=ORIENTED_EDGE('',*,*,#692,.F.);
#391=ORIENTED_EDGE('',*,*,#691,.F.);
#392=ORIENTED_EDGE('',*,*,#719,.T.);
#393=ORIENTED_EDGE('',*,*,#720,.T.);
#394=ORIENTED_EDGE('',*,*,#747,.F.);
#395=ORIENTED_EDGE('',*,*,#746,.F.);
#396=ORIENTED_EDGE('',*,*,#745,.T.);
#397=ORIENTED_EDGE('',*,*,#744,.T.);
#398=ORIENTED_EDGE('',*,*,#743,.T.);
#399=ORIENTED_EDGE('',*,*,#742,.T.);
#400=ORIENTED_EDGE('',*,*,#741,.T.);
#401=ORIENTED_EDGE('',*,*,#740,.T.);
#402=ORIENTED_EDGE('',*,*,#739,.T.);
#403=ORIENTED_EDGE('',*,*,#738,.T.);
#404=ORIENTED_EDGE('',*,*,#737,.F.);
#405=ORIENTED_EDGE('',*,*,#736,.T.);
#406=ORIENTED_EDGE('',*,*,#735,.F.);
#407=ORIENTED_EDGE('',*,*,#734,.F.);
#408=ORIENTED_EDGE('',*,*,#733,.T.);
#409=ORIENTED_EDGE('',*,*,#749,.T.);
#410=ORIENTED_EDGE('',*,*,#689,.F.);
#411=ORIENTED_EDGE('',*,*,#688,.F.);
#412=ORIENTED_EDGE('',*,*,#687,.F.);
#413=ORIENTED_EDGE('',*,*,#686,.F.);
#414=ORIENTED_EDGE('',*,*,#685,.F.);
#415=ORIENTED_EDGE('',*,*,#684,.F.);
#416=ORIENTED_EDGE('',*,*,#683,.F.);
#417=ORIENTED_EDGE('',*,*,#682,.F.);
#418=ORIENTED_EDGE('',*,*,#681,.F.);
#419=ORIENTED_EDGE('',*,*,#680,.F.);
#420=ORIENTED_EDGE('',*,*,#679,.F.);
#421=ORIENTED_EDGE('',*,*,#678,.F.);
#422=ORIENTED_EDGE('',*,*,#677,.F.);
#423=ORIENTED_EDGE('',*,*,#676,.F.);
#424=ORIENTED_EDGE('',*,*,#675,.F.);
#425=ORIENTED_EDGE('',*,*,#674,.F.);
#426=ORIENTED_EDGE('',*,*,#673,.F.);
#427=ORIENTED_EDGE('',*,*,#672,.F.);
#428=ORIENTED_EDGE('',*,*,#671,.F.);
#429=ORIENTED_EDGE('',*,*,#670,.F.);
#430=ORIENTED_EDGE('',*,*,#669,.F.);
#431=ORIENTED_EDGE('',*,*,#668,.F.);
#432=ORIENTED_EDGE('',*,*,#667,.F.);
#433=ORIENTED_EDGE('',*,*,#731,.T.);
#434=ORIENTED_EDGE('',*,*,#730,.F.);
#435=ORIENTED_EDGE('',*,*,#729,.F.);
#436=ORIENTED_EDGE('',*,*,#728,.T.);
#437=ORIENTED_EDGE('',*,*,#727,.T.);
#438=ORIENTED_EDGE('',*,*,#726,.T.);
#439=ORIENTED_EDGE('',*,*,#725,.T.);
#440=ORIENTED_EDGE('',*,*,#724,.T.);
#441=ORIENTED_EDGE('',*,*,#723,.T.);
#442=ORIENTED_EDGE('',*,*,#722,.T.);
#443=ORIENTED_EDGE('',*,*,#721,.T.);
#444=ORIENTED_EDGE('',*,*,#775,.F.);
#445=ORIENTED_EDGE('',*,*,#776,.F.);
#446=ORIENTED_EDGE('',*,*,#777,.F.);
#447=ORIENTED_EDGE('',*,*,#778,.F.);
#448=ORIENTED_EDGE('',*,*,#779,.F.);
#449=ORIENTED_EDGE('',*,*,#780,.F.);
#450=ORIENTED_EDGE('',*,*,#781,.F.);
#451=ORIENTED_EDGE('',*,*,#782,.F.);
#452=ORIENTED_EDGE('',*,*,#783,.F.);
#453=ORIENTED_EDGE('',*,*,#784,.F.);
#454=ORIENTED_EDGE('',*,*,#785,.F.);
#455=ORIENTED_EDGE('',*,*,#786,.F.);
#456=ORIENTED_EDGE('',*,*,#787,.F.);
#457=ORIENTED_EDGE('',*,*,#788,.F.);
#458=ORIENTED_EDGE('',*,*,#789,.F.);
#459=ORIENTED_EDGE('',*,*,#790,.F.);
#460=ORIENTED_EDGE('',*,*,#791,.F.);
#461=ORIENTED_EDGE('',*,*,#792,.F.);
#462=ORIENTED_EDGE('',*,*,#793,.F.);
#463=ORIENTED_EDGE('',*,*,#794,.F.);
#464=ORIENTED_EDGE('',*,*,#795,.F.);
#465=ORIENTED_EDGE('',*,*,#796,.F.);
#466=ORIENTED_EDGE('',*,*,#797,.F.);
#467=ORIENTED_EDGE('',*,*,#798,.F.);
#468=ORIENTED_EDGE('',*,*,#799,.F.);
#469=ORIENTED_EDGE('',*,*,#800,.F.);
#470=ORIENTED_EDGE('',*,*,#801,.F.);
#471=ORIENTED_EDGE('',*,*,#802,.F.);
#472=ORIENTED_EDGE('',*,*,#803,.F.);
#473=ORIENTED_EDGE('',*,*,#804,.F.);
#474=ORIENTED_EDGE('',*,*,#805,.F.);
#475=ORIENTED_EDGE('',*,*,#806,.F.);
#476=ORIENTED_EDGE('',*,*,#807,.F.);
#477=ORIENTED_EDGE('',*,*,#808,.F.);
#478=ORIENTED_EDGE('',*,*,#809,.F.);
#479=ORIENTED_EDGE('',*,*,#810,.F.);
#480=ORIENTED_EDGE('',*,*,#811,.F.);
#481=ORIENTED_EDGE('',*,*,#812,.F.);
#482=ORIENTED_EDGE('',*,*,#813,.F.);
#483=ORIENTED_EDGE('',*,*,#814,.F.);
#484=ORIENTED_EDGE('',*,*,#815,.F.);
#485=ORIENTED_EDGE('',*,*,#816,.F.);
#486=ORIENTED_EDGE('',*,*,#817,.F.);
#487=ORIENTED_EDGE('',*,*,#818,.F.);
#488=ORIENTED_EDGE('',*,*,#819,.F.);
#489=ORIENTED_EDGE('',*,*,#820,.F.);
#490=ORIENTED_EDGE('',*,*,#821,.F.);
#491=ORIENTED_EDGE('',*,*,#822,.F.);
#492=ORIENTED_EDGE('',*,*,#823,.F.);
#493=ORIENTED_EDGE('',*,*,#665,.F.);
#494=ORIENTED_EDGE('',*,*,#664,.F.);
#495=ORIENTED_EDGE('',*,*,#663,.F.);
#496=ORIENTED_EDGE('',*,*,#662,.F.);
#497=ORIENTED_EDGE('',*,*,#661,.F.);
#498=ORIENTED_EDGE('',*,*,#660,.F.);
#499=ORIENTED_EDGE('',*,*,#659,.F.);
#500=ORIENTED_EDGE('',*,*,#658,.F.);
#501=ORIENTED_EDGE('',*,*,#657,.F.);
#502=ORIENTED_EDGE('',*,*,#656,.F.);
#503=ORIENTED_EDGE('',*,*,#655,.F.);
#504=ORIENTED_EDGE('',*,*,#654,.F.);
#505=ORIENTED_EDGE('',*,*,#653,.F.);
#506=ORIENTED_EDGE('',*,*,#652,.F.);
#507=ORIENTED_EDGE('',*,*,#651,.F.);
#508=ORIENTED_EDGE('',*,*,#650,.F.);
#509=ORIENTED_EDGE('',*,*,#649,.F.);
#510=ORIENTED_EDGE('',*,*,#648,.F.);
#511=ORIENTED_EDGE('',*,*,#647,.F.);
#512=ORIENTED_EDGE('',*,*,#646,.F.);
#513=ORIENTED_EDGE('',*,*,#645,.F.);
#514=ORIENTED_EDGE('',*,*,#644,.F.);
#515=ORIENTED_EDGE('',*,*,#643,.F.);
#516=ORIENTED_EDGE('',*,*,#642,.F.);
#517=ORIENTED_EDGE('',*,*,#641,.F.);
#518=ORIENTED_EDGE('',*,*,#640,.F.);
#519=ORIENTED_EDGE('',*,*,#639,.F.);
#520=ORIENTED_EDGE('',*,*,#638,.F.);
#521=ORIENTED_EDGE('',*,*,#637,.F.);
#522=ORIENTED_EDGE('',*,*,#636,.F.);
#523=ORIENTED_EDGE('',*,*,#635,.F.);
#524=ORIENTED_EDGE('',*,*,#634,.F.);
#525=ORIENTED_EDGE('',*,*,#633,.F.);
#526=ORIENTED_EDGE('',*,*,#632,.F.);
#527=ORIENTED_EDGE('',*,*,#631,.F.);
#528=ORIENTED_EDGE('',*,*,#630,.F.);
#529=ORIENTED_EDGE('',*,*,#629,.F.);
#530=ORIENTED_EDGE('',*,*,#628,.F.);
#531=ORIENTED_EDGE('',*,*,#627,.F.);
#532=ORIENTED_EDGE('',*,*,#626,.F.);
#533=ORIENTED_EDGE('',*,*,#625,.F.);
#534=ORIENTED_EDGE('',*,*,#624,.F.);
#535=ORIENTED_EDGE('',*,*,#623,.F.);
#536=ORIENTED_EDGE('',*,*,#622,.F.);
#537=ORIENTED_EDGE('',*,*,#621,.F.);
#538=ORIENTED_EDGE('',*,*,#620,.F.);
#539=ORIENTED_EDGE('',*,*,#619,.F.);
#540=ORIENTED_EDGE('',*,*,#618,.F.);
#541=ORIENTED_EDGE('',*,*,#617,.F.);
#542=ORIENTED_EDGE('',*,*,#748,.T.);
#543=ORIENTED_EDGE('',*,*,#823,.T.);
#544=ORIENTED_EDGE('',*,*,#822,.T.);
#545=ORIENTED_EDGE('',*,*,#821,.T.);
#546=ORIENTED_EDGE('',*,*,#820,.T.);
#547=ORIENTED_EDGE('',*,*,#819,.T.);
#548=ORIENTED_EDGE('',*,*,#818,.T.);
#549=ORIENTED_EDGE('',*,*,#817,.T.);
#550=ORIENTED_EDGE('',*,*,#816,.T.);
#551=ORIENTED_EDGE('',*,*,#815,.T.);
#552=ORIENTED_EDGE('',*,*,#814,.T.);
#553=ORIENTED_EDGE('',*,*,#813,.T.);
#554=ORIENTED_EDGE('',*,*,#812,.T.);
#555=ORIENTED_EDGE('',*,*,#811,.T.);
#556=ORIENTED_EDGE('',*,*,#810,.T.);
#557=ORIENTED_EDGE('',*,*,#809,.T.);
#558=ORIENTED_EDGE('',*,*,#808,.T.);
#559=ORIENTED_EDGE('',*,*,#807,.T.);
#560=ORIENTED_EDGE('',*,*,#806,.T.);
#561=ORIENTED_EDGE('',*,*,#805,.T.);
#562=ORIENTED_EDGE('',*,*,#804,.T.);
#563=ORIENTED_EDGE('',*,*,#803,.T.);
#564=ORIENTED_EDGE('',*,*,#802,.T.);
#565=ORIENTED_EDGE('',*,*,#801,.T.);
#566=ORIENTED_EDGE('',*,*,#800,.T.);
#567=ORIENTED_EDGE('',*,*,#799,.T.);
#568=ORIENTED_EDGE('',*,*,#798,.T.);
#569=ORIENTED_EDGE('',*,*,#797,.T.);
#570=ORIENTED_EDGE('',*,*,#796,.T.);
#571=ORIENTED_EDGE('',*,*,#795,.T.);
#572=ORIENTED_EDGE('',*,*,#794,.T.);
#573=ORIENTED_EDGE('',*,*,#793,.T.);
#574=ORIENTED_EDGE('',*,*,#792,.T.);
#575=ORIENTED_EDGE('',*,*,#791,.T.);
#576=ORIENTED_EDGE('',*,*,#790,.T.);
#577=ORIENTED_EDGE('',*,*,#789,.T.);
#578=ORIENTED_EDGE('',*,*,#788,.T.);
#579=ORIENTED_EDGE('',*,*,#787,.T.);
#580=ORIENTED_EDGE('',*,*,#786,.T.);
#581=ORIENTED_EDGE('',*,*,#785,.T.);
#582=ORIENTED_EDGE('',*,*,#784,.T.);
#583=ORIENTED_EDGE('',*,*,#783,.T.);
#584=ORIENTED_EDGE('',*,*,#782,.T.);
#585=ORIENTED_EDGE('',*,*,#781,.T.);
#586=ORIENTED_EDGE('',*,*,#780,.T.);
#587=ORIENTED_EDGE('',*,*,#779,.T.);
#588=ORIENTED_EDGE('',*,*,#778,.T.);
#589=ORIENTED_EDGE('',*,*,#777,.T.);
#590=ORIENTED_EDGE('',*,*,#776,.T.);
#591=ORIENTED_EDGE('',*,*,#775,.T.);
#592=ORIENTED_EDGE('',*,*,#751,.T.);
#593=ORIENTED_EDGE('',*,*,#774,.T.);
#594=ORIENTED_EDGE('',*,*,#773,.T.);
#595=ORIENTED_EDGE('',*,*,#772,.T.);
#596=ORIENTED_EDGE('',*,*,#771,.T.);
#597=ORIENTED_EDGE('',*,*,#770,.T.);
#598=ORIENTED_EDGE('',*,*,#769,.T.);
#599=ORIENTED_EDGE('',*,*,#768,.T.);
#600=ORIENTED_EDGE('',*,*,#767,.T.);
#601=ORIENTED_EDGE('',*,*,#766,.T.);
#602=ORIENTED_EDGE('',*,*,#765,.T.);
#603=ORIENTED_EDGE('',*,*,#764,.T.);
#604=ORIENTED_EDGE('',*,*,#763,.T.);
#605=ORIENTED_EDGE('',*,*,#762,.T.);
#606=ORIENTED_EDGE('',*,*,#761,.T.);
#607=ORIENTED_EDGE('',*,*,#760,.T.);
#608=ORIENTED_EDGE('',*,*,#759,.T.);
#609=ORIENTED_EDGE('',*,*,#758,.T.);
#610=ORIENTED_EDGE('',*,*,#757,.T.);
#611=ORIENTED_EDGE('',*,*,#756,.T.);
#612=ORIENTED_EDGE('',*,*,#755,.T.);
#613=ORIENTED_EDGE('',*,*,#754,.T.);
#614=ORIENTED_EDGE('',*,*,#753,.T.);
#615=ORIENTED_EDGE('',*,*,#752,.T.);
#616=ORIENTED_EDGE('',*,*,#666,.F.);
#617=EDGE_CURVE('',#824,#825,#1025,.T.);
#618=EDGE_CURVE('',#825,#826,#18,.F.);
#619=EDGE_CURVE('',#826,#827,#19,.F.);
#620=EDGE_CURVE('',#827,#828,#20,.F.);
#621=EDGE_CURVE('',#828,#829,#21,.F.);
#622=EDGE_CURVE('',#829,#830,#22,.F.);
#623=EDGE_CURVE('',#830,#831,#23,.F.);
#624=EDGE_CURVE('',#831,#832,#24,.F.);
#625=EDGE_CURVE('',#832,#833,#25,.F.);
#626=EDGE_CURVE('',#833,#834,#26,.F.);
#627=EDGE_CURVE('',#834,#835,#27,.F.);
#628=EDGE_CURVE('',#835,#836,#28,.F.);
#629=EDGE_CURVE('',#836,#837,#29,.F.);
#630=EDGE_CURVE('',#837,#838,#30,.F.);
#631=EDGE_CURVE('',#838,#839,#31,.F.);
#632=EDGE_CURVE('',#839,#840,#32,.F.);
#633=EDGE_CURVE('',#840,#841,#33,.F.);
#634=EDGE_CURVE('',#841,#842,#34,.F.);
#635=EDGE_CURVE('',#842,#843,#35,.F.);
#636=EDGE_CURVE('',#843,#844,#36,.F.);
#637=EDGE_CURVE('',#844,#845,#37,.F.);
#638=EDGE_CURVE('',#845,#846,#38,.F.);
#639=EDGE_CURVE('',#846,#847,#39,.F.);
#640=EDGE_CURVE('',#847,#848,#40,.F.);
#641=EDGE_CURVE('',#848,#849,#41,.F.);
#642=EDGE_CURVE('',#849,#850,#42,.F.);
#643=EDGE_CURVE('',#850,#851,#43,.F.);
#644=EDGE_CURVE('',#851,#852,#44,.F.);
#645=EDGE_CURVE('',#852,#853,#45,.F.);
#646=EDGE_CURVE('',#853,#854,#46,.F.);
#647=EDGE_CURVE('',#854,#855,#47,.F.);
#648=EDGE_CURVE('',#855,#856,#48,.F.);
#649=EDGE_CURVE('',#856,#857,#49,.F.);
#650=EDGE_CURVE('',#857,#858,#50,.F.);
#651=EDGE_CURVE('',#858,#859,#51,.F.);
#652=EDGE_CURVE('',#859,#860,#52,.F.);
#653=EDGE_CURVE('',#860,#861,#53,.F.);
#654=EDGE_CURVE('',#861,#862,#54,.F.);
#655=EDGE_CURVE('',#862,#863,#55,.F.);
#656=EDGE_CURVE('',#863,#864,#56,.F.);
#657=EDGE_CURVE('',#864,#865,#57,.F.);
#658=EDGE_CURVE('',#865,#866,#58,.F.);
#659=EDGE_CURVE('',#866,#867,#59,.F.);
#660=EDGE_CURVE('',#867,#868,#60,.F.);
#661=EDGE_CURVE('',#868,#869,#61,.F.);
#662=EDGE_CURVE('',#869,#870,#62,.F.);
#663=EDGE_CURVE('',#870,#871,#63,.F.);
#664=EDGE_CURVE('',#871,#872,#64,.F.);
#665=EDGE_CURVE('',#872,#873,#65,.F.);
#666=EDGE_CURVE('',#873,#874,#1026,.T.);
#667=EDGE_CURVE('',#874,#875,#66,.T.);
#668=EDGE_CURVE('',#875,#876,#67,.T.);
#669=EDGE_CURVE('',#876,#877,#68,.T.);
#670=EDGE_CURVE('',#877,#878,#69,.T.);
#671=EDGE_CURVE('',#878,#879,#70,.T.);
#672=EDGE_CURVE('',#879,#880,#71,.T.);
#673=EDGE_CURVE('',#880,#881,#72,.T.);
#674=EDGE_CURVE('',#881,#882,#73,.T.);
#675=EDGE_CURVE('',#882,#883,#74,.T.);
#676=EDGE_CURVE('',#883,#884,#75,.T.);
#677=EDGE_CURVE('',#884,#885,#76,.T.);
#678=EDGE_CURVE('',#885,#886,#77,.T.);
#679=EDGE_CURVE('',#886,#887,#78,.T.);
#680=EDGE_CURVE('',#887,#888,#79,.T.);
#681=EDGE_CURVE('',#888,#889,#80,.T.);
#682=EDGE_CURVE('',#889,#890,#81,.T.);
#683=EDGE_CURVE('',#890,#891,#82,.T.);
#684=EDGE_CURVE('',#891,#892,#83,.T.);
#685=EDGE_CURVE('',#892,#893,#84,.T.);
#686=EDGE_CURVE('',#893,#894,#85,.T.);
#687=EDGE_CURVE('',#894,#895,#86,.T.);
#688=EDGE_CURVE('',#895,#896,#87,.T.);
#689=EDGE_CURVE('',#896,#897,#1027,.T.);
#690=EDGE_CURVE('',#897,#824,#1028,.T.);
#691=EDGE_CURVE('',#898,#899,#88,.T.);
#692=EDGE_CURVE('',#899,#900,#89,.T.);
#693=EDGE_CURVE('',#901,#900,#14,.T.);
#694=EDGE_CURVE('',#902,#901,#90,.F.);
#695=EDGE_CURVE('',#903,#902,#91,.F.);
#696=EDGE_CURVE('',#904,#903,#92,.F.);
#697=EDGE_CURVE('',#905,#904,#93,.F.);
#698=EDGE_CURVE('',#906,#905,#94,.F.);
#699=EDGE_CURVE('',#907,#906,#95,.F.);
#700=EDGE_CURVE('',#908,#907,#1029,.T.);
#701=EDGE_CURVE('',#908,#909,#96,.T.);
#702=EDGE_CURVE('',#910,#909,#97,.F.);
#703=EDGE_CURVE('',#910,#911,#98,.T.);
#704=EDGE_CURVE('',#911,#912,#99,.T.);
#705=EDGE_CURVE('',#913,#912,#1030,.T.);
#706=EDGE_CURVE('',#914,#913,#1031,.T.);
#707=EDGE_CURVE('',#915,#914,#1032,.T.);
#708=EDGE_CURVE('',#874,#915,#100,.T.);
#709=EDGE_CURVE('',#874,#916,#101,.T.);
#710=EDGE_CURVE('',#916,#917,#102,.T.);
#711=EDGE_CURVE('',#918,#917,#103,.F.);
#712=EDGE_CURVE('',#919,#918,#15,.T.);
#713=EDGE_CURVE('',#920,#919,#104,.F.);
#714=EDGE_CURVE('',#921,#920,#105,.F.);
#715=EDGE_CURVE('',#922,#921,#106,.F.);
#716=EDGE_CURVE('',#923,#922,#107,.F.);
#717=EDGE_CURVE('',#924,#923,#108,.F.);
#718=EDGE_CURVE('',#925,#924,#109,.F.);
#719=EDGE_CURVE('',#898,#925,#110,.F.);
#720=EDGE_CURVE('',#926,#927,#111,.F.);
#721=EDGE_CURVE('',#928,#926,#112,.F.);
#722=EDGE_CURVE('',#929,#928,#113,.F.);
#723=EDGE_CURVE('',#930,#929,#114,.F.);
#724=EDGE_CURVE('',#931,#930,#115,.F.);
#725=EDGE_CURVE('',#932,#931,#116,.F.);
#726=EDGE_CURVE('',#933,#932,#117,.F.);
#727=EDGE_CURVE('',#934,#933,#16,.T.);
#728=EDGE_CURVE('',#935,#934,#118,.F.);
#729=EDGE_CURVE('',#935,#936,#119,.T.);
#730=EDGE_CURVE('',#936,#937,#120,.T.);
#731=EDGE_CURVE('',#874,#937,#1033,.T.);
#732=EDGE_CURVE('',#938,#914,#1034,.T.);
#733=EDGE_CURVE('',#939,#938,#1035,.T.);
#734=EDGE_CURVE('',#939,#940,#121,.T.);
#735=EDGE_CURVE('',#940,#941,#122,.T.);
#736=EDGE_CURVE('',#942,#941,#123,.F.);
#737=EDGE_CURVE('',#942,#943,#124,.T.);
#738=EDGE_CURVE('',#944,#943,#1036,.T.);
#739=EDGE_CURVE('',#945,#944,#125,.F.);
#740=EDGE_CURVE('',#946,#945,#126,.F.);
#741=EDGE_CURVE('',#947,#946,#127,.F.);
#742=EDGE_CURVE('',#948,#947,#128,.F.);
#743=EDGE_CURVE('',#949,#948,#129,.F.);
#744=EDGE_CURVE('',#950,#949,#130,.F.);
#745=EDGE_CURVE('',#951,#950,#17,.T.);
#746=EDGE_CURVE('',#951,#952,#131,.T.);
#747=EDGE_CURVE('',#952,#927,#132,.T.);
#748=EDGE_CURVE('',#824,#953,#1037,.T.);
#749=EDGE_CURVE('',#938,#897,#1038,.T.);
#750=EDGE_CURVE('',#954,#913,#1039,.T.);
#751=EDGE_CURVE('',#953,#954,#1040,.T.);
#752=EDGE_CURVE('',#955,#874,#133,.F.);
#753=EDGE_CURVE('',#956,#955,#134,.F.);
#754=EDGE_CURVE('',#957,#956,#135,.F.);
#755=EDGE_CURVE('',#958,#957,#136,.F.);
#756=EDGE_CURVE('',#959,#958,#137,.F.);
#757=EDGE_CURVE('',#960,#959,#138,.F.);
#758=EDGE_CURVE('',#961,#960,#139,.F.);
#759=EDGE_CURVE('',#962,#961,#140,.F.);
#760=EDGE_CURVE('',#963,#962,#141,.F.);
#761=EDGE_CURVE('',#964,#963,#142,.F.);
#762=EDGE_CURVE('',#965,#964,#143,.F.);
#763=EDGE_CURVE('',#966,#965,#144,.F.);
#764=EDGE_CURVE('',#967,#966,#145,.F.);
#765=EDGE_CURVE('',#968,#967,#146,.F.);
#766=EDGE_CURVE('',#969,#968,#147,.F.);
#767=EDGE_CURVE('',#970,#969,#148,.F.);
#768=EDGE_CURVE('',#971,#970,#149,.F.);
#769=EDGE_CURVE('',#972,#971,#150,.F.);
#770=EDGE_CURVE('',#973,#972,#151,.F.);
#771=EDGE_CURVE('',#974,#973,#152,.F.);
#772=EDGE_CURVE('',#975,#974,#153,.F.);
#773=EDGE_CURVE('',#976,#975,#154,.F.);
#774=EDGE_CURVE('',#954,#976,#1041,.T.);
#775=EDGE_CURVE('',#977,#953,#1042,.T.);
#776=EDGE_CURVE('',#978,#977,#155,.F.);
#777=EDGE_CURVE('',#979,#978,#156,.F.);
#778=EDGE_CURVE('',#980,#979,#157,.F.);
#779=EDGE_CURVE('',#981,#980,#158,.F.);
#780=EDGE_CURVE('',#982,#981,#159,.F.);
#781=EDGE_CURVE('',#983,#982,#160,.F.);
#782=EDGE_CURVE('',#984,#983,#161,.F.);
#783=EDGE_CURVE('',#985,#984,#162,.F.);
#784=EDGE_CURVE('',#986,#985,#163,.F.);
#785=EDGE_CURVE('',#987,#986,#164,.F.);
#786=EDGE_CURVE('',#988,#987,#165,.F.);
#787=EDGE_CURVE('',#989,#988,#166,.F.);
#788=EDGE_CURVE('',#990,#989,#167,.F.);
#789=EDGE_CURVE('',#991,#990,#168,.F.);
#790=EDGE_CURVE('',#992,#991,#169,.F.);
#791=EDGE_CURVE('',#993,#992,#170,.F.);
#792=EDGE_CURVE('',#994,#993,#171,.F.);
#793=EDGE_CURVE('',#995,#994,#172,.F.);
#794=EDGE_CURVE('',#996,#995,#173,.F.);
#795=EDGE_CURVE('',#997,#996,#174,.F.);
#796=EDGE_CURVE('',#998,#997,#175,.F.);
#797=EDGE_CURVE('',#999,#998,#176,.F.);
#798=EDGE_CURVE('',#1000,#999,#177,.F.);
#799=EDGE_CURVE('',#1001,#1000,#178,.F.);
#800=EDGE_CURVE('',#1002,#1001,#179,.F.);
#801=EDGE_CURVE('',#1003,#1002,#180,.F.);
#802=EDGE_CURVE('',#1004,#1003,#181,.F.);
#803=EDGE_CURVE('',#1005,#1004,#182,.F.);
#804=EDGE_CURVE('',#1006,#1005,#183,.F.);
#805=EDGE_CURVE('',#1007,#1006,#184,.F.);
#806=EDGE_CURVE('',#1008,#1007,#185,.F.);
#807=EDGE_CURVE('',#1009,#1008,#186,.F.);
#808=EDGE_CURVE('',#1010,#1009,#187,.F.);
#809=EDGE_CURVE('',#1011,#1010,#188,.F.);
#810=EDGE_CURVE('',#1012,#1011,#189,.F.);
#811=EDGE_CURVE('',#1013,#1012,#190,.F.);
#812=EDGE_CURVE('',#1014,#1013,#191,.F.);
#813=EDGE_CURVE('',#1015,#1014,#192,.F.);
#814=EDGE_CURVE('',#1016,#1015,#193,.F.);
#815=EDGE_CURVE('',#1017,#1016,#194,.F.);
#816=EDGE_CURVE('',#1018,#1017,#195,.F.);
#817=EDGE_CURVE('',#1019,#1018,#196,.F.);
#818=EDGE_CURVE('',#1020,#1019,#197,.F.);
#819=EDGE_CURVE('',#1021,#1020,#198,.F.);
#820=EDGE_CURVE('',#1022,#1021,#199,.F.);
#821=EDGE_CURVE('',#1023,#1022,#200,.F.);
#822=EDGE_CURVE('',#1024,#1023,#201,.F.);
#823=EDGE_CURVE('',#873,#1024,#202,.F.);
#824=VERTEX_POINT('',#1447);
#825=VERTEX_POINT('',#1448);
#826=VERTEX_POINT('',#1473);
#827=VERTEX_POINT('',#1478);
#828=VERTEX_POINT('',#1483);
#829=VERTEX_POINT('',#1508);
#830=VERTEX_POINT('',#1528);
#831=VERTEX_POINT('',#1544);
#832=VERTEX_POINT('',#1549);
#833=VERTEX_POINT('',#1554);
#834=VERTEX_POINT('',#1559);
#835=VERTEX_POINT('',#1564);
#836=VERTEX_POINT('',#1569);
#837=VERTEX_POINT('',#1574);
#838=VERTEX_POINT('',#1579);
#839=VERTEX_POINT('',#1584);
#840=VERTEX_POINT('',#1589);
#841=VERTEX_POINT('',#1594);
#842=VERTEX_POINT('',#1599);
#843=VERTEX_POINT('',#1604);
#844=VERTEX_POINT('',#1609);
#845=VERTEX_POINT('',#1614);
#846=VERTEX_POINT('',#1619);
#847=VERTEX_POINT('',#1624);
#848=VERTEX_POINT('',#1629);
#849=VERTEX_POINT('',#1634);
#850=VERTEX_POINT('',#1639);
#851=VERTEX_POINT('',#1644);
#852=VERTEX_POINT('',#1649);
#853=VERTEX_POINT('',#1654);
#854=VERTEX_POINT('',#1659);
#855=VERTEX_POINT('',#1664);
#856=VERTEX_POINT('',#1669);
#857=VERTEX_POINT('',#1674);
#858=VERTEX_POINT('',#1679);
#859=VERTEX_POINT('',#1684);
#860=VERTEX_POINT('',#1689);
#861=VERTEX_POINT('',#1694);
#862=VERTEX_POINT('',#1699);
#863=VERTEX_POINT('',#1704);
#864=VERTEX_POINT('',#1709);
#865=VERTEX_POINT('',#1714);
#866=VERTEX_POINT('',#1719);
#867=VERTEX_POINT('',#1724);
#868=VERTEX_POINT('',#1729);
#869=VERTEX_POINT('',#1734);
#870=VERTEX_POINT('',#1739);
#871=VERTEX_POINT('',#1744);
#872=VERTEX_POINT('',#1749);
#873=VERTEX_POINT('',#1754);
#874=VERTEX_POINT('',#1756);
#875=VERTEX_POINT('',#1761);
#876=VERTEX_POINT('',#1766);
#877=VERTEX_POINT('',#1771);
#878=VERTEX_POINT('',#1776);
#879=VERTEX_POINT('',#1781);
#880=VERTEX_POINT('',#1786);
#881=VERTEX_POINT('',#1791);
#882=VERTEX_POINT('',#1796);
#883=VERTEX_POINT('',#1801);
#884=VERTEX_POINT('',#1806);
#885=VERTEX_POINT('',#1811);
#886=VERTEX_POINT('',#1816);
#887=VERTEX_POINT('',#1821);
#888=VERTEX_POINT('',#1826);
#889=VERTEX_POINT('',#1831);
#890=VERTEX_POINT('',#1837);
#891=VERTEX_POINT('',#1843);
#892=VERTEX_POINT('',#1848);
#893=VERTEX_POINT('',#1853);
#894=VERTEX_POINT('',#1858);
#895=VERTEX_POINT('',#1864);
#896=VERTEX_POINT('',#1873);
#897=VERTEX_POINT('',#1875);
#898=VERTEX_POINT('',#2079);
#899=VERTEX_POINT('',#2080);
#900=VERTEX_POINT('',#2085);
#901=VERTEX_POINT('',#2087);
#902=VERTEX_POINT('',#2092);
#903=VERTEX_POINT('',#2097);
#904=VERTEX_POINT('',#2102);
#905=VERTEX_POINT('',#2107);
#906=VERTEX_POINT('',#2112);
#907=VERTEX_POINT('',#2117);
#908=VERTEX_POINT('',#2119);
#909=VERTEX_POINT('',#2124);
#910=VERTEX_POINT('',#2129);
#911=VERTEX_POINT('',#2134);
#912=VERTEX_POINT('',#2139);
#913=VERTEX_POINT('',#2141);
#914=VERTEX_POINT('',#2143);
#915=VERTEX_POINT('',#2145);
#916=VERTEX_POINT('',#2211);
#917=VERTEX_POINT('',#2216);
#918=VERTEX_POINT('',#2221);
#919=VERTEX_POINT('',#2223);
#920=VERTEX_POINT('',#2229);
#921=VERTEX_POINT('',#2234);
#922=VERTEX_POINT('',#2239);
#923=VERTEX_POINT('',#2244);
#924=VERTEX_POINT('',#2249);
#925=VERTEX_POINT('',#2254);
#926=VERTEX_POINT('',#2461);
#927=VERTEX_POINT('',#2462);
#928=VERTEX_POINT('',#2467);
#929=VERTEX_POINT('',#2472);
#930=VERTEX_POINT('',#2477);
#931=VERTEX_POINT('',#2482);
#932=VERTEX_POINT('',#2487);
#933=VERTEX_POINT('',#2524);
#934=VERTEX_POINT('',#2526);
#935=VERTEX_POINT('',#2531);
#936=VERTEX_POINT('',#2536);
#937=VERTEX_POINT('',#2541);
#938=VERTEX_POINT('',#2544);
#939=VERTEX_POINT('',#2546);
#940=VERTEX_POINT('',#2551);
#941=VERTEX_POINT('',#2556);
#942=VERTEX_POINT('',#2561);
#943=VERTEX_POINT('',#2566);
#944=VERTEX_POINT('',#2568);
#945=VERTEX_POINT('',#2573);
#946=VERTEX_POINT('',#2578);
#947=VERTEX_POINT('',#2583);
#948=VERTEX_POINT('',#2588);
#949=VERTEX_POINT('',#2593);
#950=VERTEX_POINT('',#2598);
#951=VERTEX_POINT('',#2600);
#952=VERTEX_POINT('',#2605);
#953=VERTEX_POINT('',#2612);
#954=VERTEX_POINT('',#2615);
#955=VERTEX_POINT('',#2821);
#956=VERTEX_POINT('',#2826);
#957=VERTEX_POINT('',#2831);
#958=VERTEX_POINT('',#2836);
#959=VERTEX_POINT('',#2841);
#960=VERTEX_POINT('',#2846);
#961=VERTEX_POINT('',#2851);
#962=VERTEX_POINT('',#2856);
#963=VERTEX_POINT('',#2861);
#964=VERTEX_POINT('',#2866);
#965=VERTEX_POINT('',#2871);
#966=VERTEX_POINT('',#2876);
#967=VERTEX_POINT('',#2881);
#968=VERTEX_POINT('',#2886);
#969=VERTEX_POINT('',#2891);
#970=VERTEX_POINT('',#2897);
#971=VERTEX_POINT('',#2903);
#972=VERTEX_POINT('',#2908);
#973=VERTEX_POINT('',#2913);
#974=VERTEX_POINT('',#2918);
#975=VERTEX_POINT('',#2924);
#976=VERTEX_POINT('',#2932);
#977=VERTEX_POINT('',#3251);
#978=VERTEX_POINT('',#3256);
#979=VERTEX_POINT('',#3261);
#980=VERTEX_POINT('',#3266);
#981=VERTEX_POINT('',#3291);
#982=VERTEX_POINT('',#3311);
#983=VERTEX_POINT('',#3327);
#984=VERTEX_POINT('',#3332);
#985=VERTEX_POINT('',#3337);
#986=VERTEX_POINT('',#3342);
#987=VERTEX_POINT('',#3347);
#988=VERTEX_POINT('',#3352);
#989=VERTEX_POINT('',#3357);
#990=VERTEX_POINT('',#3362);
#991=VERTEX_POINT('',#3367);
#992=VERTEX_POINT('',#3372);
#993=VERTEX_POINT('',#3377);
#994=VERTEX_POINT('',#3382);
#995=VERTEX_POINT('',#3387);
#996=VERTEX_POINT('',#3392);
#997=VERTEX_POINT('',#3397);
#998=VERTEX_POINT('',#3402);
#999=VERTEX_POINT('',#3407);
#1000=VERTEX_POINT('',#3412);
#1001=VERTEX_POINT('',#3417);
#1002=VERTEX_POINT('',#3422);
#1003=VERTEX_POINT('',#3427);
#1004=VERTEX_POINT('',#3432);
#1005=VERTEX_POINT('',#3437);
#1006=VERTEX_POINT('',#3442);
#1007=VERTEX_POINT('',#3447);
#1008=VERTEX_POINT('',#3452);
#1009=VERTEX_POINT('',#3457);
#1010=VERTEX_POINT('',#3462);
#1011=VERTEX_POINT('',#3467);
#1012=VERTEX_POINT('',#3472);
#1013=VERTEX_POINT('',#3477);
#1014=VERTEX_POINT('',#3482);
#1015=VERTEX_POINT('',#3487);
#1016=VERTEX_POINT('',#3492);
#1017=VERTEX_POINT('',#3497);
#1018=VERTEX_POINT('',#3502);
#1019=VERTEX_POINT('',#3507);
#1020=VERTEX_POINT('',#3512);
#1021=VERTEX_POINT('',#3517);
#1022=VERTEX_POINT('',#3522);
#1023=VERTEX_POINT('',#3527);
#1024=VERTEX_POINT('',#3532);
#1025=LINE('',#1446,#1043);
#1026=LINE('',#1755,#1044);
#1027=LINE('',#1874,#1045);
#1028=LINE('',#1876,#1046);
#1029=LINE('',#2118,#1047);
#1030=LINE('',#2140,#1048);
#1031=LINE('',#2142,#1049);
#1032=LINE('',#2144,#1050);
#1033=LINE('',#2542,#1051);
#1034=LINE('',#2543,#1052);
#1035=LINE('',#2545,#1053);
#1036=LINE('',#2567,#1054);
#1037=LINE('',#2611,#1055);
#1038=LINE('',#2613,#1056);
#1039=LINE('',#2614,#1057);
#1040=LINE('',#2616,#1058);
#1041=LINE('',#2933,#1059);
#1042=LINE('',#3250,#1060);
#1043=VECTOR('',#1112,1.);
#1044=VECTOR('',#1113,1.);
#1045=VECTOR('',#1114,1.);
#1046=VECTOR('',#1115,1.);
#1047=VECTOR('',#1118,1.);
#1048=VECTOR('',#1119,1.);
#1049=VECTOR('',#1120,1.);
#1050=VECTOR('',#1121,1.);
#1051=VECTOR('',#1126,1.);
#1052=VECTOR('',#1127,1.);
#1053=VECTOR('',#1128,1.);
#1054=VECTOR('',#1129,1.);
#1055=VECTOR('',#1134,1.);
#1056=VECTOR('',#1135,1.);
#1057=VECTOR('',#1136,1.);
#1058=VECTOR('',#1137,1.);
#1059=VECTOR('',#1138,1.);
#1060=VECTOR('',#1141,1.);
#1061=EDGE_LOOP('',(#203,#204,#205,#206,#207,#208,#209,#210,#211,#212,#213,
#214,#215,#216,#217,#218,#219,#220,#221,#222,#223,#224,#225,#226,#227,#228,
#229,#230,#231,#232,#233,#234,#235,#236,#237,#238,#239,#240,#241,#242,#243,
#244,#245,#246,#247,#248,#249,#250,#251,#252,#253,#254,#255,#256,#257,#258,
#259,#260,#261,#262,#263,#264,#265,#266,#267,#268,#269,#270,#271,#272,#273,
#274,#275,#276));
#1062=EDGE_LOOP('',(#277,#278,#279,#280,#281,#282,#283,#284,#285,#286,#287,
#288,#289,#290,#291,#292,#293,#294,#295,#296,#297,#298,#299,#300,#301,#302,
#303,#304,#305));
#1063=EDGE_LOOP('',(#306,#307,#308,#309,#310,#311,#312,#313,#314,#315,#316,
#317,#318,#319,#320,#321,#322,#323,#324,#325,#326,#327,#328,#329,#330,#331,
#332,#333,#334,#335));
#1064=EDGE_LOOP('',(#336,#337,#338,#339,#340,#341,#342));
#1065=EDGE_LOOP('',(#343,#344,#345,#346,#347,#348,#349,#350,#351,#352,#353,
#354,#355,#356,#357,#358,#359,#360,#361,#362,#363,#364,#365,#366,#367,#368,
#369,#370,#371,#372,#373,#374,#375,#376,#377,#378,#379,#380,#381,#382,#383,
#384,#385,#386,#387,#388,#389,#390,#391,#392));
#1066=EDGE_LOOP('',(#393,#394,#395,#396,#397,#398,#399,#400,#401,#402,#403,
#404,#405,#406,#407,#408,#409,#410,#411,#412,#413,#414,#415,#416,#417,#418,
#419,#420,#421,#422,#423,#424,#425,#426,#427,#428,#429,#430,#431,#432,#433,
#434,#435,#436,#437,#438,#439,#440,#441,#442,#443));
#1067=EDGE_LOOP('',(#444,#445,#446,#447,#448,#449,#450,#451,#452,#453,#454,
#455,#456,#457,#458,#459,#460,#461,#462,#463,#464,#465,#466,#467,#468,#469,
#470,#471,#472,#473,#474,#475,#476,#477,#478,#479,#480,#481,#482,#483,#484,
#485,#486,#487,#488,#489,#490,#491,#492,#493,#494,#495,#496,#497,#498,#499,
#500,#501,#502,#503,#504,#505,#506,#507,#508,#509,#510,#511,#512,#513,#514,
#515,#516,#517,#518,#519,#520,#521,#522,#523,#524,#525,#526,#527,#528,#529,
#530,#531,#532,#533,#534,#535,#536,#537,#538,#539,#540,#541,#542));
#1068=EDGE_LOOP('',(#543,#544,#545,#546,#547,#548,#549,#550,#551,#552,#553,
#554,#555,#556,#557,#558,#559,#560,#561,#562,#563,#564,#565,#566,#567,#568,
#569,#570,#571,#572,#573,#574,#575,#576,#577,#578,#579,#580,#581,#582,#583,
#584,#585,#586,#587,#588,#589,#590,#591,#592,#593,#594,#595,#596,#597,#598,
#599,#600,#601,#602,#603,#604,#605,#606,#607,#608,#609,#610,#611,#612,#613,
#614,#615,#616));
#1069=FACE_BOUND('',#1061,.T.);
#1070=FACE_BOUND('',#1062,.T.);
#1071=FACE_BOUND('',#1063,.T.);
#1072=FACE_BOUND('',#1064,.T.);
#1073=FACE_BOUND('',#1065,.T.);
#1074=FACE_BOUND('',#1066,.T.);
#1075=FACE_BOUND('',#1067,.T.);
#1076=FACE_BOUND('',#1068,.T.);
#1077=B_SPLINE_SURFACE_WITH_KNOTS('',1,3,((#1143,#1144,#1145,#1146,#1147,
#1148,#1149,#1150,#1151,#1152,#1153,#1154,#1155,#1156,#1157,#1158,#1159,
#1160,#1161,#1162,#1163,#1164,#1165,#1166,#1167,#1168,#1169,#1170,#1171,
#1172,#1173,#1174,#1175,#1176,#1177,#1178,#1179,#1180,#1181,#1182,#1183,
#1184,#1185,#1186,#1187,#1188,#1189,#1190,#1191,#1192,#1193,#1194,#1195,
#1196,#1197,#1198,#1199,#1200,#1201,#1202,#1203,#1204,#1205,#1206,#1207,
#1208,#1209,#1210,#1211,#1212,#1213,#1214,#1215,#1216,#1217,#1218,#1219,
#1220,#1221,#1222,#1223,#1224,#1225,#1226,#1227,#1228,#1229,#1230,#1231,
#1232,#1233,#1234,#1235,#1236,#1237,#1238,#1239,#1240,#1241,#1242,#1243),
(#1244,#1245,#1246,#1247,#1248,#1249,#1250,#1251,#1252,#1253,#1254,#1255,
#1256,#1257,#1258,#1259,#1260,#1261,#1262,#1263,#1264,#1265,#1266,#1267,
#1268,#1269,#1270,#1271,#1272,#1273,#1274,#1275,#1276,#1277,#1278,#1279,
#1280,#1281,#1282,#1283,#1284,#1285,#1286,#1287,#1288,#1289,#1290,#1291,
#1292,#1293,#1294,#1295,#1296,#1297,#1298,#1299,#1300,#1301,#1302,#1303,
#1304,#1305,#1306,#1307,#1308,#1309,#1310,#1311,#1312,#1313,#1314,#1315,
#1316,#1317,#1318,#1319,#1320,#1321,#1322,#1323,#1324,#1325,#1326,#1327,
#1328,#1329,#1330,#1331,#1332,#1333,#1334,#1335,#1336,#1337,#1338,#1339,
#1340,#1341,#1342,#1343,#1344),(#1345,#1346,#1347,#1348,#1349,#1350,#1351,
#1352,#1353,#1354,#1355,#1356,#1357,#1358,#1359,#1360,#1361,#1362,#1363,
#1364,#1365,#1366,#1367,#1368,#1369,#1370,#1371,#1372,#1373,#1374,#1375,
#1376,#1377,#1378,#1379,#1380,#1381,#1382,#1383,#1384,#1385,#1386,#1387,
#1388,#1389,#1390,#1391,#1392,#1393,#1394,#1395,#1396,#1397,#1398,#1399,
#1400,#1401,#1402,#1403,#1404,#1405,#1406,#1407,#1408,#1409,#1410,#1411,
#1412,#1413,#1414,#1415,#1416,#1417,#1418,#1419,#1420,#1421,#1422,#1423,
#1424,#1425,#1426,#1427,#1428,#1429,#1430,#1431,#1432,#1433,#1434,#1435,
#1436,#1437,#1438,#1439,#1440,#1441,#1442,#1443,#1444,#1445)),
 .UNSPECIFIED.,.F.,.F.,.F.,(2,1,2),(4,1,1,1,1,1,1,1,1,1,1,1,1,1,1,1,1,1,
1,1,1,1,1,1,1,1,1,1,1,1,1,1,1,1,1,1,1,1,1,1,1,1,1,1,1,1,1,1,1,1,1,1,1,1,
1,1,1,1,1,1,1,1,1,1,1,1,1,1,1,1,1,1,1,1,1,1,1,1,1,1,1,1,1,1,1,1,1,1,1,1,
1,1,1,2,1,1,1,4),(0.,1.,1.01),(0.,0.00109248046875,0.0021849609375,0.00327744140625,
0.004369921875,0.00546240234375,0.0065548828125,0.00764736328125,0.00873984375,
0.00983232421875,0.0109248046875,0.01201728515625,0.013109765625,0.01365600585938,
0.01420224609375,0.0152947265625,0.01638720703125,0.0174796875,0.01857216796875,
0.0196646484375,0.02075712890625,0.021849609375,0.0240345703125,0.02621953125,
0.030589453125,0.034959375,0.039329296875,0.04369921875,0.048069140625,
0.0524390625,0.056808984375,0.06117890625,0.065548828125,0.06991875,0.074288671875,
0.07865859375,0.083028515625,0.0873984375,0.091768359375,0.09613828125,
0.100508203125,0.104878125,0.109248046875,0.11361796875,0.117987890625,
0.1223578125,0.13109765625,0.1398375,0.14857734375,0.1573171875,0.16605703125,
0.174796875,0.18353671875,0.1922765625,0.20101640625,0.20975625,0.21849609375,
0.2272359375,0.23597578125,0.244715625,0.25345546875,0.2621953125,0.27093515625,
0.279675,0.28841484375,0.2971546875,0.30589453125,0.314634375,0.32337421875,
0.3321140625,0.34085390625,0.34959375,0.35833359375,0.3670734375,0.37581328125,
0.380183203125,0.384553125,0.388923046875,0.39329296875,0.4020328125,0.41077265625,
0.4195125,0.42825234375,0.4369921875,0.44573203125,0.454471875,0.46321171875,
0.4719515625,0.48069140625,0.48943125,0.5069109375,0.524390625,0.5418703125,
0.55935,0.6695125,0.779675,0.8898375,1.),.UNSPECIFIED.);
#1078=B_SPLINE_SURFACE_WITH_KNOTS('',3,1,((#1877,#1878,#1879),(#1880,#1881,
#1882),(#1883,#1884,#1885),(#1886,#1887,#1888),(#1889,#1890,#1891),(#1892,
#1893,#1894),(#1895,#1896,#1897),(#1898,#1899,#1900),(#1901,#1902,#1903),
(#1904,#1905,#1906),(#1907,#1908,#1909),(#1910,#1911,#1912),(#1913,#1914,
#1915),(#1916,#1917,#1918),(#1919,#1920,#1921),(#1922,#1923,#1924),(#1925,
#1926,#1927),(#1928,#1929,#1930),(#1931,#1932,#1933),(#1934,#1935,#1936),
(#1937,#1938,#1939),(#1940,#1941,#1942),(#1943,#1944,#1945),(#1946,#1947,
#1948),(#1949,#1950,#1951),(#1952,#1953,#1954),(#1955,#1956,#1957),(#1958,
#1959,#1960),(#1961,#1962,#1963),(#1964,#1965,#1966),(#1967,#1968,#1969),
(#1970,#1971,#1972),(#1973,#1974,#1975),(#1976,#1977,#1978),(#1979,#1980,
#1981),(#1982,#1983,#1984),(#1985,#1986,#1987),(#1988,#1989,#1990),(#1991,
#1992,#1993),(#1994,#1995,#1996),(#1997,#1998,#1999),(#2000,#2001,#2002),
(#2003,#2004,#2005),(#2006,#2007,#2008),(#2009,#2010,#2011),(#2012,#2013,
#2014),(#2015,#2016,#2017),(#2018,#2019,#2020),(#2021,#2022,#2023),(#2024,
#2025,#2026),(#2027,#2028,#2029),(#2030,#2031,#2032),(#2033,#2034,#2035),
(#2036,#2037,#2038),(#2039,#2040,#2041),(#2042,#2043,#2044),(#2045,#2046,
#2047),(#2048,#2049,#2050),(#2051,#2052,#2053),(#2054,#2055,#2056),(#2057,
#2058,#2059),(#2060,#2061,#2062),(#2063,#2064,#2065),(#2066,#2067,#2068),
(#2069,#2070,#2071),(#2072,#2073,#2074)),.UNSPECIFIED.,.F.,.F.,.F.,(4,1,
1,1,2,1,1,1,1,1,1,1,1,1,1,1,1,1,1,1,1,1,1,1,1,1,1,1,1,1,1,1,1,1,1,1,1,1,
1,1,1,1,1,1,1,1,1,1,1,1,1,1,1,1,1,1,1,1,1,1,1,1,4),(2,1,2),(0.,0.115025,
0.23005,0.345075,0.4601,0.476971875,0.49384375,0.510715625,0.5191515625,
0.5275875,0.5360234375,0.544459375,0.5528953125,0.56133125,0.5697671875,
0.578203125,0.595075,0.6035109375,0.611946875,0.6203828125,0.62881875,0.6372546875,
0.645690625,0.6541265625,0.6625625,0.6709984375,0.679434375,0.6878703125,
0.69630625,0.7047421875,0.713178125,0.7216140625,0.73005,0.7384859375,0.746921875,
0.7553578125,0.76379375,0.7722296875,0.780665625,0.7891015625,0.7975375,
0.8059734375,0.814409375,0.8228453125,0.83128125,0.8397171875,0.848153125,
0.8565890625,0.865025,0.8734609375,0.881896875,0.8903328125,0.89876875,
0.9072046875,0.915640625,0.9240765625,0.9325125,0.9409484375,0.949384375,
0.9578203125,0.96625625,0.983128125,1.),(0.,1.,1.01),.UNSPECIFIED.);
#1079=B_SPLINE_SURFACE_WITH_KNOTS('',1,3,((#2259,#2260,#2261,#2262,#2263,
#2264,#2265,#2266,#2267,#2268,#2269,#2270,#2271,#2272,#2273,#2274,#2275,
#2276,#2277,#2278,#2279,#2280,#2281,#2282,#2283,#2284,#2285,#2286,#2287,
#2288,#2289,#2290,#2291,#2292,#2293,#2294,#2295,#2296,#2297,#2298,#2299,
#2300,#2301,#2302,#2303,#2304,#2305,#2306,#2307,#2308,#2309,#2310,#2311,
#2312,#2313,#2314,#2315,#2316,#2317,#2318,#2319,#2320,#2321,#2322,#2323,
#2324),(#2325,#2326,#2327,#2328,#2329,#2330,#2331,#2332,#2333,#2334,#2335,
#2336,#2337,#2338,#2339,#2340,#2341,#2342,#2343,#2344,#2345,#2346,#2347,
#2348,#2349,#2350,#2351,#2352,#2353,#2354,#2355,#2356,#2357,#2358,#2359,
#2360,#2361,#2362,#2363,#2364,#2365,#2366,#2367,#2368,#2369,#2370,#2371,
#2372,#2373,#2374,#2375,#2376,#2377,#2378,#2379,#2380,#2381,#2382,#2383,
#2384,#2385,#2386,#2387,#2388,#2389,#2390),(#2391,#2392,#2393,#2394,#2395,
#2396,#2397,#2398,#2399,#2400,#2401,#2402,#2403,#2404,#2405,#2406,#2407,
#2408,#2409,#2410,#2411,#2412,#2413,#2414,#2415,#2416,#2417,#2418,#2419,
#2420,#2421,#2422,#2423,#2424,#2425,#2426,#2427,#2428,#2429,#2430,#2431,
#2432,#2433,#2434,#2435,#2436,#2437,#2438,#2439,#2440,#2441,#2442,#2443,
#2444,#2445,#2446,#2447,#2448,#2449,#2450,#2451,#2452,#2453,#2454,#2455,
#2456)),.UNSPECIFIED.,.F.,.F.,.F.,(2,1,2),(4,1,1,1,2,1,1,1,1,1,1,1,1,1,
1,1,1,1,1,1,1,1,1,1,1,1,1,1,1,1,1,1,1,1,1,1,1,1,1,1,1,1,1,1,1,1,1,1,1,1,
1,1,1,1,1,1,1,1,1,1,1,1,4),(0.,1.,1.01),(0.,0.115025,0.23005,0.345075,0.4601,
0.476971875,0.49384375,0.510715625,0.5191515625,0.5275875,0.5360234375,
0.544459375,0.5528953125,0.56133125,0.5697671875,0.578203125,0.595075,0.6035109375,
0.611946875,0.6203828125,0.62881875,0.6372546875,0.645690625,0.6541265625,
0.6625625,0.6709984375,0.679434375,0.6878703125,0.69630625,0.7047421875,
0.713178125,0.7216140625,0.73005,0.7384859375,0.746921875,0.7553578125,
0.76379375,0.7722296875,0.780665625,0.7891015625,0.7975375,0.8059734375,
0.814409375,0.8228453125,0.83128125,0.8397171875,0.848153125,0.8565890625,
0.865025,0.8734609375,0.881896875,0.8903328125,0.89876875,0.9072046875,
0.915640625,0.9240765625,0.9325125,0.9409484375,0.949384375,0.9578203125,
0.96625625,0.983128125,1.),.UNSPECIFIED.);
#1080=B_SPLINE_SURFACE_WITH_KNOTS('',3,3,((#2617,#2618,#2619,#2620),(#2621,
#2622,#2623,#2624),(#2625,#2626,#2627,#2628),(#2629,#2630,#2631,#2632),
(#2633,#2634,#2635,#2636),(#2637,#2638,#2639,#2640),(#2641,#2642,#2643,
#2644),(#2645,#2646,#2647,#2648),(#2649,#2650,#2651,#2652),(#2653,#2654,
#2655,#2656),(#2657,#2658,#2659,#2660),(#2661,#2662,#2663,#2664),(#2665,
#2666,#2667,#2668),(#2669,#2670,#2671,#2672),(#2673,#2674,#2675,#2676),
(#2677,#2678,#2679,#2680),(#2681,#2682,#2683,#2684),(#2685,#2686,#2687,
#2688),(#2689,#2690,#2691,#2692),(#2693,#2694,#2695,#2696),(#2697,#2698,
#2699,#2700),(#2701,#2702,#2703,#2704),(#2705,#2706,#2707,#2708),(#2709,
#2710,#2711,#2712),(#2713,#2714,#2715,#2716),(#2717,#2718,#2719,#2720),
(#2721,#2722,#2723,#2724),(#2725,#2726,#2727,#2728),(#2729,#2730,#2731,
#2732),(#2733,#2734,#2735,#2736),(#2737,#2738,#2739,#2740),(#2741,#2742,
#2743,#2744),(#2745,#2746,#2747,#2748),(#2749,#2750,#2751,#2752),(#2753,
#2754,#2755,#2756),(#2757,#2758,#2759,#2760),(#2761,#2762,#2763,#2764),
(#2765,#2766,#2767,#2768),(#2769,#2770,#2771,#2772),(#2773,#2774,#2775,
#2776),(#2777,#2778,#2779,#2780),(#2781,#2782,#2783,#2784),(#2785,#2786,
#2787,#2788),(#2789,#2790,#2791,#2792),(#2793,#2794,#2795,#2796),(#2797,
#2798,#2799,#2800),(#2801,#2802,#2803,#2804),(#2805,#2806,#2807,#2808),
(#2809,#2810,#2811,#2812),(#2813,#2814,#2815,#2816)),.UNSPECIFIED.,.F.,
 .F.,.F.,(4,2,1,1,2,2,2,2,2,2,2,2,2,2,2,2,2,2,2,2,2,2,2,2,2,4),(4,4),(0.,
0.25,0.3125,0.34375,0.359375,0.375,0.4375,0.46875,0.5,0.5625,0.625,0.65625,
0.6875,0.71875,0.75,0.8125,0.84375,0.875,0.90625,0.9375,0.96875,0.984375,
0.98828125,0.9921875,0.99609375,1.),(-0.00601739563617042,1.00883753156416),
 .UNSPECIFIED.);
#1081=B_SPLINE_SURFACE_WITH_KNOTS('',1,3,((#2934,#2935,#2936,#2937,#2938,
#2939,#2940,#2941,#2942,#2943,#2944,#2945,#2946,#2947,#2948,#2949,#2950,
#2951,#2952,#2953,#2954,#2955,#2956,#2957,#2958,#2959,#2960,#2961,#2962,
#2963,#2964,#2965,#2966,#2967,#2968,#2969,#2970,#2971,#2972,#2973,#2974,
#2975,#2976,#2977,#2978,#2979,#2980,#2981,#2982,#2983,#2984,#2985,#2986,
#2987,#2988,#2989,#2990,#2991,#2992,#2993,#2994,#2995,#2996,#2997,#2998,
#2999,#3000,#3001,#3002,#3003,#3004,#3005,#3006,#3007,#3008,#3009,#3010,
#3011,#3012,#3013,#3014,#3015,#3016,#3017,#3018,#3019,#3020,#3021,#3022,
#3023,#3024,#3025,#3026,#3027,#3028,#3029,#3030,#3031,#3032,#3033,#3034,
#3035,#3036,#3037,#3038),(#3039,#3040,#3041,#3042,#3043,#3044,#3045,#3046,
#3047,#3048,#3049,#3050,#3051,#3052,#3053,#3054,#3055,#3056,#3057,#3058,
#3059,#3060,#3061,#3062,#3063,#3064,#3065,#3066,#3067,#3068,#3069,#3070,
#3071,#3072,#3073,#3074,#3075,#3076,#3077,#3078,#3079,#3080,#3081,#3082,
#3083,#3084,#3085,#3086,#3087,#3088,#3089,#3090,#3091,#3092,#3093,#3094,
#3095,#3096,#3097,#3098,#3099,#3100,#3101,#3102,#3103,#3104,#3105,#3106,
#3107,#3108,#3109,#3110,#3111,#3112,#3113,#3114,#3115,#3116,#3117,#3118,
#3119,#3120,#3121,#3122,#3123,#3124,#3125,#3126,#3127,#3128,#3129,#3130,
#3131,#3132,#3133,#3134,#3135,#3136,#3137,#3138,#3139,#3140,#3141,#3142,
#3143),(#3144,#3145,#3146,#3147,#3148,#3149,#3150,#3151,#3152,#3153,#3154,
#3155,#3156,#3157,#3158,#3159,#3160,#3161,#3162,#3163,#3164,#3165,#3166,
#3167,#3168,#3169,#3170,#3171,#3172,#3173,#3174,#3175,#3176,#3177,#3178,
#3179,#3180,#3181,#3182,#3183,#3184,#3185,#3186,#3187,#3188,#3189,#3190,
#3191,#3192,#3193,#3194,#3195,#3196,#3197,#3198,#3199,#3200,#3201,#3202,
#3203,#3204,#3205,#3206,#3207,#3208,#3209,#3210,#3211,#3212,#3213,#3214,
#3215,#3216,#3217,#3218,#3219,#3220,#3221,#3222,#3223,#3224,#3225,#3226,
#3227,#3228,#3229,#3230,#3231,#3232,#3233,#3234,#3235,#3236,#3237,#3238,
#3239,#3240,#3241,#3242,#3243,#3244,#3245,#3246,#3247,#3248)),
 .UNSPECIFIED.,.F.,.F.,.F.,(2,1,2),(4,1,1,1,2,1,1,1,1,1,1,1,1,1,1,1,1,1,
1,1,1,1,1,1,1,1,1,1,1,1,1,1,1,1,1,1,1,1,1,1,1,1,1,1,1,1,1,1,1,1,1,1,1,1,
1,1,1,1,1,1,1,1,1,1,1,1,1,1,1,1,1,1,1,1,1,1,1,1,1,1,1,1,1,1,1,1,1,1,1,1,
1,1,1,1,1,1,1,1,1,1,1,4),(0.,1.,1.01207640352),(0.,0.092025,0.18405,0.276075,
0.3681,0.387846875,0.3977203125,0.40759375,0.4174671875,0.427340625,0.4372140625,
0.4470875,0.4569609375,0.466834375,0.4767078125,0.48658125,0.4964546875,
0.506328125,0.5162015625,0.526075,0.5359484375,0.545821875,0.5556953125,
0.56556875,0.5754421875,0.585315625,0.5951890625,0.6050625,0.6149359375,
0.624809375,0.6346828125,0.63961953125,0.64455625,0.6544296875,0.664303125,
0.6741765625,0.68405,0.6939234375,0.703796875,0.7136703125,0.72354375,0.7334171875,
0.743290625,0.7531640625,0.7630375,0.7729109375,0.782784375,0.7926578125,
0.80253125,0.8124046875,0.822278125,0.8321515625,0.842025,0.8518984375,
0.861771875,0.86670859375,0.8716453125,0.87658203125,0.88151875,0.88645546875,
0.8913921875,0.89632890625,0.901265625,0.90620234375,0.9111390625,0.91607578125,
0.9210125,0.92594921875,0.9308859375,0.93582265625,0.940759375,0.94569609375,
0.9506328125,0.953101171875,0.95556953125,0.958037890625,0.96050625,0.962974609375,
0.96544296875,0.967911328125,0.9703796875,0.972848046875,0.97531640625,
0.976550585937,0.977784765625,0.979018945312,0.980253125,0.981487304688,
0.982721484375,0.983955664063,0.98518984375,0.986424023438,0.987658203125,
0.9901265625,0.991360742188,0.992594921875,0.993829101563,0.99506328125,
0.996297460938,0.997531640625,0.998765820313,1.),.UNSPECIFIED.);
#1082=B_SPLINE_SURFACE_WITH_KNOTS('',3,1,((#3537,#3538,#3539),(#3540,#3541,
#3542),(#3543,#3544,#3545),(#3546,#3547,#3548),(#3549,#3550,#3551),(#3552,
#3553,#3554),(#3555,#3556,#3557),(#3558,#3559,#3560),(#3561,#3562,#3563),
(#3564,#3565,#3566),(#3567,#3568,#3569),(#3570,#3571,#3572),(#3573,#3574,
#3575),(#3576,#3577,#3578),(#3579,#3580,#3581),(#3582,#3583,#3584),(#3585,
#3586,#3587),(#3588,#3589,#3590),(#3591,#3592,#3593),(#3594,#3595,#3596),
(#3597,#3598,#3599),(#3600,#3601,#3602),(#3603,#3604,#3605),(#3606,#3607,
#3608),(#3609,#3610,#3611),(#3612,#3613,#3614),(#3615,#3616,#3617),(#3618,
#3619,#3620),(#3621,#3622,#3623),(#3624,#3625,#3626),(#3627,#3628,#3629),
(#3630,#3631,#3632),(#3633,#3634,#3635),(#3636,#3637,#3638),(#3639,#3640,
#3641),(#3642,#3643,#3644),(#3645,#3646,#3647),(#3648,#3649,#3650),(#3651,
#3652,#3653),(#3654,#3655,#3656),(#3657,#3658,#3659),(#3660,#3661,#3662),
(#3663,#3664,#3665),(#3666,#3667,#3668),(#3669,#3670,#3671),(#3672,#3673,
#3674),(#3675,#3676,#3677),(#3678,#3679,#3680),(#3681,#3682,#3683),(#3684,
#3685,#3686),(#3687,#3688,#3689),(#3690,#3691,#3692),(#3693,#3694,#3695),
(#3696,#3697,#3698),(#3699,#3700,#3701),(#3702,#3703,#3704),(#3705,#3706,
#3707),(#3708,#3709,#3710),(#3711,#3712,#3713),(#3714,#3715,#3716),(#3717,
#3718,#3719),(#3720,#3721,#3722),(#3723,#3724,#3725),(#3726,#3727,#3728),
(#3729,#3730,#3731),(#3732,#3733,#3734),(#3735,#3736,#3737),(#3738,#3739,
#3740),(#3741,#3742,#3743),(#3744,#3745,#3746),(#3747,#3748,#3749),(#3750,
#3751,#3752),(#3753,#3754,#3755),(#3756,#3757,#3758),(#3759,#3760,#3761),
(#3762,#3763,#3764),(#3765,#3766,#3767),(#3768,#3769,#3770),(#3771,#3772,
#3773),(#3774,#3775,#3776),(#3777,#3778,#3779),(#3780,#3781,#3782),(#3783,
#3784,#3785),(#3786,#3787,#3788),(#3789,#3790,#3791),(#3792,#3793,#3794),
(#3795,#3796,#3797),(#3798,#3799,#3800),(#3801,#3802,#3803),(#3804,#3805,
#3806),(#3807,#3808,#3809),(#3810,#3811,#3812),(#3813,#3814,#3815),(#3816,
#3817,#3818),(#3819,#3820,#3821),(#3822,#3823,#3824),(#3825,#3826,#3827),
(#3828,#3829,#3830),(#3831,#3832,#3833),(#3834,#3835,#3836),(#3837,#3838,
#3839)),.UNSPECIFIED.,.F.,.F.,.F.,(4,1,1,1,1,1,1,1,1,1,1,1,1,1,1,1,1,1,
1,1,1,1,1,1,1,1,1,1,1,1,1,1,1,1,1,1,1,1,1,1,1,1,1,1,1,1,1,1,1,1,1,1,1,1,
1,1,1,1,1,1,1,1,1,1,1,1,1,1,1,1,1,1,1,1,1,1,1,1,1,1,1,1,1,1,1,1,1,1,1,1,
1,1,1,2,1,1,1,4),(2,1,2),(0.,0.00109248046875,0.0021849609375,0.00327744140625,
0.004369921875,0.00546240234375,0.0065548828125,0.00764736328125,0.00873984375,
0.00983232421875,0.0109248046875,0.01201728515625,0.013109765625,0.01365600585938,
0.01420224609375,0.0152947265625,0.01638720703125,0.0174796875,0.01857216796875,
0.0196646484375,0.02075712890625,0.021849609375,0.0240345703125,0.02621953125,
0.030589453125,0.034959375,0.039329296875,0.04369921875,0.048069140625,
0.0524390625,0.056808984375,0.06117890625,0.065548828125,0.06991875,0.074288671875,
0.07865859375,0.083028515625,0.0873984375,0.091768359375,0.09613828125,
0.100508203125,0.104878125,0.109248046875,0.11361796875,0.117987890625,
0.1223578125,0.13109765625,0.1398375,0.14857734375,0.1573171875,0.16605703125,
0.174796875,0.18353671875,0.1922765625,0.20101640625,0.20975625,0.21849609375,
0.2272359375,0.23597578125,0.244715625,0.25345546875,0.2621953125,0.27093515625,
0.279675,0.28841484375,0.2971546875,0.30589453125,0.314634375,0.32337421875,
0.3321140625,0.34085390625,0.34959375,0.35833359375,0.3670734375,0.37581328125,
0.380183203125,0.384553125,0.388923046875,0.39329296875,0.4020328125,0.41077265625,
0.4195125,0.42825234375,0.4369921875,0.44573203125,0.454471875,0.46321171875,
0.4719515625,0.48069140625,0.48943125,0.5069109375,0.524390625,0.5418703125,
0.55935,0.6695125,0.779675,0.8898375,1.),(0.,1.,1.01),.UNSPECIFIED.);
#1083=ADVANCED_FACE('',(#1069),#1077,.T.);
#1084=ADVANCED_FACE('',(#1070),#1078,.T.);
#1085=ADVANCED_FACE('',(#1071),#1079,.T.);
#1086=ADVANCED_FACE('',(#1072),#12,.T.);
#1087=ADVANCED_FACE('',(#1073),#1080,.T.);
#1088=ADVANCED_FACE('',(#1074),#1081,.T.);
#1089=ADVANCED_FACE('',(#1075),#13,.T.);
#1090=ADVANCED_FACE('',(#1076),#1082,.T.);
#1091=CLOSED_SHELL('',(#1083,#1084,#1085,#1086,#1087,#1088,#1089,#1090));
#1092=STYLED_ITEM('',(#1093),#1100);
#1093=PRESENTATION_STYLE_ASSIGNMENT((#1094));
#1094=SURFACE_STYLE_USAGE(.BOTH.,#1095);
#1095=SURFACE_SIDE_STYLE('',(#1096));
#1096=SURFACE_STYLE_FILL_AREA(#1097);
#1097=FILL_AREA_STYLE('',(#1098));
#1098=FILL_AREA_STYLE_COLOUR('',#1099);
#1099=COLOUR_RGB('',0.917647058823529,0.917647058823529,0.917647058823529);
#1100=MANIFOLD_SOLID_BREP('Part 1',#1091);
#1101=SHAPE_DEFINITION_REPRESENTATION(#3846,#1102);
#1102=SHAPE_REPRESENTATION('Part 1',(#1103),#3841);
#1103=AXIS2_PLACEMENT_3D('',#1142,#1110,#1111);
#1104=AXIS2_PLACEMENT_3D('',#2086,#1116,#1117);
#1105=AXIS2_PLACEMENT_3D('',#2222,#1122,#1123);
#1106=AXIS2_PLACEMENT_3D('',#2525,#1124,#1125);
#1107=AXIS2_PLACEMENT_3D('',#2599,#1130,#1131);
#1108=AXIS2_PLACEMENT_3D('',#2610,#1132,#1133);
#1109=AXIS2_PLACEMENT_3D('',#3249,#1139,#1140);
#1110=DIRECTION('',(0.,0.,1.));
#1111=DIRECTION('',(1.,0.,0.));
#1112=DIRECTION('',(0.999876564947274,0.0157116157424762,0.));
#1113=DIRECTION('',(-0.698373226812263,0.,-0.715733774578109));
#1114=DIRECTION('',(-1.,0.,0.));
#1115=DIRECTION('',(-0.0868010882799666,0.066368631530707,0.994012462609073));
#1116=DIRECTION('',(-0.0879074946563572,-0.194551411897641,0.976945249495527));
#1117=DIRECTION('',(0.216347621354273,-0.961060348775272,-0.171920658288355));
#1118=DIRECTION('',(0.996765283043369,0.0170122625411184,0.0785465049681115));
#1119=DIRECTION('',(1.,0.,0.));
#1120=DIRECTION('',(-0.026881410663767,-0.951059771550085,0.307835509160048));
#1121=DIRECTION('',(-1.,0.,0.));
#1122=DIRECTION('',(-0.127999061930361,-0.0635388965254542,0.989736858348357));
#1123=DIRECTION('',(0.477957664798814,-0.878366129595186,0.00542337902401601));
#1124=DIRECTION('',(-0.127998471916695,0.0635399719243347,0.989736865613707));
#1125=DIRECTION('',(0.482512151028767,0.875867533345184,0.00617155907488872));
#1126=DIRECTION('',(-0.824044517716787,0.547762304538029,-0.1445928440418));
#1127=DIRECTION('',(0.0268814106637647,-0.951059771550094,-0.307835509160021));
#1128=DIRECTION('',(-1.,0.,0.));
#1129=DIRECTION('',(-0.996765281746913,0.0170122833461213,-0.07854651691417));
#1130=DIRECTION('',(-0.0879074931397673,0.194551415951124,0.976945248824771));
#1131=DIRECTION('',(0.221304071301403,0.960046934438164,-0.171272857456479));
#1132=DIRECTION('',(-0.99620893221532,0.,-0.0869928926660748));
#1133=DIRECTION('',(0.,-1.,0.));
#1134=DIRECTION('',(0.,-1.,0.));
#1135=DIRECTION('',(-5.35360031494503E-9,1.,6.25703718280449E-8));
#1136=DIRECTION('',(5.35360031494125E-9,1.,-6.25703718280007E-8));
#1137=DIRECTION('',(0.0868010882799674,0.0663686315305742,-0.994012462609082));
#1138=DIRECTION('',(1.,0.,0.));
#1139=DIRECTION('',(0.,0.,1.));
#1140=DIRECTION('',(1.,0.,0.));
#1141=DIRECTION('',(-0.999876564947274,0.0157116157424993,0.));
#1142=CARTESIAN_POINT('',(0.,0.,0.));
#1143=CARTESIAN_POINT('',(2.378773507099,0.,0.39974446678048));
#1144=CARTESIAN_POINT('',(2.378464336743,0.000687364866732,0.39974446678048));
#1145=CARTESIAN_POINT('',(2.377842252377,0.002060413496004,0.39974446678048));
#1146=CARTESIAN_POINT('',(2.37689791557,0.00411488045916,0.39974446678048));
#1147=CARTESIAN_POINT('',(2.375942389248,0.006164178754577,0.39974446678048));
#1148=CARTESIAN_POINT('',(2.37497569415,0.008208245683513,0.39974446678048));
#1149=CARTESIAN_POINT('',(2.373997851011,0.010247018561331,0.39974446678048));
#1150=CARTESIAN_POINT('',(2.373008880567,0.012280434703397,0.39974446678048));
#1151=CARTESIAN_POINT('',(2.372008803556,0.014308431420372,0.39974446678048));
#1152=CARTESIAN_POINT('',(2.370997640719,0.016330946018215,0.39974446678048));
#1153=CARTESIAN_POINT('',(2.369975412786,0.018347915816994,0.39974446678048));
#1154=CARTESIAN_POINT('',(2.368942144776,0.020359280017927,0.39974446678048));
#1155=CARTESIAN_POINT('',(2.367897861709,0.022364977841043,0.39974446678048));
#1156=CARTESIAN_POINT('',(2.367018467454,0.024031620049609,0.39974446678048));
#1157=CARTESIAN_POINT('',(2.366309469541,0.025362039834886,0.39974446678048));
#1158=CARTESIAN_POINT('',(2.36559682079,0.026690520163473,0.39974446678048));
#1159=CARTESIAN_POINT('',(2.364699172345,0.028347465112106,0.39974446678048));
#1160=CARTESIAN_POINT('',(2.363611079226,0.030329889501976,0.39974446678048));
#1161=CARTESIAN_POINT('',(2.362512096142,0.032306343562446,0.39974446678048));
#1162=CARTESIAN_POINT('',(2.361402248106,0.034276766504139,0.39974446678048));
#1163=CARTESIAN_POINT('',(2.360281580079,0.036241110160199,0.39974446678048));
#1164=CARTESIAN_POINT('',(2.359150137029,0.038199326373174,0.39974446678048));
#1165=CARTESIAN_POINT('',(2.357627239539,0.040802047185057,0.39974446678048));
#1166=CARTESIAN_POINT('',(2.355696904915,0.04403988879201,0.39974446678048));
#1167=CARTESIAN_POINT('',(2.352551861884,0.049186728229662,0.39974446678048));
#1168=CARTESIAN_POINT('',(2.348515505516,0.055556113440714,0.39974446678048));
#1169=CARTESIAN_POINT('',(2.343506671276,0.063093630874445,0.39974446678048));
#1170=CARTESIAN_POINT('',(2.338335507976,0.07052232118792,0.39974446678048));
#1171=CARTESIAN_POINT('',(2.33300596334,0.077840285213989,0.39974446678048));
#1172=CARTESIAN_POINT('',(2.3275219851,0.085045623785501,0.39974446678048));
#1173=CARTESIAN_POINT('',(2.321887520982,0.092136437730604,0.39974446678048));
#1174=CARTESIAN_POINT('',(2.316106518711,0.099110827882146,0.39974446678048));
#1175=CARTESIAN_POINT('',(2.310183468655,0.10596815478536,0.39974446678048));
#1176=CARTESIAN_POINT('',(2.304122861175,0.11270777897609,0.39974446678048));
#1177=CARTESIAN_POINT('',(2.297929186631,0.11932906100426,0.39974446678048));
#1178=CARTESIAN_POINT('',(2.291606935393,0.12583136140571,0.39974446678048));
#1179=CARTESIAN_POINT('',(2.285160687951,0.13221519424713,0.39974446678048));
#1180=CARTESIAN_POINT('',(2.278595024793,0.13848107359518,0.39974446678048));
#1181=CARTESIAN_POINT('',(2.271914526406,0.14462951351185,0.39974446678048));
#1182=CARTESIAN_POINT('',(2.26512377328,0.15066102806382,0.39974446678048));
#1183=CARTESIAN_POINT('',(2.258227066802,0.15657702721096,0.39974446678048));
#1184=CARTESIAN_POINT('',(2.251228708353,0.16237892090845,0.39974446678048));
#1185=CARTESIAN_POINT('',(2.244132999321,0.16806811911615,0.39974446678048));
#1186=CARTESIAN_POINT('',(2.236944241078,0.17364603179393,0.39974446678048));
#1187=CARTESIAN_POINT('',(2.229666261638,0.17911469353296,0.39974446678048));
#1188=CARTESIAN_POINT('',(2.222302889006,0.18447613894324,0.39974446678048));
#1189=CARTESIAN_POINT('',(2.212376305247,0.19148449050054,0.39974446678048));
#1190=CARTESIAN_POINT('',(2.199773732599,0.19998706209521,0.39974446678048));
#1191=CARTESIAN_POINT('',(2.18436580572,0.20979689237481,0.39974446678048));
#1192=CARTESIAN_POINT('',(2.168699148167,0.21923279994012,0.39974446678048));
#1193=CARTESIAN_POINT('',(2.152795740045,0.22831556513101,0.39974446678048));
#1194=CARTESIAN_POINT('',(2.136677049525,0.2370665646873,0.39974446678048));
#1195=CARTESIAN_POINT('',(2.120361166871,0.24550654678589,0.39974446678048));
#1196=CARTESIAN_POINT('',(2.103866326058,0.25365948411655,0.39974446678048));
#1197=CARTESIAN_POINT('',(2.087199972649,0.26153109438431,0.39974446678048));
#1198=CARTESIAN_POINT('',(2.070366543208,0.26912112098142,0.39974446678048));
#1199=CARTESIAN_POINT('',(2.053371377768,0.2764319452233,0.39974446678048));
#1200=CARTESIAN_POINT('',(2.036219071846,0.28346485255177,0.39974446678048));
#1201=CARTESIAN_POINT('',(2.018914387675,0.29022216105677,0.39974446678048));
#1202=CARTESIAN_POINT('',(2.00146154504,0.29670550742384,0.39974446678048));
#1203=CARTESIAN_POINT('',(1.98386530768,0.30291867752465,0.39974446678048));
#1204=CARTESIAN_POINT('',(1.966130794997,0.30886762588223,0.39974446678048));
#1205=CARTESIAN_POINT('',(1.948262510848,0.31455770598736,0.39974446678048));
#1206=CARTESIAN_POINT('',(1.930264878828,0.31999540752685,0.39974446678048));
#1207=CARTESIAN_POINT('',(1.912141573699,0.32518596884625,0.39974446678048));
#1208=CARTESIAN_POINT('',(1.893896681813,0.33013765650124,0.39974446678048));
#1209=CARTESIAN_POINT('',(1.875531080247,0.33484813356685,0.39974446678048));
#1210=CARTESIAN_POINT('',(1.857043809939,0.33930740126296,0.39974446678048));
#1211=CARTESIAN_POINT('',(1.83843471403,0.34350735386283,0.39974446678048));
#1212=CARTESIAN_POINT('',(1.81970351781,0.34743828490773,0.39974446678048));
#1213=CARTESIAN_POINT('',(1.80085032455,0.35109060733549,0.39974446678048));
#1214=CARTESIAN_POINT('',(1.781875397206,0.35445392052405,0.39974446678048));
#1215=CARTESIAN_POINT('',(1.76277932447,0.35751751338155,0.39974446678048));
#1216=CARTESIAN_POINT('',(1.743562977964,0.36027004244861,0.39974446678048));
#1217=CARTESIAN_POINT('',(1.724227599115,0.36269977326875,0.39974446678048));
#1218=CARTESIAN_POINT('',(1.708016926185,0.36444520369615,0.39974446678048));
#1219=CARTESIAN_POINT('',(1.694990713207,0.36566767507946,0.39974446678048));
#1220=CARTESIAN_POINT('',(1.685192493905,0.36649556620539,0.39974446678048));
#1221=CARTESIAN_POINT('',(1.675366383816,0.36723704503083,0.39974446678048));
#1222=CARTESIAN_POINT('',(1.66222857298,0.36811567966765,0.39974446678048));
#1223=CARTESIAN_POINT('',(1.645739595296,0.36901651399586,0.39974446678048));
#1224=CARTESIAN_POINT('',(1.62584923274,0.36981175360812,0.39974446678048));
#1225=CARTESIAN_POINT('',(1.605856913487,0.37035221230806,0.39974446678048));
#1226=CARTESIAN_POINT('',(1.585762918575,0.37066986237298,0.39974446678048));
#1227=CARTESIAN_POINT('',(1.565566271386,0.37079737745301,0.39974446678048));
#1228=CARTESIAN_POINT('',(1.545264896781,0.37076849428338,0.39974446678048));
#1229=CARTESIAN_POINT('',(1.524855742221,0.37061736942982,0.39974446678048));
#1230=CARTESIAN_POINT('',(1.504334964023,0.37037999772294,0.39974446678048));
#1231=CARTESIAN_POINT('',(1.483698042694,0.37009163478119,0.39974446678048));
#1232=CARTESIAN_POINT('',(1.462940025001,0.36979268590522,0.39974446678048));
#1233=CARTESIAN_POINT('',(1.435094735809,0.36938448723801,0.39974446678048));
#1234=CARTESIAN_POINT('',(1.399961310606,0.36885580785529,0.39974446678048));
#1235=CARTESIAN_POINT('',(1.357235792339,0.36819704993476,0.39974446678048));
#1236=CARTESIAN_POINT('',(1.313898391523,0.36751857464662,0.39974446678048));
#1237=CARTESIAN_POINT('',(1.284566024363,0.36705672958064,0.39974446678048));
#1238=CARTESIAN_POINT('',(1.176568559305,0.36535970543347,0.39974446678048));
#1239=CARTESIAN_POINT('',(0.98094949800549,0.36228583448732,0.39974446678048));
#1240=CARTESIAN_POINT('',(0.65999615726687,0.35724251640395,0.39974446678048));
#1241=CARTESIAN_POINT('',(0.31679674482806,0.3518496334428,0.39974446678048));
#1242=CARTESIAN_POINT('',(0.081574052237818,0.34815344864427,0.39974446678048));
#1243=CARTESIAN_POINT('',(-0.03490726329506,0.34632311304706,0.39974446678048));
#1244=CARTESIAN_POINT('',(2.237155225346,0.,0.25460575948638));
#1245=CARTESIAN_POINT('',(2.236910635604,0.000984010894775,0.25456170542168));
#1246=CARTESIAN_POINT('',(2.236352512215,0.002934725780556,0.25446379212486));
#1247=CARTESIAN_POINT('',(2.235291826757,0.0057863020596,0.25428502587729));
#1248=CARTESIAN_POINT('',(2.233997743688,0.008538106342918,0.2540727994518));
#1249=CARTESIAN_POINT('',(2.232470704917,0.011165300094213,0.2538269658647));
#1250=CARTESIAN_POINT('',(2.230723263798,0.013648098704158,0.25354903876486));
#1251=CARTESIAN_POINT('',(2.228778950909,0.015976099368537,0.25324203258768));
#1252=CARTESIAN_POINT('',(2.22666841392,0.018150436867835,0.25290992406168));
#1253=CARTESIAN_POINT('',(2.224424652649,0.020183034921092,0.25255699191523));
#1254=CARTESIAN_POINT('',(2.222079185404,0.022093815325236,0.2521872908176));
#1255=CARTESIAN_POINT('',(2.219660018269,0.023907416880713,0.2518043769379));
#1256=CARTESIAN_POINT('',(2.217191083657,0.025650348651244,0.25141124116892));
#1257=CARTESIAN_POINT('',(2.215109158816,0.027066092858322,0.25107719636536));
#1258=CARTESIAN_POINT('',(2.213437619079,0.028189266465116,0.25080715656246));
#1259=CARTESIAN_POINT('',(2.21176488476,0.029310425463261,0.25053558108711));
#1260=CARTESIAN_POINT('',(2.209672458575,0.030709193881966,0.25019342031397));
#1261=CARTESIAN_POINT('',(2.207158933992,0.0323831854678,0.24977884141939));
#1262=CARTESIAN_POINT('',(2.204642955242,0.034052922018335,0.24936059691977));
#1263=CARTESIAN_POINT('',(2.202124524257,0.035718447265615,0.24893896815998));
#1264=CARTESIAN_POINT('',(2.199603705833,0.037379890604573,0.24851421133861));
#1265=CARTESIAN_POINT('',(2.197080524233,0.039037321713022,0.24808657148959));
#1266=CARTESIAN_POINT('',(2.193713175092,0.041241979378648,0.24751281359117));
#1267=CARTESIAN_POINT('',(2.189498227814,0.043988126783959,0.24678947391867));
#1268=CARTESIAN_POINT('',(2.182742207037,0.048361814456946,0.24562088518311));
#1269=CARTESIAN_POINT('',(2.174274715643,0.05379187258595,0.24414240341459));
#1270=CARTESIAN_POINT('',(2.164077850814,0.060249525899435,0.24234838472917));
#1271=CARTESIAN_POINT('',(2.153844375092,0.066648072412904,0.24054177346286));
#1272=CARTESIAN_POINT('',(2.143573006149,0.072985674501045,0.23872885059354));
#1273=CARTESIAN_POINT('',(2.133261561026,0.079258923397001,0.23691581897491));
#1274=CARTESIAN_POINT('',(2.122907466563,0.085463436956136,0.23510823125984));
#1275=CARTESIAN_POINT('',(2.112506422325,0.091592128052365,0.23331317820034));
#1276=CARTESIAN_POINT('',(2.102055327093,0.097638652548182,0.23153470353618));
#1277=CARTESIAN_POINT('',(2.091555438276,0.10360197616356,0.22977012633172));
#1278=CARTESIAN_POINT('',(2.081007418475,0.1094804453955,0.22801809958449));
#1279=CARTESIAN_POINT('',(2.070412775739,0.11527358418125,0.22627631415881));
#1280=CARTESIAN_POINT('',(2.059773152862,0.12098128237946,0.22454266726242));
#1281=CARTESIAN_POINT('',(2.049090724562,0.12660434701306,0.22281464291774));
#1282=CARTESIAN_POINT('',(2.03836787998,0.1321441264907,0.22108980385454));
#1283=CARTESIAN_POINT('',(2.027607478714,0.13760292429987,0.21936540289247));
#1284=CARTESIAN_POINT('',(2.016812381534,0.14298331876418,0.21763904064295));
#1285=CARTESIAN_POINT('',(2.005986163649,0.14828930097001,0.21590762666271));
#1286=CARTESIAN_POINT('',(1.995130996589,0.15352294628716,0.21417033378169));
#1287=CARTESIAN_POINT('',(1.984246812173,0.15868277160723,0.21242944482766));
#1288=CARTESIAN_POINT('',(1.973334114125,0.1637681470411,0.21068632345127));
#1289=CARTESIAN_POINT('',(1.962393032099,0.16877776501992,0.20894279817308));
#1290=CARTESIAN_POINT('',(1.947767552822,0.17535495092557,0.20661944427476));
#1291=CARTESIAN_POINT('',(1.929415866422,0.18338081668565,0.20372218390947));
#1292=CARTESIAN_POINT('',(1.907283890709,0.19268788753108,0.20026845019675));
#1293=CARTESIAN_POINT('',(1.88504209264,0.20165516753783,0.19685147137466));
#1294=CARTESIAN_POINT('',(1.862700687974,0.21028537820385,0.19347036935041));
#1295=CARTESIAN_POINT('',(1.840270909858,0.21858430380806,0.19012243415748));
#1296=CARTESIAN_POINT('',(1.817763298215,0.22655732211277,0.18680552152424));
#1297=CARTESIAN_POINT('',(1.795188320347,0.23421065854079,0.18351717021929));
#1298=CARTESIAN_POINT('',(1.772556115719,0.2415509457981,0.18025487120182));
#1299=CARTESIAN_POINT('',(1.749876413063,0.24858488706328,0.17701630556358));
#1300=CARTESIAN_POINT('',(1.727158892351,0.25532029798495,0.17379855255046));
#1301=CARTESIAN_POINT('',(1.704412307884,0.26176369119526,0.17059983405204));
#1302=CARTESIAN_POINT('',(1.681646317164,0.26792522423403,0.16741587892568));
#1303=CARTESIAN_POINT('',(1.658865982389,0.27380375189921,0.16425081086004));
#1304=CARTESIAN_POINT('',(1.636072402636,0.27938675936725,0.16111698287151));
#1305=CARTESIAN_POINT('',(1.613268299272,0.28466507135044,0.15802419091457));
#1306=CARTESIAN_POINT('',(1.590456208853,0.28962807379137,0.15498323629166));
#1307=CARTESIAN_POINT('',(1.567639356434,0.29426582988912,0.15200431177183));
#1308=CARTESIAN_POINT('',(1.544821340184,0.29856848566981,0.14909761027934));
#1309=CARTESIAN_POINT('',(1.522006151092,0.30252573399043,0.14627344611969));
#1310=CARTESIAN_POINT('',(1.499198563456,0.30612886102357,0.14354132531505));
#1311=CARTESIAN_POINT('',(1.476403241697,0.30936628454955,0.14091214538869));
#1312=CARTESIAN_POINT('',(1.453627112036,0.31223497602902,0.13839250207259));
#1313=CARTESIAN_POINT('',(1.430882304485,0.31476269202944,0.13597348780434));
#1314=CARTESIAN_POINT('',(1.408178611645,0.31697213258588,0.13364867183829));
#1315=CARTESIAN_POINT('',(1.385525169529,0.31888814831163,0.13141043173407));
#1316=CARTESIAN_POINT('',(1.362929777741,0.32053415881942,0.12925178914781));
#1317=CARTESIAN_POINT('',(1.340399391203,0.32193391253299,0.12716541495755));
#1318=CARTESIAN_POINT('',(1.317939974606,0.32311036820674,0.12514437222824));
#1319=CARTESIAN_POINT('',(1.299287286553,0.32392368583454,0.12350856822661));
#1320=CARTESIAN_POINT('',(1.284405433961,0.32448509636003,0.12222576042931));
#1321=CARTESIAN_POINT('',(1.273264685297,0.32486430411003,0.12127556436105));
#1322=CARTESIAN_POINT('',(1.262145069261,0.32520443335827,0.12033627016151));
#1323=CARTESIAN_POINT('',(1.247347421626,0.32560867536415,0.11909961750464));
#1324=CARTESIAN_POINT('',(1.228904432062,0.32602693542559,0.11758557053676));
#1325=CARTESIAN_POINT('',(1.206860813642,0.32640583863614,0.11582952361586));
#1326=CARTESIAN_POINT('',(1.184906442195,0.32667736259149,0.11414247948434));
#1327=CARTESIAN_POINT('',(1.16304239886,0.32685745990347,0.11253353997099));
#1328=CARTESIAN_POINT('',(1.14126955114,0.32696097134408,0.1110107350251));
#1329=CARTESIAN_POINT('',(1.119588766532,0.32700273769001,0.10958209460065));
#1330=CARTESIAN_POINT('',(1.098000730081,0.32699727609423,0.10825561837448));
#1331=CARTESIAN_POINT('',(1.076506126815,0.32695910371442,0.10703930603759));
#1332=CARTESIAN_POINT('',(1.055105722501,0.32690122476951,0.10593986353383));
#1333=CARTESIAN_POINT('',(1.033800282894,0.32683664348783,0.10496399679768));
#1334=CARTESIAN_POINT('',(1.00552133079,0.32674483024454,0.10382188361314));
#1335=CARTESIAN_POINT('',(0.97041635658104,0.32662542628074,0.10268171192634));
#1336=CARTESIAN_POINT('',(0.92868800678815,0.32649819897441,0.10174423838414));
#1337=CARTESIAN_POINT('',(0.88736403342346,0.32640676203645,0.10120588797884));
#1338=CARTESIAN_POINT('',(0.86008625483871,0.32638262836722,0.10109298301355));
#1339=CARTESIAN_POINT('',(0.76100434956921,0.32638262836722,0.10109298301355));
#1340=CARTESIAN_POINT('',(0.60458797457563,0.32638262836722,0.10109298301355));
#1341=CARTESIAN_POINT('',(0.39087645967203,0.32638262836722,0.10109298301355));
#1342=CARTESIAN_POINT('',(0.18859535600438,0.32638262836722,0.10109298301355));
#1343=CARTESIAN_POINT('',(0.056974290017627,0.32638262836722,0.10109298301355));
#1344=CARTESIAN_POINT('',(-0.008827837953296,0.32638262836722,0.10109298301355));
#1345=CARTESIAN_POINT('',(2.235739042526,0.,0.25315437241193));
#1346=CARTESIAN_POINT('',(2.235495098596,0.000986977356137,0.25310987780532));
#1347=CARTESIAN_POINT('',(2.234937614813,0.002943468902179,0.2530109853791));
#1348=CARTESIAN_POINT('',(2.233875765868,0.005803016274005,0.25283043146488));
#1349=CARTESIAN_POINT('',(2.232578297236,0.008561845619553,0.2526160827772));
#1350=CARTESIAN_POINT('',(2.231045655025,0.011194870636204,0.25236779085568));
#1351=CARTESIAN_POINT('',(2.229290517927,0.013682109504223,0.25208708448305));
#1352=CARTESIAN_POINT('',(2.227336651611,0.016013056012555,0.25177700824957));
#1353=CARTESIAN_POINT('',(2.225215010027,0.018188856919911,0.25144157863713));
#1354=CARTESIAN_POINT('',(2.222958922766,0.020221555807534,0.25108511716559));
#1355=CARTESIAN_POINT('',(2.220600223128,0.022131274321071,0.25071171905713));
#1356=CARTESIAN_POINT('',(2.218167197003,0.023942898246613,0.25032497603928));
#1357=CARTESIAN_POINT('',(2.215684015875,0.02568320236038,0.24992790891045));
#1358=CARTESIAN_POINT('',(2.213590065728,0.027096437587773,0.24959052366342));
#1359=CARTESIAN_POINT('',(2.211908900572,0.028217538735839,0.24931778345967));
#1360=CARTESIAN_POINT('',(2.210226565398,0.029336624518093,0.24904349222857));
#1361=CARTESIAN_POINT('',(2.208122191438,0.030732811170699,0.24869790984973));
#1362=CARTESIAN_POINT('',(2.205594412542,0.032403718426988,0.24827918516766));
#1363=CARTESIAN_POINT('',(2.203064263833,0.03407038780407,0.24785675822163));
#1364=CARTESIAN_POINT('',(2.200531747019,0.035732864073324,0.24743091317354));
#1365=CARTESIAN_POINT('',(2.197996927089,0.037391278407371,0.24700190878503));
#1366=CARTESIAN_POINT('',(2.195459828103,0.039045701664445,0.24656999253555));
#1367=CARTESIAN_POINT('',(2.192074034452,0.041246378702888,0.24599049705777));
#1368=CARTESIAN_POINT('',(2.187836241044,0.043987609166606,0.24525992399033));
#1369=CARTESIAN_POINT('',(2.181044110488,0.048353565320724,0.24407964936958));
#1370=CARTESIAN_POINT('',(2.172532307745,0.053774230179002,0.2425863827839));
#1371=CARTESIAN_POINT('',(2.162283562612,0.060221084851895,0.24077442391011));
#1372=CARTESIAN_POINT('',(2.151999463763,0.066609329922239,0.23894974653123));
#1373=CARTESIAN_POINT('',(2.141678676579,0.072937128390201,0.23711869443204));
#1374=CARTESIAN_POINT('',(2.131318956786,0.079201056392692,0.23528753249718));
#1375=CARTESIAN_POINT('',(2.120917666018,0.08539670694919,0.23346186890637));
#1376=CARTESIAN_POINT('',(2.110470421365,0.091516941056183,0.23164886531219));
#1377=CARTESIAN_POINT('',(2.099974045676,0.097555357525575,0.22985260590383));
#1378=CARTESIAN_POINT('',(2.089429764046,0.10351091813163,0.22807038292516));
#1379=CARTESIAN_POINT('',(2.07883820079,0.10938195924134,0.22630083590937));
#1380=CARTESIAN_POINT('',(2.068200834142,0.11516800640976,0.22454163263438));
#1381=CARTESIAN_POINT('',(2.05751927751,0.12086894325951,0.22279064926724));
#1382=CARTESIAN_POINT('',(2.046795681559,0.12648557974814,0.22104534467939));
#1383=CARTESIAN_POINT('',(2.036032413514,0.13201927262246,0.21930325722561));
#1384=CARTESIAN_POINT('',(2.025232315765,0.13747234326444,0.21756161225133));
#1385=CARTESIAN_POINT('',(2.014398234681,0.14284738167962,0.21581798638332));
#1386=CARTESIAN_POINT('',(2.003533738202,0.14814840476846,0.21406925825688));
#1387=CARTESIAN_POINT('',(1.992640976563,0.15337749456004,0.21231459244841));
#1388=CARTESIAN_POINT('',(1.981719837882,0.15853313900917,0.21055629460404));
#1389=CARTESIAN_POINT('',(1.97077079265,0.16361468157552,0.20879574201746));
#1390=CARTESIAN_POINT('',(1.959793933532,0.16862078128101,0.20703478148461));
#1391=CARTESIAN_POINT('',(1.945121465299,0.17519365552874,0.20468819405225));
#1392=CARTESIAN_POINT('',(1.926712287758,0.18321475423259,0.20176196107803));
#1393=CARTESIAN_POINT('',(1.90451307156,0.19251679748245,0.19827369003124));
#1394=CARTESIAN_POINT('',(1.882205522081,0.20147939121427,0.19482254141896));
#1395=CARTESIAN_POINT('',(1.859799737455,0.21010507633086,0.19140762837282));
#1396=CARTESIAN_POINT('',(1.837306848463,0.21839948120138,0.18802621383304));
#1397=CARTESIAN_POINT('',(1.81473731953,0.22636782986994,0.18467613207346));
#1398=CARTESIAN_POINT('',(1.792101540293,0.23401617028692,0.18135489725255));
#1399=CARTESIAN_POINT('',(1.769409677151,0.24135114431478,0.17805997524434));
#1400=CARTESIAN_POINT('',(1.746671511759,0.24837952472528,0.17478902395071));
#1401=CARTESIAN_POINT('',(1.7238967675,0.25510918151346,0.17153909340797));
#1402=CARTESIAN_POINT('',(1.701094240243,0.26154667957925,0.16830838772415));
#1403=CARTESIAN_POINT('',(1.678273636457,0.26770225486882,0.16509259304976));
#1404=CARTESIAN_POINT('',(1.655440026764,0.27357473434377,0.16189587429891));
#1405=CARTESIAN_POINT('',(1.632594473585,0.27915144018831,0.15873070803251));
#1406=CARTESIAN_POINT('',(1.609739674313,0.28442304580437,0.15560698815657));
#1407=CARTESIAN_POINT('',(1.586878145831,0.2893787774672,0.15253562398447));
#1408=CARTESIAN_POINT('',(1.564013101211,0.29400853410912,0.1495269102248));
#1409=CARTESIAN_POINT('',(1.541148137847,0.29830231083626,0.14659114171315));
#1410=CARTESIAN_POINT('',(1.518287245782,0.30224961476551,0.14373873591261));
#1411=CARTESIAN_POINT('',(1.495435238287,0.30584166829847,0.14097929389988));
#1412=CARTESIAN_POINT('',(1.472596836015,0.30906687338557,0.13832382217797));
#1413=CARTESIAN_POINT('',(1.449779036018,0.31192225225031,0.13577898242259));
#1414=CARTESIAN_POINT('',(1.426994092349,0.31443593610066,0.13333577801769));
#1415=CARTESIAN_POINT('',(1.404251894518,0.31663094783824,0.13098771388694));
#1416=CARTESIAN_POINT('',(1.381561667253,0.31853249058983,0.12872709138459));
#1417=CARTESIAN_POINT('',(1.358931282272,0.32016432526999,0.12654686237139));
#1418=CARTESIAN_POINT('',(1.336367755337,0.32155055123576,0.12443962444045));
#1419=CARTESIAN_POINT('',(1.313877098358,0.32271447415861,0.12239837127989));
#1420=CARTESIAN_POINT('',(1.295199990155,0.32351847065781,0.12074620924089));
#1421=CARTESIAN_POINT('',(1.280299581171,0.32407327057143,0.11945057336618));
#1422=CARTESIAN_POINT('',(1.269145407211,0.32444799148607,0.11849087533902));
#1423=CARTESIAN_POINT('',(1.258012856112,0.32478410723872,0.11754218819796));
#1424=CARTESIAN_POINT('',(1.243198610114,0.32518360532182,0.11629316900864));
#1425=CARTESIAN_POINT('',(1.224736080429,0.32559703963984,0.11476398157328));
#1426=CARTESIAN_POINT('',(1.202670929453,0.32597177948825,0.11299037418365));
#1427=CARTESIAN_POINT('',(1.18069693748,0.32624061409451,0.11128645961288));
#1428=CARTESIAN_POINT('',(1.158815193663,0.32641933587638,0.10966143070455));
#1429=CARTESIAN_POINT('',(1.137026583938,0.32652260728219,0.10812339770953));
#1430=CARTESIAN_POINT('',(1.115332005231,0.32656508012238,0.10668047087871));
#1431=CARTESIAN_POINT('',(1.093732179957,0.32656107516252,0.10534072988958));
#1432=CARTESIAN_POINT('',(1.072227838446,0.32652489477053,0.10411225442903));
#1433=CARTESIAN_POINT('',(1.0508197993,0.32646932066756,0.10300181749925));
#1434=CARTESIAN_POINT('',(1.029508885469,0.32640708306418,0.10201619209771));
#1435=CARTESIAN_POINT('',(1.00122559674,0.32631843367607,0.10086265778109));
#1436=CARTESIAN_POINT('',(0.96612090704088,0.32620312246542,0.099711084380391));
#1437=CARTESIAN_POINT('',(0.92440252893015,0.3260812104625,0.098764236101497));
#1438=CARTESIAN_POINT('',(0.88309868983832,0.32599564390842,0.09822050218697));
#1439=CARTESIAN_POINT('',(0.85584145714568,0.32597588735645,0.098106468173999));
#1440=CARTESIAN_POINT('',(0.75684870747246,0.32599285759543,0.098106468173999));
#1441=CARTESIAN_POINT('',(0.6008243593379,0.32602359630832,0.098106468173999));
#1442=CARTESIAN_POINT('',(0.38818526269777,0.32607402948582,0.098106468173999));
#1443=CARTESIAN_POINT('',(0.1873133421184,0.32612795831581,0.098106468173999));
#1444=CARTESIAN_POINT('',(0.056728292398905,0.32616492016591,0.098106468173999));
#1445=CARTESIAN_POINT('',(-0.008567043699079,0.32618322351976,0.098106468173999));
#1446=CARTESIAN_POINT('',(0.61743463912097,0.356573723635195,0.39974446678048));
#1447=CARTESIAN_POINT('',(-0.03490726329506,0.34632311304706,0.39974446678048));
#1448=CARTESIAN_POINT('',(1.269776541538,0.36682433422335,0.39974446678048));
#1449=CARTESIAN_POINT('',(1.357133811914,0.36819376370682,0.39974446678048));
#1450=CARTESIAN_POINT('',(1.35405559964915,0.368145934889162,0.39974446678048));
#1451=CARTESIAN_POINT('',(1.3492276418989,0.368070789908277,0.39974446678048));
#1452=CARTESIAN_POINT('',(1.34236910067519,0.367963793319073,0.39974446678048));
#1453=CARTESIAN_POINT('',(1.33701453368057,0.367880143781611,0.39974446678048));
#1454=CARTESIAN_POINT('',(1.33144942146974,0.367793093968111,0.39974446678048));
#1455=CARTESIAN_POINT('',(1.32663601154936,0.367717713207498,0.39974446678048));
#1456=CARTESIAN_POINT('',(1.32268060479078,0.367655717786022,0.39974446678048));
#1457=CARTESIAN_POINT('',(1.31965964292224,0.367608343346383,0.39974446678048));
#1458=CARTESIAN_POINT('',(1.31710385069909,0.367568243251588,0.39974446678048));
#1459=CARTESIAN_POINT('',(1.31528084902502,0.367539629808155,0.39974446678048));
#1460=CARTESIAN_POINT('',(1.31424958440255,0.367523440458375,0.39974446678048));
#1461=CARTESIAN_POINT('',(1.31342486243308,0.367510491762279,0.39974446678048));
#1462=CARTESIAN_POINT('',(1.31278026195111,0.367500370295643,0.39974446678048));
#1463=CARTESIAN_POINT('',(1.31185796626006,0.367485888167431,0.39974446678048));
#1464=CARTESIAN_POINT('',(1.31027322173428,0.367461002588168,0.39974446678048));
#1465=CARTESIAN_POINT('',(1.30799399683752,0.367425207524935,0.39974446678048));
#1466=CARTESIAN_POINT('',(1.305265477749,0.367382349911262,0.39974446678048));
#1467=CARTESIAN_POINT('',(1.30162516440933,0.367325162010074,0.39974446678048));
#1468=CARTESIAN_POINT('',(1.29707555643101,0.367253673498915,0.39974446678048));
#1469=CARTESIAN_POINT('',(1.28979574619081,0.367139251013408,0.39974446678048));
#1470=CARTESIAN_POINT('',(1.28069613567855,0.366996161547253,0.39974446678048));
#1471=CARTESIAN_POINT('',(1.27341640223121,0.366881621267357,0.39974446678048));
#1472=CARTESIAN_POINT('',(1.269776541538,0.36682433422209,0.39974446678048));
#1473=CARTESIAN_POINT('',(1.357133811914,0.368193763706822,0.39974446678048));
#1474=CARTESIAN_POINT('',(1.442034270528,0.36948530816823,0.39974446678048));
#1475=CARTESIAN_POINT('',(1.41741532051463,0.369121200214299,0.39974446678048));
#1476=CARTESIAN_POINT('',(1.38911516764329,0.368690685393829,0.39974446678048));
#1477=CARTESIAN_POINT('',(1.357133811914,0.36819376370682,0.39974446678048));
#1478=CARTESIAN_POINT('',(1.442034270528,0.36948530816826,0.39974446678048));
#1479=CARTESIAN_POINT('',(1.483677859968,0.37008987045877,0.39974446678048));
#1480=CARTESIAN_POINT('',(1.46979660288532,0.369892525239414,0.39974446678048));
#1481=CARTESIAN_POINT('',(1.45591540640532,0.369691004475879,0.39974446678048));
#1482=CARTESIAN_POINT('',(1.442034270528,0.369485308168166,0.39974446678048));
#1483=CARTESIAN_POINT('',(1.483677859968,0.370089870458839,0.39974446678048));
#1484=CARTESIAN_POINT('',(1.524837138281,0.37060299495427,0.39974446678048));
#1485=CARTESIAN_POINT('',(1.52328516976456,0.370588264061989,0.39974446678048));
#1486=CARTESIAN_POINT('',(1.52009961469927,0.370556483101205,0.39974446678048));
#1487=CARTESIAN_POINT('',(1.5159135412667,0.370510957877943,0.39974446678048));
#1488=CARTESIAN_POINT('',(1.51244235689602,0.370471060233077,0.39974446678048));
#1489=CARTESIAN_POINT('',(1.51022158070418,0.370444671204277,0.39974446678048));
#1490=CARTESIAN_POINT('',(1.50841496153238,0.370422698078606,0.39974446678048));
#1491=CARTESIAN_POINT('',(1.50704301393797,0.37040576188944,0.39974446678048));
#1492=CARTESIAN_POINT('',(1.50589230678175,0.370391354311349,0.39974446678048));
#1493=CARTESIAN_POINT('',(1.5050696417451,0.3703809447,0.39974446678048));
#1494=CARTESIAN_POINT('',(1.50461398833838,0.370375151299454,0.39974446678048));
#1495=CARTESIAN_POINT('',(1.50422522196518,0.370370189445878,0.39974446678048));
#1496=CARTESIAN_POINT('',(1.50401160085438,0.370367454253354,0.39974446678048));
#1497=CARTESIAN_POINT('',(1.50366191053136,0.370362967922819,0.39974446678048));
#1498=CARTESIAN_POINT('',(1.50307093763559,0.370355354269866,0.39974446678048));
#1499=CARTESIAN_POINT('',(1.5021892096619,0.370343912389575,0.39974446678048));
#1500=CARTESIAN_POINT('',(1.50110173268554,0.370329667870583,0.39974446678048));
#1501=CARTESIAN_POINT('',(1.49960170363364,0.370309850951988,0.39974446678048));
#1502=CARTESIAN_POINT('',(1.49763780393471,0.370283598175713,0.39974446678048));
#1503=CARTESIAN_POINT('',(1.49513737412911,0.370249704217623,0.39974446678048));
#1504=CARTESIAN_POINT('',(1.49249361435818,0.370213424995932,0.39974446678048));
#1505=CARTESIAN_POINT('',(1.48877734530482,0.370161870442045,0.39974446678048));
#1506=CARTESIAN_POINT('',(1.48577502250633,0.37011962502234,0.39974446678048));
#1507=CARTESIAN_POINT('',(1.483677859968,0.37008987045882,0.39974446678048));
#1508=CARTESIAN_POINT('',(1.524837138281,0.370602994954264,0.39974446678048));
#1509=CARTESIAN_POINT('',(1.565548816817,0.37077131107806,0.39974446678048));
#1510=CARTESIAN_POINT('',(1.56392675638275,0.370775261565327,0.39974446678048));
#1511=CARTESIAN_POINT('',(1.56064542686648,0.37078021002428,0.39974446678048));
#1512=CARTESIAN_POINT('',(1.5564504565821,0.370779013005979,0.39974446678048));
#1513=CARTESIAN_POINT('',(1.55303901150647,0.37077362818162,0.39974446678048));
#1514=CARTESIAN_POINT('',(1.55045140281247,0.370767370094799,0.39974446678048));
#1515=CARTESIAN_POINT('',(1.5482752480645,0.370760325336724,0.39974446678048));
#1516=CARTESIAN_POINT('',(1.54673291808302,0.370754394256489,0.39974446678048));
#1517=CARTESIAN_POINT('',(1.54585871241419,0.370750776498313,0.39974446678048));
#1518=CARTESIAN_POINT('',(1.54517140214544,0.370747788865023,0.39974446678048));
#1519=CARTESIAN_POINT('',(1.54459667738455,0.37074518233123,0.39974446678048));
#1520=CARTESIAN_POINT('',(1.54378707700928,0.370741376993183,0.39974446678048));
#1521=CARTESIAN_POINT('',(1.54238057848394,0.370734388671067,0.39974446678048));
#1522=CARTESIAN_POINT('',(1.54033757018404,0.370723191731277,0.39974446678048));
#1523=CARTESIAN_POINT('',(1.53785181371915,0.370707899460005,0.39974446678048));
#1524=CARTESIAN_POINT('',(1.5344849061601,0.37068500468162,0.39974446678048));
#1525=CARTESIAN_POINT('',(1.53018095568763,0.370651703236154,0.39974446678048));
#1526=CARTESIAN_POINT('',(1.52663543272712,0.370620063909919,0.39974446678048));
#1527=CARTESIAN_POINT('',(1.524837138281,0.37060299495427,0.39974446678048));
#1528=CARTESIAN_POINT('',(1.565548816817,0.370771311078066,0.39974446678048));
#1529=CARTESIAN_POINT('',(1.605839967544,0.37031507753556,0.39974446678048));
#1530=CARTESIAN_POINT('',(1.60420985488087,0.37034997258623,0.39974446678048));
#1531=CARTESIAN_POINT('',(1.60092594066374,0.370415795085452,0.39974446678048));
#1532=CARTESIAN_POINT('',(1.59592687414408,0.370502648778047,0.39974446678048));
#1533=CARTESIAN_POINT('',(1.59170531068611,0.370565069933057,0.39974446678048));
#1534=CARTESIAN_POINT('',(1.58871074354344,0.370603646842363,0.39974446678048));
#1535=CARTESIAN_POINT('',(1.58700318404793,0.370624069282817,0.39974446678048));
#1536=CARTESIAN_POINT('',(1.58568255305919,0.370639021830306,0.39974446678048));
#1537=CARTESIAN_POINT('',(1.58449304060706,0.370651781554447,0.39974446678048));
#1538=CARTESIAN_POINT('',(1.58285198515795,0.370668483852277,0.39974446678048));
#1539=CARTESIAN_POINT('',(1.57998299010918,0.37069522253019,0.39974446678048));
#1540=CARTESIAN_POINT('',(1.57581750220774,0.370727158796911,0.39974446678048));
#1541=CARTESIAN_POINT('',(1.57073543313486,0.370755195147314,0.39974446678048));
#1542=CARTESIAN_POINT('',(1.56728744152566,0.370767076701444,0.39974446678048));
#1543=CARTESIAN_POINT('',(1.565548816817,0.37077131107806,0.39974446678048));
#1544=CARTESIAN_POINT('',(1.605839967544,0.370315077535553,0.39974446678048));
#1545=CARTESIAN_POINT('',(1.645722330407,0.3689688870656,0.39974446678048));
#1546=CARTESIAN_POINT('',(1.63303749979093,0.369568723630234,0.39974446678048));
#1547=CARTESIAN_POINT('',(1.61974337883659,0.370017453786887,0.39974446678048));
#1548=CARTESIAN_POINT('',(1.605839967544,0.37031507753556,0.39974446678048));
#1549=CARTESIAN_POINT('',(1.645722330407,0.368968887065585,0.39974446678048));
#1550=CARTESIAN_POINT('',(1.66550857808,0.367882857077259,0.39974446678048));
#1551=CARTESIAN_POINT('',(1.65891595922684,0.368295825963908,0.39974446678048));
#1552=CARTESIAN_POINT('',(1.65232054333584,0.368657835960022,0.39974446678048));
#1553=CARTESIAN_POINT('',(1.645722330407,0.368968887065599,0.39974446678048));
#1554=CARTESIAN_POINT('',(1.66550857807999,0.36788285707724,0.39974446678048));
#1555=CARTESIAN_POINT('',(1.685187845441,0.366481164155309,0.39974446678048));
#1556=CARTESIAN_POINT('',(1.67863208465679,0.367004483539782,0.39974446678048));
#1557=CARTESIAN_POINT('',(1.67207232886979,0.367471714513766,0.39974446678048));
#1558=CARTESIAN_POINT('',(1.66550857808,0.367882857077259,0.39974446678048));
#1559=CARTESIAN_POINT('',(1.685187845441,0.366481164155269,0.39974446678048));
#1560=CARTESIAN_POINT('',(1.704755566721,0.364736332128759,0.39974446678048));
#1561=CARTESIAN_POINT('',(1.69823832377812,0.365377726177184,0.39974446678048));
#1562=CARTESIAN_POINT('',(1.69171575001812,0.3659593368527,0.39974446678048));
#1563=CARTESIAN_POINT('',(1.685187845441,0.366481164155309,0.39974446678048));
#1564=CARTESIAN_POINT('',(1.704755566721,0.36473633212876,0.39974446678048));
#1565=CARTESIAN_POINT('',(1.724208027671,0.362643904217541,0.39974446678048));
#1566=CARTESIAN_POINT('',(1.71773015048877,0.36339972998505,0.39974446678048));
#1567=CARTESIAN_POINT('',(1.71124599683877,0.364097205955457,0.39974446678048));
#1568=CARTESIAN_POINT('',(1.704755566721,0.364736332128761,0.39974446678048));
#1569=CARTESIAN_POINT('',(1.724208027671,0.362643904217482,0.39974446678048));
#1570=CARTESIAN_POINT('',(1.762759278841,0.357465669416481,0.39974446678048));
#1571=CARTESIAN_POINT('',(1.7499387235387,0.359414064368091,0.39974446678048));
#1572=CARTESIAN_POINT('',(1.73708830648203,0.361140142635111,0.39974446678048));
#1573=CARTESIAN_POINT('',(1.724208027671,0.362643904217541,0.39974446678048));
#1574=CARTESIAN_POINT('',(1.76275927884102,0.357465669416575,0.39974446678048));
#1575=CARTESIAN_POINT('',(1.800830035536,0.351042439128958,0.39974446678048));
#1576=CARTESIAN_POINT('',(1.78817486555449,0.353391449867106,0.39974446678048));
#1577=CARTESIAN_POINT('',(1.77548461332283,0.355532526629613,0.39974446678048));
#1578=CARTESIAN_POINT('',(1.762759278841,0.357465669416478,0.39974446678048));
#1579=CARTESIAN_POINT('',(1.800830035536,0.351042439128956,0.39974446678048));
#1580=CARTESIAN_POINT('',(1.838414363978,0.343462516937,0.39974446678048));
#1581=CARTESIAN_POINT('',(1.82592550620383,0.346183783547913,0.39974446678048));
#1582=CARTESIAN_POINT('',(1.81339739672316,0.348710424278567,0.39974446678048));
#1583=CARTESIAN_POINT('',(1.800830035536,0.35104243912896,0.39974446678048));
#1584=CARTESIAN_POINT('',(1.83841436397801,0.343462516937036,0.39974446678048));
#1585=CARTESIAN_POINT('',(1.875510802123,0.334806265338599,0.39974446678048));
#1586=CARTESIAN_POINT('',(1.86318788393332,0.337874078879948,0.39974446678048));
#1587=CARTESIAN_POINT('',(1.85082240455166,0.340759496079415,0.39974446678048));
#1588=CARTESIAN_POINT('',(1.838414363978,0.343462516936999,0.39974446678048));
#1589=CARTESIAN_POINT('',(1.87551080212298,0.334806265338688,0.39974446678048));
#1590=CARTESIAN_POINT('',(1.912121309239,0.32514615656885,0.39974446678048));
#1591=CARTESIAN_POINT('',(1.89996309273167,0.328537820134206,0.39974446678048));
#1592=CARTESIAN_POINT('',(1.88775959035967,0.331757856390789,0.39974446678048));
#1593=CARTESIAN_POINT('',(1.875510802123,0.3348062653386,0.39974446678048));
#1594=CARTESIAN_POINT('',(1.91212130923983,0.325146156568757,0.39974446678048));
#1595=CARTESIAN_POINT('',(1.948240952869,0.314515642893089,0.39974446678048));
#1596=CARTESIAN_POINT('',(1.93625225253613,0.318233046390051,0.39974446678048));
#1597=CARTESIAN_POINT('',(1.92421237132613,0.321776550948638,0.39974446678048));
#1598=CARTESIAN_POINT('',(1.912121309239,0.32514615656885,0.39974446678048));
#1599=CARTESIAN_POINT('',(1.94824095286904,0.314515642893228,0.39974446678048));
#1600=CARTESIAN_POINT('',(1.983842261793,0.302874640567441,0.39974446678048));
#1601=CARTESIAN_POINT('',(1.97203472443244,0.30693714230811,0.39974446678048));
#1602=CARTESIAN_POINT('',(1.96016762145778,0.310817476416659,0.39974446678048));
#1603=CARTESIAN_POINT('',(1.948240952869,0.31451564289309,0.39974446678048));
#1604=CARTESIAN_POINT('',(1.98384226179298,0.302874640567393,0.39974446678048));
#1605=CARTESIAN_POINT('',(2.018889694598,0.290176500700451,0.39974446678048));
#1606=CARTESIAN_POINT('',(2.0072759101334,0.294598810113822,0.39974446678048));
#1607=CARTESIAN_POINT('',(1.99559343253173,0.298831523402818,0.39974446678048));
#1608=CARTESIAN_POINT('',(1.983842261793,0.302874640567441,0.39974446678048));
#1609=CARTESIAN_POINT('',(2.01888969459796,0.290176500700338,0.39974446678048));
#1610=CARTESIAN_POINT('',(2.053345187688,0.27638562573773,0.39974446678048));
#1611=CARTESIAN_POINT('',(2.04193753950502,0.281176252569439,0.39974446678048));
#1612=CARTESIAN_POINT('',(2.03045237514169,0.285773210890345,0.39974446678048));
#1613=CARTESIAN_POINT('',(2.018889694598,0.29017650070045,0.39974446678048));
#1614=CARTESIAN_POINT('',(2.05334518768796,0.276385625737612,0.39974446678048));
#1615=CARTESIAN_POINT('',(2.087172126644,0.26148416377253,0.39974446678048));
#1616=CARTESIAN_POINT('',(2.07598281936416,0.266647310973053,0.39974446678048));
#1617=CARTESIAN_POINT('',(2.0647071730455,0.271614464961453,0.39974446678048));
#1618=CARTESIAN_POINT('',(2.053345187688,0.27638562573773,0.39974446678048));
#1619=CARTESIAN_POINT('',(2.08717212664394,0.261484163772407,0.39974446678048));
#1620=CARTESIAN_POINT('',(2.120331340511,0.245458705991229,0.39974446678048));
#1621=CARTESIAN_POINT('',(2.10937394072328,0.250998484761792,0.39974446678048));
#1622=CARTESIAN_POINT('',(2.09832086943428,0.256340304022225,0.39974446678048));
#1623=CARTESIAN_POINT('',(2.087172126644,0.26148416377253,0.39974446678048));
#1624=CARTESIAN_POINT('',(2.12033134051104,0.245458705991301,0.39974446678048));
#1625=CARTESIAN_POINT('',(2.152759859645,0.22826027085858,0.39974446678048));
#1626=CARTESIAN_POINT('',(2.14235963518266,0.234052369573148,0.39974446678048));
#1627=CARTESIAN_POINT('',(2.13155012880466,0.239785181284031,0.39974446678048));
#1628=CARTESIAN_POINT('',(2.120331340511,0.24545870599123,0.39974446678048));
#1629=CARTESIAN_POINT('',(2.15275985964507,0.228260270858719,0.39974446678048));
#1630=CARTESIAN_POINT('',(2.184322683941,0.20973457192243,0.39974446678048));
#1631=CARTESIAN_POINT('',(2.17420071947847,0.216003510931644,0.39974446678048));
#1632=CARTESIAN_POINT('',(2.16367977804647,0.222178743910361,0.39974446678048));
#1633=CARTESIAN_POINT('',(2.152759859645,0.22826027085858,0.39974446678048));
#1634=CARTESIAN_POINT('',(2.18432268394114,0.209734571922342,0.39974446678048));
#1635=CARTESIAN_POINT('',(2.21484499499,0.18971521142108,0.39974446678048));
#1636=CARTESIAN_POINT('',(2.20507388036711,0.196510633528604,0.39974446678048));
#1637=CARTESIAN_POINT('',(2.19489977668411,0.203183753695721,0.39974446678048));
#1638=CARTESIAN_POINT('',(2.184322683941,0.20973457192243,0.39974446678048));
#1639=CARTESIAN_POINT('',(2.21484499499004,0.189715211421146,0.39974446678048));
#1640=CARTESIAN_POINT('',(2.229652029439,0.17909682414484,0.39974446678048));
#1641=CARTESIAN_POINT('',(2.22476803185983,0.182708353633509,0.39974446678048));
#1642=CARTESIAN_POINT('',(2.21983235371016,0.186247816058923,0.39974446678048));
#1643=CARTESIAN_POINT('',(2.21484499499,0.18971521142108,0.39974446678048));
#1644=CARTESIAN_POINT('',(2.22965202943911,0.179096824144996,0.39974446678048));
#1645=CARTESIAN_POINT('',(2.244117491119,0.16804957152783,0.39974446678048));
#1646=CARTESIAN_POINT('',(2.23935272232518,0.171806693626059,0.39974446678048));
#1647=CARTESIAN_POINT('',(2.23453090176518,0.175489111165063,0.39974446678048));
#1648=CARTESIAN_POINT('',(2.229652029439,0.17909682414484,0.39974446678048));
#1649=CARTESIAN_POINT('',(2.24411749111906,0.168049571527912,0.39974446678048));
#1650=CARTESIAN_POINT('',(2.258210124807,0.15655800963602,0.39974446678048));
#1651=CARTESIAN_POINT('',(2.25357530797163,0.160465456178979,0.39974446678048));
#1652=CARTESIAN_POINT('',(2.24887776340897,0.164295976809583,0.39974446678048));
#1653=CARTESIAN_POINT('',(2.244117491119,0.16804957152783,0.39974446678048));
#1654=CARTESIAN_POINT('',(2.25821012480693,0.156558009635936,0.39974446678048));
#1655=CARTESIAN_POINT('',(2.271896150616,0.14461002595106,0.39974446678048));
#1656=CARTESIAN_POINT('',(2.26740285869681,0.148671399900527,0.39974446678048));
#1657=CARTESIAN_POINT('',(2.26284085009381,0.152654061128847,0.39974446678048));
#1658=CARTESIAN_POINT('',(2.258210124807,0.15655800963602,0.39974446678048));
#1659=CARTESIAN_POINT('',(2.27189615061608,0.144610025951147,0.39974446678048));
#1660=CARTESIAN_POINT('',(2.285140785332,0.13219553533157,0.39974446678048));
#1661=CARTESIAN_POINT('',(2.28080079540411,0.136413594885758,0.39974446678048));
#1662=CARTESIAN_POINT('',(2.27638591716545,0.140551758425588,0.39974446678048));
#1663=CARTESIAN_POINT('',(2.271896150616,0.14461002595106,0.39974446678048));
#1664=CARTESIAN_POINT('',(2.28514078533184,0.132195535331402,0.39974446678048));
#1665=CARTESIAN_POINT('',(2.29790775718201,0.11930923073314,0.39974446678048));
#1666=CARTESIAN_POINT('',(2.29373332507693,0.123685138597292,0.39974446678048));
#1667=CARTESIAN_POINT('',(2.28947766779359,0.127980573463435,0.39974446678048));
#1668=CARTESIAN_POINT('',(2.285140785332,0.13219553533157,0.39974446678048));
#1669=CARTESIAN_POINT('',(2.29790775718205,0.119309230733081,0.39974446678048));
#1670=CARTESIAN_POINT('',(2.310160542417,0.10594853766661,0.39974446678048));
#1671=CARTESIAN_POINT('',(2.30616379534692,0.110482359723669,0.39974446678048));
#1672=CARTESIAN_POINT('',(2.30207953360192,0.114935924079179,0.39974446678048));
#1673=CARTESIAN_POINT('',(2.297907757182,0.11930923073314,0.39974446678048));
#1674=CARTESIAN_POINT('',(2.31016054241738,0.105948537666942,0.39974446678048));
#1675=CARTESIAN_POINT('',(2.321863097957,0.09211703376501,0.39974446678048));
#1676=CARTESIAN_POINT('',(2.31805594861424,0.0968068148578167,0.39974446678048));
#1677=CARTESIAN_POINT('',(2.31415509676757,0.10141731615835,0.39974446678048));
#1678=CARTESIAN_POINT('',(2.310160542417,0.10594853766661,0.39974446678048));
#1679=CARTESIAN_POINT('',(2.3218630979567,0.0921170337647648,0.39974446678048));
#1680=CARTESIAN_POINT('',(2.332980224406,0.077821514304896,0.39974446678048));
#1681=CARTESIAN_POINT('',(2.3293740691054,0.082664106752188,0.39974446678048));
#1682=CARTESIAN_POINT('',(2.32566836028907,0.0874292799055593,0.39974446678048));
#1683=CARTESIAN_POINT('',(2.321863097957,0.09211703376501,0.39974446678048));
#1684=CARTESIAN_POINT('',(2.332980224406,0.0778215143048973,0.39974446678048));
#1685=CARTESIAN_POINT('',(2.343479616433,0.063075493021069,0.39974446678048));
#1686=CARTESIAN_POINT('',(2.34008480089716,0.0680655820961803,0.39974446678048));
#1687=CARTESIAN_POINT('',(2.33658500355483,0.0729809225241227,0.39974446678048));
#1688=CARTESIAN_POINT('',(2.332980224406,0.077821514304896,0.39974446678048));
#1689=CARTESIAN_POINT('',(2.34347961643277,0.0630754930209147,0.39974446678048));
#1690=CARTESIAN_POINT('',(2.353331119137,0.0478957407645155,0.39974446678048));
#1691=CARTESIAN_POINT('',(2.35015701994845,0.0530268750968758,0.39974446678048));
#1692=CARTESIAN_POINT('',(2.34687318571378,0.058086792515727,0.39974446678048));
#1693=CARTESIAN_POINT('',(2.343479616433,0.063075493021069,0.39974446678048));
#1694=CARTESIAN_POINT('',(2.35333111913662,0.0478957407642761,0.39974446678048));
#1695=CARTESIAN_POINT('',(2.358006183061,0.040150329688226,0.39974446678048));
#1696=CARTESIAN_POINT('',(2.35647599643694,0.042749135354791,0.39974446678048));
#1697=CARTESIAN_POINT('',(2.35491764179561,0.0453309390468873,0.39974446678048));
#1698=CARTESIAN_POINT('',(2.353331119137,0.047895740764515,0.39974446678048));
#1699=CARTESIAN_POINT('',(2.3580061830608,0.0401503296881095,0.39974446678048));
#1700=CARTESIAN_POINT('',(2.360279784241,0.0362400889196851,0.39974446678048));
#1701=CARTESIAN_POINT('',(2.35952905237114,0.0375476512503373,0.39974446678048));
#1702=CARTESIAN_POINT('',(2.35877118531114,0.0388510648398512,0.39974446678048));
#1703=CARTESIAN_POINT('',(2.358006183061,0.0401503296882265,0.39974446678048));
#1704=CARTESIAN_POINT('',(2.36027978424162,0.0362400889200448,0.39974446678048));
#1705=CARTESIAN_POINT('',(2.36251028531601,0.0323053383759835,0.39974446678048));
#1706=CARTESIAN_POINT('',(2.36177398293261,0.0336210022231288,0.39974446678048));
#1707=CARTESIAN_POINT('',(2.36103048257428,0.0349325857376959,0.39974446678048));
#1708=CARTESIAN_POINT('',(2.360279784241,0.0362400889196846,0.39974446678048));
#1709=CARTESIAN_POINT('',(2.3625102853165,0.0323053383762681,0.39974446678048));
#1710=CARTESIAN_POINT('',(2.364697353181,0.028346480187358,0.39974446678048));
#1711=CARTESIAN_POINT('',(2.36397557780062,0.0296701033159003,0.39974446678048));
#1712=CARTESIAN_POINT('',(2.36324655517896,0.030989722712109,0.39974446678048));
#1713=CARTESIAN_POINT('',(2.362510285316,0.032305338375984,0.39974446678048));
#1714=CARTESIAN_POINT('',(2.36469735318087,0.0283464801872879,0.39974446678048));
#1715=CARTESIAN_POINT('',(2.365774527144,0.026358156383853,0.39974446678048));
#1716=CARTESIAN_POINT('',(2.36541728756793,0.0270219161090867,0.39974446678048));
#1717=CARTESIAN_POINT('',(2.36505822958026,0.027684690710255,0.39974446678048));
#1718=CARTESIAN_POINT('',(2.364697353181,0.028346480187358,0.39974446678048));
#1719=CARTESIAN_POINT('',(2.365774527144,0.026358156383853,0.39974446678048));
#1720=CARTESIAN_POINT('',(2.3668407611,0.024363983830797,0.39974446678048));
#1721=CARTESIAN_POINT('',(2.3664871726013,0.025029682631185,0.39974446678048));
#1722=CARTESIAN_POINT('',(2.36613176128264,0.025694406815537,0.39974446678048));
#1723=CARTESIAN_POINT('',(2.365774527144,0.026358156383853,0.39974446678048));
#1724=CARTESIAN_POINT('',(2.3668407611,0.024363983830797,0.39974446678048));
#1725=CARTESIAN_POINT('',(2.368940308933,0.0203583356216245,0.39974446678048));
#1726=CARTESIAN_POINT('',(2.36824777742811,0.0216973872787898,0.39974446678048));
#1727=CARTESIAN_POINT('',(2.36754792815044,0.0230326033485142,0.39974446678048));
#1728=CARTESIAN_POINT('',(2.3668407611,0.0243639838307975,0.39974446678048));
#1729=CARTESIAN_POINT('',(2.36894030893313,0.020358335621692,0.39974446678048));
#1730=CARTESIAN_POINT('',(2.370995796537,0.016330021885038,0.39974446678048));
#1731=CARTESIAN_POINT('',(2.37031798675757,0.0176765449478853,0.39974446678048));
#1732=CARTESIAN_POINT('',(2.3696328242229,0.019019316193414,0.39974446678048));
#1733=CARTESIAN_POINT('',(2.368940308933,0.020358335621624,0.39974446678048));
#1734=CARTESIAN_POINT('',(2.37099579653647,0.0163300218847704,0.39974446678048));
#1735=CARTESIAN_POINT('',(2.373007029473,0.012279531465882,0.39974446678048));
#1736=CARTESIAN_POINT('',(2.37234400327122,0.0136333617804697,0.39974446678048));
#1737=CARTESIAN_POINT('',(2.37167359229256,0.0149835252535217,0.39974446678048));
#1738=CARTESIAN_POINT('',(2.370995796537,0.016330021885038,0.39974446678048));
#1739=CARTESIAN_POINT('',(2.3730070294726,0.0122795314656844,0.39974446678048));
#1740=CARTESIAN_POINT('',(2.374973836143,0.00820736334166,0.39974446678048));
#1741=CARTESIAN_POINT('',(2.37432564770724,0.00956833348379836,0.39974446678048));
#1742=CARTESIAN_POINT('',(2.3736700454839,0.010925722858539,0.39974446678048));
#1743=CARTESIAN_POINT('',(2.373007029473,0.012279531465882,0.39974446678048));
#1744=CARTESIAN_POINT('',(2.37497383614313,0.00820736334172527,0.39974446678048));
#1745=CARTESIAN_POINT('',(2.376896050651,0.00411401901453701,0.39974446678048));
#1746=CARTESIAN_POINT('',(2.37626275506607,0.00548196212487199,0.39974446678048));
#1747=CARTESIAN_POINT('',(2.37562201689674,0.00684641023391299,0.39974446678048));
#1748=CARTESIAN_POINT('',(2.374973836143,0.00820736334166,0.39974446678048));
#1749=CARTESIAN_POINT('',(2.37689605065086,0.00411401901447376,0.39974446678048));
#1750=CARTESIAN_POINT('',(2.378773507099,4.9960036108132E-16,0.39974446678048));
#1751=CARTESIAN_POINT('',(2.37815515947641,0.00137474919397349,0.39974446678048));
#1752=CARTESIAN_POINT('',(2.37752934066041,0.00274608886548583,0.39974446678048));
#1753=CARTESIAN_POINT('',(2.376896050651,0.00411401901453751,0.39974446678048));
#1754=CARTESIAN_POINT('',(2.378773507099,0.,0.39974446678048));
#1755=CARTESIAN_POINT('',(2.3079643662225,0.,0.32717511313343));
#1756=CARTESIAN_POINT('',(2.237155225346,0.,0.25460575948638));
#1757=CARTESIAN_POINT('',(2.237155225346,0.,0.25460575948638));
#1758=CARTESIAN_POINT('',(2.23709703705565,0.000234097763827383,0.254595278954011));
#1759=CARTESIAN_POINT('',(2.23703689775033,0.000467705766766553,0.254584520949279));
#1760=CARTESIAN_POINT('',(2.23697477002404,0.000700773347661902,0.254573479905036));
#1761=CARTESIAN_POINT('',(2.23697475965552,0.000700770497245451,0.254573478078468));
#1762=CARTESIAN_POINT('',(2.23697477002404,0.000700773347661902,0.254573479905036));
#1763=CARTESIAN_POINT('',(2.23691258857414,0.000934042468690838,0.25456242931329));
#1764=CARTESIAN_POINT('',(2.23684841526289,0.00116677023263538,0.254551095192318));
#1765=CARTESIAN_POINT('',(2.23678221258715,0.00139890584680182,0.254539471960519));
#1766=CARTESIAN_POINT('',(2.23678221258715,0.00139890584680182,0.254539471960519));
#1767=CARTESIAN_POINT('',(2.23678221258715,0.00139890584680182,0.254539471960519));
#1768=CARTESIAN_POINT('',(2.23665051168338,0.00186070697248127,0.254516349177106));
#1769=CARTESIAN_POINT('',(2.23651077946789,0.00232016463572987,0.254492082223105));
#1770=CARTESIAN_POINT('',(2.23636272067887,0.00277687894623591,0.254466627154637));
#1771=CARTESIAN_POINT('',(2.23636272067886,0.00277687894623592,0.254466627154637));
#1772=CARTESIAN_POINT('',(2.23636272067887,0.00277687894623591,0.254466627154637));
#1773=CARTESIAN_POINT('',(2.23606808900853,0.00368572401414401,0.254415972482999));
#1774=CARTESIAN_POINT('',(2.23574043925825,0.00458372355272912,0.25436060680767));
#1775=CARTESIAN_POINT('',(2.23537838212056,0.00546735249704103,0.254300310778386));
#1776=CARTESIAN_POINT('',(2.23537838212057,0.00546735249704103,0.254300310778386));
#1777=CARTESIAN_POINT('',(2.23537838212056,0.00546735249704103,0.254300310778386));
#1778=CARTESIAN_POINT('',(2.23465414201121,0.00723491749338164,0.254179697763763));
#1779=CARTESIAN_POINT('',(2.23379029525976,0.00894438672298874,0.254039091977614));
#1780=CARTESIAN_POINT('',(2.23279223538266,0.0105700941896279,0.253879001029486));
#1781=CARTESIAN_POINT('',(2.23279223538266,0.0105700941896279,0.253879001029487));
#1782=CARTESIAN_POINT('',(2.23279223538266,0.010570094189628,0.253879001029486));
#1783=CARTESIAN_POINT('',(2.23178634679835,0.0122085535843181,0.253717654339908));
#1784=CARTESIAN_POINT('',(2.23064431289522,0.0137606909566374,0.253536542224481));
#1785=CARTESIAN_POINT('',(2.22939494281059,0.0152180446325035,0.253339368084975));
#1786=CARTESIAN_POINT('',(2.22939494281059,0.0152180446325035,0.253339368084975));
#1787=CARTESIAN_POINT('',(2.22939494281059,0.0152180446325035,0.253339368084975));
#1788=CARTESIAN_POINT('',(2.22815458985046,0.0166648800962674,0.253143617017613));
#1789=CARTESIAN_POINT('',(2.2268095733124,0.0180183635632977,0.252932191567194));
#1790=CARTESIAN_POINT('',(2.22539626553439,0.0192928320242056,0.252709800298436));
#1791=CARTESIAN_POINT('',(2.2253962655344,0.0192928320242056,0.252709800298435));
#1792=CARTESIAN_POINT('',(2.22539626553439,0.0192928320242056,0.252709800298436));
#1793=CARTESIAN_POINT('',(2.22255319087654,0.0218566111527361,0.252262427836348));
#1794=CARTESIAN_POINT('',(2.21944421653382,0.0241008019085998,0.251772119792709));
#1795=CARTESIAN_POINT('',(2.21629030798079,0.0262598846151674,0.251266551813931));
#1796=CARTESIAN_POINT('',(2.21629030798079,0.0262598846151673,0.251266551813931));
#1797=CARTESIAN_POINT('',(2.21629030798079,0.0262598846151674,0.251266551813931));
#1798=CARTESIAN_POINT('',(2.21313694007408,0.0284185972095142,0.250761070500145));
#1799=CARTESIAN_POINT('',(2.20995108354577,0.0305269997248542,0.250241237728077));
#1800=CARTESIAN_POINT('',(2.20676981357024,0.0326408301801534,0.249713825940822));
#1801=CARTESIAN_POINT('',(2.20676981357024,0.0326408301801535,0.249713825940823));
#1802=CARTESIAN_POINT('',(2.20676981357024,0.0326408301801534,0.249713825940822));
#1803=CARTESIAN_POINT('',(2.19405073498504,0.0410921643591575,0.247605173729451));
#1804=CARTESIAN_POINT('',(2.18123983213084,0.0493857890816847,0.245367283011136));
#1805=CARTESIAN_POINT('',(2.16834453409991,0.0575437568327411,0.243098690703322));
#1806=CARTESIAN_POINT('',(2.16834453409991,0.057543756832741,0.243098690703322));
#1807=CARTESIAN_POINT('',(2.16834453409991,0.0575437568327411,0.243098690703322));
#1808=CARTESIAN_POINT('',(2.15545582330175,0.0656975572948867,0.240831257247793));
#1809=CARTESIAN_POINT('',(2.14248222910823,0.0737144382143183,0.238527640472388));
#1810=CARTESIAN_POINT('',(2.12940519770645,0.0815650015141408,0.236243295943328));
#1811=CARTESIAN_POINT('',(2.12940520212722,0.0815650135728339,0.236243312077914));
#1812=CARTESIAN_POINT('',(2.12940519770645,0.0815650015141408,0.236243295943328));
#1813=CARTESIAN_POINT('',(2.11633045619885,0.0894141901167145,0.233959351421504));
#1814=CARTESIAN_POINT('',(2.10314332428518,0.0970853287550037,0.231705705233047));
#1815=CARTESIAN_POINT('',(2.08983762553038,0.104548305684502,0.229486822494628));
#1816=CARTESIAN_POINT('',(2.08983762553038,0.104548305684502,0.229486822494628));
#1817=CARTESIAN_POINT('',(2.08983762553038,0.104548305684502,0.229486822494628));
#1818=CARTESIAN_POINT('',(2.07653010820203,0.112012302626008,0.227267636487546));
#1819=CARTESIAN_POINT('',(2.06310703179557,0.119271148599659,0.225077806917673));
#1820=CARTESIAN_POINT('',(2.04958598929255,0.126328558017193,0.222896161772982));
#1821=CARTESIAN_POINT('',(2.04958598929255,0.126328558017193,0.222896161772982));
#1822=CARTESIAN_POINT('',(2.04958598929255,0.126328558017193,0.222896161772982));
#1823=CARTESIAN_POINT('',(2.0360503962222,0.133393562212337,0.220712168867417));
#1824=CARTESIAN_POINT('',(2.02241713436478,0.140257131654186,0.21853574840174));
#1825=CARTESIAN_POINT('',(2.00871383024762,0.146946186939884,0.216343769298201));
#1826=CARTESIAN_POINT('',(2.00871383282381,0.146946196025372,0.216343780918316));
#1827=CARTESIAN_POINT('',(2.00871383024762,0.146946186939884,0.216343769298201));
#1828=CARTESIAN_POINT('',(1.98136518970105,0.160296001483933,0.211969083596432));
#1829=CARTESIAN_POINT('',(1.95373800033162,0.172957666373705,0.20753865584132));
#1830=CARTESIAN_POINT('',(1.92584909902083,0.184843984768037,0.203169576302886));
#1831=CARTESIAN_POINT('',(1.92584909902083,0.184843984768037,0.203169576302886));
#1832=CARTESIAN_POINT('',(1.92584909902083,0.184843984768037,0.203169576302886));
#1833=CARTESIAN_POINT('',(1.89792711894015,0.19674440141553,0.19879531463931));
#1834=CARTESIAN_POINT('',(1.84152778831195,0.218924732303117,0.190210160445119));
#1835=CARTESIAN_POINT('',(1.78437207641747,0.237959061050451,0.181936145069355));
#1836=CARTESIAN_POINT('',(1.75569954128827,0.246756759401833,0.177849702729042));
#1837=CARTESIAN_POINT('',(1.75569954128827,0.246756759401833,0.177849702729042));
#1838=CARTESIAN_POINT('',(1.75569954128827,0.246756759401833,0.177849702729042));
#1839=CARTESIAN_POINT('',(1.72655331826519,0.255699801134408,0.173695749850963));
#1840=CARTESIAN_POINT('',(1.66807590408332,0.272128280821979,0.165471308101863));
#1841=CARTESIAN_POINT('',(1.6094792990961,0.285727907157478,0.157472375422601));
#1842=CARTESIAN_POINT('',(1.58016906225352,0.29170491480918,0.15364300082276));
#1843=CARTESIAN_POINT('',(1.58016906225352,0.291704914809179,0.153643000822761));
#1844=CARTESIAN_POINT('',(1.58016906225352,0.29170491480918,0.15364300082276));
#1845=CARTESIAN_POINT('',(1.5501663136421,0.297823140976566,0.149723149745641));
#1846=CARTESIAN_POINT('',(1.52015372731886,0.303085941670046,0.145976423998397));
#1847=CARTESIAN_POINT('',(1.49017753440824,0.307392876952806,0.142505694325209));
#1848=CARTESIAN_POINT('',(1.49017753598912,0.307392865989533,0.142505667066559));
#1849=CARTESIAN_POINT('',(1.49017753440824,0.307392876952806,0.142505694325209));
#1850=CARTESIAN_POINT('',(1.47495472221643,0.309580068205784,0.140743153426803));
#1851=CARTESIAN_POINT('',(1.45974102196678,0.311515985038983,0.13905416654911));
#1852=CARTESIAN_POINT('',(1.44455084453825,0.313228128151906,0.13743166954688));
#1853=CARTESIAN_POINT('',(1.44455084555413,0.313228122847753,0.137431654438835));
#1854=CARTESIAN_POINT('',(1.44455084453825,0.313228128151906,0.13743166954688));
#1855=CARTESIAN_POINT('',(1.4292745524946,0.314949977573126,0.135799974449));
#1856=CARTESIAN_POINT('',(1.41402228660288,0.316446918982494,0.134234828315414));
#1857=CARTESIAN_POINT('',(1.39880649124301,0.317751983055589,0.132726285214294));
#1858=CARTESIAN_POINT('',(1.39880649124301,0.317751983055589,0.132726285214294));
#1859=CARTESIAN_POINT('',(1.39880649124301,0.317751983055589,0.132726285214294));
#1860=CARTESIAN_POINT('',(1.36782775441274,0.320409040114445,0.129654953179298));
#1861=CARTESIAN_POINT('',(1.30617677425659,0.324130459985263,0.123994542422907));
#1862=CARTESIAN_POINT('',(1.24542146956071,0.325753184980504,0.118893532089563));
#1863=CARTESIAN_POINT('',(1.21529601423414,0.326255560437374,0.116504422655378));
#1864=CARTESIAN_POINT('',(1.21529601423414,0.326255560437374,0.116504422655378));
#1865=CARTESIAN_POINT('',(1.21529601423414,0.326255560437374,0.116504422655378));
#1866=CARTESIAN_POINT('',(1.18338031193516,0.326787790252657,0.113973337078926));
#1867=CARTESIAN_POINT('',(1.13592698370796,0.327055058683925,0.110490485791502));
#1868=CARTESIAN_POINT('',(1.07353264450018,0.326961468048249,0.106807930729271));
#1869=CARTESIAN_POINT('',(1.01173064568731,0.326769037083485,0.103881464966794));
#1870=CARTESIAN_POINT('',(0.935620841997523,0.326498382561828,0.101626770559476));
#1871=CARTESIAN_POINT('',(0.875999570114828,0.32638262836722,0.101092983013552));
#1872=CARTESIAN_POINT('',(0.84651769435806,0.32638262836722,0.10109298301355));
#1873=CARTESIAN_POINT('',(0.84651769435866,0.32638262836722,0.10109298301355));
#1874=CARTESIAN_POINT('',(0.418844928202382,0.32638262836722,0.10109298301355));
#1875=CARTESIAN_POINT('',(-0.008827837953296,0.32638262836722,0.10109298301355));
#1876=CARTESIAN_POINT('',(-0.021867550624178,0.33635287070714,0.250418724897015));
#1877=CARTESIAN_POINT('',(0.,0.,0.));
#1878=CARTESIAN_POINT('',(-0.00882783787805,-0.3123274139365,0.10109298213411));
#1879=CARTESIAN_POINT('',(-0.008916116256266,-0.3154506880785,0.10210391195296));
#1880=CARTESIAN_POINT('',(0.11456702606834,0.,0.));
#1881=CARTESIAN_POINT('',(0.056023602268376,-0.3123274139365,0.10109298213411));
#1882=CARTESIAN_POINT('',(0.055438168031599,-0.3154506880785,0.10210391195296));
#1883=CARTESIAN_POINT('',(0.34682340683385,0.,0.));
#1884=CARTESIAN_POINT('',(0.18576226317583,-0.3123274139365,0.10109298213411));
#1885=CARTESIAN_POINT('',(0.18415165174301,-0.3154506880785,0.10210391195296));
#1886=CARTESIAN_POINT('',(0.68401548630752,0.,0.));
#1887=CARTESIAN_POINT('',(0.38575499445177,-0.3123274139365,0.10109298213411));
#1888=CARTESIAN_POINT('',(0.38277238953637,-0.3154506880785,0.10210391195296));
#1889=CARTESIAN_POINT('',(0.99492269899434,0.,0.));
#1890=CARTESIAN_POINT('',(0.59901826712332,-0.3123274139365,0.10109298213411));
#1891=CARTESIAN_POINT('',(0.59505922280254,-0.3154506880785,0.10210391195296));
#1892=CARTESIAN_POINT('',(1.181466554713,0.,0.));
#1893=CARTESIAN_POINT('',(0.75761734240682,-0.3123274139365,0.10109298213411));
#1894=CARTESIAN_POINT('',(0.75337885028301,-0.3154506880785,0.10210391195296));
#1895=CARTESIAN_POINT('',(1.282729856546,0.,0.));
#1896=CARTESIAN_POINT('',(0.85955760416706,-0.3123274139365,0.10109298213411));
#1897=CARTESIAN_POINT('',(0.85532588164054,-0.3154506880785,0.10210391195296));
#1898=CARTESIAN_POINT('',(1.308338380268,0.,2.247843085686E-6));
#1899=CARTESIAN_POINT('',(0.8857970040794,-0.312347444826,0.10119710025514));
#1900=CARTESIAN_POINT('',(0.88157159031535,-0.315470919273,0.10220904877808));
#1901=CARTESIAN_POINT('',(1.345949730053,0.,4.132360776796E-5));
#1902=CARTESIAN_POINT('',(0.92564114822634,-0.3124196378443,0.10169535006381));
#1903=CARTESIAN_POINT('',(0.92143806240582,-0.3155438342251,0.10271189032447));
#1904=CARTESIAN_POINT('',(1.376687426849,0.,0.000124905308295));
#1905=CARTESIAN_POINT('',(0.95924714636987,-0.3124983003835,0.10242100975444));
#1906=CARTESIAN_POINT('',(0.95507274356456,-0.3156232833861,0.10344397080007));
#1907=CARTESIAN_POINT('',(1.400947378436,0.,0.000233778131101));
#1908=CARTESIAN_POINT('',(0.98637203246864,-0.312561469288,0.10320336779407));
#1909=CARTESIAN_POINT('',(0.98222627901067,-0.315687083981,0.10423306368745));
#1910=CARTESIAN_POINT('',(1.418984485179,0.,0.000339037310956));
#1911=CARTESIAN_POINT('',(1.006835219369,-0.3126059589143,0.10389485988133));
#1912=CARTESIAN_POINT('',(1.002713726713,-0.315732018504,0.10493041810727));
#1913=CARTESIAN_POINT('',(1.436870980943,0.,0.000470501875714));
#1914=CARTESIAN_POINT('',(1.027417303587,-0.312644777742,0.10469524486798));
#1915=CARTESIAN_POINT('',(1.02332276681,-0.3157712255213,0.10573749230026));
#1916=CARTESIAN_POINT('',(1.454613235722,0.,0.000630363798293));
#1917=CARTESIAN_POINT('',(1.048117568508,-0.3126743983085,0.1056078404826));
#1918=CARTESIAN_POINT('',(1.044052611839,-0.315801142289,0.10665761524897));
#1919=CARTESIAN_POINT('',(1.472217582402,0.,0.000821466164805));
#1920=CARTESIAN_POINT('',(1.06893508904,-0.3126925411908,0.10663782868325));
#1921=CARTESIAN_POINT('',(1.064902264109,-0.3158194666036,0.10769599230829));
#1922=CARTESIAN_POINT('',(1.489689757907,0.,0.001044798507404));
#1923=CARTESIAN_POINT('',(1.089869136024,-0.3126922196646,0.10778379188669));
#1924=CARTESIAN_POINT('',(1.085870929805,-0.3158191418606,0.10885118182096));
#1925=CARTESIAN_POINT('',(1.50703528105,0.,0.001307118600359));
#1926=CARTESIAN_POINT('',(1.110919304515,-0.3126620243314,0.10903820584392));
#1927=CARTESIAN_POINT('',(1.106958144751,-0.3157886445745,0.11011551671631));
#1928=CARTESIAN_POINT('',(1.530000291297,0.,0.001725129611584));
#1929=CARTESIAN_POINT('',(1.139140320384,-0.3125677163676,0.11084706178829));
#1930=CARTESIAN_POINT('',(1.135231720673,-0.3156933935335,0.11193828111099));
#1931=CARTESIAN_POINT('',(1.552731305543,0.,0.002266817144831));
#1932=CARTESIAN_POINT('',(1.167591572172,-0.3123697001571,0.11284650020091));
#1933=CARTESIAN_POINT('',(1.163740174841,-0.3154933971583,0.1139522970286));
#1934=CARTESIAN_POINT('',(1.575244697782,0.,0.002973051539967));
#1935=CARTESIAN_POINT('',(1.196270590161,-0.3120208856656,0.11500738363237));
#1936=CARTESIAN_POINT('',(1.192480849087,-0.31514109452,0.11612772695428));
#1937=CARTESIAN_POINT('',(1.592024285081,0.,0.003594510014441));
#1938=CARTESIAN_POINT('',(1.217892904503,-0.3116712378103,0.1167010776824));
#1939=CARTESIAN_POINT('',(1.214151590699,-0.3147879501892,0.11783214335955));
#1940=CARTESIAN_POINT('',(1.608701769629,0.,0.004317260411865));
#1941=CARTESIAN_POINT('',(1.23962740238,-0.311221231045,0.11845949607089));
#1942=CARTESIAN_POINT('',(1.235936658706,-0.3143334433547,0.11960091842644));
#1943=CARTESIAN_POINT('',(1.625279812671,0.,0.005150108185779));
#1944=CARTESIAN_POINT('',(1.261472855706,-0.310657145486,0.1202751831732));
#1945=CARTESIAN_POINT('',(1.257834786134,-0.3137637169404,0.12142643392368));
#1946=CARTESIAN_POINT('',(1.641761075439,0.,0.006101858808539));
#1947=CARTESIAN_POINT('',(1.283428147135,-0.3099669127113,0.12213753777077));
#1948=CARTESIAN_POINT('',(1.279844817851,-0.3130665818345,0.12329789455912));
#1949=CARTESIAN_POINT('',(1.658147493418,0.,0.007180872324292));
#1950=CARTESIAN_POINT('',(1.305490594366,-0.3091302981453,0.12404758212778));
#1951=CARTESIAN_POINT('',(1.301964025372,-0.3122216011294,0.12521624922737));
#1952=CARTESIAN_POINT('',(1.674441002083,0.,0.008395508800702));
#1953=CARTESIAN_POINT('',(1.327656153185,-0.3081218822583,0.12601353534318));
#1954=CARTESIAN_POINT('',(1.324188304697,-0.3112031010815,0.1271897156071));
#1955=CARTESIAN_POINT('',(1.690642907949,0.,0.009753209758488));
#1956=CARTESIAN_POINT('',(1.349920258759,-0.3069168862028,0.12804153411061));
#1957=CARTESIAN_POINT('',(1.346513032263,-0.3099860550677,0.12922441735088));
#1958=CARTESIAN_POINT('',(1.706754517522,0.,0.011261416732477));
#1959=CARTESIAN_POINT('',(1.37227741203,-0.3054893140555,0.13013879617383));
#1960=CARTESIAN_POINT('',(1.368932640975,-0.3085442071942,0.13132756996862));
#1961=CARTESIAN_POINT('',(1.722775887721,0.,0.012932001799429));
#1962=CARTESIAN_POINT('',(1.394721161433,-0.3038125640118,0.13231229170312));
#1963=CARTESIAN_POINT('',(1.39144061417,-0.3068506896525,0.13350609460309));
#1964=CARTESIAN_POINT('',(1.738707075488,0.,0.014776837012588));
#1965=CARTESIAN_POINT('',(1.417244007793,-0.3018596401898,0.13456915235138));
#1966=CARTESIAN_POINT('',(1.414029377118,-0.3048782365874,0.13576707550693));
#1967=CARTESIAN_POINT('',(1.754547018999,0.,0.01680787800001));
#1968=CARTESIAN_POINT('',(1.439837146499,-0.2996023515893,0.13691676477558));
#1969=CARTESIAN_POINT('',(1.436690047775,-0.3025983751034,0.13811785364394));
#1970=CARTESIAN_POINT('',(1.770294656452,0.,0.019037080361532));
#1971=CARTESIAN_POINT('',(1.462490649799,-0.2970133417821,0.13936203542671));
#1972=CARTESIAN_POINT('',(1.45941260973,-0.2999834751969,0.14056528497976));
#1973=CARTESIAN_POINT('',(1.78594779342,0.,0.021475973527067));
#1974=CARTESIAN_POINT('',(1.485192724314,-0.2940622760656,0.14191297294533));
#1975=CARTESIAN_POINT('',(1.482185173623,-0.2970028988295,0.14311734293979));
#1976=CARTESIAN_POINT('',(1.801504235484,0.,0.024136086921822));
#1977=CARTESIAN_POINT('',(1.507931139904,-0.2907255261696,0.14457457066653));
#1978=CARTESIAN_POINT('',(1.504995408945,-0.2936327814305,0.14577895550327));
#1979=CARTESIAN_POINT('',(1.816960526505,0.,0.027028687343594));
#1980=CARTESIAN_POINT('',(1.530700148747,-0.2870158148742,0.14733611519407));
#1981=CARTESIAN_POINT('',(1.527837544967,-0.2898859730256,0.14853918947093));
#1982=CARTESIAN_POINT('',(1.832313210353,0.,0.030165041599583));
#1983=CARTESIAN_POINT('',(1.553493841266,-0.2829415937557,0.15018871313062));
#1984=CARTESIAN_POINT('',(1.550705647576,-0.2857710096923,0.15138894984724));
#1985=CARTESIAN_POINT('',(1.847557518577,0.,0.033555937396195));
#1986=CARTESIAN_POINT('',(1.576307188923,-0.2785138531909,0.1531223324373));
#1987=CARTESIAN_POINT('',(1.573594685625,-0.2812989917232,0.15431799638762));
#1988=CARTESIAN_POINT('',(1.862688682731,0.,0.037212162425725));
#1989=CARTESIAN_POINT('',(1.599135511201,-0.2737428113208,0.15612725251852));
#1990=CARTESIAN_POINT('',(1.596499979486,-0.2764802394339,0.15731640341813));
#1991=CARTESIAN_POINT('',(1.877700575961,0.,0.041143746182787));
#1992=CARTESIAN_POINT('',(1.62197476989,-0.2686396746524,0.15919325637598));
#1993=CARTESIAN_POINT('',(1.619417511833,-0.271326071401,0.16037375147697));
#1994=CARTESIAN_POINT('',(1.892587071407,0.,0.045360718161995));
#1995=CARTESIAN_POINT('',(1.64482128928,-0.2632154159879,0.1623102291908));
#1996=CARTESIAN_POINT('',(1.642343631459,-0.2658475701495,0.16347972430227));
#1997=CARTESIAN_POINT('',(1.907340676184,0.,0.049872671205325));
#1998=CARTESIAN_POINT('',(1.66767203623,-0.2574817873255,0.16546756850757));
#1999=CARTESIAN_POINT('',(1.66527534983,-0.2600566051976,0.16662351747829));
#2000=CARTESIAN_POINT('',(1.921954320598,0.,0.05468667420111));
#2001=CARTESIAN_POINT('',(1.690524103334,-0.2514499151198,0.16865506093039));
#2002=CARTESIAN_POINT('',(1.68820980116,-0.2539644142702,0.16979474479726));
#2003=CARTESIAN_POINT('',(1.936424440689,0.,0.059796912677964));
#2004=CARTESIAN_POINT('',(1.713375687819,-0.2451328663778,0.17186115775228));
#2005=CARTESIAN_POINT('',(1.711145200289,-0.2475841950435,0.17298180020533));
#2006=CARTESIAN_POINT('',(1.950747053185,0.,0.065199964780927));
#2007=CARTESIAN_POINT('',(1.736218254201,-0.2385252003987,0.17508673753632));
#2008=CARTESIAN_POINT('',(1.734072966212,-0.2409104524044,0.17618560526397));
#2009=CARTESIAN_POINT('',(1.964918210263,0.,0.070891901304062));
#2010=CARTESIAN_POINT('',(1.759042008834,-0.2316194090547,0.17833413675131));
#2011=CARTESIAN_POINT('',(1.756983246824,-0.233935603144,0.1794085591078));
#2012=CARTESIAN_POINT('',(1.978933934361,0.,0.076869311368921));
#2013=CARTESIAN_POINT('',(1.781837089858,-0.2244089833822,0.1816051229732));
#2014=CARTESIAN_POINT('',(1.779866121411,-0.2266530732152,0.18265248109146));
#2015=CARTESIAN_POINT('',(1.992789920937,0.,0.083129317774731));
#2016=CARTESIAN_POINT('',(1.804593091632,-0.2168872003233,0.18490167161219));
#2017=CARTESIAN_POINT('',(1.802711123337,-0.2190560723234,0.18591939514939));
#2018=CARTESIAN_POINT('',(2.00648217589,0.,0.089668530067631));
#2019=CARTESIAN_POINT('',(1.827299250712,-0.2090476945824,0.18822571136007));
#2020=CARTESIAN_POINT('',(1.82550742146,-0.2111381715289,0.18921128317234));
#2021=CARTESIAN_POINT('',(2.02000564566,0.,0.096485536194973));
#2022=CARTESIAN_POINT('',(1.849944475794,-0.2008843930864,0.19157897096589));
#2023=CARTESIAN_POINT('',(1.848243864095,-0.202893237016,0.19252990531515));
#2024=CARTESIAN_POINT('',(2.033359437819,0.,0.10357075280988));
#2025=CARTESIAN_POINT('',(1.87251712745,-0.1923912690007,0.19496356995003));
#2026=CARTESIAN_POINT('',(1.870908704346,-0.1943151816925,0.19587749812459));
#2027=CARTESIAN_POINT('',(2.046545088662,0.,0.11091131566043));
#2028=CARTESIAN_POINT('',(1.89500557855,-0.1835631870763,0.19838069455658));
#2029=CARTESIAN_POINT('',(1.893490183447,-0.1853988189444,0.19925538834314));
#2030=CARTESIAN_POINT('',(2.059563986344,0.,0.11849577748066));
#2031=CARTESIAN_POINT('',(1.917397046343,-0.1743941313565,0.20183338973787));
#2032=CARTESIAN_POINT('',(1.915975376944,-0.1761380726699,0.2026667658611));
#2033=CARTESIAN_POINT('',(2.07241848388,0.,0.12631252874127));
#2034=CARTESIAN_POINT('',(1.93968153248,-0.1648833365892,0.205317552813));
#2035=CARTESIAN_POINT('',(1.938354162966,-0.1665321699514,0.20610760305546));
#2036=CARTESIAN_POINT('',(2.08511103651,0.,0.13435032822341));
#2037=CARTESIAN_POINT('',(1.961851504097,-0.1550342452751,0.2088238576636));
#2038=CARTESIAN_POINT('',(1.960618908771,-0.1565845877285,0.20956859295796));
#2039=CARTESIAN_POINT('',(2.097644890648,0.,0.14259853191235));
#2040=CARTESIAN_POINT('',(1.983898569956,-0.1448489275827,0.21234428715103));
#2041=CARTESIAN_POINT('',(1.982761106749,-0.1462974168577,0.21304174470492));
#2042=CARTESIAN_POINT('',(2.110023292708,0.,0.15104649579335));
#2043=CARTESIAN_POINT('',(2.005815037783,-0.134331014038,0.21587055174607));
#2044=CARTESIAN_POINT('',(2.004772955233,-0.1356743241762,0.21651879230503));
#2045=CARTESIAN_POINT('',(2.122250164141,0.,0.15968440306409));
#2046=CARTESIAN_POINT('',(2.027592431961,-0.1234823601281,0.21939335884774));
#2047=CARTESIAN_POINT('',(2.026645854638,-0.1247171837283,0.21999044840572));
#2048=CARTESIAN_POINT('',(2.134329426383,0.,0.16850243692222));
#2049=CARTESIAN_POINT('',(2.049226443382,-0.1123158573251,0.22291185607388));
#2050=CARTESIAN_POINT('',(2.04837541355,-0.1134390158968,0.22345595026634));
#2051=CARTESIAN_POINT('',(2.146265490371,0.,0.17749159334465));
#2052=CARTESIAN_POINT('',(2.070714402334,-0.100847300638,0.22642775528549));
#2053=CARTESIAN_POINT('',(2.069958891457,-0.1018557736414,0.22691711690762));
#2054=CARTESIAN_POINT('',(2.15806276703,0.,0.18664286828951));
#2055=CARTESIAN_POINT('',(2.092053800371,-0.08909151527703,0.22994187711092));
#2056=CARTESIAN_POINT('',(2.091393710704,-0.08998243043069,0.23037486719631));
#2057=CARTESIAN_POINT('',(2.169726054141,0.,0.19594808484734));
#2058=CARTESIAN_POINT('',(2.113242923382,-0.07706383710472,0.23345560501404));
#2059=CARTESIAN_POINT('',(2.112678092074,-0.0778344754784,0.23383068021515));
#2060=CARTESIAN_POINT('',(2.181260149469,0.,0.20539906610868));
#2061=CARTESIAN_POINT('',(2.134280367757,-0.06477934546057,0.23697012557753));
#2062=CARTESIAN_POINT('',(2.13381056994,-0.0654271389124,0.23728583617165));
#2063=CARTESIAN_POINT('',(2.196473400515,0.,0.21818481051718));
#2064=CARTESIAN_POINT('',(2.162127152511,-0.04807769798184,0.24165907765927));
#2065=CARTESIAN_POINT('',(2.161783690029,-0.04855847495987,0.24189382033144));
#2066=CARTESIAN_POINT('',(2.215192158545,0.,0.23449421448479));
#2067=CARTESIAN_POINT('',(2.196553380687,-0.02663382875591,0.24752915431256));
#2068=CARTESIAN_POINT('',(2.196366992907,-0.02690016704262,0.24765950371253));
#2069=CARTESIAN_POINT('',(2.229877760951,0.,0.24785518597021));
#2070=CARTESIAN_POINT('',(2.223688120243,-0.008952790897023,0.25224260507726));
#2071=CARTESIAN_POINT('',(2.223626223833,-0.009042318805899,0.25228647926636));
#2072=CARTESIAN_POINT('',(2.237155225346,0.,0.25460575948638));
#2073=CARTESIAN_POINT('',(2.237155225346,0.,0.25460575948638));
#2074=CARTESIAN_POINT('',(2.237155225346,0.,0.25460575948638));
#2075=CARTESIAN_POINT('',(1.66447290781962,-0.25825277932017,0.165028732777754));
#2076=CARTESIAN_POINT('',(1.66444706209504,-0.258259385623103,0.16502514952127));
#2077=CARTESIAN_POINT('',(1.66442121637378,-0.258265991350748,0.16502156632539));
#2078=CARTESIAN_POINT('',(1.66439537065585,-0.258272596503034,0.165017983190181));
#2079=CARTESIAN_POINT('',(1.6644729074646,-0.258252779926158,0.16502873297361));
#2080=CARTESIAN_POINT('',(1.6643954008354,-0.258272589865868,0.165017987249103));
#2081=CARTESIAN_POINT('',(1.66439542418629,-0.258272539091947,0.165017957457917));
#2082=CARTESIAN_POINT('',(1.63787365188699,-0.265050463402563,0.161341096416435));
#2083=CARTESIAN_POINT('',(1.61135467302294,-0.271222557200754,0.157728118770293));
#2084=CARTESIAN_POINT('',(1.5848619456225,-0.276709135799009,0.154251718922667));
#2085=CARTESIAN_POINT('',(1.584861861049,-0.2767091976836,0.15425174525197));
#2086=CARTESIAN_POINT('',(1.22172498182089,1.29863071746589,0.435293238193923));
#2087=CARTESIAN_POINT('',(1.576729513663,-0.2783719648529,0.15318885254088));
#2088=CARTESIAN_POINT('',(1.57672951407697,-0.278371964493872,0.153188852317647));
#2089=CARTESIAN_POINT('',(1.57639338349318,-0.27843980161019,0.15314509885053));
#2090=CARTESIAN_POINT('',(1.57605725775684,-0.278507527077155,0.153101368525401));
#2091=CARTESIAN_POINT('',(1.57572113693176,-0.278575140742503,0.153057661484715));
#2092=CARTESIAN_POINT('',(1.57572112836595,-0.278575143695223,0.15305766014371));
#2093=CARTESIAN_POINT('',(1.57572112028867,-0.278575157823976,0.153057668815092));
#2094=CARTESIAN_POINT('',(1.54573511120261,-0.284607107988801,0.149158476680489));
#2095=CARTESIAN_POINT('',(1.51578665217492,-0.289749117867516,0.145444754852395));
#2096=CARTESIAN_POINT('',(1.48593077396997,-0.293896523644573,0.142015448584388));
#2097=CARTESIAN_POINT('',(1.48593079807268,-0.293896507443177,0.142015441178055));
#2098=CARTESIAN_POINT('',(1.48593082077094,-0.2938964778726,0.142015429829907));
#2099=CARTESIAN_POINT('',(1.45552359995887,-0.298120472521431,0.13852279508088));
#2100=CARTESIAN_POINT('',(1.42521665710198,-0.301299656799846,0.135331232231553));
#2101=CARTESIAN_POINT('',(1.39512625353861,-0.303734832769123,0.132364795869909));
#2102=CARTESIAN_POINT('',(1.3951262481427,-0.303734863181754,0.132364808056162));
#2103=CARTESIAN_POINT('',(1.39512624072758,-0.303734844635554,0.132364800533623));
#2104=CARTESIAN_POINT('',(1.36452123520205,-0.306211666719614,0.129347632593334));
#2105=CARTESIAN_POINT('',(1.33413925603504,-0.307921859774944,0.126561975732458));
#2106=CARTESIAN_POINT('',(1.30404806850152,-0.309162177827502,0.1239290692952));
#2107=CARTESIAN_POINT('',(1.30404809320968,-0.309162193406215,0.123929061630438));
#2108=CARTESIAN_POINT('',(1.30404811477562,-0.309162137300591,0.123929053984193));
#2109=CARTESIAN_POINT('',(1.27332405633687,-0.310428541313174,0.1212407729202));
#2110=CARTESIAN_POINT('',(1.24290417842776,-0.311222480526362,0.118684769036528));
#2111=CARTESIAN_POINT('',(1.2128127562642,-0.311745799626153,0.116307426154576));
#2112=CARTESIAN_POINT('',(1.21281272392946,-0.311745859752721,0.116307446341275));
#2113=CARTESIAN_POINT('',(1.21281269209568,-0.31174585293467,0.116307445452165));
#2114=CARTESIAN_POINT('',(1.2123359799653,-0.311754143423387,0.116269783281855));
#2115=CARTESIAN_POINT('',(1.21185934955467,-0.311762363047378,0.116232169595755));
#2116=CARTESIAN_POINT('',(1.21138280090545,-0.31177051239843,0.116194604792834));
#2117=CARTESIAN_POINT('',(1.211382796631,-0.3117705162726,0.1161946059641));
#2118=CARTESIAN_POINT('',(1.2111991538755,-0.31177365059,0.11618013465691));
#2119=CARTESIAN_POINT('',(1.21101551112,-0.3117767849074,0.11616566334972));
#2120=CARTESIAN_POINT('',(1.21101551112003,-0.311776784907387,0.116165663349693));
#2121=CARTESIAN_POINT('',(1.18742147570388,-0.312178510804002,0.114306902147581));
#2122=CARTESIAN_POINT('',(1.16402809931352,-0.312408693319039,0.112568995763095));
#2123=CARTESIAN_POINT('',(1.14083965753203,-0.312538392463491,0.110996052920538));
#2124=CARTESIAN_POINT('',(1.140839657532,-0.3125383924635,0.11099605292058));
#2125=CARTESIAN_POINT('',(1.14083965830822,-0.312538391842182,0.110996052703418));
#2126=CARTESIAN_POINT('',(1.13719389056326,-0.312558783594292,0.110748749140382));
#2127=CARTESIAN_POINT('',(1.13355318459617,-0.312576677353004,0.110505513020374));
#2128=CARTESIAN_POINT('',(1.12991755406137,-0.312592338797198,0.11026650857725));
#2129=CARTESIAN_POINT('',(1.129917553281,-0.3125923394186,0.11026650879331));
#2130=CARTESIAN_POINT('',(1.129917553281,-0.312592339418614,0.110266508793282));
#2131=CARTESIAN_POINT('',(1.09382620844347,-0.312747812473022,0.10789388272425));
#2132=CARTESIAN_POINT('',(1.05823431549149,-0.312697293084525,0.105956389236775));
#2133=CARTESIAN_POINT('',(1.02315506812702,-0.312635948835187,0.104538577695586));
#2134=CARTESIAN_POINT('',(1.023155068127,-0.3126359488352,0.1045385776956));
#2135=CARTESIAN_POINT('',(1.0231551375836,-0.312635895871539,0.104538560061199));
#2136=CARTESIAN_POINT('',(0.962731715104755,-0.312530231433748,0.10209640345698));
#2137=CARTESIAN_POINT('',(0.903844016052214,-0.312327361025107,0.101092965007884));
#2138=CARTESIAN_POINT('',(0.84651776605823,-0.312327361025121,0.10109296500795));
#2139=CARTESIAN_POINT('',(0.84651769435396,-0.3123274139365,0.10109298213411));
#2140=CARTESIAN_POINT('',(0.418844928237955,-0.3123274139365,0.10109298213411));
#2141=CARTESIAN_POINT('',(-0.00882783787805,-0.3123274139365,0.10109298213411));
#2142=CARTESIAN_POINT('',(-0.004413918939025,-0.15616370696825,0.050546491067055));
#2143=CARTESIAN_POINT('',(0.,0.,0.));
#2144=CARTESIAN_POINT('',(0.634888270768,0.,0.));
#2145=CARTESIAN_POINT('',(1.269776541533,0.,0.));
#2146=CARTESIAN_POINT('',(2.237155225346,0.,0.25460575948638));
#2147=CARTESIAN_POINT('',(2.229877760951,0.,0.24785518597021));
#2148=CARTESIAN_POINT('',(2.215192158545,0.,0.23449421448479));
#2149=CARTESIAN_POINT('',(2.196473400515,0.,0.21818481051718));
#2150=CARTESIAN_POINT('',(2.181260149469,0.,0.20539906610868));
#2151=CARTESIAN_POINT('',(2.169726054141,0.,0.19594808484734));
#2152=CARTESIAN_POINT('',(2.15806276703,0.,0.18664286828951));
#2153=CARTESIAN_POINT('',(2.146265490371,0.,0.17749159334465));
#2154=CARTESIAN_POINT('',(2.134329426383,0.,0.16850243692222));
#2155=CARTESIAN_POINT('',(2.122250164141,0.,0.15968440306409));
#2156=CARTESIAN_POINT('',(2.110023292708,0.,0.15104649579335));
#2157=CARTESIAN_POINT('',(2.097644890648,0.,0.14259853191235));
#2158=CARTESIAN_POINT('',(2.08511103651,0.,0.13435032822341));
#2159=CARTESIAN_POINT('',(2.07241848388,0.,0.12631252874127));
#2160=CARTESIAN_POINT('',(2.059563986344,0.,0.11849577748066));
#2161=CARTESIAN_POINT('',(2.046545088662,0.,0.11091131566043));
#2162=CARTESIAN_POINT('',(2.033359437819,0.,0.10357075280988));
#2163=CARTESIAN_POINT('',(2.02000564566,0.,0.096485536194973));
#2164=CARTESIAN_POINT('',(2.00648217589,0.,0.089668530067631));
#2165=CARTESIAN_POINT('',(1.992789920937,0.,0.083129317774731));
#2166=CARTESIAN_POINT('',(1.978933934361,0.,0.076869311368921));
#2167=CARTESIAN_POINT('',(1.964918210263,0.,0.070891901304062));
#2168=CARTESIAN_POINT('',(1.950747053185,0.,0.065199964780927));
#2169=CARTESIAN_POINT('',(1.936424440689,0.,0.059796912677964));
#2170=CARTESIAN_POINT('',(1.921954320598,0.,0.05468667420111));
#2171=CARTESIAN_POINT('',(1.907340676184,0.,0.049872671205325));
#2172=CARTESIAN_POINT('',(1.892587071407,0.,0.045360718161995));
#2173=CARTESIAN_POINT('',(1.877700575961,0.,0.041143746182787));
#2174=CARTESIAN_POINT('',(1.862688682731,0.,0.037212162425725));
#2175=CARTESIAN_POINT('',(1.847557518577,0.,0.033555937396195));
#2176=CARTESIAN_POINT('',(1.832313210353,0.,0.030165041599583));
#2177=CARTESIAN_POINT('',(1.816960526505,0.,0.027028687343594));
#2178=CARTESIAN_POINT('',(1.801504235484,0.,0.024136086921822));
#2179=CARTESIAN_POINT('',(1.78594779342,0.,0.021475973527067));
#2180=CARTESIAN_POINT('',(1.770294656452,0.,0.019037080361532));
#2181=CARTESIAN_POINT('',(1.754547018999,0.,0.01680787800001));
#2182=CARTESIAN_POINT('',(1.738707075488,0.,0.014776837012588));
#2183=CARTESIAN_POINT('',(1.722775887721,0.,0.012932001799429));
#2184=CARTESIAN_POINT('',(1.706754517522,0.,0.011261416732477));
#2185=CARTESIAN_POINT('',(1.690642907949,0.,0.009753209758488));
#2186=CARTESIAN_POINT('',(1.674441002083,0.,0.008395508800702));
#2187=CARTESIAN_POINT('',(1.658147493418,0.,0.007180872324292));
#2188=CARTESIAN_POINT('',(1.641761075439,0.,0.006101858808539));
#2189=CARTESIAN_POINT('',(1.625279812671,0.,0.005150108185779));
#2190=CARTESIAN_POINT('',(1.608701769629,0.,0.004317260411865));
#2191=CARTESIAN_POINT('',(1.592024285081,0.,0.003594510014441));
#2192=CARTESIAN_POINT('',(1.575244697782,0.,0.002973051539967));
#2193=CARTESIAN_POINT('',(1.552731305543,0.,0.002266817144831));
#2194=CARTESIAN_POINT('',(1.530000291297,0.,0.001725129611584));
#2195=CARTESIAN_POINT('',(1.50703528105,0.,0.001307118600359));
#2196=CARTESIAN_POINT('',(1.489689757907,0.,0.001044798507404));
#2197=CARTESIAN_POINT('',(1.472217582402,0.,0.000821466164805));
#2198=CARTESIAN_POINT('',(1.454613235722,0.,0.000630363798293));
#2199=CARTESIAN_POINT('',(1.436870980943,0.,0.000470501875714));
#2200=CARTESIAN_POINT('',(1.418984485179,0.,0.000339037310956));
#2201=CARTESIAN_POINT('',(1.400947378436,0.,0.000233778131101));
#2202=CARTESIAN_POINT('',(1.376687426849,0.,0.000124905308295));
#2203=CARTESIAN_POINT('',(1.345949730053,0.,4.132360776796E-5));
#2204=CARTESIAN_POINT('',(1.308338380268,0.,2.247843085686E-6));
#2205=CARTESIAN_POINT('',(1.282729856546,0.,0.));
#2206=CARTESIAN_POINT('',(1.269776541536,0.,0.));
#2207=CARTESIAN_POINT('',(2.237155225346,0.,0.25460575948638));
#2208=CARTESIAN_POINT('',(2.21059252170348,-0.0176586081085899,0.249944641172468));
#2209=CARTESIAN_POINT('',(2.18363887421591,-0.0348808570884716,0.245308436056819));
#2210=CARTESIAN_POINT('',(2.15628780355098,-0.0515176203522268,0.240681561301868));
#2211=CARTESIAN_POINT('',(2.156287803551,-0.05151762035238,0.24068156130182));
#2212=CARTESIAN_POINT('',(2.15628780355098,-0.0515176203522268,0.240681561301868));
#2213=CARTESIAN_POINT('',(2.13803507964484,-0.062620156346714,0.237593818650583));
#2214=CARTESIAN_POINT('',(2.11960556972301,-0.0734617876425575,0.234510261840907));
#2215=CARTESIAN_POINT('',(2.10100146025202,-0.0839967408971763,0.231426753602816));
#2216=CARTESIAN_POINT('',(2.101001460252,-0.08399674089682,0.23142675360292));
#2217=CARTESIAN_POINT('',(2.10100146175556,-0.0839967388596779,0.231426752612048));
#2218=CARTESIAN_POINT('',(2.09499739934656,-0.0873966605850598,0.230431618882623));
#2219=CARTESIAN_POINT('',(2.08897518273416,-0.0907646421429669,0.229436500617312));
#2220=CARTESIAN_POINT('',(2.08293497137637,-0.0940991290320575,0.228441266392861));
#2221=CARTESIAN_POINT('',(2.082934973077,-0.09409912675026,0.22844126528473));
#2222=CARTESIAN_POINT('',(1.1653287264926,1.57156220652103,0.216702331258915));
#2223=CARTESIAN_POINT('',(2.074273863363,-0.09885063689112,0.22701611917852));
#2224=CARTESIAN_POINT('',(2.0742738633406,-0.0988506368593544,0.227016119209444));
#2225=CARTESIAN_POINT('',(2.05450956036671,-0.109624998274288,0.223768205742363));
#2226=CARTESIAN_POINT('',(2.01459891981678,-0.130445799518755,0.217269352153499));
#2227=CARTESIAN_POINT('',(1.97396244249828,-0.14958989460814,0.210744163839658));
#2228=CARTESIAN_POINT('',(1.95349038841701,-0.158729469125766,0.207503213083376));
#2229=CARTESIAN_POINT('',(1.95349039026083,-0.158729472284692,0.207503210344834));
#2230=CARTESIAN_POINT('',(1.95349038841701,-0.158729469125769,0.207503213083375));
#2231=CARTESIAN_POINT('',(1.95185661182417,-0.159458837964543,0.207244552457646));
#2232=CARTESIAN_POINT('',(1.95022185841224,-0.160185457635626,0.206986031702315));
#2233=CARTESIAN_POINT('',(1.94858614332468,-0.160909324403782,0.206727665286848));
#2234=CARTESIAN_POINT('',(1.94858614716,-0.1609093299627,0.20672765657714));
#2235=CARTESIAN_POINT('',(1.94858614332468,-0.160909324403782,0.206727665286848));
#2236=CARTESIAN_POINT('',(1.93958667044658,-0.16489193689962,0.205306169840439));
#2237=CARTESIAN_POINT('',(1.93055812544829,-0.168791278886167,0.203889288040405));
#2238=CARTESIAN_POINT('',(1.92150283830292,-0.172606420852833,0.202479722701486));
#2239=CARTESIAN_POINT('',(1.92150284157296,-0.172606433605816,0.202479736211523));
#2240=CARTESIAN_POINT('',(1.92150283830292,-0.172606420852833,0.202479722701486));
#2241=CARTESIAN_POINT('',(1.86574117757769,-0.196099729076931,0.193799743487455));
#2242=CARTESIAN_POINT('',(1.80895693837255,-0.216348768500708,0.185451203255631));
#2243=CARTESIAN_POINT('',(1.75194662269639,-0.233747647976399,0.17732622629938));
#2244=CARTESIAN_POINT('',(1.75194662455019,-0.233747658294649,0.17732623538739));
#2245=CARTESIAN_POINT('',(1.75194662269639,-0.233747647976399,0.17732622629938));
#2246=CARTESIAN_POINT('',(1.73743241252556,-0.2381772146338,0.175257694985749));
#2247=CARTESIAN_POINT('',(1.72290268879527,-0.242422979049332,0.173203222994614));
#2248=CARTESIAN_POINT('',(1.70836876437631,-0.246493205608716,0.171160361721268));
#2249=CARTESIAN_POINT('',(1.70836876918215,-0.246493235362858,0.171160386812714));
#2250=CARTESIAN_POINT('',(1.70836876437631,-0.246493205608715,0.171160361721268));
#2251=CARTESIAN_POINT('',(1.69374162999502,-0.250589535624629,0.169104399029693));
#2252=CARTESIAN_POINT('',(1.67911123304371,-0.254511065563986,0.167058201900306));
#2253=CARTESIAN_POINT('',(1.66448259542604,-0.258250303415526,0.165030076118949));
#2254=CARTESIAN_POINT('',(1.66448259540084,-0.258250303424407,0.165030076162355));
#2255=CARTESIAN_POINT('',(1.66448259542604,-0.258250303415526,0.165030076118949));
#2256=CARTESIAN_POINT('',(1.66447936609052,-0.25825112886858,0.165029628401343));
#2257=CARTESIAN_POINT('',(1.66447613675506,-0.258251954312653,0.165029180684683));
#2258=CARTESIAN_POINT('',(1.66447290741965,-0.258252779747744,0.165028732968969));
#2259=CARTESIAN_POINT('',(0.,0.,0.));
#2260=CARTESIAN_POINT('',(0.11456702606834,0.,0.));
#2261=CARTESIAN_POINT('',(0.34682340683385,0.,0.));
#2262=CARTESIAN_POINT('',(0.68401548630752,0.,0.));
#2263=CARTESIAN_POINT('',(0.99492269899434,0.,0.));
#2264=CARTESIAN_POINT('',(1.181466554713,0.,0.));
#2265=CARTESIAN_POINT('',(1.282729856546,0.,0.));
#2266=CARTESIAN_POINT('',(1.308338380268,0.,2.247843085686E-6));
#2267=CARTESIAN_POINT('',(1.345949730053,0.,4.132360776796E-5));
#2268=CARTESIAN_POINT('',(1.376687426849,0.,0.000124905308295));
#2269=CARTESIAN_POINT('',(1.400947378436,0.,0.000233778131101));
#2270=CARTESIAN_POINT('',(1.418984485179,0.,0.000339037310956));
#2271=CARTESIAN_POINT('',(1.436870980943,0.,0.000470501875714));
#2272=CARTESIAN_POINT('',(1.454613235722,0.,0.000630363798293));
#2273=CARTESIAN_POINT('',(1.472217582402,0.,0.000821466164805));
#2274=CARTESIAN_POINT('',(1.489689757907,0.,0.001044798507404));
#2275=CARTESIAN_POINT('',(1.50703528105,0.,0.001307118600359));
#2276=CARTESIAN_POINT('',(1.530000291297,0.,0.001725129611584));
#2277=CARTESIAN_POINT('',(1.552731305543,0.,0.002266817144831));
#2278=CARTESIAN_POINT('',(1.575244697782,0.,0.002973051539967));
#2279=CARTESIAN_POINT('',(1.592024285081,0.,0.003594510014441));
#2280=CARTESIAN_POINT('',(1.608701769629,0.,0.004317260411865));
#2281=CARTESIAN_POINT('',(1.625279812671,0.,0.005150108185779));
#2282=CARTESIAN_POINT('',(1.641761075439,0.,0.006101858808539));
#2283=CARTESIAN_POINT('',(1.658147493418,0.,0.007180872324292));
#2284=CARTESIAN_POINT('',(1.674441002083,0.,0.008395508800702));
#2285=CARTESIAN_POINT('',(1.690642907949,0.,0.009753209758488));
#2286=CARTESIAN_POINT('',(1.706754517522,0.,0.011261416732477));
#2287=CARTESIAN_POINT('',(1.722775887721,0.,0.012932001799429));
#2288=CARTESIAN_POINT('',(1.738707075488,0.,0.014776837012588));
#2289=CARTESIAN_POINT('',(1.754547018999,0.,0.01680787800001));
#2290=CARTESIAN_POINT('',(1.770294656452,0.,0.019037080361532));
#2291=CARTESIAN_POINT('',(1.78594779342,0.,0.021475973527067));
#2292=CARTESIAN_POINT('',(1.801504235484,0.,0.024136086921822));
#2293=CARTESIAN_POINT('',(1.816960526505,0.,0.027028687343594));
#2294=CARTESIAN_POINT('',(1.832313210353,0.,0.030165041599583));
#2295=CARTESIAN_POINT('',(1.847557518577,0.,0.033555937396195));
#2296=CARTESIAN_POINT('',(1.862688682731,0.,0.037212162425725));
#2297=CARTESIAN_POINT('',(1.877700575961,0.,0.041143746182787));
#2298=CARTESIAN_POINT('',(1.892587071407,0.,0.045360718161995));
#2299=CARTESIAN_POINT('',(1.907340676184,0.,0.049872671205325));
#2300=CARTESIAN_POINT('',(1.921954320598,0.,0.05468667420111));
#2301=CARTESIAN_POINT('',(1.936424440689,0.,0.059796912677964));
#2302=CARTESIAN_POINT('',(1.950747053185,0.,0.065199964780927));
#2303=CARTESIAN_POINT('',(1.964918210263,0.,0.070891901304062));
#2304=CARTESIAN_POINT('',(1.978933934361,0.,0.076869311368921));
#2305=CARTESIAN_POINT('',(1.992789920937,0.,0.083129317774731));
#2306=CARTESIAN_POINT('',(2.00648217589,0.,0.089668530067631));
#2307=CARTESIAN_POINT('',(2.02000564566,0.,0.096485536194973));
#2308=CARTESIAN_POINT('',(2.033359437819,0.,0.10357075280988));
#2309=CARTESIAN_POINT('',(2.046545088662,0.,0.11091131566043));
#2310=CARTESIAN_POINT('',(2.059563986344,0.,0.11849577748066));
#2311=CARTESIAN_POINT('',(2.07241848388,0.,0.12631252874127));
#2312=CARTESIAN_POINT('',(2.08511103651,0.,0.13435032822341));
#2313=CARTESIAN_POINT('',(2.097644890648,0.,0.14259853191235));
#2314=CARTESIAN_POINT('',(2.110023292708,0.,0.15104649579335));
#2315=CARTESIAN_POINT('',(2.122250164141,0.,0.15968440306409));
#2316=CARTESIAN_POINT('',(2.134329426383,0.,0.16850243692222));
#2317=CARTESIAN_POINT('',(2.146265490371,0.,0.17749159334465));
#2318=CARTESIAN_POINT('',(2.15806276703,0.,0.18664286828951));
#2319=CARTESIAN_POINT('',(2.169726054141,0.,0.19594808484734));
#2320=CARTESIAN_POINT('',(2.181260149469,0.,0.20539906610868));
#2321=CARTESIAN_POINT('',(2.196473400515,0.,0.21818481051718));
#2322=CARTESIAN_POINT('',(2.215192158545,0.,0.23449421448479));
#2323=CARTESIAN_POINT('',(2.229877760951,0.,0.24785518597021));
#2324=CARTESIAN_POINT('',(2.237155225346,0.,0.25460575948638));
#2325=CARTESIAN_POINT('',(-0.00882783787805,0.31232741393653,0.10109298213411));
#2326=CARTESIAN_POINT('',(0.056023602268376,0.31232741393653,0.10109298213411));
#2327=CARTESIAN_POINT('',(0.18576226317583,0.31232741393653,0.10109298213411));
#2328=CARTESIAN_POINT('',(0.38575499445177,0.31232741393653,0.10109298213411));
#2329=CARTESIAN_POINT('',(0.59901826712332,0.31232741393653,0.10109298213411));
#2330=CARTESIAN_POINT('',(0.75761734240682,0.31232741393653,0.10109298213411));
#2331=CARTESIAN_POINT('',(0.85955760416706,0.31232741393653,0.10109298213411));
#2332=CARTESIAN_POINT('',(0.8857970040794,0.31234744482607,0.10119710025514));
#2333=CARTESIAN_POINT('',(0.92564114822634,0.31241963784437,0.10169535006381));
#2334=CARTESIAN_POINT('',(0.95924714636987,0.31249830038354,0.10242100975444));
#2335=CARTESIAN_POINT('',(0.98637203246864,0.31256146928807,0.10320336779407));
#2336=CARTESIAN_POINT('',(1.006835219369,0.31260595891434,0.10389485988133));
#2337=CARTESIAN_POINT('',(1.027417303587,0.31264477774209,0.10469524486798));
#2338=CARTESIAN_POINT('',(1.048117568508,0.31267439830857,0.1056078404826));
#2339=CARTESIAN_POINT('',(1.06893508904,0.31269254119089,0.10663782868325));
#2340=CARTESIAN_POINT('',(1.089869136024,0.31269221966466,0.10778379188669));
#2341=CARTESIAN_POINT('',(1.110919304515,0.31266202433147,0.10903820584392));
#2342=CARTESIAN_POINT('',(1.139140320384,0.31256771636762,0.11084706178829));
#2343=CARTESIAN_POINT('',(1.167591572172,0.31236970015719,0.11284650020091));
#2344=CARTESIAN_POINT('',(1.196270590161,0.31202088566563,0.11500738363237));
#2345=CARTESIAN_POINT('',(1.217892904503,0.31167123781031,0.1167010776824));
#2346=CARTESIAN_POINT('',(1.23962740238,0.31122123104504,0.11845949607089));
#2347=CARTESIAN_POINT('',(1.261472855706,0.31065714548601,0.1202751831732));
#2348=CARTESIAN_POINT('',(1.283428147135,0.30996691271139,0.12213753777077));
#2349=CARTESIAN_POINT('',(1.305490594366,0.30913029814536,0.12404758212778));
#2350=CARTESIAN_POINT('',(1.327656153185,0.30812188225833,0.12601353534318));
#2351=CARTESIAN_POINT('',(1.349920258759,0.30691688620289,0.12804153411061));
#2352=CARTESIAN_POINT('',(1.37227741203,0.30548931405554,0.13013879617383));
#2353=CARTESIAN_POINT('',(1.394721161433,0.30381256401185,0.13231229170312));
#2354=CARTESIAN_POINT('',(1.417244007793,0.30185964018988,0.13456915235138));
#2355=CARTESIAN_POINT('',(1.439837146499,0.2996023515893,0.13691676477558));
#2356=CARTESIAN_POINT('',(1.462490649799,0.29701334178219,0.13936203542671));
#2357=CARTESIAN_POINT('',(1.485192724314,0.29406227606562,0.14191297294533));
#2358=CARTESIAN_POINT('',(1.507931139904,0.29072552616965,0.14457457066653));
#2359=CARTESIAN_POINT('',(1.530700148747,0.28701581487429,0.14733611519407));
#2360=CARTESIAN_POINT('',(1.553493841266,0.28294159375576,0.15018871313062));
#2361=CARTESIAN_POINT('',(1.576307188923,0.27851385319091,0.1531223324373));
#2362=CARTESIAN_POINT('',(1.599135511201,0.27374281132083,0.15612725251852));
#2363=CARTESIAN_POINT('',(1.62197476989,0.26863967465244,0.15919325637598));
#2364=CARTESIAN_POINT('',(1.64482128928,0.26321541598794,0.1623102291908));
#2365=CARTESIAN_POINT('',(1.66767203623,0.25748178732556,0.16546756850757));
#2366=CARTESIAN_POINT('',(1.690524103334,0.25144991511986,0.16865506093039));
#2367=CARTESIAN_POINT('',(1.713375687819,0.24513286637788,0.17186115775228));
#2368=CARTESIAN_POINT('',(1.736218254201,0.2385252003987,0.17508673753632));
#2369=CARTESIAN_POINT('',(1.759042008834,0.23161940905479,0.17833413675131));
#2370=CARTESIAN_POINT('',(1.781837089858,0.22440898338222,0.1816051229732));
#2371=CARTESIAN_POINT('',(1.804593091632,0.21688720032336,0.18490167161219));
#2372=CARTESIAN_POINT('',(1.827299250712,0.20904769458248,0.18822571136007));
#2373=CARTESIAN_POINT('',(1.849944475794,0.20088439308643,0.19157897096589));
#2374=CARTESIAN_POINT('',(1.87251712745,0.19239126900075,0.19496356995003));
#2375=CARTESIAN_POINT('',(1.89500557855,0.18356318707635,0.19838069455658));
#2376=CARTESIAN_POINT('',(1.917397046343,0.17439413135653,0.20183338973787));
#2377=CARTESIAN_POINT('',(1.93968153248,0.16488333658928,0.205317552813));
#2378=CARTESIAN_POINT('',(1.961851504097,0.15503424527519,0.2088238576636));
#2379=CARTESIAN_POINT('',(1.983898569956,0.1448489275827,0.21234428715103));
#2380=CARTESIAN_POINT('',(2.005815037783,0.13433101403807,0.21587055174607));
#2381=CARTESIAN_POINT('',(2.027592431961,0.12348236012815,0.21939335884774));
#2382=CARTESIAN_POINT('',(2.049226443382,0.11231585732511,0.22291185607388));
#2383=CARTESIAN_POINT('',(2.070714402334,0.10084730063801,0.22642775528549));
#2384=CARTESIAN_POINT('',(2.092053800371,0.089091515277031,0.22994187711092));
#2385=CARTESIAN_POINT('',(2.113242923382,0.07706383710472,0.23345560501404));
#2386=CARTESIAN_POINT('',(2.134280367757,0.06477934546057,0.23697012557753));
#2387=CARTESIAN_POINT('',(2.162127152511,0.048077697981847,0.24165907765927));
#2388=CARTESIAN_POINT('',(2.196553380687,0.02663382875591,0.24752915431256));
#2389=CARTESIAN_POINT('',(2.223688120243,0.008952790897023,0.25224260507726));
#2390=CARTESIAN_POINT('',(2.237155225346,0.,0.25460575948638));
#2391=CARTESIAN_POINT('',(-0.008916116256266,0.31545068807858,0.10210391195296));
#2392=CARTESIAN_POINT('',(0.055438168031599,0.31545068807858,0.10210391195296));
#2393=CARTESIAN_POINT('',(0.18415165174301,0.31545068807858,0.10210391195296));
#2394=CARTESIAN_POINT('',(0.38277238953637,0.31545068807858,0.10210391195296));
#2395=CARTESIAN_POINT('',(0.59505922280254,0.31545068807858,0.10210391195296));
#2396=CARTESIAN_POINT('',(0.75337885028301,0.31545068807858,0.10210391195296));
#2397=CARTESIAN_POINT('',(0.85532588164054,0.31545068807858,0.10210391195296));
#2398=CARTESIAN_POINT('',(0.88157159031535,0.31547091927302,0.10220904877808));
#2399=CARTESIAN_POINT('',(0.92143806240582,0.31554383422511,0.10271189032447));
#2400=CARTESIAN_POINT('',(0.95507274356456,0.31562328338616,0.10344397080007));
#2401=CARTESIAN_POINT('',(0.98222627901067,0.315687083981,0.10423306368745));
#2402=CARTESIAN_POINT('',(1.002713726713,0.31573201850405,0.10493041810727));
#2403=CARTESIAN_POINT('',(1.02332276681,0.3157712255213,0.10573749230026));
#2404=CARTESIAN_POINT('',(1.044052611839,0.31580114228903,0.10665761524897));
#2405=CARTESIAN_POINT('',(1.064902264109,0.3158194666036,0.10769599230829));
#2406=CARTESIAN_POINT('',(1.085870929805,0.3158191418606,0.10885118182096));
#2407=CARTESIAN_POINT('',(1.106958144751,0.31578864457455,0.11011551671631));
#2408=CARTESIAN_POINT('',(1.135231720673,0.31569339353355,0.11193828111099));
#2409=CARTESIAN_POINT('',(1.163740174841,0.31549339715834,0.1139522970286));
#2410=CARTESIAN_POINT('',(1.192480849087,0.31514109452007,0.11612772695428));
#2411=CARTESIAN_POINT('',(1.214151590699,0.31478795018926,0.11783214335955));
#2412=CARTESIAN_POINT('',(1.235936658706,0.31433344335474,0.11960091842644));
#2413=CARTESIAN_POINT('',(1.257834786134,0.3137637169404,0.12142643392368));
#2414=CARTESIAN_POINT('',(1.279844817851,0.3130665818345,0.12329789455912));
#2415=CARTESIAN_POINT('',(1.301964025372,0.3122216011294,0.12521624922737));
#2416=CARTESIAN_POINT('',(1.324188304697,0.31120310108152,0.1271897156071));
#2417=CARTESIAN_POINT('',(1.346513032263,0.30998605506774,0.12922441735088));
#2418=CARTESIAN_POINT('',(1.368932640975,0.30854420719427,0.13132756996862));
#2419=CARTESIAN_POINT('',(1.39144061417,0.30685068965258,0.13350609460309));
#2420=CARTESIAN_POINT('',(1.414029377118,0.30487823658745,0.13576707550693));
#2421=CARTESIAN_POINT('',(1.436690047775,0.30259837510346,0.13811785364394));
#2422=CARTESIAN_POINT('',(1.45941260973,0.29998347519696,0.14056528497976));
#2423=CARTESIAN_POINT('',(1.482185173623,0.29700289882952,0.14311734293979));
#2424=CARTESIAN_POINT('',(1.504995408945,0.2936327814305,0.14577895550327));
#2425=CARTESIAN_POINT('',(1.527837544967,0.28988597302561,0.14853918947093));
#2426=CARTESIAN_POINT('',(1.550705647576,0.28577100969237,0.15138894984724));
#2427=CARTESIAN_POINT('',(1.573594685625,0.28129899172324,0.15431799638762));
#2428=CARTESIAN_POINT('',(1.596499979486,0.27648023943399,0.15731640341813));
#2429=CARTESIAN_POINT('',(1.619417511833,0.27132607140108,0.16037375147697));
#2430=CARTESIAN_POINT('',(1.642343631459,0.26584757014952,0.16347972430227));
#2431=CARTESIAN_POINT('',(1.66527534983,0.26005660519769,0.16662351747829));
#2432=CARTESIAN_POINT('',(1.68820980116,0.25396441427022,0.16979474479726));
#2433=CARTESIAN_POINT('',(1.711145200289,0.24758419504354,0.17298180020533));
#2434=CARTESIAN_POINT('',(1.734072966212,0.24091045240448,0.17618560526397));
#2435=CARTESIAN_POINT('',(1.756983246824,0.23393560314406,0.1794085591078));
#2436=CARTESIAN_POINT('',(1.779866121411,0.22665307321529,0.18265248109146));
#2437=CARTESIAN_POINT('',(1.802711123337,0.21905607232349,0.18591939514939));
#2438=CARTESIAN_POINT('',(1.82550742146,0.21113817152891,0.18921128317234));
#2439=CARTESIAN_POINT('',(1.848243864095,0.20289323701607,0.19252990531515));
#2440=CARTESIAN_POINT('',(1.870908704346,0.19431518169255,0.19587749812459));
#2441=CARTESIAN_POINT('',(1.893490183447,0.18539881894444,0.19925538834314));
#2442=CARTESIAN_POINT('',(1.915975376944,0.17613807266995,0.2026667658611));
#2443=CARTESIAN_POINT('',(1.938354162966,0.16653216995141,0.20610760305546));
#2444=CARTESIAN_POINT('',(1.960618908771,0.15658458772856,0.20956859295796));
#2445=CARTESIAN_POINT('',(1.982761106749,0.14629741685777,0.21304174470492));
#2446=CARTESIAN_POINT('',(2.004772955233,0.13567432417624,0.21651879230503));
#2447=CARTESIAN_POINT('',(2.026645854638,0.12471718372835,0.21999044840572));
#2448=CARTESIAN_POINT('',(2.04837541355,0.11343901589681,0.22345595026634));
#2449=CARTESIAN_POINT('',(2.069958891457,0.10185577364148,0.22691711690762));
#2450=CARTESIAN_POINT('',(2.091393710704,0.089982430430695,0.23037486719631));
#2451=CARTESIAN_POINT('',(2.112678092074,0.077834475478401,0.23383068021515));
#2452=CARTESIAN_POINT('',(2.13381056994,0.065427138912401,0.23728583617165));
#2453=CARTESIAN_POINT('',(2.161783690029,0.048558474959878,0.24189382033144));
#2454=CARTESIAN_POINT('',(2.196366992907,0.026900167042622,0.24765950371253));
#2455=CARTESIAN_POINT('',(2.223626223833,0.009042318805899,0.25228647926636));
#2456=CARTESIAN_POINT('',(2.237155225346,0.,0.25460575948638));
#2457=CARTESIAN_POINT('',(1.66447298692816,0.25825275942529,0.165028743992263));
#2458=CARTESIAN_POINT('',(1.66447620073916,0.258251937958175,0.165029189555684));
#2459=CARTESIAN_POINT('',(1.6644794145502,0.258251116482165,0.165029635120041));
#2460=CARTESIAN_POINT('',(1.6644826283613,0.25825029499726,0.165030080685336));
#2461=CARTESIAN_POINT('',(1.66448262834938,0.25825029500278,0.16503008073038));
#2462=CARTESIAN_POINT('',(1.66447298697291,0.258252759602906,0.165028743997037));
#2463=CARTESIAN_POINT('',(1.6644826283613,0.25825029499726,0.165030080685336));
#2464=CARTESIAN_POINT('',(1.67911125502697,0.254511059668942,0.1670582049772));
#2465=CARTESIAN_POINT('',(1.69374164102199,0.250589532537445,0.169104400579763));
#2466=CARTESIAN_POINT('',(1.7083687644508,0.246493205588135,0.171160361731905));
#2467=CARTESIAN_POINT('',(1.7083687692569,0.246493235343167,0.171160386823308));
#2468=CARTESIAN_POINT('',(1.7083687644508,0.246493205588135,0.171160361731905));
#2469=CARTESIAN_POINT('',(1.72290268886973,0.242422979028125,0.173203223005272));
#2470=CARTESIAN_POINT('',(1.73743241259997,0.238177214611926,0.175257694996433));
#2471=CARTESIAN_POINT('',(1.75194662277073,0.23374764795391,0.177326226310093));
#2472=CARTESIAN_POINT('',(1.75194662462486,0.23374765827323,0.177326235398092));
#2473=CARTESIAN_POINT('',(1.75194662277073,0.23374764795391,0.177326226310093));
#2474=CARTESIAN_POINT('',(1.80895693844506,0.216348768476282,0.185451203266238));
#2475=CARTESIAN_POINT('',(1.86574117764801,0.196099729050223,0.193799743498051));
#2476=CARTESIAN_POINT('',(1.92150283837077,0.172606420824253,0.202479722712015));
#2477=CARTESIAN_POINT('',(1.92150284164088,0.172606433577426,0.202479736222108));
#2478=CARTESIAN_POINT('',(1.92150283837077,0.172606420824253,0.202479722712015));
#2479=CARTESIAN_POINT('',(1.9305583370614,0.168791189729606,0.203889320980572));
#2480=CARTESIAN_POINT('',(1.93958709235717,0.164891754683904,0.205306236049406));
#2481=CARTESIAN_POINT('',(1.94858677411645,0.160909045254114,0.206727764922435));
#2482=CARTESIAN_POINT('',(1.948586777952,0.16090905081277,0.2067277562134));
#2483=CARTESIAN_POINT('',(1.94858677411645,0.160909045254114,0.206727764922435));
#2484=CARTESIAN_POINT('',(1.9502223267685,0.160185249552833,0.206986105759417));
#2485=CARTESIAN_POINT('',(1.95185691793366,0.159458701495008,0.207244600903801));
#2486=CARTESIAN_POINT('',(1.953490532473,0.158729404814753,0.207503235890419));
#2487=CARTESIAN_POINT('',(1.95349053431837,0.15872940797731,0.207503233152328));
#2488=CARTESIAN_POINT('',(1.953490532473,0.158729404814753,0.207503235890419));
#2489=CARTESIAN_POINT('',(1.9601712987549,0.155746936994378,0.208560972836726));
#2490=CARTESIAN_POINT('',(1.96958285135397,0.151465715066828,0.210058336971485));
#2491=CARTESIAN_POINT('',(1.98092655461912,0.146188465281661,0.211872036098167));
#2492=CARTESIAN_POINT('',(1.98883529699802,0.142456346511662,0.213140234123967));
#2493=CARTESIAN_POINT('',(1.99492951454462,0.139542465678534,0.214119850444691));
#2494=CARTESIAN_POINT('',(1.99950865444364,0.137333493750213,0.214857015330459));
#2495=CARTESIAN_POINT('',(2.00279528447785,0.135738858141761,0.21538659225605));
#2496=CARTESIAN_POINT('',(2.00593455275667,0.134207317859224,0.215892841934414));
#2497=CARTESIAN_POINT('',(2.00842816846282,0.13298437767866,0.21629527057947));
#2498=CARTESIAN_POINT('',(2.01034966235539,0.132038554163055,0.216605531014135));
#2499=CARTESIAN_POINT('',(2.01152029992709,0.131460936045484,0.21679461719128));
#2500=CARTESIAN_POINT('',(2.01243804380736,0.13100731142738,0.216942892001881));
#2501=CARTESIAN_POINT('',(2.01311853984391,0.130670563875858,0.217052854300958));
#2502=CARTESIAN_POINT('',(2.01367379885352,0.130395482305904,0.217142593837371));
#2503=CARTESIAN_POINT('',(2.01406675396088,0.130200639981598,0.217206110107273));
#2504=CARTESIAN_POINT('',(2.01427725241726,0.130096227305862,0.217240136395481));
#2505=CARTESIAN_POINT('',(2.01447091527954,0.130000132838347,0.217271442798468));
#2506=CARTESIAN_POINT('',(2.01452502513188,0.129973276558446,0.217280190241073));
#2507=CARTESIAN_POINT('',(2.0146478533966,0.129912312648935,0.217300046846387));
#2508=CARTESIAN_POINT('',(2.01484409899229,0.129814884375016,0.21733177355591));
#2509=CARTESIAN_POINT('',(2.01514831962915,0.129663789362695,0.217380959750304));
#2510=CARTESIAN_POINT('',(2.01552731768768,0.129475436011637,0.217442242267059));
#2511=CARTESIAN_POINT('',(2.01605983012051,0.129210619095901,0.217528356427266));
#2512=CARTESIAN_POINT('',(2.01677245519546,0.128855878255839,0.217643615568378));
#2513=CARTESIAN_POINT('',(2.01801445870844,0.128236694935598,0.217844542805028));
#2514=CARTESIAN_POINT('',(2.01975692864955,0.127365990245575,0.218126535845674));
#2515=CARTESIAN_POINT('',(2.02215150146364,0.12616497522624,0.218514283642697));
#2516=CARTESIAN_POINT('',(2.02484895663882,0.12480635028248,0.218951357318784));
#2517=CARTESIAN_POINT('',(2.02884841950926,0.122782483963433,0.219599862424082));
#2518=CARTESIAN_POINT('',(2.0346010335651,0.119850008636753,0.220533688034654));
#2519=CARTESIAN_POINT('',(2.04270168223873,0.115670491800854,0.221851226776226));
#2520=CARTESIAN_POINT('',(2.05199057588177,0.110811714522495,0.223365588342128));
#2521=CARTESIAN_POINT('',(2.06245695192116,0.105252927595595,0.225076688158954));
#2522=CARTESIAN_POINT('',(2.07021130983475,0.101065328508737,0.226348509068526));
#2523=CARTESIAN_POINT('',(2.0742803637301,0.0988470931594588,0.227017187388819));
#2524=CARTESIAN_POINT('',(2.074280363752,0.098847093190509,0.22701718735859));
#2525=CARTESIAN_POINT('',(1.16532285761505,-1.57157221121633,0.216704571477061));
#2526=CARTESIAN_POINT('',(2.082934973122,0.094099126724381,0.22844126529215));
#2527=CARTESIAN_POINT('',(2.08293497142263,0.094099129006917,0.228441266400888));
#2528=CARTESIAN_POINT('',(2.08897411480489,0.0907652316913893,0.229436324657029));
#2529=CARTESIAN_POINT('',(2.09499526980596,0.0873978515492853,0.230431266994137));
#2530=CARTESIAN_POINT('',(2.10099827704814,0.0839985422610281,0.231426224768451));
#2531=CARTESIAN_POINT('',(2.100998275545,0.083998544297896,0.23142622575898));
#2532=CARTESIAN_POINT('',(2.10099827554553,0.0839985442976758,0.231426225759039));
#2533=CARTESIAN_POINT('',(2.11960497462019,0.0734621708966183,0.234510159896006));
#2534=CARTESIAN_POINT('',(2.1380370260791,0.0626190321174955,0.23759414239674));
#2535=CARTESIAN_POINT('',(2.15629224252789,0.0515149202602465,0.240682312227082));
#2536=CARTESIAN_POINT('',(2.156292242529,0.051514920259808,0.2406823122272));
#2537=CARTESIAN_POINT('',(2.15629224253464,0.0515149202508523,0.240682312222498));
#2538=CARTESIAN_POINT('',(2.18357354725874,0.034920504069167,0.245297393202309));
#2539=CARTESIAN_POINT('',(2.2104594569321,0.0177435894037528,0.249921758339763));
#2540=CARTESIAN_POINT('',(2.23695638875554,0.000132171486691921,0.254570870172144));
#2541=CARTESIAN_POINT('',(2.236956388755,0.000132171487063,0.25457087017206));
#2542=CARTESIAN_POINT('',(2.2370558070505,6.60857435315E-5,0.25458831482922));
#2543=CARTESIAN_POINT('',(-0.004413918939025,0.156163706968265,0.050546491067055));
#2544=CARTESIAN_POINT('',(-0.00882783787805,0.31232741393653,0.10109298213411));
#2545=CARTESIAN_POINT('',(0.418844928237955,0.31232741393653,0.10109298213411));
#2546=CARTESIAN_POINT('',(0.84651769435396,0.31232741393653,0.10109298213411));
#2547=CARTESIAN_POINT('',(0.846517758666362,0.312327366479692,0.101092966773456));
#2548=CARTESIAN_POINT('',(0.9038440315437,0.312327366479679,0.10109296677339));
#2549=CARTESIAN_POINT('',(0.962731754811218,0.312530237063223,0.102096406041702));
#2550=CARTESIAN_POINT('',(1.02315520276145,0.312635901458043,0.10453856480281));
#2551=CARTESIAN_POINT('',(1.023155140465,0.31263594896176,0.10453858061932));
#2552=CARTESIAN_POINT('',(1.02315514046616,0.312635948961763,0.104538580619345));
#2553=CARTESIAN_POINT('',(1.05823418151811,0.312697292798581,0.105956384459172));
#2554=CARTESIAN_POINT('',(1.09382586210154,0.312747811692078,0.107893863960799));
#2555=CARTESIAN_POINT('',(1.12991698873183,0.312592341850586,0.110266471680147));
#2556=CARTESIAN_POINT('',(1.129916988732,0.31259234185058,0.11026647168016));
#2557=CARTESIAN_POINT('',(1.12991698951264,0.312592341228955,0.110266471464052));
#2558=CARTESIAN_POINT('',(1.1335530800343,0.312576678032238,0.110505505742992));
#2559=CARTESIAN_POINT('',(1.13719424727475,0.312558781968982,0.110748772779239));
#2560=CARTESIAN_POINT('',(1.14084047757445,0.312538387259598,0.11099610827672));
#2561=CARTESIAN_POINT('',(1.140840476798,0.31253838788112,0.11099610849391));
#2562=CARTESIAN_POINT('',(1.14084047679782,0.312538387881121,0.110996108493902));
#2563=CARTESIAN_POINT('',(1.1640286948101,0.312408687634731,0.112569039705752));
#2564=CARTESIAN_POINT('',(1.18742184334902,0.312178505190958,0.114306930710732));
#2565=CARTESIAN_POINT('',(1.21101564694402,0.311776782594786,0.116165674050041));
#2566=CARTESIAN_POINT('',(1.211015646943,0.3117767825948,0.11616567404996));
#2567=CARTESIAN_POINT('',(1.211199257285,0.31177364882678,0.11618014280514));
#2568=CARTESIAN_POINT('',(1.211382867627,0.31177051505876,0.11619461156032));
#2569=CARTESIAN_POINT('',(1.21138287190118,0.31177051118487,0.116194610389435));
#2570=CARTESIAN_POINT('',(1.21185939690369,0.311762362231354,0.116232173332577));
#2571=CARTESIAN_POINT('',(1.21233600365949,0.311754143011847,0.116269785154024));
#2572=CARTESIAN_POINT('',(1.21281269212693,0.311745852934648,0.116307445454868));
#2573=CARTESIAN_POINT('',(1.21281272396013,0.31174585974616,0.116307446343698));
#2574=CARTESIAN_POINT('',(1.21281275629447,0.311745799626942,0.116307426157573));
#2575=CARTESIAN_POINT('',(1.2429041784616,0.311222480526883,0.118684769039929));
#2576=CARTESIAN_POINT('',(1.27332405637434,0.310428541313433,0.121240772923981));
#2577=CARTESIAN_POINT('',(1.30404811481679,0.309162137300207,0.123929053988422));
#2578=CARTESIAN_POINT('',(1.30404809325162,0.309162193401294,0.123929061634192));
#2579=CARTESIAN_POINT('',(1.3040480685446,0.309162177825444,0.123929069298796));
#2580=CARTESIAN_POINT('',(1.33413925608031,0.30792185977232,0.126561975736367));
#2581=CARTESIAN_POINT('',(1.36452123524952,0.306211666716278,0.12934763259761));
#2582=CARTESIAN_POINT('',(1.39512624077723,0.303734844631265,0.132364800538341));
#2583=CARTESIAN_POINT('',(1.39512624819101,0.303734863171917,0.132364808060927));
#2584=CARTESIAN_POINT('',(1.39512625358657,0.303734832766405,0.132364795875244));
#2585=CARTESIAN_POINT('',(1.42521665715267,0.301299656796135,0.135331232237378));
#2586=CARTESIAN_POINT('',(1.45552360001227,0.298120472516374,0.13852279508728));
#2587=CARTESIAN_POINT('',(1.48593082082698,0.29389647786586,0.142015429836965));
#2588=CARTESIAN_POINT('',(1.48593079812824,0.293896507429638,0.142015441184437));
#2589=CARTESIAN_POINT('',(1.48593077402671,0.293896523637148,0.142015448591166));
#2590=CARTESIAN_POINT('',(1.51578665223401,0.289749117858479,0.145444754859792));
#2591=CARTESIAN_POINT('',(1.54573511126402,0.28460710797813,0.149158476688481));
#2592=CARTESIAN_POINT('',(1.57572112035237,0.278575157811558,0.153057668823636));
#2593=CARTESIAN_POINT('',(1.57572112842864,0.278575143676811,0.153057660151861));
#2594=CARTESIAN_POINT('',(1.57572113699596,0.27857514072958,0.153057661493042));
#2595=CARTESIAN_POINT('',(1.57605702066205,0.278507574770837,0.153101337695066));
#2596=CARTESIAN_POINT('',(1.57639290923248,0.278439897168194,0.153145037148685));
#2597=CARTESIAN_POINT('',(1.57672880264356,0.278372108073583,0.153188759711751));
#2598=CARTESIAN_POINT('',(1.57672880223,0.27837210843315,0.15318875993477));
#2599=CARTESIAN_POINT('',(1.22172498637509,-1.29863070222336,0.435293242859281));
#2600=CARTESIAN_POINT('',(1.584862547236,0.27670905557558,0.15425183529422));
#2601=CARTESIAN_POINT('',(1.5848626318127,0.276708993689988,0.154251808964787));
#2602=CARTESIAN_POINT('',(1.61135513097567,0.271222450625162,0.157728181155368));
#2603=CARTESIAN_POINT('',(1.63787388091371,0.265050404872861,0.161341128167171));
#2604=CARTESIAN_POINT('',(1.66439542425514,0.258272539073882,0.165017957467064));
#2605=CARTESIAN_POINT('',(1.66439540090442,0.258272589848293,0.165017987258673));
#2606=CARTESIAN_POINT('',(1.66439537072498,0.258272596484676,0.165017983199198));
#2607=CARTESIAN_POINT('',(1.66442124292285,0.258265984565152,0.16502157000547));
#2608=CARTESIAN_POINT('',(1.66444711512407,0.258259372069089,0.165025156872537));
#2609=CARTESIAN_POINT('',(1.66447298732861,0.25825275899656,0.165028743800332));
#2610=CARTESIAN_POINT('',(0.000209443578519,0.35047899040519,-0.002398466800683));
#2611=CARTESIAN_POINT('',(-0.03490726329506,3.00315328161105E-14,0.39974446678048));
#2612=CARTESIAN_POINT('',(-0.03490726329506,-0.346323113047,0.39974446678048));
#2613=CARTESIAN_POINT('',(-0.008827837915673,0.319355021151875,0.10109298257383));
#2614=CARTESIAN_POINT('',(-0.008827837915673,-0.31935502115185,0.10109298257383));
#2615=CARTESIAN_POINT('',(-0.008827837953296,-0.3263826283672,0.10109298301355));
#2616=CARTESIAN_POINT('',(-0.021867550624178,-0.3363528707071,0.250418724897015));
#2617=CARTESIAN_POINT('',(-0.00882783787759722,-0.312242838150519,0.101092982128818));
#2618=CARTESIAN_POINT('',(-0.00882783790305181,-0.316997506023137,0.101092982426319));
#2619=CARTESIAN_POINT('',(-0.008827837953296,-0.321752173946315,0.101092982860243));
#2620=CARTESIAN_POINT('',(-0.008827837953296,-0.326506841767016,0.101092983017663));
#2621=CARTESIAN_POINT('',(0.185024411328592,-0.312242838150519,0.101092982128818));
#2622=CARTESIAN_POINT('',(0.184882278539484,-0.316997506023137,0.101092982426319));
#2623=CARTESIAN_POINT('',(0.184740145858624,-0.321752173946315,0.101092982860243));
#2624=CARTESIAN_POINT('',(0.184598012958365,-0.326506841767016,0.101092983017663));
#2625=CARTESIAN_POINT('',(0.378877259502374,-0.312242838150519,0.101092982128818));
#2626=CARTESIAN_POINT('',(0.378592710499236,-0.316997506023137,0.101092982426319));
#2627=CARTESIAN_POINT('',(0.378308161600472,-0.321752173946321,0.101092982860241));
#2628=CARTESIAN_POINT('',(0.37802361249016,-0.326506841767016,0.101092983017663));
#2629=CARTESIAN_POINT('',(0.620824772303818,-0.312242838150519,0.101092982128818));
#2630=CARTESIAN_POINT('',(0.620608371068912,-0.316997506023137,0.101092982426319));
#2631=CARTESIAN_POINT('',(0.62039196983924,-0.321752173946311,0.101092982860244));
#2632=CARTESIAN_POINT('',(0.62017556859896,-0.326506841767016,0.101092983017662));
#2633=CARTESIAN_POINT('',(0.693381445309032,-0.312242838150519,0.101092982128818));
#2634=CARTESIAN_POINT('',(0.693203924663585,-0.316997506023137,0.101092982426319));
#2635=CARTESIAN_POINT('',(0.693026403975831,-0.321752173946316,0.101092982860243));
#2636=CARTESIAN_POINT('',(0.692848883373826,-0.326506841767016,0.101092983017662));
#2637=CARTESIAN_POINT('',(0.777970564035763,-0.312242838150519,0.101092982128818));
#2638=CARTESIAN_POINT('',(0.777878870951347,-0.316997506023137,0.101092982426319));
#2639=CARTESIAN_POINT('',(0.777787177819071,-0.321752173946311,0.10109298286024));
#2640=CARTESIAN_POINT('',(0.777695484783799,-0.326506841767016,0.101092983017663));
#2641=CARTESIAN_POINT('',(0.814208816541487,-0.312242838150519,0.101092982128818));
#2642=CARTESIAN_POINT('',(0.81416346801949,-0.316997506023137,0.101092982426319));
#2643=CARTESIAN_POINT('',(0.814118119472688,-0.321752173946314,0.101092982860243));
#2644=CARTESIAN_POINT('',(0.814072770976161,-0.326506841767016,0.101092983017662));
#2645=CARTESIAN_POINT('',(0.838364346129589,-0.312242838150519,0.101092982128818));
#2646=CARTESIAN_POINT('',(0.838352116813474,-0.316997506023137,0.101092982426319));
#2647=CARTESIAN_POINT('',(0.838339887494776,-0.321752173946316,0.101092982860243));
#2648=CARTESIAN_POINT('',(0.838327658181313,-0.326506841767016,0.101092983017662));
#2649=CARTESIAN_POINT('',(0.850440289300405,-0.312240564727813,0.101079416231761));
#2650=CARTESIAN_POINT('',(0.850445842019674,-0.31699511310232,0.101079369113007));
#2651=CARTESIAN_POINT('',(0.850451394755564,-0.321749661529791,0.101079322141895));
#2652=CARTESIAN_POINT('',(0.850456947457767,-0.326504209849914,0.101079274871537));
#2653=CARTESIAN_POINT('',(0.910814452271079,-0.312275885496366,0.10127887944527));
#2654=CARTESIAN_POINT('',(0.910912980879635,-0.31703213586423,0.101279534574505));
#2655=CARTESIAN_POINT('',(0.911011509515526,-0.321788386253581,0.101280189603027));
#2656=CARTESIAN_POINT('',(0.911110038096015,-0.326544636599381,0.101280844835675));
#2657=CARTESIAN_POINT('',(0.959102392074415,-0.312423696513593,0.102171409084141));
#2658=CARTESIAN_POINT('',(0.95928197894987,-0.317187812031523,0.102175031204761));
#2659=CARTESIAN_POINT('',(0.959461565816095,-0.321951927640095,0.102178653283751));
#2660=CARTESIAN_POINT('',(0.959641152701028,-0.326716043064951,0.102182275447117));
#2661=CARTESIAN_POINT('',(1.03147728152102,-0.312569509908028,0.104810961234014));
#2662=CARTESIAN_POINT('',(1.03178566992187,-0.317365826483204,0.104823895295262));
#2663=CARTESIAN_POINT('',(1.03209405826711,-0.322162143019453,0.104836829399912));
#2664=CARTESIAN_POINT('',(1.03240244672508,-0.3269584596346,0.104849763416594));
#2665=CARTESIAN_POINT('',(1.05559217011761,-0.312608253466596,0.105911359160653));
#2666=CARTESIAN_POINT('',(1.05594480270038,-0.317419212959358,0.105928393913714));
#2667=CARTESIAN_POINT('',(1.05629743528001,-0.32223017255482,0.1059454285834));
#2668=CARTESIAN_POINT('',(1.056650067866,-0.327041131942127,0.105962463422071));
#2669=CARTESIAN_POINT('',(1.10379409687847,-0.312602652440242,0.108550929252241));
#2670=CARTESIAN_POINT('',(1.10423772733653,-0.317448841898968,0.108577574192954));
#2671=CARTESIAN_POINT('',(1.10468135779946,-0.322295031235987,0.108604219032075));
#2672=CARTESIAN_POINT('',(1.10512498825252,-0.327141220819685,0.108630864077106));
#2673=CARTESIAN_POINT('',(1.12788157121795,-0.312551203428227,0.110079731169221));
#2674=CARTESIAN_POINT('',(1.12837198142358,-0.317417016523621,0.110111783220967));
#2675=CARTESIAN_POINT('',(1.12886239165479,-0.322282829537772,0.110143835338557));
#2676=CARTESIAN_POINT('',(1.12935280183416,-0.327148642716588,0.110175887322691));
#2677=CARTESIAN_POINT('',(1.20010375902605,-0.312041772001997,0.115124769046765));
#2678=CARTESIAN_POINT('',(1.20073828374889,-0.316955686404683,0.115173928995165));
#2679=CARTESIAN_POINT('',(1.20137280851133,-0.321869600893785,0.115223088876301));
#2680=CARTESIAN_POINT('',(1.20200733319351,-0.326783515207737,0.115272248893769));
#2681=CARTESIAN_POINT('',(1.24820274591871,-0.311241705153601,0.119080163629841));
#2682=CARTESIAN_POINT('',(1.24893890813278,-0.316171370616176,0.119140668829182));
#2683=CARTESIAN_POINT('',(1.24967507021003,-0.321101036155549,0.119201174122097));
#2684=CARTESIAN_POINT('',(1.25041123256459,-0.326030701539267,0.119261679225353));
#2685=CARTESIAN_POINT('',(1.34427636430951,-0.307530930123499,0.127417185936381));
#2686=CARTESIAN_POINT('',(1.34521936843436,-0.31238166126448,0.127502180736555));
#2687=CARTESIAN_POINT('',(1.34616237266964,-0.317232392310894,0.127587175486067));
#2688=CARTESIAN_POINT('',(1.34710537668111,-0.32208312354898,0.127672170338262));
#2689=CARTESIAN_POINT('',(1.39225519041454,-0.304561794626985,0.131890782577432));
#2690=CARTESIAN_POINT('',(1.39330254758242,-0.309327794699579,0.131991059890207));
#2691=CARTESIAN_POINT('',(1.39434990479552,-0.3140937949603,0.132091337507482));
#2692=CARTESIAN_POINT('',(1.39539726191696,-0.318859794839721,0.132191614507589));
#2693=CARTESIAN_POINT('',(1.46380916784939,-0.296893837498108,0.139471752045964));
#2694=CARTESIAN_POINT('',(1.465010752837,-0.301526976658554,0.13960408471662));
#2695=CARTESIAN_POINT('',(1.46621233775048,-0.306160115738347,0.139736417279432));
#2696=CARTESIAN_POINT('',(1.46741392281421,-0.310793254981608,0.139868750060823));
#2697=CARTESIAN_POINT('',(1.48758376967483,-0.293781710011469,0.142152366338003));
#2698=CARTESIAN_POINT('',(1.48883635284892,-0.298369715051292,0.142297375101751));
#2699=CARTESIAN_POINT('',(1.49008893596641,-0.302957720058148,0.142442383838951));
#2700=CARTESIAN_POINT('',(1.49134151919863,-0.307545725131821,0.14258739262996));
#2701=CARTESIAN_POINT('',(1.53490461082733,-0.286343704702078,0.147820490676526));
#2702=CARTESIAN_POINT('',(1.53626112040322,-0.290853987349686,0.147990373597936));
#2703=CARTESIAN_POINT('',(1.53761762987639,-0.295364270035677,0.148160256550926));
#2704=CARTESIAN_POINT('',(1.53897413955774,-0.299874552643873,0.14833013943991));
#2705=CARTESIAN_POINT('',(1.55845489901254,-0.282045705230494,0.150795991140047));
#2706=CARTESIAN_POINT('',(1.55986424442502,-0.286521832080774,0.150978201186958));
#2707=CARTESIAN_POINT('',(1.56127358980617,-0.290997958889705,0.151160411244553));
#2708=CARTESIAN_POINT('',(1.56268293525083,-0.295474085782444,0.151342621280492));
#2709=CARTESIAN_POINT('',(1.60531856618069,-0.27243045520393,0.156927738956688));
#2710=CARTESIAN_POINT('',(1.60683555155497,-0.276843464242225,0.157133156246382));
#2711=CARTESIAN_POINT('',(1.60835253697045,-0.281256473210239,0.157338573468164));
#2712=CARTESIAN_POINT('',(1.60986952230243,-0.2856694823207,0.157543990827593));
#2713=CARTESIAN_POINT('',(1.62863213380161,-0.267113413243023,0.160083940276196));
#2714=CARTESIAN_POINT('',(1.63020391486406,-0.271497416654636,0.160300257936441));
#2715=CARTESIAN_POINT('',(1.63177569598296,-0.275881420120156,0.160516575522162));
#2716=CARTESIAN_POINT('',(1.63334747698746,-0.280265423476416,0.160732893258932));
#2717=CARTESIAN_POINT('',(1.67502480485112,-0.255594611929906,0.166477526119694));
#2718=CARTESIAN_POINT('',(1.67670745733162,-0.259920716027576,0.166713092262675));
#2719=CARTESIAN_POINT('',(1.67839010979457,-0.264246820128114,0.166948658442469));
#2720=CARTESIAN_POINT('',(1.68007276229309,-0.268572924222838,0.167184224547649));
#2721=CARTESIAN_POINT('',(1.69810712297518,-0.249400848867596,0.169709573363143));
#2722=CARTESIAN_POINT('',(1.69984615297803,-0.25369874193673,0.169952804155297));
#2723=CARTESIAN_POINT('',(1.70158518302715,-0.2579966350135,0.170196034958907));
#2724=CARTESIAN_POINT('',(1.7033242129825,-0.262294528074793,0.170439265739298));
#2725=CARTESIAN_POINT('',(1.76700093077432,-0.229614601263088,0.179428159551156));
#2726=CARTESIAN_POINT('',(1.76890568046345,-0.233812571225964,0.179695590246154));
#2727=CARTESIAN_POINT('',(1.77081043014141,-0.238010541091234,0.179963020787678));
#2728=CARTESIAN_POINT('',(1.77271517984201,-0.242208511154333,0.180230451640267));
#2729=CARTESIAN_POINT('',(1.81244482549729,-0.214761936545088,0.185973554699024));
#2730=CARTESIAN_POINT('',(1.81445587515118,-0.218873983973301,0.186258334626406));
#2731=CARTESIAN_POINT('',(1.81646692486338,-0.222986031623262,0.186543114592316));
#2732=CARTESIAN_POINT('',(1.8184779744574,-0.22709807882378,0.186827894480135));
#2733=CARTESIAN_POINT('',(1.87954393244283,-0.18970472860241,0.196012282084952));
#2734=CARTESIAN_POINT('',(1.88169508156944,-0.193645551149564,0.196335244101458));
#2735=CARTESIAN_POINT('',(1.88384623064673,-0.197586373579754,0.196658206067948));
#2736=CARTESIAN_POINT('',(1.88599737982399,-0.201527196247009,0.196981168135812));
#2737=CARTESIAN_POINT('',(1.90173051011697,-0.18088778630995,0.199397682783476));
#2738=CARTESIAN_POINT('',(1.90392406956316,-0.184762693193221,0.199736608302938));
#2739=CARTESIAN_POINT('',(1.90611762902032,-0.188637600011292,0.200075533787938));
#2740=CARTESIAN_POINT('',(1.90831118845524,-0.192512506961512,0.200414459342785));
#2741=CARTESIAN_POINT('',(1.94568466979619,-0.162294332976246,0.206248448117714));
#2742=CARTESIAN_POINT('',(1.9479610994635,-0.166035831283339,0.206617776142023));
#2743=CARTESIAN_POINT('',(1.95023752913907,-0.16977732961781,0.206987104285676));
#2744=CARTESIAN_POINT('',(1.95251395879791,-0.173518827896791,0.207356432187438));
#2745=CARTESIAN_POINT('',(1.96745474422836,-0.152522272109627,0.209707604303263));
#2746=CARTESIAN_POINT('',(1.96977320102545,-0.15619960013236,0.210090245834665));
#2747=CARTESIAN_POINT('',(1.97209165772585,-0.15987692829519,0.210472887435042));
#2748=CARTESIAN_POINT('',(1.97441011462223,-0.163554256174068,0.210855528895618));
#2749=CARTESIAN_POINT('',(2.01055086816021,-0.132046357650612,0.216627368392189));
#2750=CARTESIAN_POINT('',(2.01296893746996,-0.135623112092486,0.217017712386867));
#2751=CARTESIAN_POINT('',(2.01538700670773,-0.139199866382629,0.217408056222892));
#2752=CARTESIAN_POINT('',(2.01780507609139,-0.142776620980304,0.217798400380479));
#2753=CARTESIAN_POINT('',(2.03187367046457,-0.121334581206283,0.220081714936839));
#2754=CARTESIAN_POINT('',(2.03435418117382,-0.124881834283768,0.220461508241134));
#2755=CARTESIAN_POINT('',(2.03683469186906,-0.128429087240944,0.220841301370983));
#2756=CARTESIAN_POINT('',(2.03931520259269,-0.131976340441965,0.221221094854403));
#2757=CARTESIAN_POINT('',(2.07406905993256,-0.0990561078747723,0.226972652530754));
#2758=CARTESIAN_POINT('',(2.07664460152799,-0.102494469443485,0.227355426788986));
#2759=CARTESIAN_POINT('',(2.07922014315479,-0.105932831090888,0.227738201126449));
#2760=CARTESIAN_POINT('',(2.08179568471802,-0.109371192578798,0.228120975303327));
#2761=CARTESIAN_POINT('',(2.09494294988959,-0.0874928818120009,0.230411896569774));
#2762=CARTESIAN_POINT('',(2.09754775232652,-0.0908476082591809,0.230811481869238));
#2763=CARTESIAN_POINT('',(2.10015255474583,-0.09420233472933,0.231211067351356));
#2764=CARTESIAN_POINT('',(2.10275735720085,-0.0975570611529248,0.231610652463266));
#2765=CARTESIAN_POINT('',(2.13626300197181,-0.0636294184576602,0.237293400834432));
#2766=CARTESIAN_POINT('',(2.13886880017494,-0.0667453539647769,0.237792302468215));
#2767=CARTESIAN_POINT('',(2.14147459837314,-0.0698612894253872,0.238291203860925));
#2768=CARTESIAN_POINT('',(2.14408039658133,-0.0729772249802579,0.238790105742246));
#2769=CARTESIAN_POINT('',(2.15670894183885,-0.0513288665976468,0.240735765246575));
#2770=CARTESIAN_POINT('',(2.15929858209771,-0.0543079770257852,0.241308482791232));
#2771=CARTESIAN_POINT('',(2.16188822205689,-0.0572870871211288,0.241881200598316));
#2772=CARTESIAN_POINT('',(2.16447786262348,-0.0602661978909893,0.242453917873506));
#2773=CARTESIAN_POINT('',(2.18707767887516,-0.032402758586969,0.245917030381243));
#2774=CARTESIAN_POINT('',(2.18964785476188,-0.0351668948005633,0.246515618605487));
#2775=CARTESIAN_POINT('',(2.19221803078783,-0.0379310311322711,0.247114206812556));
#2776=CARTESIAN_POINT('',(2.19478820653159,-0.0406951672245833,0.247712795054437));
#2777=CARTESIAN_POINT('',(2.19715058589133,-0.0260146891111662,0.247647069263192));
#2778=CARTESIAN_POINT('',(2.19971843433432,-0.0287102139854346,0.248241077934764));
#2779=CARTESIAN_POINT('',(2.20228628321799,-0.0314057388341945,0.24883508611361));
#2780=CARTESIAN_POINT('',(2.20485413120848,-0.0341012637346556,0.249429095291123));
#2781=CARTESIAN_POINT('',(2.2096821794343,-0.0179388283221519,0.2498152910233));
#2782=CARTESIAN_POINT('',(2.21223262423349,-0.0205173980004838,0.250356429980102));
#2783=CARTESIAN_POINT('',(2.21478306896001,-0.0230959677791848,0.250897568980672));
#2784=CARTESIAN_POINT('',(2.21733351383381,-0.0256745373544553,0.251438707892531));
#2785=CARTESIAN_POINT('',(2.21218558387562,-0.0163192310745997,0.250249227135207));
#2786=CARTESIAN_POINT('',(2.21472840629274,-0.0188663494285278,0.250777006765668));
#2787=CARTESIAN_POINT('',(2.21727122876621,-0.0214134678234872,0.251304786470959));
#2788=CARTESIAN_POINT('',(2.21981405112547,-0.0239605861352831,0.251832566024581));
#2789=CARTESIAN_POINT('',(2.21718773791211,-0.0130727927308179,0.25111785621501));
#2790=CARTESIAN_POINT('',(2.21964504694376,-0.0154612312547334,0.251605706013765));
#2791=CARTESIAN_POINT('',(2.22210235600963,-0.0178496698634612,0.25209355585408));
#2792=CARTESIAN_POINT('',(2.22455966500614,-0.0202381083002895,0.252581405610161));
#2793=CARTESIAN_POINT('',(2.21968649584839,-0.0114459852511873,0.25155255021177));
#2794=CARTESIAN_POINT('',(2.22206544493845,-0.0137053055986761,0.252013771647207));
#2795=CARTESIAN_POINT('',(2.22444439394621,-0.0159646260705019,0.252474993050638));
#2796=CARTESIAN_POINT('',(2.22682334312078,-0.0182239462903181,0.25293621451894));
#2797=CARTESIAN_POINT('',(2.22468110589104,-0.00818640482466922,0.252422948238252));
#2798=CARTESIAN_POINT('',(2.22673873744931,-0.0100304928575785,0.252805571954759));
#2799=CARTESIAN_POINT('',(2.22879636907261,-0.0118745809443165,0.253188195610316));
#2800=CARTESIAN_POINT('',(2.2308540005641,-0.013718668921953,0.253570819389408));
#2801=CARTESIAN_POINT('',(2.22717702183103,-0.00655365720188853,0.252858661073426));
#2802=CARTESIAN_POINT('',(2.22898810712368,-0.00811020718539172,0.253188820433508));
#2803=CARTESIAN_POINT('',(2.23079919242102,-0.00966675716281755,0.253518979737948));
#2804=CARTESIAN_POINT('',(2.23261027770885,-0.0112233071525611,0.253849139155165));
#2805=CARTESIAN_POINT('',(2.232167353825,-0.00328190008095162,0.253731306021535));
#2806=CARTESIAN_POINT('',(2.23324570635353,-0.00413369028802967,0.253921536636265));
#2807=CARTESIAN_POINT('',(2.23432405888194,-0.00498548043044613,0.254111767316028));
#2808=CARTESIAN_POINT('',(2.23540241141058,-0.00583727070392034,0.25430199786398));
#2809=CARTESIAN_POINT('',(2.23466176844194,-0.00164282782109701,0.254168237946847));
#2810=CARTESIAN_POINT('',(2.23525401541095,-0.00208092420257799,0.254271014311853));
#2811=CARTESIAN_POINT('',(2.2358462623941,-0.00251902038072872,0.254373790489935));
#2812=CARTESIAN_POINT('',(2.23643850934859,-0.00295711697099434,0.254476567046879));
#2813=CARTESIAN_POINT('',(2.237155225346,0.,0.25460575948638));
#2814=CARTESIAN_POINT('',(2.237155225346,0.,0.25460575948638));
#2815=CARTESIAN_POINT('',(2.237155225346,0.,0.25460575948638));
#2816=CARTESIAN_POINT('',(2.237155225346,0.,0.25460575948638));
#2817=CARTESIAN_POINT('',(2.237155225346,0.,0.25460575948638));
#2818=CARTESIAN_POINT('',(2.23709715663911,-0.000233985736847794,0.254595299982595));
#2819=CARTESIAN_POINT('',(2.23703745440747,-0.000467712015895752,0.254584618033034));
#2820=CARTESIAN_POINT('',(2.2369760678471,-0.000701125165501476,0.254573706136257));
#2821=CARTESIAN_POINT('',(2.23697497230441,-0.000700825676877654,0.254573514056259));
#2822=CARTESIAN_POINT('',(2.23697474966626,-0.000700766216255919,0.254573476319288));
#2823=CARTESIAN_POINT('',(2.23691256822647,-0.000934035735524266,0.254562425707329));
#2824=CARTESIAN_POINT('',(2.23684840182167,-0.00116676579143098,0.254551092765593));
#2825=CARTESIAN_POINT('',(2.23678221248899,-0.00139890581322938,0.254539471849129));
#2826=CARTESIAN_POINT('',(2.23678221258715,-0.00139890584680124,0.254539471960519));
#2827=CARTESIAN_POINT('',(2.23678221248899,-0.00139890581322993,0.254539471849129));
#2828=CARTESIAN_POINT('',(2.23665050986123,-0.00186071534551823,0.254516348736645));
#2829=CARTESIAN_POINT('',(2.23651077823004,-0.00232017228145141,0.254492081909631));
#2830=CARTESIAN_POINT('',(2.236362720736,-0.00277687896826497,0.254466627217622));
#2831=CARTESIAN_POINT('',(2.23636272067886,-0.00277687894623545,0.254466627154637));
#2832=CARTESIAN_POINT('',(2.236362720736,-0.00277687896826597,0.254466627217622));
#2833=CARTESIAN_POINT('',(2.23606806880088,-0.00368576849946513,0.25441596935865));
#2834=CARTESIAN_POINT('',(2.23574044329679,-0.00458376206102576,0.254360606987496));
#2835=CARTESIAN_POINT('',(2.235378382201,-0.00546735253671151,0.254300310876777));
#2836=CARTESIAN_POINT('',(2.23537838212057,-0.00546735249703993,0.254300310778386));
#2837=CARTESIAN_POINT('',(2.235378382201,-0.00546735253671212,0.254300310876777));
#2838=CARTESIAN_POINT('',(2.23465404019253,-0.00723506268269782,0.254179682023838));
#2839=CARTESIAN_POINT('',(2.23379026414048,-0.00894458138189577,0.254039085603595));
#2840=CARTESIAN_POINT('',(2.23279223506602,-0.0105700939503308,0.253879000573512));
#2841=CARTESIAN_POINT('',(2.23279223538266,-0.0105700941896248,0.253879001029487));
#2842=CARTESIAN_POINT('',(2.23279223506602,-0.0105700939503309,0.253879000573512));
#2843=CARTESIAN_POINT('',(2.23178622176183,-0.0122086211466175,0.253717634956767));
#2844=CARTESIAN_POINT('',(2.23064418094319,-0.0137608793090483,0.253536521549708));
#2845=CARTESIAN_POINT('',(2.229394942634,-0.0152180444365292,0.253339367755424));
#2846=CARTESIAN_POINT('',(2.22939494281059,-0.015218044632499,0.253339368084975));
#2847=CARTESIAN_POINT('',(2.229394942634,-0.0152180444365293,0.253339367755424));
#2848=CARTESIAN_POINT('',(2.22815453821146,-0.0166649158746694,0.253143608275807));
#2849=CARTESIAN_POINT('',(2.22680939597825,-0.0180184909894739,0.252932165623671));
#2850=CARTESIAN_POINT('',(2.225396266092,-0.019292832890369,0.252709801718607));
#2851=CARTESIAN_POINT('',(2.22539626553439,-0.0192928320242032,0.252709800298435));
#2852=CARTESIAN_POINT('',(2.225396266092,-0.019292832890369,0.252709801718607));
#2853=CARTESIAN_POINT('',(2.2225528677293,-0.0218569443176578,0.252262376468402));
#2854=CARTESIAN_POINT('',(2.21944400188472,-0.02410125784172,0.25177207520991));
#2855=CARTESIAN_POINT('',(2.21629030788402,-0.0262598843848228,0.251266551433927));
#2856=CARTESIAN_POINT('',(2.21629030798079,-0.0262598846151654,0.25126655181393));
#2857=CARTESIAN_POINT('',(2.21629030788402,-0.0262598843848226,0.251266551433927));
#2858=CARTESIAN_POINT('',(2.21313631711846,-0.0284187333947805,0.250760980694715));
#2859=CARTESIAN_POINT('',(2.20995072322957,-0.0305272836275584,0.250241176773116));
#2860=CARTESIAN_POINT('',(2.20676981391701,-0.032640831048693,0.24971382733019));
#2861=CARTESIAN_POINT('',(2.20676981357024,-0.0326408301801526,0.249713825940822));
#2862=CARTESIAN_POINT('',(2.20676981391701,-0.0326408310486929,0.24971382733019));
#2863=CARTESIAN_POINT('',(2.19404550141862,-0.0410954151938443,0.247604315715361));
#2864=CARTESIAN_POINT('',(2.18123568374468,-0.0493884164724038,0.245366551547199));
#2865=CARTESIAN_POINT('',(2.16834453461798,-0.0575437581907879,0.243098692642087));
#2866=CARTESIAN_POINT('',(2.16834453409991,-0.0575437568327373,0.243098690703322));
#2867=CARTESIAN_POINT('',(2.16834453461798,-0.0575437581907879,0.243098692642087));
#2868=CARTESIAN_POINT('',(2.15545372271268,-0.0656989104474527,0.24083089363508));
#2869=CARTESIAN_POINT('',(2.14248114138568,-0.0737151305766893,0.238527450540835));
#2870=CARTESIAN_POINT('',(2.129405206548,-0.08156502563152,0.236243328212487));
#2871=CARTESIAN_POINT('',(2.12940520212723,-0.0815650135728279,0.236243312077914));
#2872=CARTESIAN_POINT('',(2.129405206548,-0.0815650256315201,0.236243328212487));
#2873=CARTESIAN_POINT('',(2.11633140317314,-0.0894136017416784,0.233959578133474));
#2874=CARTESIAN_POINT('',(2.10314535601197,-0.0970841909922811,0.231706065082263));
#2875=CARTESIAN_POINT('',(2.08983762659098,-0.104548308773601,0.229486826524698));
#2876=CARTESIAN_POINT('',(2.08983762553039,-0.10454830568446,0.229486822494629));
#2877=CARTESIAN_POINT('',(2.08983762659098,-0.104548308773601,0.229486826524698));
#2878=CARTESIAN_POINT('',(2.07653425724308,-0.11201000090751,0.227268314918239));
#2879=CARTESIAN_POINT('',(2.06311230617879,-0.119268403290295,0.225078660445431));
#2880=CARTESIAN_POINT('',(2.049585989943,-0.1263285600855,0.222896164432528));
#2881=CARTESIAN_POINT('',(2.04958598929253,-0.126328558017148,0.22289616177298));
#2882=CARTESIAN_POINT('',(2.049585989943,-0.126328560085499,0.222896164432528));
#2883=CARTESIAN_POINT('',(2.03605781200038,-0.133389703223212,0.220713367962358));
#2884=CARTESIAN_POINT('',(2.0224256466228,-0.140252829837342,0.218537244135942));
#2885=CARTESIAN_POINT('',(2.00871383539999,-0.146946205110799,0.216343792538505));
#2886=CARTESIAN_POINT('',(2.00871383282381,-0.146946196025322,0.216343780918317));
#2887=CARTESIAN_POINT('',(2.00871383539999,-0.1469462051108,0.216343792538505));
#2888=CARTESIAN_POINT('',(1.98141219828827,-0.160273362509376,0.211976403060115));
#2889=CARTESIAN_POINT('',(1.95379455951853,-0.172933710997942,0.207547434023442));
#2890=CARTESIAN_POINT('',(1.925849098584,-0.1848439827935,0.203169573719661));
#2891=CARTESIAN_POINT('',(1.92584909902084,-0.184843984767974,0.203169576302887));
#2892=CARTESIAN_POINT('',(1.925849098584,-0.1848439827935,0.203169573719661));
#2893=CARTESIAN_POINT('',(1.89808987690317,-0.196674893860483,0.198820889159885));
#2894=CARTESIAN_POINT('',(1.84189394376999,-0.218791364431543,0.190264382823449));
#2895=CARTESIAN_POINT('',(1.78457427672268,-0.237896966894753,0.181964983864552));
#2896=CARTESIAN_POINT('',(1.75569954051002,-0.2467567504306,0.177849688875517));
#2897=CARTESIAN_POINT('',(1.75569954128826,-0.246756759401784,0.17784970272904));
#2898=CARTESIAN_POINT('',(1.75569954051002,-0.2467567504306,0.177849688875517));
#2899=CARTESIAN_POINT('',(1.72682555525559,-0.255616309035416,0.173734500910343));
#2900=CARTESIAN_POINT('',(1.66865804967048,-0.271977460145875,0.165552758343086));
#2901=CARTESIAN_POINT('',(1.60978821136592,-0.285664879615554,0.157512737218886));
#2902=CARTESIAN_POINT('',(1.58016906251701,-0.2917049100716,0.153642991411498));
#2903=CARTESIAN_POINT('',(1.58016906225351,-0.291704914809135,0.15364300082276));
#2904=CARTESIAN_POINT('',(1.58016906251701,-0.2917049100716,0.153642991411498));
#2905=CARTESIAN_POINT('',(1.55034964811133,-0.29778574181229,0.149747080870497));
#2906=CARTESIAN_POINT('',(1.52034577339171,-0.303058041408444,0.145998769924681));
#2907=CARTESIAN_POINT('',(1.49017753757,-0.3073928550262,0.142505639807904));
#2908=CARTESIAN_POINT('',(1.49017753598912,-0.307392865989473,0.142505667066559));
#2909=CARTESIAN_POINT('',(1.49017753757,-0.3073928550262,0.142505639807904));
#2910=CARTESIAN_POINT('',(1.47500675373715,-0.309572753095349,0.140749039842934));
#2911=CARTESIAN_POINT('',(1.4597940468206,-0.311510031088849,0.139059771621624));
#2912=CARTESIAN_POINT('',(1.44455084657,-0.3132281175436,0.137431639330803));
#2913=CARTESIAN_POINT('',(1.44455084555413,-0.313228122847738,0.137431654438835));
#2914=CARTESIAN_POINT('',(1.44455084657,-0.3132281175436,0.137431639330803));
#2915=CARTESIAN_POINT('',(1.4293296521422,-0.314943719835235,0.135805857491441));
#2916=CARTESIAN_POINT('',(1.41407831610072,-0.316442115229002,0.134240358591861));
#2917=CARTESIAN_POINT('',(1.398806491975,-0.3177519799418,0.132726275137303));
#2918=CARTESIAN_POINT('',(1.398806491243,-0.317751983055533,0.132726285214293));
#2919=CARTESIAN_POINT('',(1.398806491975,-0.3177519799418,0.132726275137303));
#2920=CARTESIAN_POINT('',(1.36831896710777,-0.320366869876442,0.129703672434022));
#2921=CARTESIAN_POINT('',(1.30718375508061,-0.3240898144046,0.124082203247482));
#2922=CARTESIAN_POINT('',(1.24593391447013,-0.325744694840507,0.118934177239302));
#2923=CARTESIAN_POINT('',(1.21529601343,-0.3262555625921,0.116504433248337));
#2924=CARTESIAN_POINT('',(1.21529601423414,-0.326255560437312,0.116504422655378));
#2925=CARTESIAN_POINT('',(1.21529601343,-0.3262555625921,0.116504433248337));
#2926=CARTESIAN_POINT('',(1.18461661520716,-0.326767112677224,0.114071398316063));
#2927=CARTESIAN_POINT('',(1.12322704552949,-0.327133290008965,0.109537030880766));
#2928=CARTESIAN_POINT('',(1.0310453439651,-0.326830048589686,0.10449398731546));
#2929=CARTESIAN_POINT('',(0.938789206687519,-0.326510073887627,0.101676958840456));
#2930=CARTESIAN_POINT('',(0.87726983317397,-0.326382630398336,0.101092983013543));
#2931=CARTESIAN_POINT('',(0.84651769435866,-0.3263826283672,0.10109298301355));
#2932=CARTESIAN_POINT('',(0.84651769435866,-0.3263826283672,0.10109298301355));
#2933=CARTESIAN_POINT('',(0.418844928202382,-0.3263826283672,0.10109298301355));
#2934=CARTESIAN_POINT('',(-0.00882783787805,0.31232741393653,0.10109298213411));
#2935=CARTESIAN_POINT('',(0.062528244405834,0.31232741393653,0.10109298213411));
#2936=CARTESIAN_POINT('',(0.20524066014951,0.31232741393653,0.10109298213411));
#2937=CARTESIAN_POINT('',(0.4192222687933,0.31232741393653,0.10109298213411));
#2938=CARTESIAN_POINT('',(0.63302945095655,0.31232741393653,0.10109298213411));
#2939=CARTESIAN_POINT('',(0.77539362746917,0.31232741393653,0.10109298213411));
#2940=CARTESIAN_POINT('',(0.86177961294819,0.31232741393653,0.10109298213411));
#2941=CARTESIAN_POINT('',(0.88466945873544,0.3123479607551,0.10119999677533));
#2942=CARTESIAN_POINT('',(0.91518529004865,0.31240078965761,0.10157051447095));
#2943=CARTESIAN_POINT('',(0.9380691148283,0.31244910946606,0.10196557563973));
#2944=CARTESIAN_POINT('',(0.96094929471438,0.312502108956,0.1024810668317));
#2945=CARTESIAN_POINT('',(0.98382507426041,0.31255576758225,0.10312011675746));
#2946=CARTESIAN_POINT('',(1.006695771869,0.31260591613228,0.10388558854678));
#2947=CARTESIAN_POINT('',(1.029560557723,0.31264869939991,0.10478064694838));
#2948=CARTESIAN_POINT('',(1.052418652423,0.31267960320257,0.10580738083402));
#2949=CARTESIAN_POINT('',(1.075269085245,0.31269562687487,0.10696987015564));
#2950=CARTESIAN_POINT('',(1.098111496864,0.3126855425165,0.10826026430814));
#2951=CARTESIAN_POINT('',(1.120945850289,0.31263544579216,0.10966696428255));
#2952=CARTESIAN_POINT('',(1.143772133222,0.31253249804298,0.11117977706996));
#2953=CARTESIAN_POINT('',(1.166590409691,0.31236331504353,0.11278797454));
#2954=CARTESIAN_POINT('',(1.189400763502,0.31211493410597,0.11448101506426));
#2955=CARTESIAN_POINT('',(1.212203222661,0.31177399677194,0.11624861183496));
#2956=CARTESIAN_POINT('',(1.234997833425,0.3113277355747,0.11807982391188));
#2957=CARTESIAN_POINT('',(1.257784391022,0.31076237445929,0.11996517618486));
#2958=CARTESIAN_POINT('',(1.280562886793,0.31006619134249,0.12189210144971));
#2959=CARTESIAN_POINT('',(1.303332061074,0.30922084457492,0.12385824406874));
#2960=CARTESIAN_POINT('',(1.326088991314,0.30820073330759,0.12587245768116));
#2961=CARTESIAN_POINT('',(1.348830457133,0.30698210805861,0.12794051682621));
#2962=CARTESIAN_POINT('',(1.371552424776,0.30554040832103,0.13006944955248));
#2963=CARTESIAN_POINT('',(1.394250116967,0.30385124995514,0.13226569342949));
#2964=CARTESIAN_POINT('',(1.416917907125,0.30189037215415,0.13453578979575));
#2965=CARTESIAN_POINT('',(1.439549142768,0.29963307357407,0.13688628864777));
#2966=CARTESIAN_POINT('',(1.458371777318,0.29748539500504,0.13891706854091));
#2967=CARTESIAN_POINT('',(1.473403364759,0.29559455108021,0.14058831615375));
#2968=CARTESIAN_POINT('',(1.488415734757,0.29358534071657,0.14229134122724));
#2969=CARTESIAN_POINT('',(1.507142282071,0.29084582998176,0.14448100840952));
#2970=CARTESIAN_POINT('',(1.529549250181,0.28720991359364,0.1471948672315));
#2971=CARTESIAN_POINT('',(1.551888769445,0.28323752487139,0.14998573687674));
#2972=CARTESIAN_POINT('',(1.574159230952,0.27894253338195,0.15284360796482));
#2973=CARTESIAN_POINT('',(1.596359453509,0.2743376178488,0.15575905355243));
#2974=CARTESIAN_POINT('',(1.618488977034,0.26943602105837,0.15872237747069));
#2975=CARTESIAN_POINT('',(1.640547672987,0.26425012503906,0.16172436852544));
#2976=CARTESIAN_POINT('',(1.66253619934,0.25879301844056,0.16475532829043));
#2977=CARTESIAN_POINT('',(1.684455092591,0.25307601830618,0.16780666710827));
#2978=CARTESIAN_POINT('',(1.706306473671,0.24711342032577,0.17086772419851));
#2979=CARTESIAN_POINT('',(1.728088150971,0.24090672854963,0.17393634098803));
#2980=CARTESIAN_POINT('',(1.74979478465,0.23444940015785,0.17701576267297));
#2981=CARTESIAN_POINT('',(1.77142182392,0.22773761343814,0.18010739674419));
#2982=CARTESIAN_POINT('',(1.792964024345,0.22076627884865,0.18321352599185));
#2983=CARTESIAN_POINT('',(1.81441620582,0.21353108174042,0.18633589821162));
#2984=CARTESIAN_POINT('',(1.835772807593,0.20602736629436,0.18947656825466));
#2985=CARTESIAN_POINT('',(1.857028202081,0.19825087196338,0.19263725567118));
#2986=CARTESIAN_POINT('',(1.878176378613,0.19019714484637,0.19582004246674));
#2987=CARTESIAN_POINT('',(1.899211401403,0.18186230904921,0.19902630358361));
#2988=CARTESIAN_POINT('',(1.920126534477,0.17324173220603,0.20225878111832));
#2989=CARTESIAN_POINT('',(1.940918028474,0.16433586821962,0.20551294417898));
#2990=CARTESIAN_POINT('',(1.958139129412,0.15667855463984,0.20823715344806));
#2991=CARTESIAN_POINT('',(1.971851380651,0.15041188801152,0.21042084834925));
#2992=CARTESIAN_POINT('',(1.982102934069,0.14564177683121,0.2120600324584));
#2993=CARTESIAN_POINT('',(1.992321532233,0.14080185109808,0.21369987869019));
#2994=CARTESIAN_POINT('',(2.002506758031,0.13589216402516,0.21533948597824));
#2995=CARTESIAN_POINT('',(2.012658194351,0.13091276882081,0.21697795326092));
#2996=CARTESIAN_POINT('',(2.022775760464,0.12586460248605,0.21861508213328));
#2997=CARTESIAN_POINT('',(2.03285937564,0.1207486020125,0.22025067419509));
#2998=CARTESIAN_POINT('',(2.042909198064,0.11556625150559,0.22188500373219));
#2999=CARTESIAN_POINT('',(2.052925385937,0.11031903508012,0.22351834504925));
#3000=CARTESIAN_POINT('',(2.062908095489,0.10500823553021,0.22515083292597));
#3001=CARTESIAN_POINT('',(2.072857482962,0.099635135640559,0.2267826021609));
#3002=CARTESIAN_POINT('',(2.082773746895,0.094201083278951,0.22841385068399));
#3003=CARTESIAN_POINT('',(2.092657085827,0.088707426303787,0.23004477642988));
#3004=CARTESIAN_POINT('',(2.102507762889,0.083155449954665,0.23167557089029));
#3005=CARTESIAN_POINT('',(2.112326041218,0.077546439489993,0.23330642555691));
#3006=CARTESIAN_POINT('',(2.122112183948,0.071881680144668,0.23493753191205));
#3007=CARTESIAN_POINT('',(2.131866454205,0.066162457167694,0.23656908145213));
#3008=CARTESIAN_POINT('',(2.13996872812,0.061352086118454,0.23792924705088));
#3009=CARTESIAN_POINT('',(2.146434941928,0.057477798812774,0.2390178071182));
#3010=CARTESIAN_POINT('',(2.151276840988,0.054559243264948,0.23983446671321));
#3011=CARTESIAN_POINT('',(2.156111020107,0.051628002823477,0.24065139159746));
#3012=CARTESIAN_POINT('',(2.160937520658,0.048684232650354,0.24146860752861));
#3013=CARTESIAN_POINT('',(2.165756384001,0.045728087912271,0.24228614024548));
#3014=CARTESIAN_POINT('',(2.170567658745,0.042759717375307,0.24310401678492));
#3015=CARTESIAN_POINT('',(2.175371393505,0.039779269791433,0.24392226416495));
#3016=CARTESIAN_POINT('',(2.180167636884,0.036786893922025,0.24474090941301));
#3017=CARTESIAN_POINT('',(2.184956437505,0.033782738519053,0.24555997956121));
#3018=CARTESIAN_POINT('',(2.188940942892,0.031269583370736,0.24624291461966));
#3019=CARTESIAN_POINT('',(2.192124874428,0.029253318246206,0.24678950214063));
#3020=CARTESIAN_POINT('',(2.194510992774,0.027738267491751,0.24719956589795));
#3021=CARTESIAN_POINT('',(2.196895286884,0.026220383423761,0.24760975614383));
#3022=CARTESIAN_POINT('',(2.199277762839,0.024699684637408,0.24802007626903));
#3023=CARTESIAN_POINT('',(2.201658426714,0.023176189723162,0.24843052964082));
#3024=CARTESIAN_POINT('',(2.204037285235,0.021649916608387,0.24884111980047));
#3025=CARTESIAN_POINT('',(2.206414345127,0.020120883215742,0.24925185029394));
#3026=CARTESIAN_POINT('',(2.208789613124,0.018589107458483,0.2496627246625));
#3027=CARTESIAN_POINT('',(2.211163095943,0.01705460727338,0.250073746438));
#3028=CARTESIAN_POINT('',(2.214325368445,0.015004998334186,0.25062197674883));
#3029=CARTESIAN_POINT('',(2.217484097504,0.012950012215837,0.25117051604333));
#3030=CARTESIAN_POINT('',(2.220639310034,0.010889720604272,0.25171937849125));
#3031=CARTESIAN_POINT('',(2.223003967892,0.009341867072828,0.25213119043929));
#3032=CARTESIAN_POINT('',(2.22536688094,0.007791396640098,0.25254317104657));
#3033=CARTESIAN_POINT('',(2.227728055899,0.00623832722404,0.25295532384496));
#3034=CARTESIAN_POINT('',(2.230087499499,0.00468267675672,0.25336765238513));
#3035=CARTESIAN_POINT('',(2.23244521847,0.003124463151394,0.25378016020364));
#3036=CARTESIAN_POINT('',(2.234801219536,0.001563704335424,0.25419285084175));
#3037=CARTESIAN_POINT('',(2.236370746126,0.000521513596321,0.2544681021697));
#3038=CARTESIAN_POINT('',(2.237155225346,0.,0.25460575948638));
#3039=CARTESIAN_POINT('',(-0.008827837953296,0.32638262836722,0.10109298301355));
#3040=CARTESIAN_POINT('',(0.062373584579036,0.32638262836722,0.10109298301355));
#3041=CARTESIAN_POINT('',(0.20477642827046,0.32638262836722,0.10109298301355));
#3042=CARTESIAN_POINT('',(0.41846748304832,0.32638262836722,0.10109298301355));
#3043=CARTESIAN_POINT('',(0.63233247356631,0.32638262836722,0.10109298301355));
#3044=CARTESIAN_POINT('',(0.7750834436762,0.32638262836722,0.10109298301355));
#3045=CARTESIAN_POINT('',(0.86184617269692,0.32638262836722,0.10109298301355));
#3046=CARTESIAN_POINT('',(0.88484315646301,0.32640573844136,0.10120112386661));
#3047=CARTESIAN_POINT('',(0.91550438958701,0.32646901539447,0.10157539579767));
#3048=CARTESIAN_POINT('',(0.93850002635533,0.32652920173028,0.10197447805247));
#3049=CARTESIAN_POINT('',(0.96149437358092,0.32659856305753,0.10249518489861));
#3050=CARTESIAN_POINT('',(0.98448685818072,0.326673614324,0.10314076466905));
#3051=CARTESIAN_POINT('',(1.007476601483,0.32675064301349,0.10391414855357));
#3052=CARTESIAN_POINT('',(1.030462799678,0.32682634602334,0.10481860300529));
#3053=CARTESIAN_POINT('',(1.053444575392,0.32689659225786,0.10585640604096));
#3054=CARTESIAN_POINT('',(1.076420929531,0.32695910931555,0.10703167216924));
#3055=CARTESIAN_POINT('',(1.099391514958,0.32699972979161,0.10833583273109));
#3056=CARTESIAN_POINT('',(1.122356302195,0.32700134553993,0.10975728425922));
#3057=CARTESIAN_POINT('',(1.145315273573,0.32694801808552,0.11128558177873));
#3058=CARTESIAN_POINT('',(1.168268467647,0.32682322912168,0.11290985572026));
#3059=CARTESIAN_POINT('',(1.191215906444,0.32661083479881,0.11461933614487));
#3060=CARTESIAN_POINT('',(1.214157511384,0.32629440960266,0.11640355580953));
#3061=CARTESIAN_POINT('',(1.237093160208,0.32585785730497,0.11825130461431));
#3062=CARTESIAN_POINT('',(1.260022412635,0.32528456810929,0.12015294691168));
#3063=CARTESIAN_POINT('',(1.282944937067,0.32455895291257,0.12209543302469));
#3064=CARTESIAN_POINT('',(1.305858918278,0.32366171183094,0.12407846813005));
#3065=CARTESIAN_POINT('',(1.328761159356,0.32257083112472,0.12611094839977));
#3066=CARTESIAN_POINT('',(1.351648135584,0.32126507842298,0.12819891698731));
#3067=CARTESIAN_POINT('',(1.374515543211,0.31972281949876,0.13034962837998));
#3068=CARTESIAN_POINT('',(1.39735840864,0.31792263461385,0.13256967169752));
#3069=CARTESIAN_POINT('',(1.420170926019,0.31584300429145,0.13486589562549));
#3070=CARTESIAN_POINT('',(1.442946464462,0.31346269703538,0.13724482914795));
#3071=CARTESIAN_POINT('',(1.461888937596,0.31121077628815,0.13930171870836));
#3072=CARTESIAN_POINT('',(1.477016403823,0.30923806327625,0.14099493806889));
#3073=CARTESIAN_POINT('',(1.492124492719,0.30714712799221,0.14272134406926));
#3074=CARTESIAN_POINT('',(1.510971588888,0.30431239464529,0.14493998587329));
#3075=CARTESIAN_POINT('',(1.53352457949,0.30057007676753,0.14768874746633));
#3076=CARTESIAN_POINT('',(1.556011786232,0.29649902914977,0.15051389250955));
#3077=CARTESIAN_POINT('',(1.578431600643,0.29211140713714,0.15340529993393));
#3078=CARTESIAN_POINT('',(1.600782887956,0.28741892080169,0.15635309270271));
#3079=CARTESIAN_POINT('',(1.623065068493,0.28243328813517,0.15934734966611));
#3080=CARTESIAN_POINT('',(1.645277907828,0.27716570691596,0.16237844202869));
#3081=CARTESIAN_POINT('',(1.66742176443,0.27162761053654,0.16543647474164));
#3082=CARTESIAN_POINT('',(1.689497019192,0.2658292949894,0.16851227520259));
#3083=CARTESIAN_POINT('',(1.711505182018,0.25978280417088,0.17159524705106));
#3084=CARTESIAN_POINT('',(1.733441993105,0.25348424076524,0.1746863884819));
#3085=CARTESIAN_POINT('',(1.755301853913,0.24692696821015,0.17778880603634));
#3086=CARTESIAN_POINT('',(1.7770793999,0.24010565794949,0.1809047404138));
#3087=CARTESIAN_POINT('',(1.798768849044,0.23301463958917,0.18403680047834));
#3088=CARTESIAN_POINT('',(1.820364327986,0.22564874154099,0.18718734916184));
#3089=CARTESIAN_POINT('',(1.84185973873,0.21800294821581,0.19035878120172));
#3090=CARTESIAN_POINT('',(1.863248794524,0.21007250175153,0.19355343969311));
#3091=CARTESIAN_POINT('',(1.884525115386,0.20185311307343,0.19677351359909));
#3092=CARTESIAN_POINT('',(1.905682009423,0.19334044122467,0.20002135757447));
#3093=CARTESIAN_POINT('',(1.926713074516,0.18453147129956,0.20329865041433));
#3094=CARTESIAN_POINT('',(1.947620653639,0.17543925165352,0.2065944118577));
#3095=CARTESIAN_POINT('',(1.96494205186,0.16763477308417,0.20934776619957));
#3096=CARTESIAN_POINT('',(1.97873892888,0.16125901026995,0.21154929429398));
#3097=CARTESIAN_POINT('',(1.989056551447,0.15641190757639,0.21319858161533));
#3098=CARTESIAN_POINT('',(1.999344279971,0.15150043026905,0.21484461338013));
#3099=CARTESIAN_POINT('',(2.009602116586,0.14652517263626,0.21648611290329));
#3100=CARTESIAN_POINT('',(2.019830222414,0.14148693615627,0.21812148514797));
#3101=CARTESIAN_POINT('',(2.03002625862,0.13638262591808,0.21975270295658));
#3102=CARTESIAN_POINT('',(2.040187802784,0.13120928205374,0.22138211950721));
#3103=CARTESIAN_POINT('',(2.05031270006,0.12596457294315,0.22301195412941));
#3104=CARTESIAN_POINT('',(2.060398953573,0.12064663003486,0.22464448579932));
#3105=CARTESIAN_POINT('',(2.070444864986,0.11525421434208,0.22628184957564));
#3106=CARTESIAN_POINT('',(2.080448948357,0.10978657597239,0.22792617674537));
#3107=CARTESIAN_POINT('',(2.090410113657,0.104243651484,0.22957930949092));
#3108=CARTESIAN_POINT('',(2.100327389296,0.098625676491009,0.2312432186983));
#3109=CARTESIAN_POINT('',(2.110200454701,0.092933810304088,0.23291916472889));
#3110=CARTESIAN_POINT('',(2.120028570393,0.08716875913063,0.23460932577618));
#3111=CARTESIAN_POINT('',(2.129813383817,0.081334225328641,0.23631240712428));
#3112=CARTESIAN_POINT('',(2.139559273987,0.075436780814724,0.23802208979607));
#3113=CARTESIAN_POINT('',(2.147650589048,0.070473036321084,0.23944855610444));
#3114=CARTESIAN_POINT('',(2.154106729248,0.066474172419336,0.24058812044301));
#3115=CARTESIAN_POINT('',(2.158940538614,0.063461272422741,0.24144143620117));
#3116=CARTESIAN_POINT('',(2.163766300751,0.060434905829847,0.24229267398884));
#3117=CARTESIAN_POINT('',(2.168584143081,0.057395174871773,0.24314119223025));
#3118=CARTESIAN_POINT('',(2.173394211373,0.054342186680036,0.24398624600864));
#3119=CARTESIAN_POINT('',(2.178196588187,0.051275942345704,0.24482707357566));
#3120=CARTESIAN_POINT('',(2.182991338647,0.048196395667723,0.24566282879454));
#3121=CARTESIAN_POINT('',(2.187778476511,0.045103407487988,0.24649259250227));
#3122=CARTESIAN_POINT('',(2.192557989173,0.041996771110394,0.2473153359447));
#3123=CARTESIAN_POINT('',(2.196534492672,0.039396260546806,0.24799414098911));
#3124=CARTESIAN_POINT('',(2.199711799352,0.037308672200915,0.24853243403814));
#3125=CARTESIAN_POINT('',(2.20209277499,0.035739287261474,0.24893358581707));
#3126=CARTESIAN_POINT('',(2.20447180454,0.03416622434844,0.24933198064777));
#3127=CARTESIAN_POINT('',(2.206848690652,0.032589221389341,0.24972738278446));
#3128=CARTESIAN_POINT('',(2.209223714433,0.031008521240697,0.25011958964606));
#3129=CARTESIAN_POINT('',(2.211596216204,0.029423351111803,0.25050827709154));
#3130=CARTESIAN_POINT('',(2.213967493999,0.02783510645886,0.25089330079903));
#3131=CARTESIAN_POINT('',(2.216333278995,0.026238220717894,0.25127392078509));
#3132=CARTESIAN_POINT('',(2.218678631155,0.024608887544553,0.2516483785691));
#3133=CARTESIAN_POINT('',(2.221756130455,0.022365881465761,0.25213665876488));
#3134=CARTESIAN_POINT('',(2.224724183943,0.019968915362241,0.2526041614143));
#3135=CARTESIAN_POINT('',(2.227488190638,0.017336229747454,0.25303886199686));
#3136=CARTESIAN_POINT('',(2.229430619037,0.015230244888436,0.25334478746722));
#3137=CARTESIAN_POINT('',(2.231215560777,0.012985199863611,0.25362712519231));
#3138=CARTESIAN_POINT('',(2.232818073119,0.010603346325396,0.25388264057159));
#3139=CARTESIAN_POINT('',(2.234220499618,0.008095471387631,0.25410909015446));
#3140=CARTESIAN_POINT('',(2.235414017439,0.005479457482656,0.25430543915769));
#3141=CARTESIAN_POINT('',(2.236399580024,0.002776479803821,0.25447199361624));
#3142=CARTESIAN_POINT('',(2.236923890496,0.000930685039341,0.25456409281321));
#3143=CARTESIAN_POINT('',(2.237155225346,0.,0.25460575948638));
#3144=CARTESIAN_POINT('',(-0.008827837953296,0.32655236481054,0.10109298302295));
#3145=CARTESIAN_POINT('',(0.06237171684591,0.32655236481054,0.10109298302295));
#3146=CARTESIAN_POINT('',(0.20477082201891,0.32655236481054,0.10109298302295));
#3147=CARTESIAN_POINT('',(0.41845836794801,0.32655236481054,0.10109298302295));
#3148=CARTESIAN_POINT('',(0.63232405658914,0.32655236481054,0.10109298302295));
#3149=CARTESIAN_POINT('',(0.77507969777426,0.32655236481054,0.10109298302295));
#3150=CARTESIAN_POINT('',(0.86184697649839,0.32655236481054,0.10109298302295));
#3151=CARTESIAN_POINT('',(0.88484525410564,0.32657550583901,0.10120113747673));
#3152=CARTESIAN_POINT('',(0.91550824316129,0.32663890896558,0.10157545474822));
#3153=CARTESIAN_POINT('',(0.93850523021469,0.32669923860743,0.10197458556492));
#3154=CARTESIAN_POINT('',(0.96150095617306,0.32676879752602,0.10249535539198));
#3155=CARTESIAN_POINT('',(0.98449485014957,0.32684410713558,0.10314101402495));
#3156=CARTESIAN_POINT('',(1.007486031098,0.32692146044579,0.10391449345309));
#3157=CARTESIAN_POINT('',(1.030473695518,0.32699756100387,0.10481906137581));
#3158=CARTESIAN_POINT('',(1.053456964856,0.32706828235585,0.10585699809074));
#3159=CARTESIAN_POINT('',(1.076434839665,0.32713136088521,0.10703241851567));
#3160=CARTESIAN_POINT('',(1.099406972973,0.32717259369455,0.10833674532889));
#3161=CARTESIAN_POINT('',(1.122373335382,0.32717483394249,0.10975837500197));
#3162=CARTESIAN_POINT('',(1.145333909157,0.32712210572384,0.11128685951725));
#3163=CARTESIAN_POINT('',(1.168288732551,0.32699785287847,0.11291132760761));
#3164=CARTESIAN_POINT('',(1.191237826841,0.32678589314367,0.11462100656413));
#3165=CARTESIAN_POINT('',(1.214181112161,0.32646976397006,0.11640542697575));
#3166=CARTESIAN_POINT('',(1.237118464221,0.32603332891978,0.11825337548347));
#3167=CARTESIAN_POINT('',(1.26004943989,0.32545994397824,0.12015521450684));
#3168=CARTESIAN_POINT('',(1.282973703667,0.32473397334756,0.12209788853738));
#3169=CARTESIAN_POINT('',(1.305889433623,0.32383610557006,0.1240811276441));
#3170=CARTESIAN_POINT('',(1.328793429537,0.32274437022428,0.12611382851163));
#3171=CARTESIAN_POINT('',(1.351682163004,0.32143756533397,0.128202037529));
#3172=CARTESIAN_POINT('',(1.374551327024,0.31989409201898,0.13035301193472));
#3173=CARTESIAN_POINT('',(1.397395945623,0.31809256632999,0.13257334265912));
#3174=CARTESIAN_POINT('',(1.420210210788,0.31601150190786,0.13486988211246));
#3175=CARTESIAN_POINT('',(1.442987491892,0.31362970914961,0.13724915902482));
#3176=CARTESIAN_POINT('',(1.461931412243,0.31137652953181,0.13930636389896));
#3177=CARTESIAN_POINT('',(1.477060036341,0.30940282783427,0.14099984859576));
#3178=CARTESIAN_POINT('',(1.492169281175,0.30731090560937,0.14272653695681));
#3179=CARTESIAN_POINT('',(1.511017833143,0.30447502231519,0.14494552866893));
#3180=CARTESIAN_POINT('',(1.533572587173,0.3007314194894,0.14769471176194));
#3181=CARTESIAN_POINT('',(1.556061577448,0.29665918043091,0.1505202707288));
#3182=CARTESIAN_POINT('',(1.578483195506,0.29227043977336,0.15341208315546));
#3183=CARTESIAN_POINT('',(1.600836307135,0.28757689589747,0.15636026655923));
#3184=CARTESIAN_POINT('',(1.623120331224,0.28259024837851,0.15935489708619));
#3185=CARTESIAN_POINT('',(1.64533503205,0.27732168069342,0.16238634088529));
#3186=CARTESIAN_POINT('',(1.667480764484,0.27178260625216,0.16544470054219));
#3187=CARTESIAN_POINT('',(1.689557907531,0.26598330870687,0.1685207964096));
#3188=CARTESIAN_POINT('',(1.711567963716,0.25993580476186,0.17160403291242));
#3189=CARTESIAN_POINT('',(1.733506648264,0.25363613187721,0.17469544635762));
#3190=CARTESIAN_POINT('',(1.755368359503,0.24707765235719,0.17779814161689));
#3191=CARTESIAN_POINT('',(1.777147723067,0.24025501944555,0.18091436945852));
#3192=CARTESIAN_POINT('',(1.798838950449,0.23316255573622,0.18404674267347));
#3193=CARTESIAN_POINT('',(1.820436159912,0.22579507928995,0.18719763162887));
#3194=CARTESIAN_POINT('',(1.841933246964,0.21814757017217,0.19036943516303));
#3195=CARTESIAN_POINT('',(1.863323916908,0.21021526452459,0.19356450390041));
#3196=CARTESIAN_POINT('',(1.884601785293,0.20199387525242,0.19678502810207));
#3197=CARTESIAN_POINT('',(1.905760151095,0.19347905578356,0.20003337425056));
#3198=CARTESIAN_POINT('',(1.92679261623,0.18466781074339,0.2033112082974));
#3199=CARTESIAN_POINT('',(1.947701597247,0.17557334059244,0.20660747209729));
#3200=CARTESIAN_POINT('',(1.965024206699,0.16776708479681,0.2093611784071));
#3201=CARTESIAN_POINT('',(1.978822105691,0.16139000449537,0.21156292186503));
#3202=CARTESIAN_POINT('',(1.989140526139,0.15654197201969,0.21321233119309));
#3203=CARTESIAN_POINT('',(1.999429089508,0.15162963062941,0.21485843765837));
#3204=CARTESIAN_POINT('',(2.009687803003,0.14665358114046,0.21649996003281));
#3205=CARTESIAN_POINT('',(2.019916834718,0.14161463406531,0.21813529489903));
#3206=CARTESIAN_POINT('',(2.030113818558,0.13650964581347,0.21976644132738));
#3207=CARTESIAN_POINT('',(2.040276303825,0.13133560945063,0.2213957832998));
#3208=CARTESIAN_POINT('',(2.050402107735,0.12609014726848,0.22302556364141));
#3209=CARTESIAN_POINT('',(2.060489207394,0.12077135024266,0.22465808552934));
#3210=CARTESIAN_POINT('',(2.070535882056,0.1153779489164,0.22629550819037));
#3211=CARTESIAN_POINT('',(2.080540625956,0.10990916886241,0.22793998701375));
#3212=CARTESIAN_POINT('',(2.090502333502,0.10436492959095,0.22959338404212));
#3213=CARTESIAN_POINT('',(2.100420018977,0.098745453280019,0.231257691569));
#3214=CARTESIAN_POINT('',(2.110293354751,0.093051897730656,0.23293418286985));
#3215=CARTESIAN_POINT('',(2.120121589242,0.08728496214297,0.23462506012284));
#3216=CARTESIAN_POINT('',(2.129906386616,0.081448378079827,0.23632901067531));
#3217=CARTESIAN_POINT('',(2.139652175584,0.07554878128997,0.23803963690864));
#3218=CARTESIAN_POINT('',(2.147743358301,0.070583184596803,0.23946690389577));
#3219=CARTESIAN_POINT('',(2.154199376848,0.066582816259105,0.24060708417942));
#3220=CARTESIAN_POINT('',(2.15903308852,0.063568776915534,0.24146084261461));
#3221=CARTESIAN_POINT('',(2.16385874901,0.060541261546397,0.2423124947774));
#3222=CARTESIAN_POINT('',(2.168676486776,0.057500371724411,0.24316139103598));
#3223=CARTESIAN_POINT('',(2.173486448858,0.054446214012045,0.24400677717133));
#3224=CARTESIAN_POINT('',(2.178288718216,0.051378787717977,0.24484788190705));
#3225=CARTESIAN_POINT('',(2.183083360181,0.048298044275605,0.24568384855314));
#3226=CARTESIAN_POINT('',(2.187870388082,0.045203841060807,0.24651374653268));
#3227=CARTESIAN_POINT('',(2.19264978858,0.042095967079046,0.24733653433734));
#3228=CARTESIAN_POINT('',(2.19662619544,0.039494401575701,0.24801528950775));
#3229=CARTESIAN_POINT('',(2.199803422119,0.037405951902759,0.24855348238551));
#3230=CARTESIAN_POINT('',(2.202184335651,0.035835910808642,0.24895452654383));
#3231=CARTESIAN_POINT('',(2.204563301628,0.034262181530988,0.24935277892441));
#3232=CARTESIAN_POINT('',(2.20694012023,0.032684498620659,0.24974800090804));
#3233=CARTESIAN_POINT('',(2.2093150759,0.031103107638331,0.25013998741638));
#3234=CARTESIAN_POINT('',(2.2116875009,0.029517226241756,0.25052841035799));
#3235=CARTESIAN_POINT('',(2.214058708872,0.027928266530613,0.25091312361922));
#3236=CARTESIAN_POINT('',(2.216424379348,0.026330594492281,0.25129337823884));
#3237=CARTESIAN_POINT('',(2.218769391792,0.02470011607926,0.25166739446042));
#3238=CARTESIAN_POINT('',(2.221845867332,0.022454774458149,0.25215495067664));
#3239=CARTESIAN_POINT('',(2.22481161815,0.020053678467565,0.25262147469046));
#3240=CARTESIAN_POINT('',(2.227570900486,0.01741408039151,0.2530547966155));
#3241=CARTESIAN_POINT('',(2.229508229867,0.015301355314059,0.25335944335504));
#3242=CARTESIAN_POINT('',(2.231286191791,0.013047922328814,0.25364021545976));
#3243=CARTESIAN_POINT('',(2.23287954222,0.010656060059182,0.25389383922471));
#3244=CARTESIAN_POINT('',(2.234270411397,0.008136685672342,0.25411804405899));
#3245=CARTESIAN_POINT('',(2.235449869857,0.005507897345071,0.25431178263679));
#3246=CARTESIAN_POINT('',(2.236418882471,0.002791125773275,0.25447536465663));
#3247=CARTESIAN_POINT('',(2.236930570494,0.000935626360644,0.25456525203454));
#3248=CARTESIAN_POINT('',(2.237155225346,0.,0.25460575948638));
#3249=CARTESIAN_POINT('',(-0.03490726329506,-0.3884458819626,0.39974446678048));
#3250=CARTESIAN_POINT('',(0.61743463912097,-0.35657372363515,0.39974446678048));
#3251=CARTESIAN_POINT('',(1.269776541538,-0.3668243342233,0.39974446678048));
#3252=CARTESIAN_POINT('',(1.269776541538,-0.366824334222,0.39974446678048));
#3253=CARTESIAN_POINT('',(1.29889543863732,-0.367281895626293,0.39974446678048));
#3254=CARTESIAN_POINT('',(1.32801410555069,-0.367741305914375,0.39974446678048));
#3255=CARTESIAN_POINT('',(1.357133811914,-0.3681937637068,0.39974446678048));
#3256=CARTESIAN_POINT('',(1.357133811914,-0.368193763706764,0.39974446678048));
#3257=CARTESIAN_POINT('',(1.357133811914,-0.3681937637068,0.39974446678048));
#3258=CARTESIAN_POINT('',(1.38911516764948,-0.368690685393894,0.39974446678048));
#3259=CARTESIAN_POINT('',(1.41741532052082,-0.36912120021436,0.39974446678048));
#3260=CARTESIAN_POINT('',(1.442034270528,-0.3694853081682,0.39974446678048));
#3261=CARTESIAN_POINT('',(1.442034270528,-0.369485308168241,0.39974446678048));
#3262=CARTESIAN_POINT('',(1.442034270528,-0.369485308168279,0.39974446678048));
#3263=CARTESIAN_POINT('',(1.45591540639413,-0.369691004475803,0.39974446678048));
#3264=CARTESIAN_POINT('',(1.46979660287413,-0.369892525239338,0.39974446678048));
#3265=CARTESIAN_POINT('',(1.483677859968,-0.370089870458884,0.39974446678048));
#3266=CARTESIAN_POINT('',(1.483677859968,-0.370089870458769,0.39974446678048));
#3267=CARTESIAN_POINT('',(1.483677859968,-0.3700898704588,0.39974446678048));
#3268=CARTESIAN_POINT('',(1.4857749036463,-0.370119623335927,0.39974446678048));
#3269=CARTESIAN_POINT('',(1.48877709272807,-0.370161866858448,0.39974446678048));
#3270=CARTESIAN_POINT('',(1.49249327263423,-0.370213420147509,0.39974446678048));
#3271=CARTESIAN_POINT('',(1.49513701012542,-0.370249699053079,0.39974446678048));
#3272=CARTESIAN_POINT('',(1.49763746219286,-0.370283593327059,0.39974446678048));
#3273=CARTESIAN_POINT('',(1.49960141768335,-0.370309846894771,0.39974446678048));
#3274=CARTESIAN_POINT('',(1.50110151343921,-0.370329664760032,0.39974446678048));
#3275=CARTESIAN_POINT('',(1.50218905217552,-0.370343910154449,0.39974446678048));
#3276=CARTESIAN_POINT('',(1.50307083902875,-0.370355352872707,0.39974446678048));
#3277=CARTESIAN_POINT('',(1.50366186169106,-0.370362967227135,0.39974446678048));
#3278=CARTESIAN_POINT('',(1.50401157610563,-0.370367453906873,0.39974446678048));
#3279=CARTESIAN_POINT('',(1.5042252321494,-0.370370189572321,0.39974446678048));
#3280=CARTESIAN_POINT('',(1.50461397235028,-0.370375151139842,0.39974446678048));
#3281=CARTESIAN_POINT('',(1.50506961288157,-0.370380944430429,0.39974446678048));
#3282=CARTESIAN_POINT('',(1.50589224685787,-0.370391353739315,0.39974446678048));
#3283=CARTESIAN_POINT('',(1.50704291907146,-0.370405760990022,0.39974446678048));
#3284=CARTESIAN_POINT('',(1.50841482921995,-0.370422696822391,0.39974446678048));
#3285=CARTESIAN_POINT('',(1.5102214082091,-0.370444669567106,0.39974446678048));
#3286=CARTESIAN_POINT('',(1.51244215071197,-0.370471058275919,0.39974446678048));
#3287=CARTESIAN_POINT('',(1.51591331718475,-0.370510955750986,0.39974446678048));
#3288=CARTESIAN_POINT('',(1.52009943542111,-0.370556481399467,0.39974446678048));
#3289=CARTESIAN_POINT('',(1.52328509805487,-0.370588263381271,0.39974446678048));
#3290=CARTESIAN_POINT('',(1.524837138281,-0.3706029949542,0.39974446678048));
#3291=CARTESIAN_POINT('',(1.524837138281,-0.37060299495423,0.39974446678048));
#3292=CARTESIAN_POINT('',(1.524837138281,-0.3706029949542,0.39974446678048));
#3293=CARTESIAN_POINT('',(1.52663533106124,-0.370620062944859,0.39974446678048));
#3294=CARTESIAN_POINT('',(1.53018070148289,-0.370651700823441,0.39974446678048));
#3295=CARTESIAN_POINT('',(1.53448458856438,-0.370685001666425,0.39974446678048));
#3296=CARTESIAN_POINT('',(1.53785152123953,-0.370707896684785,0.39974446678048));
#3297=CARTESIAN_POINT('',(1.5403373358076,-0.370723189502745,0.39974446678048));
#3298=CARTESIAN_POINT('',(1.54238042066794,-0.370734387184292,0.39974446678048));
#3299=CARTESIAN_POINT('',(1.54378699658765,-0.370741376214129,0.39974446678048));
#3300=CARTESIAN_POINT('',(1.54459663483269,-0.370745181954712,0.39974446678048));
#3301=CARTESIAN_POINT('',(1.54517142170721,-0.370747788945732,0.39974446678048));
#3302=CARTESIAN_POINT('',(1.54585867671896,-0.370750776551585,0.39974446678048));
#3303=CARTESIAN_POINT('',(1.54673285292604,-0.37075439443426,0.39974446678048));
#3304=CARTESIAN_POINT('',(1.54827511877055,-0.370760325637781,0.39974446678048));
#3305=CARTESIAN_POINT('',(1.55045121149571,-0.370767370565355,0.39974446678048));
#3306=CARTESIAN_POINT('',(1.55303877256449,-0.370773628762273,0.39974446678048));
#3307=CARTESIAN_POINT('',(1.55645019717832,-0.370779013638401,0.39974446678048));
#3308=CARTESIAN_POINT('',(1.56064521921576,-0.370780210529693,0.39974446678048));
#3309=CARTESIAN_POINT('',(1.56392667333842,-0.37077526176752,0.39974446678048));
#3310=CARTESIAN_POINT('',(1.565548816817,-0.370771311078,0.39974446678048));
#3311=CARTESIAN_POINT('',(1.565548816817,-0.370771311078033,0.39974446678048));
#3312=CARTESIAN_POINT('',(1.565548816817,-0.370771311078,0.39974446678048));
#3313=CARTESIAN_POINT('',(1.56728734394363,-0.370767076939048,0.39974446678048));
#3314=CARTESIAN_POINT('',(1.57073518876433,-0.370755195745978,0.39974446678048));
#3315=CARTESIAN_POINT('',(1.57581718652026,-0.370727159553295,0.39974446678048));
#3316=CARTESIAN_POINT('',(1.57998272969789,-0.370695223200789,0.39974446678048));
#3317=CARTESIAN_POINT('',(1.58285184165578,-0.370668484151139,0.39974446678048));
#3318=CARTESIAN_POINT('',(1.58449296008346,-0.370651781839324,0.39974446678048));
#3319=CARTESIAN_POINT('',(1.5856825912369,-0.37063902139791,0.39974446678048));
#3320=CARTESIAN_POINT('',(1.58700311186067,-0.370624070727386,0.39974446678048));
#3321=CARTESIAN_POINT('',(1.58871061767397,-0.370603649594161,0.39974446678048));
#3322=CARTESIAN_POINT('',(1.5917050805677,-0.370565074817788,0.39974446678048));
#3323=CARTESIAN_POINT('',(1.59592659593154,-0.370502654747679,0.39974446678048));
#3324=CARTESIAN_POINT('',(1.60092572512704,-0.370415799695276,0.39974446678048));
#3325=CARTESIAN_POINT('',(1.60420976883162,-0.370349974428192,0.39974446678048));
#3326=CARTESIAN_POINT('',(1.605839967544,-0.3703150775355,0.39974446678048));
#3327=CARTESIAN_POINT('',(1.605839967544,-0.370315077535496,0.39974446678048));
#3328=CARTESIAN_POINT('',(1.605839967544,-0.3703150775355,0.39974446678048));
#3329=CARTESIAN_POINT('',(1.61974337883434,-0.370017453786907,0.39974446678048));
#3330=CARTESIAN_POINT('',(1.63303749978868,-0.369568723630274,0.39974446678048));
#3331=CARTESIAN_POINT('',(1.645722330407,-0.3689688870656,0.39974446678048));
#3332=CARTESIAN_POINT('',(1.645722330407,-0.368968887065534,0.39974446678048));
#3333=CARTESIAN_POINT('',(1.645722330407,-0.3689688870656,0.39974446678048));
#3334=CARTESIAN_POINT('',(1.65232054333584,-0.368657835960012,0.39974446678048));
#3335=CARTESIAN_POINT('',(1.65891595922684,-0.368295825963879,0.39974446678048));
#3336=CARTESIAN_POINT('',(1.66550857808,-0.3678828570772,0.39974446678048));
#3337=CARTESIAN_POINT('',(1.66550857808,-0.367882857077197,0.39974446678048));
#3338=CARTESIAN_POINT('',(1.66550857808,-0.367882857077199,0.39974446678048));
#3339=CARTESIAN_POINT('',(1.67207232886979,-0.367471714513707,0.39974446678048));
#3340=CARTESIAN_POINT('',(1.67863208465679,-0.367004483539741,0.39974446678048));
#3341=CARTESIAN_POINT('',(1.685187845441,-0.366481164155299,0.39974446678048));
#3342=CARTESIAN_POINT('',(1.68518784544099,-0.366481164155194,0.39974446678048));
#3343=CARTESIAN_POINT('',(1.685187845441,-0.366481164155301,0.39974446678048));
#3344=CARTESIAN_POINT('',(1.69171575001813,-0.365959336852678,0.39974446678048));
#3345=CARTESIAN_POINT('',(1.69823832377813,-0.365377726177144,0.39974446678048));
#3346=CARTESIAN_POINT('',(1.704755566721,-0.364736332128701,0.39974446678048));
#3347=CARTESIAN_POINT('',(1.704755566721,-0.364736332128706,0.39974446678048));
#3348=CARTESIAN_POINT('',(1.704755566721,-0.3647363321287,0.39974446678048));
#3349=CARTESIAN_POINT('',(1.71124599683875,-0.3640972059554,0.39974446678048));
#3350=CARTESIAN_POINT('',(1.71773015048875,-0.363399729984999,0.39974446678048));
#3351=CARTESIAN_POINT('',(1.724208027671,-0.3626439042175,0.39974446678048));
#3352=CARTESIAN_POINT('',(1.72420802767099,-0.36264390421744,0.39974446678048));
#3353=CARTESIAN_POINT('',(1.724208027671,-0.362643904217499,0.39974446678048));
#3354=CARTESIAN_POINT('',(1.73708830648204,-0.361140142635075,0.39974446678048));
#3355=CARTESIAN_POINT('',(1.7499387235387,-0.359414064368042,0.39974446678048));
#3356=CARTESIAN_POINT('',(1.762759278841,-0.357465669416399,0.39974446678048));
#3357=CARTESIAN_POINT('',(1.76275927884102,-0.357465669416532,0.39974446678048));
#3358=CARTESIAN_POINT('',(1.762759278841,-0.3574656694164,0.39974446678048));
#3359=CARTESIAN_POINT('',(1.77548461332283,-0.35553252662959,0.39974446678048));
#3360=CARTESIAN_POINT('',(1.7881748655545,-0.35339144986709,0.39974446678048));
#3361=CARTESIAN_POINT('',(1.800830035536,-0.3510424391289,0.39974446678048));
#3362=CARTESIAN_POINT('',(1.80083003553599,-0.351042439128884,0.39974446678048));
#3363=CARTESIAN_POINT('',(1.800830035536,-0.351042439128901,0.39974446678048));
#3364=CARTESIAN_POINT('',(1.81339739672316,-0.348710424278518,0.39974446678048));
#3365=CARTESIAN_POINT('',(1.82592550620383,-0.346183783547884,0.39974446678048));
#3366=CARTESIAN_POINT('',(1.838414363978,-0.343462516937001,0.39974446678048));
#3367=CARTESIAN_POINT('',(1.838414363978,-0.343462516937002,0.39974446678048));
#3368=CARTESIAN_POINT('',(1.838414363978,-0.343462516937002,0.39974446678048));
#3369=CARTESIAN_POINT('',(1.85082240455164,-0.34075949607936,0.39974446678048));
#3370=CARTESIAN_POINT('',(1.86318788393331,-0.337874078879893,0.39974446678048));
#3371=CARTESIAN_POINT('',(1.875510802123,-0.334806265338602,0.39974446678048));
#3372=CARTESIAN_POINT('',(1.87551080212297,-0.334806265338639,0.39974446678048));
#3373=CARTESIAN_POINT('',(1.875510802123,-0.3348062653386,0.39974446678048));
#3374=CARTESIAN_POINT('',(1.88775959035966,-0.331757856390716,0.39974446678048));
#3375=CARTESIAN_POINT('',(1.89996309273166,-0.328537820134116,0.39974446678048));
#3376=CARTESIAN_POINT('',(1.91212130923901,-0.325146156568801,0.39974446678048));
#3377=CARTESIAN_POINT('',(1.91212130923983,-0.325146156568709,0.39974446678048));
#3378=CARTESIAN_POINT('',(1.912121309239,-0.325146156568801,0.39974446678048));
#3379=CARTESIAN_POINT('',(1.92421237132615,-0.321776550948607,0.39974446678048));
#3380=CARTESIAN_POINT('',(1.93625225253615,-0.318233046390007,0.39974446678048));
#3381=CARTESIAN_POINT('',(1.948240952869,-0.314515642893001,0.39974446678048));
#3382=CARTESIAN_POINT('',(1.94824095286905,-0.314515642893172,0.39974446678048));
#3383=CARTESIAN_POINT('',(1.94824095286901,-0.314515642892999,0.39974446678048));
#3384=CARTESIAN_POINT('',(1.96016762145778,-0.310817476416593,0.39974446678048));
#3385=CARTESIAN_POINT('',(1.97203472443245,-0.30693714230806,0.39974446678048));
#3386=CARTESIAN_POINT('',(1.98384226179301,-0.302874640567399,0.39974446678048));
#3387=CARTESIAN_POINT('',(1.98384226179298,-0.302874640567348,0.39974446678048));
#3388=CARTESIAN_POINT('',(1.983842261793,-0.302874640567399,0.39974446678048));
#3389=CARTESIAN_POINT('',(1.99559343253174,-0.298831523402782,0.39974446678048));
#3390=CARTESIAN_POINT('',(2.0072759101334,-0.294598810113782,0.39974446678048));
#3391=CARTESIAN_POINT('',(2.018889694598,-0.290176500700399,0.39974446678048));
#3392=CARTESIAN_POINT('',(2.01888969459795,-0.290176500700276,0.39974446678048));
#3393=CARTESIAN_POINT('',(2.018889694598,-0.290176500700399,0.39974446678048));
#3394=CARTESIAN_POINT('',(2.0304523751417,-0.285773210890313,0.39974446678048));
#3395=CARTESIAN_POINT('',(2.04193753950503,-0.281176252569413,0.39974446678048));
#3396=CARTESIAN_POINT('',(2.053345187688,-0.276385625737699,0.39974446678048));
#3397=CARTESIAN_POINT('',(2.05334518768796,-0.276385625737595,0.39974446678048));
#3398=CARTESIAN_POINT('',(2.053345187688,-0.276385625737699,0.39974446678048));
#3399=CARTESIAN_POINT('',(2.06470717304549,-0.271614464961401,0.39974446678048));
#3400=CARTESIAN_POINT('',(2.07598281936415,-0.266647310973001,0.39974446678048));
#3401=CARTESIAN_POINT('',(2.087172126644,-0.261484163772499,0.39974446678048));
#3402=CARTESIAN_POINT('',(2.08717212664395,-0.261484163772387,0.39974446678048));
#3403=CARTESIAN_POINT('',(2.087172126644,-0.261484163772499,0.39974446678048));
#3404=CARTESIAN_POINT('',(2.09832086943429,-0.256340304022217,0.39974446678048));
#3405=CARTESIAN_POINT('',(2.10937394072329,-0.250998484761783,0.39974446678048));
#3406=CARTESIAN_POINT('',(2.120331340511,-0.245458705991199,0.39974446678048));
#3407=CARTESIAN_POINT('',(2.12033134051102,-0.245458705991242,0.39974446678048));
#3408=CARTESIAN_POINT('',(2.120331340511,-0.2454587059912,0.39974446678048));
#3409=CARTESIAN_POINT('',(2.13155012880479,-0.239785181283916,0.39974446678048));
#3410=CARTESIAN_POINT('',(2.14235963518279,-0.234052369573016,0.39974446678048));
#3411=CARTESIAN_POINT('',(2.152759859645,-0.2282602708585,0.39974446678048));
#3412=CARTESIAN_POINT('',(2.1527598596451,-0.228260270858693,0.39974446678048));
#3413=CARTESIAN_POINT('',(2.152759859645,-0.2282602708585,0.39974446678048));
#3414=CARTESIAN_POINT('',(2.16367977804636,-0.222178743910359,0.39974446678048));
#3415=CARTESIAN_POINT('',(2.17420071947836,-0.216003510931659,0.39974446678048));
#3416=CARTESIAN_POINT('',(2.184322683941,-0.2097345719224,0.39974446678048));
#3417=CARTESIAN_POINT('',(2.18432268394114,-0.20973457192233,0.39974446678048));
#3418=CARTESIAN_POINT('',(2.184322683941,-0.2097345719224,0.39974446678048));
#3419=CARTESIAN_POINT('',(2.19489977668367,-0.203183753695989,0.39974446678048));
#3420=CARTESIAN_POINT('',(2.20507388036667,-0.196510633528855,0.39974446678048));
#3421=CARTESIAN_POINT('',(2.21484499499,-0.189715211421,0.39974446678048));
#3422=CARTESIAN_POINT('',(2.21484499499006,-0.189715211421094,0.39974446678048));
#3423=CARTESIAN_POINT('',(2.21484499499,-0.189715211421,0.39974446678048));
#3424=CARTESIAN_POINT('',(2.21983235371014,-0.186247816058845,0.39974446678048));
#3425=CARTESIAN_POINT('',(2.22476803185981,-0.182708353633445,0.39974446678048));
#3426=CARTESIAN_POINT('',(2.229652029439,-0.1790968241448,0.39974446678048));
#3427=CARTESIAN_POINT('',(2.22965202943911,-0.179096824144948,0.39974446678048));
#3428=CARTESIAN_POINT('',(2.229652029439,-0.179096824144799,0.39974446678048));
#3429=CARTESIAN_POINT('',(2.23453090176516,-0.175489111165009,0.39974446678048));
#3430=CARTESIAN_POINT('',(2.23935272232516,-0.171806693626009,0.39974446678048));
#3431=CARTESIAN_POINT('',(2.244117491119,-0.168049571527799,0.39974446678048));
#3432=CARTESIAN_POINT('',(2.24411749111905,-0.168049571527871,0.39974446678048));
#3433=CARTESIAN_POINT('',(2.244117491119,-0.1680495715278,0.39974446678048));
#3434=CARTESIAN_POINT('',(2.24887776340896,-0.16429597680955,0.39974446678048));
#3435=CARTESIAN_POINT('',(2.25357530797163,-0.16046545617895,0.39974446678048));
#3436=CARTESIAN_POINT('',(2.258210124807,-0.156558009636,0.39974446678048));
#3437=CARTESIAN_POINT('',(2.25821012480692,-0.156558009635898,0.39974446678048));
#3438=CARTESIAN_POINT('',(2.258210124807,-0.156558009636001,0.39974446678048));
#3439=CARTESIAN_POINT('',(2.26284085009382,-0.152654061128834,0.39974446678048));
#3440=CARTESIAN_POINT('',(2.26740285869682,-0.148671399900501,0.39974446678048));
#3441=CARTESIAN_POINT('',(2.271896150616,-0.144610025951001,0.39974446678048));
#3442=CARTESIAN_POINT('',(2.27189615061608,-0.144610025951093,0.39974446678048));
#3443=CARTESIAN_POINT('',(2.271896150616,-0.144610025951,0.39974446678048));
#3444=CARTESIAN_POINT('',(2.27638591716544,-0.140551758425518,0.39974446678048));
#3445=CARTESIAN_POINT('',(2.28080079540411,-0.136413594885685,0.39974446678048));
#3446=CARTESIAN_POINT('',(2.285140785332,-0.1321955353315,0.39974446678048));
#3447=CARTESIAN_POINT('',(2.28514078533185,-0.132195535331351,0.39974446678048));
#3448=CARTESIAN_POINT('',(2.285140785332,-0.1321955353315,0.39974446678048));
#3449=CARTESIAN_POINT('',(2.28947766779359,-0.127980573463368,0.39974446678048));
#3450=CARTESIAN_POINT('',(2.29373332507692,-0.123685138597235,0.39974446678048));
#3451=CARTESIAN_POINT('',(2.29790775718201,-0.119309230733101,0.39974446678048));
#3452=CARTESIAN_POINT('',(2.29790775718205,-0.119309230733024,0.39974446678048));
#3453=CARTESIAN_POINT('',(2.297907757182,-0.1193092307331,0.39974446678048));
#3454=CARTESIAN_POINT('',(2.30207953360189,-0.114935924079123,0.39974446678048));
#3455=CARTESIAN_POINT('',(2.30616379534689,-0.110482359723623,0.39974446678048));
#3456=CARTESIAN_POINT('',(2.310160542417,-0.1059485376666,0.39974446678048));
#3457=CARTESIAN_POINT('',(2.31016054241736,-0.10594853766691,0.39974446678048));
#3458=CARTESIAN_POINT('',(2.310160542417,-0.1059485376666,0.39974446678048));
#3459=CARTESIAN_POINT('',(2.31415509676755,-0.101417316158326,0.39974446678048));
#3460=CARTESIAN_POINT('',(2.31805594861422,-0.0968068148577958,0.39974446678048));
#3461=CARTESIAN_POINT('',(2.321863097957,-0.0921170337650095,0.39974446678048));
#3462=CARTESIAN_POINT('',(2.3218630979567,-0.0921170337647632,0.39974446678048));
#3463=CARTESIAN_POINT('',(2.321863097957,-0.09211703376501,0.39974446678048));
#3464=CARTESIAN_POINT('',(2.32566836028907,-0.0874292799055547,0.39974446678048));
#3465=CARTESIAN_POINT('',(2.3293740691054,-0.0826641067521813,0.39974446678048));
#3466=CARTESIAN_POINT('',(2.332980224406,-0.07782151430489,0.39974446678048));
#3467=CARTESIAN_POINT('',(2.332980224406,-0.0778215143048894,0.39974446678048));
#3468=CARTESIAN_POINT('',(2.332980224406,-0.07782151430489,0.39974446678048));
#3469=CARTESIAN_POINT('',(2.33658500355483,-0.0729809225241167,0.39974446678048));
#3470=CARTESIAN_POINT('',(2.34008480089716,-0.0680655820961733,0.39974446678048));
#3471=CARTESIAN_POINT('',(2.343479616433,-0.06307549302106,0.39974446678048));
#3472=CARTESIAN_POINT('',(2.34347961643278,-0.0630754930209076,0.39974446678048));
#3473=CARTESIAN_POINT('',(2.343479616433,-0.06307549302106,0.39974446678048));
#3474=CARTESIAN_POINT('',(2.34687318571383,-0.058086792515749,0.39974446678048));
#3475=CARTESIAN_POINT('',(2.3501570199485,-0.053026875096899,0.39974446678048));
#3476=CARTESIAN_POINT('',(2.353331119137,-0.04789574076451,0.39974446678048));
#3477=CARTESIAN_POINT('',(2.35333111913662,-0.0478957407642719,0.39974446678048));
#3478=CARTESIAN_POINT('',(2.353331119137,-0.0478957407645095,0.39974446678048));
#3479=CARTESIAN_POINT('',(2.35491764179561,-0.0453309390468822,0.39974446678048));
#3480=CARTESIAN_POINT('',(2.35647599643694,-0.0427491353547855,0.39974446678048));
#3481=CARTESIAN_POINT('',(2.358006183061,-0.0401503296882195,0.39974446678048));
#3482=CARTESIAN_POINT('',(2.3580061830608,-0.0401503296881031,0.39974446678048));
#3483=CARTESIAN_POINT('',(2.358006183061,-0.04015032968822,0.39974446678048));
#3484=CARTESIAN_POINT('',(2.35877118531114,-0.0388510648398437,0.39974446678048));
#3485=CARTESIAN_POINT('',(2.35952905237114,-0.0375476512503303,0.39974446678048));
#3486=CARTESIAN_POINT('',(2.360279784241,-0.03624008891968,0.39974446678048));
#3487=CARTESIAN_POINT('',(2.36027978424162,-0.0362400889200395,0.39974446678048));
#3488=CARTESIAN_POINT('',(2.360279784241,-0.03624008891968,0.39974446678048));
#3489=CARTESIAN_POINT('',(2.36103048257428,-0.034932585737695,0.39974446678048));
#3490=CARTESIAN_POINT('',(2.36177398293261,-0.0336210022231283,0.39974446678048));
#3491=CARTESIAN_POINT('',(2.362510285316,-0.03230533837598,0.39974446678048));
#3492=CARTESIAN_POINT('',(2.3625102853165,-0.0323053383762629,0.39974446678048));
#3493=CARTESIAN_POINT('',(2.362510285316,-0.03230533837598,0.39974446678048));
#3494=CARTESIAN_POINT('',(2.36324655517896,-0.0309897227121024,0.39974446678048));
#3495=CARTESIAN_POINT('',(2.36397557780062,-0.0296701033158925,0.39974446678048));
#3496=CARTESIAN_POINT('',(2.364697353181,-0.0283464801873505,0.39974446678048));
#3497=CARTESIAN_POINT('',(2.36469735318088,-0.0283464801872805,0.39974446678048));
#3498=CARTESIAN_POINT('',(2.364697353181,-0.02834648018735,0.39974446678048));
#3499=CARTESIAN_POINT('',(2.36505822958026,-0.0276846907102467,0.39974446678048));
#3500=CARTESIAN_POINT('',(2.36541728756793,-0.02702191610908,0.39974446678048));
#3501=CARTESIAN_POINT('',(2.365774527144,-0.02635815638385,0.39974446678048));
#3502=CARTESIAN_POINT('',(2.365774527144,-0.0263581563838498,0.39974446678048));
#3503=CARTESIAN_POINT('',(2.365774527144,-0.02635815638385,0.39974446678048));
#3504=CARTESIAN_POINT('',(2.36613176128264,-0.0256944068155337,0.39974446678048));
#3505=CARTESIAN_POINT('',(2.36648717260131,-0.0250296826311803,0.39974446678048));
#3506=CARTESIAN_POINT('',(2.3668407611,-0.02436398383079,0.39974446678048));
#3507=CARTESIAN_POINT('',(2.3668407611,-0.02436398383079,0.39974446678048));
#3508=CARTESIAN_POINT('',(2.3668407611,-0.02436398383079,0.39974446678048));
#3509=CARTESIAN_POINT('',(2.36754792815044,-0.0230326033485083,0.39974446678048));
#3510=CARTESIAN_POINT('',(2.36824777742811,-0.021697387278785,0.39974446678048));
#3511=CARTESIAN_POINT('',(2.368940308933,-0.02035833562162,0.39974446678048));
#3512=CARTESIAN_POINT('',(2.36894030893313,-0.0203583356216879,0.39974446678048));
#3513=CARTESIAN_POINT('',(2.368940308933,-0.02035833562162,0.39974446678048));
#3514=CARTESIAN_POINT('',(2.36963282422291,-0.0190193161933863,0.39974446678048));
#3515=CARTESIAN_POINT('',(2.37031798675758,-0.0176765449478563,0.39974446678048));
#3516=CARTESIAN_POINT('',(2.370995796537,-0.01633002188503,0.39974446678048));
#3517=CARTESIAN_POINT('',(2.37099579653647,-0.0163300218847628,0.39974446678048));
#3518=CARTESIAN_POINT('',(2.370995796537,-0.01633002188503,0.39974446678048));
#3519=CARTESIAN_POINT('',(2.37167359229256,-0.0149835252535157,0.39974446678048));
#3520=CARTESIAN_POINT('',(2.37234400327122,-0.0136333617804657,0.39974446678048));
#3521=CARTESIAN_POINT('',(2.373007029473,-0.01227953146588,0.39974446678048));
#3522=CARTESIAN_POINT('',(2.3730070294726,-0.0122795314656815,0.39974446678048));
#3523=CARTESIAN_POINT('',(2.373007029473,-0.01227953146588,0.39974446678048));
#3524=CARTESIAN_POINT('',(2.3736700454839,-0.010925722858534,0.39974446678048));
#3525=CARTESIAN_POINT('',(2.37432564770724,-0.00956833348379397,0.39974446678048));
#3526=CARTESIAN_POINT('',(2.374973836143,-0.00820736334165995,0.39974446678048));
#3527=CARTESIAN_POINT('',(2.37497383614313,-0.00820736334172471,0.39974446678048));
#3528=CARTESIAN_POINT('',(2.374973836143,-0.00820736334165995,0.39974446678048));
#3529=CARTESIAN_POINT('',(2.37562201689673,-0.00684641023393066,0.39974446678048));
#3530=CARTESIAN_POINT('',(2.37626275506606,-0.00548196212488933,0.39974446678048));
#3531=CARTESIAN_POINT('',(2.376896050651,-0.00411401901453595,0.39974446678048));
#3532=CARTESIAN_POINT('',(2.37689605065087,-0.00411401901447288,0.39974446678048));
#3533=CARTESIAN_POINT('',(2.376896050651,-0.00411401901453645,0.39974446678048));
#3534=CARTESIAN_POINT('',(2.3775293406604,-0.00274608886548648,0.39974446678048));
#3535=CARTESIAN_POINT('',(2.3781551594764,-0.00137474919397433,0.39974446678048));
#3536=CARTESIAN_POINT('',(2.378773507099,0.,0.39974446678048));
#3537=CARTESIAN_POINT('',(2.378773507099,0.,0.39974446678048));
#3538=CARTESIAN_POINT('',(2.237155225346,0.,0.25460575948638));
#3539=CARTESIAN_POINT('',(2.235739042526,0.,0.25315437241193));
#3540=CARTESIAN_POINT('',(2.378464336743,-0.000687364866732,0.39974446678048));
#3541=CARTESIAN_POINT('',(2.236910635604,-0.000984010894775,0.25456170542168));
#3542=CARTESIAN_POINT('',(2.235495098596,-0.000986977356137,0.25310987780532));
#3543=CARTESIAN_POINT('',(2.377842252377,-0.002060413496004,0.39974446678048));
#3544=CARTESIAN_POINT('',(2.236352512215,-0.002934725780556,0.25446379212486));
#3545=CARTESIAN_POINT('',(2.234937614813,-0.002943468902179,0.2530109853791));
#3546=CARTESIAN_POINT('',(2.37689791557,-0.00411488045916,0.39974446678048));
#3547=CARTESIAN_POINT('',(2.235291826757,-0.0057863020596,0.25428502587729));
#3548=CARTESIAN_POINT('',(2.233875765868,-0.005803016274005,0.25283043146488));
#3549=CARTESIAN_POINT('',(2.375942389248,-0.006164178754577,0.39974446678048));
#3550=CARTESIAN_POINT('',(2.233997743688,-0.008538106342918,0.2540727994518));
#3551=CARTESIAN_POINT('',(2.232578297236,-0.008561845619553,0.2526160827772));
#3552=CARTESIAN_POINT('',(2.37497569415,-0.008208245683513,0.39974446678048));
#3553=CARTESIAN_POINT('',(2.232470704917,-0.01116530009421,0.2538269658647));
#3554=CARTESIAN_POINT('',(2.231045655025,-0.0111948706362,0.25236779085568));
#3555=CARTESIAN_POINT('',(2.373997851011,-0.01024701856133,0.39974446678048));
#3556=CARTESIAN_POINT('',(2.230723263798,-0.01364809870415,0.25354903876486));
#3557=CARTESIAN_POINT('',(2.229290517927,-0.01368210950422,0.25208708448305));
#3558=CARTESIAN_POINT('',(2.373008880567,-0.01228043470339,0.39974446678048));
#3559=CARTESIAN_POINT('',(2.228778950909,-0.01597609936853,0.25324203258768));
#3560=CARTESIAN_POINT('',(2.227336651611,-0.01601305601255,0.25177700824957));
#3561=CARTESIAN_POINT('',(2.372008803556,-0.01430843142037,0.39974446678048));
#3562=CARTESIAN_POINT('',(2.22666841392,-0.01815043686783,0.25290992406168));
#3563=CARTESIAN_POINT('',(2.225215010027,-0.01818885691991,0.25144157863713));
#3564=CARTESIAN_POINT('',(2.370997640719,-0.01633094601821,0.39974446678048));
#3565=CARTESIAN_POINT('',(2.224424652649,-0.02018303492109,0.25255699191523));
#3566=CARTESIAN_POINT('',(2.222958922766,-0.02022155580753,0.25108511716559));
#3567=CARTESIAN_POINT('',(2.369975412786,-0.01834791581699,0.39974446678048));
#3568=CARTESIAN_POINT('',(2.222079185404,-0.02209381532523,0.2521872908176));
#3569=CARTESIAN_POINT('',(2.220600223128,-0.02213127432107,0.25071171905713));
#3570=CARTESIAN_POINT('',(2.368942144776,-0.02035928001792,0.39974446678048));
#3571=CARTESIAN_POINT('',(2.219660018269,-0.02390741688071,0.2518043769379));
#3572=CARTESIAN_POINT('',(2.218167197003,-0.02394289824661,0.25032497603928));
#3573=CARTESIAN_POINT('',(2.367897861709,-0.02236497784104,0.39974446678048));
#3574=CARTESIAN_POINT('',(2.217191083657,-0.02565034865124,0.25141124116892));
#3575=CARTESIAN_POINT('',(2.215684015875,-0.02568320236038,0.24992790891045));
#3576=CARTESIAN_POINT('',(2.367018467454,-0.0240316200496,0.39974446678048));
#3577=CARTESIAN_POINT('',(2.215109158816,-0.02706609285832,0.25107719636536));
#3578=CARTESIAN_POINT('',(2.213590065728,-0.02709643758777,0.24959052366342));
#3579=CARTESIAN_POINT('',(2.366309469541,-0.02536203983488,0.39974446678048));
#3580=CARTESIAN_POINT('',(2.213437619079,-0.02818926646511,0.25080715656246));
#3581=CARTESIAN_POINT('',(2.211908900572,-0.02821753873583,0.24931778345967));
#3582=CARTESIAN_POINT('',(2.36559682079,-0.02669052016347,0.39974446678048));
#3583=CARTESIAN_POINT('',(2.21176488476,-0.02931042546326,0.25053558108711));
#3584=CARTESIAN_POINT('',(2.210226565398,-0.02933662451809,0.24904349222857));
#3585=CARTESIAN_POINT('',(2.364699172345,-0.0283474651121,0.39974446678048));
#3586=CARTESIAN_POINT('',(2.209672458575,-0.03070919388196,0.25019342031397));
#3587=CARTESIAN_POINT('',(2.208122191438,-0.03073281117069,0.24869790984973));
#3588=CARTESIAN_POINT('',(2.363611079226,-0.03032988950197,0.39974446678048));
#3589=CARTESIAN_POINT('',(2.207158933992,-0.0323831854678,0.24977884141939));
#3590=CARTESIAN_POINT('',(2.205594412542,-0.03240371842698,0.24827918516766));
#3591=CARTESIAN_POINT('',(2.362512096142,-0.03230634356244,0.39974446678048));
#3592=CARTESIAN_POINT('',(2.204642955242,-0.03405292201833,0.24936059691977));
#3593=CARTESIAN_POINT('',(2.203064263833,-0.03407038780407,0.24785675822163));
#3594=CARTESIAN_POINT('',(2.361402248106,-0.03427676650413,0.39974446678048));
#3595=CARTESIAN_POINT('',(2.202124524257,-0.03571844726561,0.24893896815998));
#3596=CARTESIAN_POINT('',(2.200531747019,-0.03573286407332,0.24743091317354));
#3597=CARTESIAN_POINT('',(2.360281580079,-0.03624111016019,0.39974446678048));
#3598=CARTESIAN_POINT('',(2.199603705833,-0.03737989060457,0.24851421133861));
#3599=CARTESIAN_POINT('',(2.197996927089,-0.03739127840737,0.24700190878503));
#3600=CARTESIAN_POINT('',(2.359150137029,-0.03819932637317,0.39974446678048));
#3601=CARTESIAN_POINT('',(2.197080524233,-0.03903732171302,0.24808657148959));
#3602=CARTESIAN_POINT('',(2.195459828103,-0.03904570166444,0.24656999253555));
#3603=CARTESIAN_POINT('',(2.357627239539,-0.04080204718505,0.39974446678048));
#3604=CARTESIAN_POINT('',(2.193713175092,-0.04124197937864,0.24751281359117));
#3605=CARTESIAN_POINT('',(2.192074034452,-0.04124637870288,0.24599049705777));
#3606=CARTESIAN_POINT('',(2.355696904915,-0.04403988879201,0.39974446678048));
#3607=CARTESIAN_POINT('',(2.189498227814,-0.04398812678395,0.24678947391867));
#3608=CARTESIAN_POINT('',(2.187836241044,-0.0439876091666,0.24525992399033));
#3609=CARTESIAN_POINT('',(2.352551861884,-0.04918672822966,0.39974446678048));
#3610=CARTESIAN_POINT('',(2.182742207037,-0.04836181445694,0.24562088518311));
#3611=CARTESIAN_POINT('',(2.181044110488,-0.04835356532072,0.24407964936958));
#3612=CARTESIAN_POINT('',(2.348515505516,-0.05555611344071,0.39974446678048));
#3613=CARTESIAN_POINT('',(2.174274715643,-0.05379187258595,0.24414240341459));
#3614=CARTESIAN_POINT('',(2.172532307745,-0.053774230179,0.2425863827839));
#3615=CARTESIAN_POINT('',(2.343506671276,-0.06309363087444,0.39974446678048));
#3616=CARTESIAN_POINT('',(2.164077850814,-0.06024952589943,0.24234838472917));
#3617=CARTESIAN_POINT('',(2.162283562612,-0.06022108485189,0.24077442391011));
#3618=CARTESIAN_POINT('',(2.338335507976,-0.07052232118792,0.39974446678048));
#3619=CARTESIAN_POINT('',(2.153844375092,-0.0666480724129,0.24054177346286));
#3620=CARTESIAN_POINT('',(2.151999463763,-0.06660932992223,0.23894974653123));
#3621=CARTESIAN_POINT('',(2.33300596334,-0.07784028521398,0.39974446678048));
#3622=CARTESIAN_POINT('',(2.143573006149,-0.07298567450104,0.23872885059354));
#3623=CARTESIAN_POINT('',(2.141678676579,-0.0729371283902,0.23711869443204));
#3624=CARTESIAN_POINT('',(2.3275219851,-0.0850456237855,0.39974446678048));
#3625=CARTESIAN_POINT('',(2.133261561026,-0.079258923397,0.23691581897491));
#3626=CARTESIAN_POINT('',(2.131318956786,-0.07920105639269,0.23528753249718));
#3627=CARTESIAN_POINT('',(2.321887520982,-0.0921364377306,0.39974446678048));
#3628=CARTESIAN_POINT('',(2.122907466563,-0.08546343695613,0.23510823125984));
#3629=CARTESIAN_POINT('',(2.120917666018,-0.08539670694919,0.23346186890637));
#3630=CARTESIAN_POINT('',(2.316106518711,-0.09911082788214,0.39974446678048));
#3631=CARTESIAN_POINT('',(2.112506422325,-0.09159212805236,0.23331317820034));
#3632=CARTESIAN_POINT('',(2.110470421365,-0.09151694105618,0.23164886531219));
#3633=CARTESIAN_POINT('',(2.310183468655,-0.1059681547853,0.39974446678048));
#3634=CARTESIAN_POINT('',(2.102055327093,-0.09763865254818,0.23153470353618));
#3635=CARTESIAN_POINT('',(2.099974045676,-0.09755535752557,0.22985260590383));
#3636=CARTESIAN_POINT('',(2.304122861175,-0.112707778976,0.39974446678048));
#3637=CARTESIAN_POINT('',(2.091555438276,-0.1036019761635,0.22977012633172));
#3638=CARTESIAN_POINT('',(2.089429764046,-0.1035109181316,0.22807038292516));
#3639=CARTESIAN_POINT('',(2.297929186631,-0.1193290610042,0.39974446678048));
#3640=CARTESIAN_POINT('',(2.081007418475,-0.1094804453955,0.22801809958449));
#3641=CARTESIAN_POINT('',(2.07883820079,-0.1093819592413,0.22630083590937));
#3642=CARTESIAN_POINT('',(2.291606935393,-0.1258313614057,0.39974446678048));
#3643=CARTESIAN_POINT('',(2.070412775739,-0.1152735841812,0.22627631415881));
#3644=CARTESIAN_POINT('',(2.068200834142,-0.1151680064097,0.22454163263438));
#3645=CARTESIAN_POINT('',(2.285160687951,-0.1322151942471,0.39974446678048));
#3646=CARTESIAN_POINT('',(2.059773152862,-0.1209812823794,0.22454266726242));
#3647=CARTESIAN_POINT('',(2.05751927751,-0.1208689432595,0.22279064926724));
#3648=CARTESIAN_POINT('',(2.278595024793,-0.1384810735951,0.39974446678048));
#3649=CARTESIAN_POINT('',(2.049090724562,-0.126604347013,0.22281464291774));
#3650=CARTESIAN_POINT('',(2.046795681559,-0.1264855797481,0.22104534467939));
#3651=CARTESIAN_POINT('',(2.271914526406,-0.1446295135118,0.39974446678048));
#3652=CARTESIAN_POINT('',(2.03836787998,-0.1321441264907,0.22108980385454));
#3653=CARTESIAN_POINT('',(2.036032413514,-0.1320192726224,0.21930325722561));
#3654=CARTESIAN_POINT('',(2.26512377328,-0.1506610280638,0.39974446678048));
#3655=CARTESIAN_POINT('',(2.027607478714,-0.1376029242998,0.21936540289247));
#3656=CARTESIAN_POINT('',(2.025232315765,-0.1374723432644,0.21756161225133));
#3657=CARTESIAN_POINT('',(2.258227066802,-0.1565770272109,0.39974446678048));
#3658=CARTESIAN_POINT('',(2.016812381534,-0.1429833187641,0.21763904064295));
#3659=CARTESIAN_POINT('',(2.014398234681,-0.1428473816796,0.21581798638332));
#3660=CARTESIAN_POINT('',(2.251228708353,-0.1623789209084,0.39974446678048));
#3661=CARTESIAN_POINT('',(2.005986163649,-0.14828930097,0.21590762666271));
#3662=CARTESIAN_POINT('',(2.003533738202,-0.1481484047684,0.21406925825688));
#3663=CARTESIAN_POINT('',(2.244132999321,-0.1680681191161,0.39974446678048));
#3664=CARTESIAN_POINT('',(1.995130996589,-0.1535229462871,0.21417033378169));
#3665=CARTESIAN_POINT('',(1.992640976563,-0.15337749456,0.21231459244841));
#3666=CARTESIAN_POINT('',(2.236944241078,-0.1736460317939,0.39974446678048));
#3667=CARTESIAN_POINT('',(1.984246812173,-0.1586827716072,0.21242944482766));
#3668=CARTESIAN_POINT('',(1.981719837882,-0.1585331390091,0.21055629460404));
#3669=CARTESIAN_POINT('',(2.229666261638,-0.1791146935329,0.39974446678048));
#3670=CARTESIAN_POINT('',(1.973334114125,-0.1637681470411,0.21068632345127));
#3671=CARTESIAN_POINT('',(1.97077079265,-0.1636146815755,0.20879574201746));
#3672=CARTESIAN_POINT('',(2.222302889006,-0.1844761389432,0.39974446678048));
#3673=CARTESIAN_POINT('',(1.962393032099,-0.1687777650199,0.20894279817308));
#3674=CARTESIAN_POINT('',(1.959793933532,-0.168620781281,0.20703478148461));
#3675=CARTESIAN_POINT('',(2.212376305247,-0.1914844905005,0.39974446678048));
#3676=CARTESIAN_POINT('',(1.947767552822,-0.1753549509255,0.20661944427476));
#3677=CARTESIAN_POINT('',(1.945121465299,-0.1751936555287,0.20468819405225));
#3678=CARTESIAN_POINT('',(2.199773732599,-0.1999870620952,0.39974446678048));
#3679=CARTESIAN_POINT('',(1.929415866422,-0.1833808166856,0.20372218390947));
#3680=CARTESIAN_POINT('',(1.926712287758,-0.1832147542325,0.20176196107803));
#3681=CARTESIAN_POINT('',(2.18436580572,-0.2097968923748,0.39974446678048));
#3682=CARTESIAN_POINT('',(1.907283890709,-0.192687887531,0.20026845019675));
#3683=CARTESIAN_POINT('',(1.90451307156,-0.1925167974824,0.19827369003124));
#3684=CARTESIAN_POINT('',(2.168699148167,-0.2192327999401,0.39974446678048));
#3685=CARTESIAN_POINT('',(1.88504209264,-0.2016551675378,0.19685147137466));
#3686=CARTESIAN_POINT('',(1.882205522081,-0.2014793912142,0.19482254141896));
#3687=CARTESIAN_POINT('',(2.152795740045,-0.228315565131,0.39974446678048));
#3688=CARTESIAN_POINT('',(1.862700687974,-0.2102853782038,0.19347036935041));
#3689=CARTESIAN_POINT('',(1.859799737455,-0.2101050763308,0.19140762837282));
#3690=CARTESIAN_POINT('',(2.136677049525,-0.2370665646873,0.39974446678048));
#3691=CARTESIAN_POINT('',(1.840270909858,-0.218584303808,0.19012243415748));
#3692=CARTESIAN_POINT('',(1.837306848463,-0.2183994812013,0.18802621383304));
#3693=CARTESIAN_POINT('',(2.120361166871,-0.2455065467858,0.39974446678048));
#3694=CARTESIAN_POINT('',(1.817763298215,-0.2265573221127,0.18680552152424));
#3695=CARTESIAN_POINT('',(1.81473731953,-0.2263678298699,0.18467613207346));
#3696=CARTESIAN_POINT('',(2.103866326058,-0.2536594841165,0.39974446678048));
#3697=CARTESIAN_POINT('',(1.795188320347,-0.2342106585407,0.18351717021929));
#3698=CARTESIAN_POINT('',(1.792101540293,-0.2340161702869,0.18135489725255));
#3699=CARTESIAN_POINT('',(2.087199972649,-0.2615310943843,0.39974446678048));
#3700=CARTESIAN_POINT('',(1.772556115719,-0.2415509457981,0.18025487120182));
#3701=CARTESIAN_POINT('',(1.769409677151,-0.2413511443147,0.17805997524434));
#3702=CARTESIAN_POINT('',(2.070366543208,-0.2691211209814,0.39974446678048));
#3703=CARTESIAN_POINT('',(1.749876413063,-0.2485848870632,0.17701630556358));
#3704=CARTESIAN_POINT('',(1.746671511759,-0.2483795247252,0.17478902395071));
#3705=CARTESIAN_POINT('',(2.053371377768,-0.2764319452233,0.39974446678048));
#3706=CARTESIAN_POINT('',(1.727158892351,-0.2553202979849,0.17379855255046));
#3707=CARTESIAN_POINT('',(1.7238967675,-0.2551091815134,0.17153909340797));
#3708=CARTESIAN_POINT('',(2.036219071846,-0.2834648525517,0.39974446678048));
#3709=CARTESIAN_POINT('',(1.704412307884,-0.2617636911952,0.17059983405204));
#3710=CARTESIAN_POINT('',(1.701094240243,-0.2615466795792,0.16830838772415));
#3711=CARTESIAN_POINT('',(2.018914387675,-0.2902221610567,0.39974446678048));
#3712=CARTESIAN_POINT('',(1.681646317164,-0.267925224234,0.16741587892568));
#3713=CARTESIAN_POINT('',(1.678273636457,-0.2677022548688,0.16509259304976));
#3714=CARTESIAN_POINT('',(2.00146154504,-0.2967055074238,0.39974446678048));
#3715=CARTESIAN_POINT('',(1.658865982389,-0.2738037518992,0.16425081086004));
#3716=CARTESIAN_POINT('',(1.655440026764,-0.2735747343437,0.16189587429891));
#3717=CARTESIAN_POINT('',(1.98386530768,-0.3029186775246,0.39974446678048));
#3718=CARTESIAN_POINT('',(1.636072402636,-0.2793867593672,0.16111698287151));
#3719=CARTESIAN_POINT('',(1.632594473585,-0.2791514401883,0.15873070803251));
#3720=CARTESIAN_POINT('',(1.966130794997,-0.3088676258822,0.39974446678048));
#3721=CARTESIAN_POINT('',(1.613268299272,-0.2846650713504,0.15802419091457));
#3722=CARTESIAN_POINT('',(1.609739674313,-0.2844230458043,0.15560698815657));
#3723=CARTESIAN_POINT('',(1.948262510848,-0.3145577059873,0.39974446678048));
#3724=CARTESIAN_POINT('',(1.590456208853,-0.2896280737913,0.15498323629166));
#3725=CARTESIAN_POINT('',(1.586878145831,-0.2893787774672,0.15253562398447));
#3726=CARTESIAN_POINT('',(1.930264878828,-0.3199954075268,0.39974446678048));
#3727=CARTESIAN_POINT('',(1.567639356434,-0.2942658298891,0.15200431177183));
#3728=CARTESIAN_POINT('',(1.564013101211,-0.2940085341091,0.1495269102248));
#3729=CARTESIAN_POINT('',(1.912141573699,-0.3251859688462,0.39974446678048));
#3730=CARTESIAN_POINT('',(1.544821340184,-0.2985684856698,0.14909761027934));
#3731=CARTESIAN_POINT('',(1.541148137847,-0.2983023108362,0.14659114171315));
#3732=CARTESIAN_POINT('',(1.893896681813,-0.3301376565012,0.39974446678048));
#3733=CARTESIAN_POINT('',(1.522006151092,-0.3025257339904,0.14627344611969));
#3734=CARTESIAN_POINT('',(1.518287245782,-0.3022496147655,0.14373873591261));
#3735=CARTESIAN_POINT('',(1.875531080247,-0.3348481335668,0.39974446678048));
#3736=CARTESIAN_POINT('',(1.499198563456,-0.3061288610235,0.14354132531505));
#3737=CARTESIAN_POINT('',(1.495435238287,-0.3058416682984,0.14097929389988));
#3738=CARTESIAN_POINT('',(1.857043809939,-0.3393074012629,0.39974446678048));
#3739=CARTESIAN_POINT('',(1.476403241697,-0.3093662845495,0.14091214538869));
#3740=CARTESIAN_POINT('',(1.472596836015,-0.3090668733855,0.13832382217797));
#3741=CARTESIAN_POINT('',(1.83843471403,-0.3435073538628,0.39974446678048));
#3742=CARTESIAN_POINT('',(1.453627112036,-0.312234976029,0.13839250207259));
#3743=CARTESIAN_POINT('',(1.449779036018,-0.3119222522503,0.13577898242259));
#3744=CARTESIAN_POINT('',(1.81970351781,-0.3474382849077,0.39974446678048));
#3745=CARTESIAN_POINT('',(1.430882304485,-0.3147626920294,0.13597348780434));
#3746=CARTESIAN_POINT('',(1.426994092349,-0.3144359361006,0.13333577801769));
#3747=CARTESIAN_POINT('',(1.80085032455,-0.3510906073354,0.39974446678048));
#3748=CARTESIAN_POINT('',(1.408178611645,-0.3169721325858,0.13364867183829));
#3749=CARTESIAN_POINT('',(1.404251894518,-0.3166309478382,0.13098771388694));
#3750=CARTESIAN_POINT('',(1.781875397206,-0.354453920524,0.39974446678048));
#3751=CARTESIAN_POINT('',(1.385525169529,-0.3188881483116,0.13141043173407));
#3752=CARTESIAN_POINT('',(1.381561667253,-0.3185324905898,0.12872709138459));
#3753=CARTESIAN_POINT('',(1.76277932447,-0.3575175133815,0.39974446678048));
#3754=CARTESIAN_POINT('',(1.362929777741,-0.3205341588194,0.12925178914781));
#3755=CARTESIAN_POINT('',(1.358931282272,-0.3201643252699,0.12654686237139));
#3756=CARTESIAN_POINT('',(1.743562977964,-0.3602700424486,0.39974446678048));
#3757=CARTESIAN_POINT('',(1.340399391203,-0.3219339125329,0.12716541495755));
#3758=CARTESIAN_POINT('',(1.336367755337,-0.3215505512357,0.12443962444045));
#3759=CARTESIAN_POINT('',(1.724227599115,-0.3626997732687,0.39974446678048));
#3760=CARTESIAN_POINT('',(1.317939974606,-0.3231103682067,0.12514437222824));
#3761=CARTESIAN_POINT('',(1.313877098358,-0.3227144741586,0.12239837127989));
#3762=CARTESIAN_POINT('',(1.708016926185,-0.3644452036961,0.39974446678048));
#3763=CARTESIAN_POINT('',(1.299287286553,-0.3239236858345,0.12350856822661));
#3764=CARTESIAN_POINT('',(1.295199990155,-0.3235184706578,0.12074620924089));
#3765=CARTESIAN_POINT('',(1.694990713207,-0.3656676750794,0.39974446678048));
#3766=CARTESIAN_POINT('',(1.284405433961,-0.32448509636,0.12222576042931));
#3767=CARTESIAN_POINT('',(1.280299581171,-0.3240732705714,0.11945057336618));
#3768=CARTESIAN_POINT('',(1.685192493905,-0.3664955662053,0.39974446678048));
#3769=CARTESIAN_POINT('',(1.273264685297,-0.32486430411,0.12127556436105));
#3770=CARTESIAN_POINT('',(1.269145407211,-0.324447991486,0.11849087533902));
#3771=CARTESIAN_POINT('',(1.675366383816,-0.3672370450308,0.39974446678048));
#3772=CARTESIAN_POINT('',(1.262145069261,-0.3252044333582,0.12033627016151));
#3773=CARTESIAN_POINT('',(1.258012856112,-0.3247841072387,0.11754218819796));
#3774=CARTESIAN_POINT('',(1.66222857298,-0.3681156796676,0.39974446678048));
#3775=CARTESIAN_POINT('',(1.247347421626,-0.3256086753641,0.11909961750464));
#3776=CARTESIAN_POINT('',(1.243198610114,-0.3251836053218,0.11629316900864));
#3777=CARTESIAN_POINT('',(1.645739595296,-0.3690165139958,0.39974446678048));
#3778=CARTESIAN_POINT('',(1.228904432062,-0.3260269354255,0.11758557053676));
#3779=CARTESIAN_POINT('',(1.224736080429,-0.3255970396398,0.11476398157328));
#3780=CARTESIAN_POINT('',(1.62584923274,-0.3698117536081,0.39974446678048));
#3781=CARTESIAN_POINT('',(1.206860813642,-0.3264058386361,0.11582952361586));
#3782=CARTESIAN_POINT('',(1.202670929453,-0.3259717794882,0.11299037418365));
#3783=CARTESIAN_POINT('',(1.605856913487,-0.370352212308,0.39974446678048));
#3784=CARTESIAN_POINT('',(1.184906442195,-0.3266773625914,0.11414247948434));
#3785=CARTESIAN_POINT('',(1.18069693748,-0.3262406140945,0.11128645961288));
#3786=CARTESIAN_POINT('',(1.585762918575,-0.3706698623729,0.39974446678048));
#3787=CARTESIAN_POINT('',(1.16304239886,-0.3268574599034,0.11253353997099));
#3788=CARTESIAN_POINT('',(1.158815193663,-0.3264193358763,0.10966143070455));
#3789=CARTESIAN_POINT('',(1.565566271386,-0.370797377453,0.39974446678048));
#3790=CARTESIAN_POINT('',(1.14126955114,-0.326960971344,0.1110107350251));
#3791=CARTESIAN_POINT('',(1.137026583938,-0.3265226072821,0.10812339770953));
#3792=CARTESIAN_POINT('',(1.545264896781,-0.3707684942833,0.39974446678048));
#3793=CARTESIAN_POINT('',(1.119588766532,-0.32700273769,0.10958209460065));
#3794=CARTESIAN_POINT('',(1.115332005231,-0.3265650801223,0.10668047087871));
#3795=CARTESIAN_POINT('',(1.524855742221,-0.3706173694298,0.39974446678048));
#3796=CARTESIAN_POINT('',(1.098000730081,-0.3269972760942,0.10825561837448));
#3797=CARTESIAN_POINT('',(1.093732179957,-0.3265610751625,0.10534072988958));
#3798=CARTESIAN_POINT('',(1.504334964023,-0.3703799977229,0.39974446678048));
#3799=CARTESIAN_POINT('',(1.076506126815,-0.3269591037144,0.10703930603759));
#3800=CARTESIAN_POINT('',(1.072227838446,-0.3265248947705,0.10411225442903));
#3801=CARTESIAN_POINT('',(1.483698042694,-0.3700916347811,0.39974446678048));
#3802=CARTESIAN_POINT('',(1.055105722501,-0.3269012247695,0.10593986353383));
#3803=CARTESIAN_POINT('',(1.0508197993,-0.3264693206675,0.10300181749925));
#3804=CARTESIAN_POINT('',(1.462940025001,-0.3697926859052,0.39974446678048));
#3805=CARTESIAN_POINT('',(1.033800282894,-0.3268366434878,0.10496399679768));
#3806=CARTESIAN_POINT('',(1.029508885469,-0.3264070830641,0.10201619209771));
#3807=CARTESIAN_POINT('',(1.435094735809,-0.369384487238,0.39974446678048));
#3808=CARTESIAN_POINT('',(1.00552133079,-0.3267448302445,0.10382188361314));
#3809=CARTESIAN_POINT('',(1.00122559674,-0.326318433676,0.10086265778109));
#3810=CARTESIAN_POINT('',(1.399961310606,-0.3688558078552,0.39974446678048));
#3811=CARTESIAN_POINT('',(0.97041635658104,-0.3266254262807,0.10268171192634));
#3812=CARTESIAN_POINT('',(0.96612090704088,-0.3262031224654,0.099711084380391));
#3813=CARTESIAN_POINT('',(1.357235792339,-0.3681970499347,0.39974446678048));
#3814=CARTESIAN_POINT('',(0.92868800678815,-0.3264981989744,0.10174423838414));
#3815=CARTESIAN_POINT('',(0.92440252893015,-0.3260812104625,0.098764236101497));
#3816=CARTESIAN_POINT('',(1.313898391523,-0.3675185746466,0.39974446678048));
#3817=CARTESIAN_POINT('',(0.88736403342346,-0.3264067620364,0.10120588797884));
#3818=CARTESIAN_POINT('',(0.88309868983832,-0.3259956439084,0.09822050218697));
#3819=CARTESIAN_POINT('',(1.284566024363,-0.3670567295806,0.39974446678048));
#3820=CARTESIAN_POINT('',(0.86008625483871,-0.3263826283672,0.10109298301355));
#3821=CARTESIAN_POINT('',(0.85584145714568,-0.3259758873564,0.098106468173999));
#3822=CARTESIAN_POINT('',(1.176568559305,-0.3653597054334,0.39974446678048));
#3823=CARTESIAN_POINT('',(0.76100434956921,-0.3263826283672,0.10109298301355));
#3824=CARTESIAN_POINT('',(0.75684870747246,-0.3259928575954,0.098106468173999));
#3825=CARTESIAN_POINT('',(0.98094949800549,-0.3622858344873,0.39974446678048));
#3826=CARTESIAN_POINT('',(0.60458797457563,-0.3263826283672,0.10109298301355));
#3827=CARTESIAN_POINT('',(0.6008243593379,-0.3260235963083,0.098106468173999));
#3828=CARTESIAN_POINT('',(0.65999615726687,-0.3572425164039,0.39974446678048));
#3829=CARTESIAN_POINT('',(0.39087645967203,-0.3263826283672,0.10109298301355));
#3830=CARTESIAN_POINT('',(0.38818526269777,-0.3260740294858,0.098106468173999));
#3831=CARTESIAN_POINT('',(0.31679674482806,-0.3518496334428,0.39974446678048));
#3832=CARTESIAN_POINT('',(0.18859535600438,-0.3263826283672,0.10109298301355));
#3833=CARTESIAN_POINT('',(0.1873133421184,-0.3261279583158,0.098106468173999));
#3834=CARTESIAN_POINT('',(0.081574052237818,-0.3481534486442,0.39974446678048));
#3835=CARTESIAN_POINT('',(0.056974290017627,-0.3263826283672,0.10109298301355));
#3836=CARTESIAN_POINT('',(0.056728292398905,-0.3261649201659,0.098106468173999));
#3837=CARTESIAN_POINT('',(-0.03490726329506,-0.346323113047,0.39974446678048));
#3838=CARTESIAN_POINT('',(-0.008827837953296,-0.3263826283672,0.10109298301355));
#3839=CARTESIAN_POINT('',(-0.008567043699079,-0.3261832235197,0.098106468173999));
#3840=MECHANICAL_DESIGN_GEOMETRIC_PRESENTATION_REPRESENTATION('',(#1092),
#3841);
#3841=(
GEOMETRIC_REPRESENTATION_CONTEXT(3)
GLOBAL_UNCERTAINTY_ASSIGNED_CONTEXT((#3842))
GLOBAL_UNIT_ASSIGNED_CONTEXT((#3845,#3844,#3843))
REPRESENTATION_CONTEXT('Part 1','TOP_LEVEL_ASSEMBLY_PART')
);
#3842=UNCERTAINTY_MEASURE_WITH_UNIT(LENGTH_MEASURE(2.E-5),#3845,
'DISTANCE_ACCURACY_VALUE','Maximum Tolerance applied to model');
#3843=(
NAMED_UNIT(*)
SI_UNIT($,.STERADIAN.)
SOLID_ANGLE_UNIT()
);
#3844=(
NAMED_UNIT(*)
PLANE_ANGLE_UNIT()
SI_UNIT($,.RADIAN.)
);
#3845=(
LENGTH_UNIT()
NAMED_UNIT(*)
SI_UNIT($,.METRE.)
);
#3846=PRODUCT_DEFINITION_SHAPE('','',#3847);
#3847=PRODUCT_DEFINITION('','',#3849,#3848);
#3848=PRODUCT_DEFINITION_CONTEXT('',#3855,'design');
#3849=PRODUCT_DEFINITION_FORMATION_WITH_SPECIFIED_SOURCE('','',#3851,
 .NOT_KNOWN.);
#3850=PRODUCT_RELATED_PRODUCT_CATEGORY('','',(#3851));
#3851=PRODUCT('Part 1','Part 1','Part 1',(#3853));
#3852=PRODUCT_CATEGORY('','');
#3853=PRODUCT_CONTEXT('',#3855,'mechanical');
#3854=APPLICATION_PROTOCOL_DEFINITION('international standard',
'ap242_managed_model_based_3d_engineering',2020,#3855);
#3855=APPLICATION_CONTEXT('managed model based 3d engineering');
ENDSEC;
END-ISO-10303-21;
